任务ID,任务名,阶段,装备ID,装备名,前置任务,可重玩,来源
CA05,翻越冰封高地,任务完成,SW.Item.WarHammer,战锤,CA07,False,Core_Quests.json#CA05
CA07,穿越多雨平原,任务完成,SW.Item.WarHammer,战锤,CA04,False,Core_Quests.json#CA07
CA05_BR,复活的首席附魔师,任务完成,SW.Item.WarHammer,战锤,CA05,True,Core_Quests.json#CA05_BR
CA07_BR,复活的铜巨兽,任务完成,SW.Item.WarHammer,战锤,CA07,True,Core_Quests.json#CA07_BR
CA10_BR_B,复活的红石巨兽,首次完成,SW.Item.WarHammer,战锤,CA10,True,Core_Quests.json#CA10_BR_B
CA10_BR_B,复活的红石巨兽,首次完成,SW.Item.WarHammer,战锤,CA10,True,Core_Quests.json#CA10_BR_B
CA10_BR_B,复活的红石巨兽,任务完成,SW.Item.WarHammer,战锤,CA10,True,Core_Quests.json#CA10_BR_B
CA10_BR,最终魂战：返场,首次完成,SW.Item.WarHammer,战锤,CA10,True,Core_Quests.json#CA10_BR
CA10_BR,最终魂战：返场,首次完成,SW.Item.WarHammer,战锤,CA10,True,Core_Quests.json#CA10_BR
CA10_BR,最终魂战：返场,任务完成,SW.Item.WarHammer,战锤,CA10,True,Core_Quests.json#CA10_BR
CA03,探索深暗之域,任务完成,SW.Item.Pike,长矛,CA02_B,False,Core_Quests.json#CA03
CA06,归还音符盒,任务完成,SW.Item.Pike,长矛,CA05,False,Core_Quests.json#CA06
CA04_BR,CA04_BR,任务完成,SW.Item.Pike,长矛,CA04,True,Core_Quests.json#CA04_BR
CA09,幽匿者之怒,任务完成,SW.Item.Pike,长矛,CA08_B,False,Core_Quests.json#CA09
CA10,最终魂战,任务完成,SW.Item.Pike,长矛,CA09,False,Core_Quests.json#CA10
CA03_BR,复活的扭曲监守者,任务完成,SW.Item.Pike,长矛,CA03,True,Core_Quests.json#CA03_BR
CA10_BR_B,复活的红石巨兽,首次完成,SW.Item.Pike,长矛,CA10,True,Core_Quests.json#CA10_BR_B
CA10_BR_B,复活的红石巨兽,首次完成,SW.Item.Pike,长矛,CA10,True,Core_Quests.json#CA10_BR_B
CA10_BR_B,复活的红石巨兽,任务完成,SW.Item.Pike,长矛,CA10,True,Core_Quests.json#CA10_BR_B
CA10_BR,最终魂战：返场,首次完成,SW.Item.Pike,长矛,CA10,True,Core_Quests.json#CA10_BR
CA10_BR,最终魂战：返场,首次完成,SW.Item.Pike,长矛,CA10,True,Core_Quests.json#CA10_BR
CA10_BR,最终魂战：返场,任务完成,SW.Item.Pike,长矛,CA10,True,Core_Quests.json#CA10_BR
CA01,来自裂隙的灾厄村民,任务完成,SW.Item.Sword,剑,CA00,False,Core_Quests.json#CA01
CA07,穿越多雨平原,任务完成,SW.Item.Sword,剑,CA04,False,Core_Quests.json#CA07
CA00,逃离鱿鱼海岸,任务完成,SW.Item.Sword,剑,,False,Core_Quests.json#CA00
CA08,消失的和声,任务完成,SW.Item.Sword,剑,CA06,False,Core_Quests.json#CA08
CA07_BR,复活的铜巨兽,任务完成,SW.Item.Sword,剑,CA07,True,Core_Quests.json#CA07_BR
CA01_B,失踪的商人,任务完成,SW.Item.Sword,剑,CA01,False,Core_Quests.json#CA01_B
CA09_BR,复活的幽匿巨兽,首次完成,SW.Item.Sword,剑,CA08_B,True,Core_Quests.json#CA09_BR
CA09_BR,复活的幽匿巨兽,首次完成,SW.Item.Sword,剑,CA08_B,True,Core_Quests.json#CA09_BR
CA09_BR,复活的幽匿巨兽,任务完成,SW.Item.Sword,剑,CA08_B,True,Core_Quests.json#CA09_BR
CA08_B,草甸巨兽,任务完成,SW.Item.Sword,剑,CA08,False,Core_Quests.json#CA08_B
PLa1_S04_A,养蜂人,任务完成,SW.Item.Sword,剑,CA01,False,PlainsA1_Quests.json#PLa1_S04_A
TOa1_S01_A,"TextReleaseQuestTrackerLabels.csv,TOa1_S01_A",任务完成,SW.Item.Sword,剑,CA03,False,Town_Quests.json#TOa1_S01_A
CA05,翻越冰封高地,任务完成,SW.Item.Gauntlet,护手,CA07,False,Core_Quests.json#CA05
CA07,穿越多雨平原,任务完成,SW.Item.Gauntlet,护手,CA04,False,Core_Quests.json#CA07
CA05_BR,复活的首席附魔师,任务完成,SW.Item.Gauntlet,护手,CA05,True,Core_Quests.json#CA05_BR
CA07_BR,复活的铜巨兽,任务完成,SW.Item.Gauntlet,护手,CA07,True,Core_Quests.json#CA07_BR
CA10_BR_B,复活的红石巨兽,首次完成,SW.Item.Gauntlet,护手,CA10,True,Core_Quests.json#CA10_BR_B
CA10_BR_B,复活的红石巨兽,首次完成,SW.Item.Gauntlet,护手,CA10,True,Core_Quests.json#CA10_BR_B
CA10_BR_B,复活的红石巨兽,任务完成,SW.Item.Gauntlet,护手,CA10,True,Core_Quests.json#CA10_BR_B
CA10_BR,最终魂战：返场,首次完成,SW.Item.Gauntlet,护手,CA10,True,Core_Quests.json#CA10_BR
CA10_BR,最终魂战：返场,首次完成,SW.Item.Gauntlet,护手,CA10,True,Core_Quests.json#CA10_BR
CA10_BR,最终魂战：返场,任务完成,SW.Item.Gauntlet,护手,CA10,True,Core_Quests.json#CA10_BR
CA02,沉寂的小嚎村,任务完成,SW.Item.Daggers,双匕首,CA01_B,False,Core_Quests.json#CA02
CA03,探索深暗之域,任务完成,SW.Item.Daggers,双匕首,CA02_B,False,Core_Quests.json#CA03
CA04,丢失的音符盒,任务完成,SW.Item.Daggers,双匕首,CA03,False,Core_Quests.json#CA04
CA06,归还音符盒,任务完成,SW.Item.Daggers,双匕首,CA05,False,Core_Quests.json#CA06
CA07,穿越多雨平原,任务完成,SW.Item.Daggers,双匕首,CA04,False,Core_Quests.json#CA07
CA04_BR,CA04_BR,任务完成,SW.Item.Daggers,双匕首,CA04,True,Core_Quests.json#CA04_BR
CA02_B,林中腐化,任务完成,SW.Item.Daggers,双匕首,CA02_C,False,Core_Quests.json#CA02_B
CA02_B_BR,复活的女巫,任务完成,SW.Item.Daggers,双匕首,CA02_B,True,Core_Quests.json#CA02_B_BR
CA03_BR,复活的扭曲监守者,任务完成,SW.Item.Daggers,双匕首,CA03,True,Core_Quests.json#CA03_BR
CA07_BR,复活的铜巨兽,任务完成,SW.Item.Daggers,双匕首,CA07,True,Core_Quests.json#CA07_BR
CA02,沉寂的小嚎村,首次完成,SW.Item.Axe,斧头,CA01_B,False,Core_Quests.json#CA02
CA02,沉寂的小嚎村,任务完成,SW.Item.Axe,斧头,CA01_B,False,Core_Quests.json#CA02
CA03,探索深暗之域,任务完成,SW.Item.Axe,斧头,CA02_B,False,Core_Quests.json#CA03
CA04,丢失的音符盒,任务完成,SW.Item.Axe,斧头,CA03,False,Core_Quests.json#CA04
CA06,归还音符盒,任务完成,SW.Item.Axe,斧头,CA05,False,Core_Quests.json#CA06
CA04_BR,CA04_BR,任务完成,SW.Item.Axe,斧头,CA04,True,Core_Quests.json#CA04_BR
CA02_B,林中腐化,任务完成,SW.Item.Axe,斧头,CA02_C,False,Core_Quests.json#CA02_B
CA09,幽匿者之怒,任务完成,SW.Item.Axe,斧头,CA08_B,False,Core_Quests.json#CA09
CA10,最终魂战,任务完成,SW.Item.Axe,斧头,CA09,False,Core_Quests.json#CA10
CA02_B_BR,复活的女巫,任务完成,SW.Item.Axe,斧头,CA02_B,True,Core_Quests.json#CA02_B_BR
CA03_BR,复活的扭曲监守者,任务完成,SW.Item.Axe,斧头,CA03,True,Core_Quests.json#CA03_BR
CA02,沉寂的小嚎村,任务完成,SW.Item.ShortSpear,短矛,CA01_B,False,Core_Quests.json#CA02
CA04,丢失的音符盒,任务完成,SW.Item.ShortSpear,短矛,CA03,False,Core_Quests.json#CA04
CA05,翻越冰封高地,任务完成,SW.Item.ShortSpear,短矛,CA07,False,Core_Quests.json#CA05
CA02_B,林中腐化,任务完成,SW.Item.ShortSpear,短矛,CA02_C,False,Core_Quests.json#CA02_B
CA05_BR,复活的首席附魔师,任务完成,SW.Item.ShortSpear,短矛,CA05,True,Core_Quests.json#CA05_BR
CA02_B_BR,复活的女巫,任务完成,SW.Item.ShortSpear,短矛,CA02_B,True,Core_Quests.json#CA02_B_BR
CA10_BR_B,复活的红石巨兽,首次完成,SW.Item.ShortSpear,短矛,CA10,True,Core_Quests.json#CA10_BR_B
CA10_BR_B,复活的红石巨兽,首次完成,SW.Item.ShortSpear,短矛,CA10,True,Core_Quests.json#CA10_BR_B
CA10_BR_B,复活的红石巨兽,任务完成,SW.Item.ShortSpear,短矛,CA10,True,Core_Quests.json#CA10_BR_B
CA10_BR,最终魂战：返场,首次完成,SW.Item.ShortSpear,短矛,CA10,True,Core_Quests.json#CA10_BR
CA10_BR,最终魂战：返场,首次完成,SW.Item.ShortSpear,短矛,CA10,True,Core_Quests.json#CA10_BR
CA10_BR,最终魂战：返场,任务完成,SW.Item.ShortSpear,短矛,CA10,True,Core_Quests.json#CA10_BR
CA02,沉寂的小嚎村,任务完成,SW.Item.Pickaxe,镐,CA01_B,False,Core_Quests.json#CA02
CA03,探索深暗之域,任务完成,SW.Item.Pickaxe,镐,CA02_B,False,Core_Quests.json#CA03
CA04,丢失的音符盒,任务完成,SW.Item.Pickaxe,镐,CA03,False,Core_Quests.json#CA04
CA06,归还音符盒,任务完成,SW.Item.Pickaxe,镐,CA05,False,Core_Quests.json#CA06
CA04_BR,CA04_BR,任务完成,SW.Item.Pickaxe,镐,CA04,True,Core_Quests.json#CA04_BR
CA02_B,林中腐化,任务完成,SW.Item.Pickaxe,镐,CA02_C,False,Core_Quests.json#CA02_B
CA09,幽匿者之怒,任务完成,SW.Item.Pickaxe,镐,CA08_B,False,Core_Quests.json#CA09
CA10,最终魂战,任务完成,SW.Item.Pickaxe,镐,CA09,False,Core_Quests.json#CA10
CA02_B_BR,复活的女巫,任务完成,SW.Item.Pickaxe,镐,CA02_B,True,Core_Quests.json#CA02_B_BR
CA03_BR,复活的扭曲监守者,任务完成,SW.Item.Pickaxe,镐,CA03,True,Core_Quests.json#CA03_BR
DEa1_S13_A,隧道尽头的战斗,首次完成,SW.Item.Pickaxe,镐,CA05,False,DesertA1_Quests.json#DEa1_S13_A
CA01,来自裂隙的灾厄村民,任务完成,SW.Item.Rapier,细剑,CA00,False,Core_Quests.json#CA01
CA05,翻越冰封高地,任务完成,SW.Item.Rapier,细剑,CA07,False,Core_Quests.json#CA05
CA00,逃离鱿鱼海岸,任务完成,SW.Item.Rapier,细剑,,False,Core_Quests.json#CA00
CA05_BR,复活的首席附魔师,任务完成,SW.Item.Rapier,细剑,CA05,True,Core_Quests.json#CA05_BR
CA01_B,失踪的商人,任务完成,SW.Item.Rapier,细剑,CA01,False,Core_Quests.json#CA01_B
PLa1_S04_A,养蜂人,任务完成,SW.Item.Rapier,细剑,CA01,False,PlainsA1_Quests.json#PLa1_S04_A
CA05,翻越冰封高地,任务完成,SW.Item.WarHammer_Unique1,碎心锤,CA07,False,Core_Quests.json#CA05
CA07,穿越多雨平原,任务完成,SW.Item.WarHammer_Unique1,碎心锤,CA04,False,Core_Quests.json#CA07
CA05_BR,复活的首席附魔师,任务完成,SW.Item.WarHammer_Unique1,碎心锤,CA05,True,Core_Quests.json#CA05_BR
CA07_BR,复活的铜巨兽,任务完成,SW.Item.WarHammer_Unique1,碎心锤,CA07,True,Core_Quests.json#CA07_BR
CA10_BR_B,复活的红石巨兽,首次完成,SW.Item.WarHammer_Unique1,碎心锤,CA10,True,Core_Quests.json#CA10_BR_B
CA10_BR_B,复活的红石巨兽,首次完成,SW.Item.WarHammer_Unique1,碎心锤,CA10,True,Core_Quests.json#CA10_BR_B
CA10_BR_B,复活的红石巨兽,任务完成,SW.Item.WarHammer_Unique1,碎心锤,CA10,True,Core_Quests.json#CA10_BR_B
CA10_BR,最终魂战：返场,首次完成,SW.Item.WarHammer_Unique1,碎心锤,CA10,True,Core_Quests.json#CA10_BR
CA10_BR,最终魂战：返场,首次完成,SW.Item.WarHammer_Unique1,碎心锤,CA10,True,Core_Quests.json#CA10_BR
CA10_BR,最终魂战：返场,任务完成,SW.Item.WarHammer_Unique1,碎心锤,CA10,True,Core_Quests.json#CA10_BR
CA03,探索深暗之域,任务完成,SW.Item.Pike_Unique1,风暴召唤者,CA02_B,False,Core_Quests.json#CA03
CA06,归还音符盒,任务完成,SW.Item.Pike_Unique1,风暴召唤者,CA05,False,Core_Quests.json#CA06
CA04_BR,CA04_BR,任务完成,SW.Item.Pike_Unique1,风暴召唤者,CA04,True,Core_Quests.json#CA04_BR
CA09,幽匿者之怒,任务完成,SW.Item.Pike_Unique1,风暴召唤者,CA08_B,False,Core_Quests.json#CA09
CA10,最终魂战,任务完成,SW.Item.Pike_Unique1,风暴召唤者,CA09,False,Core_Quests.json#CA10
CA03_BR,复活的扭曲监守者,任务完成,SW.Item.Pike_Unique1,风暴召唤者,CA03,True,Core_Quests.json#CA03_BR
CA07_BR,复活的铜巨兽,首次完成,SW.Item.Pike_Unique1,风暴召唤者,CA07,True,Core_Quests.json#CA07_BR
CA10_BR_B,复活的红石巨兽,首次完成,SW.Item.Pike_Unique1,风暴召唤者,CA10,True,Core_Quests.json#CA10_BR_B
CA10_BR_B,复活的红石巨兽,首次完成,SW.Item.Pike_Unique1,风暴召唤者,CA10,True,Core_Quests.json#CA10_BR_B
CA10_BR_B,复活的红石巨兽,任务完成,SW.Item.Pike_Unique1,风暴召唤者,CA10,True,Core_Quests.json#CA10_BR_B
CA10_BR,最终魂战：返场,首次完成,SW.Item.Pike_Unique1,风暴召唤者,CA10,True,Core_Quests.json#CA10_BR
CA10_BR,最终魂战：返场,首次完成,SW.Item.Pike_Unique1,风暴召唤者,CA10,True,Core_Quests.json#CA10_BR
CA10_BR,最终魂战：返场,任务完成,SW.Item.Pike_Unique1,风暴召唤者,CA10,True,Core_Quests.json#CA10_BR
CA01,来自裂隙的灾厄村民,任务完成,SW.Item.Sword_Unique1,烈焰之刃,CA00,False,Core_Quests.json#CA01
CA07,穿越多雨平原,任务完成,SW.Item.Sword_Unique1,烈焰之刃,CA04,False,Core_Quests.json#CA07
CA00,逃离鱿鱼海岸,任务完成,SW.Item.Sword_Unique1,烈焰之刃,,False,Core_Quests.json#CA00
CA08,消失的和声,任务完成,SW.Item.Sword_Unique1,烈焰之刃,CA06,False,Core_Quests.json#CA08
CA07_BR,复活的铜巨兽,任务完成,SW.Item.Sword_Unique1,烈焰之刃,CA07,True,Core_Quests.json#CA07_BR
CA01_B,失踪的商人,任务完成,SW.Item.Sword_Unique1,烈焰之刃,CA01,False,Core_Quests.json#CA01_B
CA09_BR,复活的幽匿巨兽,首次完成,SW.Item.Sword_Unique1,烈焰之刃,CA08_B,True,Core_Quests.json#CA09_BR
CA09_BR,复活的幽匿巨兽,首次完成,SW.Item.Sword_Unique1,烈焰之刃,CA08_B,True,Core_Quests.json#CA09_BR
CA09_BR,复活的幽匿巨兽,任务完成,SW.Item.Sword_Unique1,烈焰之刃,CA08_B,True,Core_Quests.json#CA09_BR
CA08_B,草甸巨兽,任务完成,SW.Item.Sword_Unique1,烈焰之刃,CA08,False,Core_Quests.json#CA08_B
PLa1_S04_A,养蜂人,任务完成,SW.Item.Sword_Unique1,烈焰之刃,CA01,False,PlainsA1_Quests.json#PLa1_S04_A
TOa1_S01_A,"TextReleaseQuestTrackerLabels.csv,TOa1_S01_A",任务完成,SW.Item.Sword_Unique1,烈焰之刃,CA03,False,Town_Quests.json#TOa1_S01_A
CA05,翻越冰封高地,任务完成,SW.Item.Gauntlet_Unique1,首席附魔师护手,CA07,False,Core_Quests.json#CA05
CA07,穿越多雨平原,任务完成,SW.Item.Gauntlet_Unique1,首席附魔师护手,CA04,False,Core_Quests.json#CA07
CA05_BR,复活的首席附魔师,任务完成,SW.Item.Gauntlet_Unique1,首席附魔师护手,CA05,True,Core_Quests.json#CA05_BR
CA07_BR,复活的铜巨兽,任务完成,SW.Item.Gauntlet_Unique1,首席附魔师护手,CA07,True,Core_Quests.json#CA07_BR
CA10_BR_B,复活的红石巨兽,首次完成,SW.Item.Gauntlet_Unique1,首席附魔师护手,CA10,True,Core_Quests.json#CA10_BR_B
CA10_BR_B,复活的红石巨兽,首次完成,SW.Item.Gauntlet_Unique1,首席附魔师护手,CA10,True,Core_Quests.json#CA10_BR_B
CA10_BR_B,复活的红石巨兽,任务完成,SW.Item.Gauntlet_Unique1,首席附魔师护手,CA10,True,Core_Quests.json#CA10_BR_B
CA10_BR,最终魂战：返场,首次完成,SW.Item.Gauntlet_Unique1,首席附魔师护手,CA10,True,Core_Quests.json#CA10_BR
CA10_BR,最终魂战：返场,首次完成,SW.Item.Gauntlet_Unique1,首席附魔师护手,CA10,True,Core_Quests.json#CA10_BR
CA10_BR,最终魂战：返场,任务完成,SW.Item.Gauntlet_Unique1,首席附魔师护手,CA10,True,Core_Quests.json#CA10_BR
CA02,沉寂的小嚎村,任务完成,SW.Item.Daggers_Unique1,毒牙,CA01_B,False,Core_Quests.json#CA02
CA03,探索深暗之域,任务完成,SW.Item.Daggers_Unique1,毒牙,CA02_B,False,Core_Quests.json#CA03
CA04,丢失的音符盒,任务完成,SW.Item.Daggers_Unique1,毒牙,CA03,False,Core_Quests.json#CA04
CA06,归还音符盒,任务完成,SW.Item.Daggers_Unique1,毒牙,CA05,False,Core_Quests.json#CA06
CA07,穿越多雨平原,任务完成,SW.Item.Daggers_Unique1,毒牙,CA04,False,Core_Quests.json#CA07
CA04_BR,CA04_BR,任务完成,SW.Item.Daggers_Unique1,毒牙,CA04,True,Core_Quests.json#CA04_BR
CA02_B,林中腐化,任务完成,SW.Item.Daggers_Unique1,毒牙,CA02_C,False,Core_Quests.json#CA02_B
CA02_B_BR,复活的女巫,任务完成,SW.Item.Daggers_Unique1,毒牙,CA02_B,True,Core_Quests.json#CA02_B_BR
CA03_BR,复活的扭曲监守者,首次完成,SW.Item.Daggers_Unique1,毒牙,CA03,True,Core_Quests.json#CA03_BR
CA03_BR,复活的扭曲监守者,任务完成,SW.Item.Daggers_Unique1,毒牙,CA03,True,Core_Quests.json#CA03_BR
CA07_BR,复活的铜巨兽,任务完成,SW.Item.Daggers_Unique1,毒牙,CA07,True,Core_Quests.json#CA07_BR
CA02,沉寂的小嚎村,首次完成,SW.Item.Axe_Unique1,猎人手斧,CA01_B,False,Core_Quests.json#CA02
CA02,沉寂的小嚎村,任务完成,SW.Item.Axe_Unique1,猎人手斧,CA01_B,False,Core_Quests.json#CA02
CA03,探索深暗之域,任务完成,SW.Item.Axe_Unique1,猎人手斧,CA02_B,False,Core_Quests.json#CA03
CA04,丢失的音符盒,任务完成,SW.Item.Axe_Unique1,猎人手斧,CA03,False,Core_Quests.json#CA04
CA06,归还音符盒,任务完成,SW.Item.Axe_Unique1,猎人手斧,CA05,False,Core_Quests.json#CA06
CA04_BR,CA04_BR,任务完成,SW.Item.Axe_Unique1,猎人手斧,CA04,True,Core_Quests.json#CA04_BR
CA02_B,林中腐化,任务完成,SW.Item.Axe_Unique1,猎人手斧,CA02_C,False,Core_Quests.json#CA02_B
CA09,幽匿者之怒,任务完成,SW.Item.Axe_Unique1,猎人手斧,CA08_B,False,Core_Quests.json#CA09
CA10,最终魂战,任务完成,SW.Item.Axe_Unique1,猎人手斧,CA09,False,Core_Quests.json#CA10
CA02_B_BR,复活的女巫,任务完成,SW.Item.Axe_Unique1,猎人手斧,CA02_B,True,Core_Quests.json#CA02_B_BR
CA03_BR,复活的扭曲监守者,任务完成,SW.Item.Axe_Unique1,猎人手斧,CA03,True,Core_Quests.json#CA03_BR
CA02,沉寂的小嚎村,任务完成,SW.Item.ShortSpear_Unique1,幽魂长矛,CA01_B,False,Core_Quests.json#CA02
CA04,丢失的音符盒,任务完成,SW.Item.ShortSpear_Unique1,幽魂长矛,CA03,False,Core_Quests.json#CA04
CA05,翻越冰封高地,任务完成,SW.Item.ShortSpear_Unique1,幽魂长矛,CA07,False,Core_Quests.json#CA05
CA02_B,林中腐化,任务完成,SW.Item.ShortSpear_Unique1,幽魂长矛,CA02_C,False,Core_Quests.json#CA02_B
CA05_BR,复活的首席附魔师,任务完成,SW.Item.ShortSpear_Unique1,幽魂长矛,CA05,True,Core_Quests.json#CA05_BR
CA02_B_BR,复活的女巫,任务完成,SW.Item.ShortSpear_Unique1,幽魂长矛,CA02_B,True,Core_Quests.json#CA02_B_BR
CA10_BR_B,复活的红石巨兽,首次完成,SW.Item.ShortSpear_Unique1,幽魂长矛,CA10,True,Core_Quests.json#CA10_BR_B
CA10_BR_B,复活的红石巨兽,首次完成,SW.Item.ShortSpear_Unique1,幽魂长矛,CA10,True,Core_Quests.json#CA10_BR_B
CA10_BR_B,复活的红石巨兽,任务完成,SW.Item.ShortSpear_Unique1,幽魂长矛,CA10,True,Core_Quests.json#CA10_BR_B
CA10_BR,最终魂战：返场,首次完成,SW.Item.ShortSpear_Unique1,幽魂长矛,CA10,True,Core_Quests.json#CA10_BR
CA10_BR,最终魂战：返场,首次完成,SW.Item.ShortSpear_Unique1,幽魂长矛,CA10,True,Core_Quests.json#CA10_BR
CA10_BR,最终魂战：返场,任务完成,SW.Item.ShortSpear_Unique1,幽魂长矛,CA10,True,Core_Quests.json#CA10_BR
CA08,消失的和声,任务完成,SW.Item.GiantClub_Unique1,红石破坏者,CA06,False,Core_Quests.json#CA08
CA09,幽匿者之怒,任务完成,SW.Item.GiantClub_Unique1,红石破坏者,CA08_B,False,Core_Quests.json#CA09
CA10,最终魂战,任务完成,SW.Item.GiantClub_Unique1,红石破坏者,CA09,False,Core_Quests.json#CA10
CA09_BR,复活的幽匿巨兽,首次完成,SW.Item.GiantClub_Unique1,红石破坏者,CA08_B,True,Core_Quests.json#CA09_BR
CA09_BR,复活的幽匿巨兽,首次完成,SW.Item.GiantClub_Unique1,红石破坏者,CA08_B,True,Core_Quests.json#CA09_BR
CA09_BR,复活的幽匿巨兽,任务完成,SW.Item.GiantClub_Unique1,红石破坏者,CA08_B,True,Core_Quests.json#CA09_BR
CA08_B,草甸巨兽,任务完成,SW.Item.GiantClub_Unique1,红石破坏者,CA08,False,Core_Quests.json#CA08_B
CA10_BR_B,复活的红石巨兽,首次完成,SW.Item.GiantClub_Unique1,红石破坏者,CA10,True,Core_Quests.json#CA10_BR_B
CA02,沉寂的小嚎村,任务完成,SW.Item.Pickaxe_Unique1,探勘者之镐,CA01_B,False,Core_Quests.json#CA02
CA03,探索深暗之域,任务完成,SW.Item.Pickaxe_Unique1,探勘者之镐,CA02_B,False,Core_Quests.json#CA03
CA04,丢失的音符盒,任务完成,SW.Item.Pickaxe_Unique1,探勘者之镐,CA03,False,Core_Quests.json#CA04
CA06,归还音符盒,任务完成,SW.Item.Pickaxe_Unique1,探勘者之镐,CA05,False,Core_Quests.json#CA06
CA04_BR,CA04_BR,任务完成,SW.Item.Pickaxe_Unique1,探勘者之镐,CA04,True,Core_Quests.json#CA04_BR
CA02_B,林中腐化,任务完成,SW.Item.Pickaxe_Unique1,探勘者之镐,CA02_C,False,Core_Quests.json#CA02_B
CA09,幽匿者之怒,任务完成,SW.Item.Pickaxe_Unique1,探勘者之镐,CA08_B,False,Core_Quests.json#CA09
CA10,最终魂战,任务完成,SW.Item.Pickaxe_Unique1,探勘者之镐,CA09,False,Core_Quests.json#CA10
CA02_B_BR,复活的女巫,任务完成,SW.Item.Pickaxe_Unique1,探勘者之镐,CA02_B,True,Core_Quests.json#CA02_B_BR
CA03_BR,复活的扭曲监守者,任务完成,SW.Item.Pickaxe_Unique1,探勘者之镐,CA03,True,Core_Quests.json#CA03_BR
DEa1_S13_A,隧道尽头的战斗,首次完成,SW.Item.Pickaxe_Unique1,探勘者之镐,CA05,False,DesertA1_Quests.json#DEa1_S13_A
CA01,来自裂隙的灾厄村民,任务完成,SW.Item.Rapier_Unique1,千刃,CA00,False,Core_Quests.json#CA01
CA05,翻越冰封高地,任务完成,SW.Item.Rapier_Unique1,千刃,CA07,False,Core_Quests.json#CA05
CA00,逃离鱿鱼海岸,任务完成,SW.Item.Rapier_Unique1,千刃,,False,Core_Quests.json#CA00
CA05_BR,复活的首席附魔师,任务完成,SW.Item.Rapier_Unique1,千刃,CA05,True,Core_Quests.json#CA05_BR
CA01_B,失踪的商人,任务完成,SW.Item.Rapier_Unique1,千刃,CA01,False,Core_Quests.json#CA01_B
PLa1_S04_A,养蜂人,任务完成,SW.Item.Rapier_Unique1,千刃,CA01,False,PlainsA1_Quests.json#PLa1_S04_A
CA05,翻越冰封高地,任务完成,SW.Item.Claymore,大剑,CA07,False,Core_Quests.json#CA05
CA07,穿越多雨平原,任务完成,SW.Item.Claymore,大剑,CA04,False,Core_Quests.json#CA07
CA05_BR,复活的首席附魔师,任务完成,SW.Item.Claymore,大剑,CA05,True,Core_Quests.json#CA05_BR
CA07_BR,复活的铜巨兽,任务完成,SW.Item.Claymore,大剑,CA07,True,Core_Quests.json#CA07_BR
CA10_BR_B,复活的红石巨兽,首次完成,SW.Item.Claymore,大剑,CA10,True,Core_Quests.json#CA10_BR_B
CA10_BR_B,复活的红石巨兽,首次完成,SW.Item.Claymore,大剑,CA10,True,Core_Quests.json#CA10_BR_B
CA10_BR_B,复活的红石巨兽,任务完成,SW.Item.Claymore,大剑,CA10,True,Core_Quests.json#CA10_BR_B
CA10_BR,最终魂战：返场,首次完成,SW.Item.Claymore,大剑,CA10,True,Core_Quests.json#CA10_BR
CA10_BR,最终魂战：返场,首次完成,SW.Item.Claymore,大剑,CA10,True,Core_Quests.json#CA10_BR
CA10_BR,最终魂战：返场,任务完成,SW.Item.Claymore,大剑,CA10,True,Core_Quests.json#CA10_BR
CA01,来自裂隙的灾厄村民,任务完成,SW.Item.Greatsword,巨剑,CA00,False,Core_Quests.json#CA01
CA07,穿越多雨平原,任务完成,SW.Item.Greatsword,巨剑,CA04,False,Core_Quests.json#CA07
CA00,逃离鱿鱼海岸,任务完成,SW.Item.Greatsword,巨剑,,False,Core_Quests.json#CA00
CA08,消失的和声,任务完成,SW.Item.Greatsword,巨剑,CA06,False,Core_Quests.json#CA08
CA07_BR,复活的铜巨兽,任务完成,SW.Item.Greatsword,巨剑,CA07,True,Core_Quests.json#CA07_BR
CA01_B,失踪的商人,任务完成,SW.Item.Greatsword,巨剑,CA01,False,Core_Quests.json#CA01_B
CA09_BR,复活的幽匿巨兽,首次完成,SW.Item.Greatsword,巨剑,CA08_B,True,Core_Quests.json#CA09_BR
CA09_BR,复活的幽匿巨兽,首次完成,SW.Item.Greatsword,巨剑,CA08_B,True,Core_Quests.json#CA09_BR
CA09_BR,复活的幽匿巨兽,任务完成,SW.Item.Greatsword,巨剑,CA08_B,True,Core_Quests.json#CA09_BR
CA08_B,草甸巨兽,任务完成,SW.Item.Greatsword,巨剑,CA08,False,Core_Quests.json#CA08_B
PLa1_S04_A,养蜂人,任务完成,SW.Item.Greatsword,巨剑,CA01,False,PlainsA1_Quests.json#PLa1_S04_A
TOa1_S01_A,"TextReleaseQuestTrackerLabels.csv,TOa1_S01_A",任务完成,SW.Item.Greatsword,巨剑,CA03,False,Town_Quests.json#TOa1_S01_A
CA02,沉寂的小嚎村,任务完成,SW.Item.Claws,狼爪,CA01_B,False,Core_Quests.json#CA02
CA04,丢失的音符盒,任务完成,SW.Item.Claws,狼爪,CA03,False,Core_Quests.json#CA04
CA05,翻越冰封高地,任务完成,SW.Item.Claws,狼爪,CA07,False,Core_Quests.json#CA05
CA02_B,林中腐化,任务完成,SW.Item.Claws,狼爪,CA02_C,False,Core_Quests.json#CA02_B
CA05_BR,复活的首席附魔师,任务完成,SW.Item.Claws,狼爪,CA05,True,Core_Quests.json#CA05_BR
CA02_B_BR,复活的女巫,任务完成,SW.Item.Claws,狼爪,CA02_B,True,Core_Quests.json#CA02_B_BR
CA10_BR_B,复活的红石巨兽,首次完成,SW.Item.Claws,狼爪,CA10,True,Core_Quests.json#CA10_BR_B
CA10_BR_B,复活的红石巨兽,首次完成,SW.Item.Claws,狼爪,CA10,True,Core_Quests.json#CA10_BR_B
CA10_BR_B,复活的红石巨兽,任务完成,SW.Item.Claws,狼爪,CA10,True,Core_Quests.json#CA10_BR_B
CA10_BR,最终魂战：返场,首次完成,SW.Item.Claws,狼爪,CA10,True,Core_Quests.json#CA10_BR
CA10_BR,最终魂战：返场,首次完成,SW.Item.Claws,狼爪,CA10,True,Core_Quests.json#CA10_BR
CA10_BR,最终魂战：返场,任务完成,SW.Item.Claws,狼爪,CA10,True,Core_Quests.json#CA10_BR
FOa1_S08_A,狼群一员,首次完成,SW.Item.Claws,狼爪,CA02_C,False,Forest_Quests.json#FOa1_S08_A
CA02,沉寂的小嚎村,任务完成,SW.Item.Glaive,长柄刀,CA01_B,False,Core_Quests.json#CA02
CA04,丢失的音符盒,任务完成,SW.Item.Glaive,长柄刀,CA03,False,Core_Quests.json#CA04
CA05,翻越冰封高地,任务完成,SW.Item.Glaive,长柄刀,CA07,False,Core_Quests.json#CA05
CA02_B,林中腐化,任务完成,SW.Item.Glaive,长柄刀,CA02_C,False,Core_Quests.json#CA02_B
CA05_BR,复活的首席附魔师,任务完成,SW.Item.Glaive,长柄刀,CA05,True,Core_Quests.json#CA05_BR
CA02_B_BR,复活的女巫,任务完成,SW.Item.Glaive,长柄刀,CA02_B,True,Core_Quests.json#CA02_B_BR
CA02,沉寂的小嚎村,任务完成,SW.Item.Battlestaff,战斗权杖,CA01_B,False,Core_Quests.json#CA02
CA04,丢失的音符盒,任务完成,SW.Item.Battlestaff,战斗权杖,CA03,False,Core_Quests.json#CA04
CA05,翻越冰封高地,任务完成,SW.Item.Battlestaff,战斗权杖,CA07,False,Core_Quests.json#CA05
CA02_B,林中腐化,任务完成,SW.Item.Battlestaff,战斗权杖,CA02_C,False,Core_Quests.json#CA02_B
CA05_BR,复活的首席附魔师,任务完成,SW.Item.Battlestaff,战斗权杖,CA05,True,Core_Quests.json#CA05_BR
CA02_B_BR,复活的女巫,任务完成,SW.Item.Battlestaff,战斗权杖,CA02_B,True,Core_Quests.json#CA02_B_BR
CA03,探索深暗之域,任务完成,SW.Item.Cleaver,剁肉刀,CA02_B,False,Core_Quests.json#CA03
CA06,归还音符盒,任务完成,SW.Item.Cleaver,剁肉刀,CA05,False,Core_Quests.json#CA06
CA04_BR,CA04_BR,任务完成,SW.Item.Cleaver,剁肉刀,CA04,True,Core_Quests.json#CA04_BR
CA09,幽匿者之怒,任务完成,SW.Item.Cleaver,剁肉刀,CA08_B,False,Core_Quests.json#CA09
CA10,最终魂战,任务完成,SW.Item.Cleaver,剁肉刀,CA09,False,Core_Quests.json#CA10
CA03_BR,复活的扭曲监守者,任务完成,SW.Item.Cleaver,剁肉刀,CA03,True,Core_Quests.json#CA03_BR
CA10_BR_B,复活的红石巨兽,首次完成,SW.Item.Cleaver,剁肉刀,CA10,True,Core_Quests.json#CA10_BR_B
CA10_BR_B,复活的红石巨兽,首次完成,SW.Item.Cleaver,剁肉刀,CA10,True,Core_Quests.json#CA10_BR_B
CA10_BR_B,复活的红石巨兽,任务完成,SW.Item.Cleaver,剁肉刀,CA10,True,Core_Quests.json#CA10_BR_B
CA10_BR,最终魂战：返场,首次完成,SW.Item.Cleaver,剁肉刀,CA10,True,Core_Quests.json#CA10_BR
CA10_BR,最终魂战：返场,首次完成,SW.Item.Cleaver,剁肉刀,CA10,True,Core_Quests.json#CA10_BR
CA10_BR,最终魂战：返场,任务完成,SW.Item.Cleaver,剁肉刀,CA10,True,Core_Quests.json#CA10_BR
CA01,来自裂隙的灾厄村民,任务完成,SW.Item.Sickles,双镰,CA00,False,Core_Quests.json#CA01
CA05,翻越冰封高地,任务完成,SW.Item.Sickles,双镰,CA07,False,Core_Quests.json#CA05
CA00,逃离鱿鱼海岸,任务完成,SW.Item.Sickles,双镰,,False,Core_Quests.json#CA00
CA05_BR,复活的首席附魔师,任务完成,SW.Item.Sickles,双镰,CA05,True,Core_Quests.json#CA05_BR
CA01_B,失踪的商人,任务完成,SW.Item.Sickles,双镰,CA01,False,Core_Quests.json#CA01_B
PLa1_S04_A,养蜂人,任务完成,SW.Item.Sickles,双镰,CA01,False,PlainsA1_Quests.json#PLa1_S04_A
TOa1_S01_A,"TextReleaseQuestTrackerLabels.csv,TOa1_S01_A",任务完成,SW.Item.Sickles,双镰,CA03,False,Town_Quests.json#TOa1_S01_A
CA03,探索深暗之域,任务完成,SW.Item.Scythe,镰刀,CA02_B,False,Core_Quests.json#CA03
CA06,归还音符盒,任务完成,SW.Item.Scythe,镰刀,CA05,False,Core_Quests.json#CA06
CA07,穿越多雨平原,任务完成,SW.Item.Scythe,镰刀,CA04,False,Core_Quests.json#CA07
CA04_BR,CA04_BR,任务完成,SW.Item.Scythe,镰刀,CA04,True,Core_Quests.json#CA04_BR
CA09,幽匿者之怒,任务完成,SW.Item.Scythe,镰刀,CA08_B,False,Core_Quests.json#CA09
CA10,最终魂战,任务完成,SW.Item.Scythe,镰刀,CA09,False,Core_Quests.json#CA10
CA03_BR,复活的扭曲监守者,任务完成,SW.Item.Scythe,镰刀,CA03,True,Core_Quests.json#CA03_BR
CA10_BR_B,复活的红石巨兽,首次完成,SW.Item.Scythe,镰刀,CA10,True,Core_Quests.json#CA10_BR_B
CA10_BR_B,复活的红石巨兽,首次完成,SW.Item.Scythe,镰刀,CA10,True,Core_Quests.json#CA10_BR_B
CA10_BR_B,复活的红石巨兽,任务完成,SW.Item.Scythe,镰刀,CA10,True,Core_Quests.json#CA10_BR_B
CA10_BR,最终魂战：返场,首次完成,SW.Item.Scythe,镰刀,CA10,True,Core_Quests.json#CA10_BR
CA10_BR,最终魂战：返场,首次完成,SW.Item.Scythe,镰刀,CA10,True,Core_Quests.json#CA10_BR
CA10_BR,最终魂战：返场,任务完成,SW.Item.Scythe,镰刀,CA10,True,Core_Quests.json#CA10_BR
CA08,消失的和声,任务完成,SW.Item.GiantClub,重击者,CA06,False,Core_Quests.json#CA08
CA09,幽匿者之怒,任务完成,SW.Item.GiantClub,重击者,CA08_B,False,Core_Quests.json#CA09
CA10,最终魂战,任务完成,SW.Item.GiantClub,重击者,CA09,False,Core_Quests.json#CA10
CA09_BR,复活的幽匿巨兽,首次完成,SW.Item.GiantClub,重击者,CA08_B,True,Core_Quests.json#CA09_BR
CA09_BR,复活的幽匿巨兽,首次完成,SW.Item.GiantClub,重击者,CA08_B,True,Core_Quests.json#CA09_BR
CA09_BR,复活的幽匿巨兽,任务完成,SW.Item.GiantClub,重击者,CA08_B,True,Core_Quests.json#CA09_BR
CA08_B,草甸巨兽,任务完成,SW.Item.GiantClub,重击者,CA08,False,Core_Quests.json#CA08_B
CA07,穿越多雨平原,任务完成,SW.Item.CurvedGreatsword,定型刀,CA04,False,Core_Quests.json#CA07
CA08,消失的和声,任务完成,SW.Item.CurvedGreatsword,定型刀,CA06,False,Core_Quests.json#CA08
CA09,幽匿者之怒,任务完成,SW.Item.CurvedGreatsword,定型刀,CA08_B,False,Core_Quests.json#CA09
CA10,最终魂战,任务完成,SW.Item.CurvedGreatsword,定型刀,CA09,False,Core_Quests.json#CA10
CA07_BR,复活的铜巨兽,任务完成,SW.Item.CurvedGreatsword,定型刀,CA07,True,Core_Quests.json#CA07_BR
CA09_BR,复活的幽匿巨兽,首次完成,SW.Item.CurvedGreatsword,定型刀,CA08_B,True,Core_Quests.json#CA09_BR
CA09_BR,复活的幽匿巨兽,首次完成,SW.Item.CurvedGreatsword,定型刀,CA08_B,True,Core_Quests.json#CA09_BR
CA09_BR,复活的幽匿巨兽,任务完成,SW.Item.CurvedGreatsword,定型刀,CA08_B,True,Core_Quests.json#CA09_BR
CA08_B,草甸巨兽,任务完成,SW.Item.CurvedGreatsword,定型刀,CA08,False,Core_Quests.json#CA08_B
CA05,翻越冰封高地,任务完成,SW.Item.GiantMallet,打怪木槌,CA07,False,Core_Quests.json#CA05
CA08,消失的和声,任务完成,SW.Item.GiantMallet,打怪木槌,CA06,False,Core_Quests.json#CA08
CA09,幽匿者之怒,任务完成,SW.Item.GiantMallet,打怪木槌,CA08_B,False,Core_Quests.json#CA09
CA10,最终魂战,任务完成,SW.Item.GiantMallet,打怪木槌,CA09,False,Core_Quests.json#CA10
CA09_BR,复活的幽匿巨兽,首次完成,SW.Item.GiantMallet,打怪木槌,CA08_B,True,Core_Quests.json#CA09_BR
CA09_BR,复活的幽匿巨兽,首次完成,SW.Item.GiantMallet,打怪木槌,CA08_B,True,Core_Quests.json#CA09_BR
CA09_BR,复活的幽匿巨兽,任务完成,SW.Item.GiantMallet,打怪木槌,CA08_B,True,Core_Quests.json#CA09_BR
CA08_B,草甸巨兽,任务完成,SW.Item.GiantMallet,打怪木槌,CA08,False,Core_Quests.json#CA08_B
CA07,穿越多雨平原,任务完成,SW.Item.StraightSword,长剑,CA04,False,Core_Quests.json#CA07
CA08,消失的和声,任务完成,SW.Item.StraightSword,长剑,CA06,False,Core_Quests.json#CA08
CA09,幽匿者之怒,任务完成,SW.Item.StraightSword,长剑,CA08_B,False,Core_Quests.json#CA09
CA10,最终魂战,任务完成,SW.Item.StraightSword,长剑,CA09,False,Core_Quests.json#CA10
CA07_BR,复活的铜巨兽,任务完成,SW.Item.StraightSword,长剑,CA07,True,Core_Quests.json#CA07_BR
CA09_BR,复活的幽匿巨兽,首次完成,SW.Item.StraightSword,长剑,CA08_B,True,Core_Quests.json#CA09_BR
CA09_BR,复活的幽匿巨兽,首次完成,SW.Item.StraightSword,长剑,CA08_B,True,Core_Quests.json#CA09_BR
CA09_BR,复活的幽匿巨兽,任务完成,SW.Item.StraightSword,长剑,CA08_B,True,Core_Quests.json#CA09_BR
CA08_B,草甸巨兽,任务完成,SW.Item.StraightSword,长剑,CA08,False,Core_Quests.json#CA08_B
CA02,沉寂的小嚎村,任务完成,SW.Item.CurvedLongsword,裂隙撕裂者,CA01_B,False,Core_Quests.json#CA02
CA03,探索深暗之域,任务完成,SW.Item.CurvedLongsword,裂隙撕裂者,CA02_B,False,Core_Quests.json#CA03
CA04,丢失的音符盒,任务完成,SW.Item.CurvedLongsword,裂隙撕裂者,CA03,False,Core_Quests.json#CA04
CA06,归还音符盒,任务完成,SW.Item.CurvedLongsword,裂隙撕裂者,CA05,False,Core_Quests.json#CA06
CA07,穿越多雨平原,任务完成,SW.Item.CurvedLongsword,裂隙撕裂者,CA04,False,Core_Quests.json#CA07
CA04_BR,CA04_BR,任务完成,SW.Item.CurvedLongsword,裂隙撕裂者,CA04,True,Core_Quests.json#CA04_BR
CA02_B,林中腐化,任务完成,SW.Item.CurvedLongsword,裂隙撕裂者,CA02_C,False,Core_Quests.json#CA02_B
CA02_B_BR,复活的女巫,任务完成,SW.Item.CurvedLongsword,裂隙撕裂者,CA02_B,True,Core_Quests.json#CA02_B_BR
CA03_BR,复活的扭曲监守者,任务完成,SW.Item.CurvedLongsword,裂隙撕裂者,CA03,True,Core_Quests.json#CA03_BR
CA07_BR,复活的铜巨兽,任务完成,SW.Item.CurvedLongsword,裂隙撕裂者,CA07,True,Core_Quests.json#CA07_BR
CA02,沉寂的小嚎村,任务完成,SW.Item.Shovel,铁锹,CA01_B,False,Core_Quests.json#CA02
CA03,探索深暗之域,任务完成,SW.Item.Shovel,铁锹,CA02_B,False,Core_Quests.json#CA03
CA04,丢失的音符盒,任务完成,SW.Item.Shovel,铁锹,CA03,False,Core_Quests.json#CA04
CA06,归还音符盒,任务完成,SW.Item.Shovel,铁锹,CA05,False,Core_Quests.json#CA06
CA04_BR,CA04_BR,任务完成,SW.Item.Shovel,铁锹,CA04,True,Core_Quests.json#CA04_BR
CA02_B,林中腐化,任务完成,SW.Item.Shovel,铁锹,CA02_C,False,Core_Quests.json#CA02_B
CA09,幽匿者之怒,任务完成,SW.Item.Shovel,铁锹,CA08_B,False,Core_Quests.json#CA09
CA10,最终魂战,任务完成,SW.Item.Shovel,铁锹,CA09,False,Core_Quests.json#CA10
CA02_B_BR,复活的女巫,任务完成,SW.Item.Shovel,铁锹,CA02_B,True,Core_Quests.json#CA02_B_BR
CA03_BR,复活的扭曲监守者,任务完成,SW.Item.Shovel,铁锹,CA03,True,Core_Quests.json#CA03_BR
CA01,来自裂隙的灾厄村民,任务完成,SW.Item.Mace,重锤,CA00,False,Core_Quests.json#CA01
CA05,翻越冰封高地,任务完成,SW.Item.Mace,重锤,CA07,False,Core_Quests.json#CA05
CA00,逃离鱿鱼海岸,任务完成,SW.Item.Mace,重锤,,False,Core_Quests.json#CA00
CA05_BR,复活的首席附魔师,任务完成,SW.Item.Mace,重锤,CA05,True,Core_Quests.json#CA05_BR
CA01_B,失踪的商人,任务完成,SW.Item.Mace,重锤,CA01,False,Core_Quests.json#CA01_B
PLa1_S04_A,养蜂人,任务完成,SW.Item.Mace,重锤,CA01,False,PlainsA1_Quests.json#PLa1_S04_A
TOa1_S01_A,"TextReleaseQuestTrackerLabels.csv,TOa1_S01_A",任务完成,SW.Item.Mace,重锤,CA03,False,Town_Quests.json#TOa1_S01_A
CA02,沉寂的小嚎村,任务完成,SW.Item.Dagger,暮光匕首,CA01_B,False,Core_Quests.json#CA02
CA03,探索深暗之域,任务完成,SW.Item.Dagger,暮光匕首,CA02_B,False,Core_Quests.json#CA03
CA04,丢失的音符盒,任务完成,SW.Item.Dagger,暮光匕首,CA03,False,Core_Quests.json#CA04
CA06,归还音符盒,任务完成,SW.Item.Dagger,暮光匕首,CA05,False,Core_Quests.json#CA06
CA07,穿越多雨平原,任务完成,SW.Item.Dagger,暮光匕首,CA04,False,Core_Quests.json#CA07
CA04_BR,CA04_BR,任务完成,SW.Item.Dagger,暮光匕首,CA04,True,Core_Quests.json#CA04_BR
CA02_B,林中腐化,任务完成,SW.Item.Dagger,暮光匕首,CA02_C,False,Core_Quests.json#CA02_B
CA02_B_BR,复活的女巫,任务完成,SW.Item.Dagger,暮光匕首,CA02_B,True,Core_Quests.json#CA02_B_BR
CA03_BR,复活的扭曲监守者,任务完成,SW.Item.Dagger,暮光匕首,CA03,True,Core_Quests.json#CA03_BR
CA07_BR,复活的铜巨兽,任务完成,SW.Item.Dagger,暮光匕首,CA07,True,Core_Quests.json#CA07_BR
CA02,沉寂的小嚎村,任务完成,SW.Item.Sabre,军刀,CA01_B,False,Core_Quests.json#CA02
CA04,丢失的音符盒,任务完成,SW.Item.Sabre,军刀,CA03,False,Core_Quests.json#CA04
CA05,翻越冰封高地,任务完成,SW.Item.Sabre,军刀,CA07,False,Core_Quests.json#CA05
CA02_B,林中腐化,任务完成,SW.Item.Sabre,军刀,CA02_C,False,Core_Quests.json#CA02_B
CA05_BR,复活的首席附魔师,任务完成,SW.Item.Sabre,军刀,CA05,True,Core_Quests.json#CA05_BR
CA02_B_BR,复活的女巫,任务完成,SW.Item.Sabre,军刀,CA02_B,True,Core_Quests.json#CA02_B_BR
CA07,穿越多雨平原,任务完成,SW.Item.Hammer,战斗锤,CA04,False,Core_Quests.json#CA07
CA08,消失的和声,任务完成,SW.Item.Hammer,战斗锤,CA06,False,Core_Quests.json#CA08
CA09,幽匿者之怒,任务完成,SW.Item.Hammer,战斗锤,CA08_B,False,Core_Quests.json#CA09
CA10,最终魂战,任务完成,SW.Item.Hammer,战斗锤,CA09,False,Core_Quests.json#CA10
CA07_BR,复活的铜巨兽,任务完成,SW.Item.Hammer,战斗锤,CA07,True,Core_Quests.json#CA07_BR
CA09_BR,复活的幽匿巨兽,首次完成,SW.Item.Hammer,战斗锤,CA08_B,True,Core_Quests.json#CA09_BR
CA09_BR,复活的幽匿巨兽,首次完成,SW.Item.Hammer,战斗锤,CA08_B,True,Core_Quests.json#CA09_BR
CA09_BR,复活的幽匿巨兽,任务完成,SW.Item.Hammer,战斗锤,CA08_B,True,Core_Quests.json#CA09_BR
CA08_B,草甸巨兽,任务完成,SW.Item.Hammer,战斗锤,CA08,False,Core_Quests.json#CA08_B
CA02,沉寂的小嚎村,任务完成,SW.Item.MoonSword,潮汐镰刀,CA01_B,False,Core_Quests.json#CA02
CA04,丢失的音符盒,任务完成,SW.Item.MoonSword,潮汐镰刀,CA03,False,Core_Quests.json#CA04
CA05,翻越冰封高地,任务完成,SW.Item.MoonSword,潮汐镰刀,CA07,False,Core_Quests.json#CA05
CA02_B,林中腐化,任务完成,SW.Item.MoonSword,潮汐镰刀,CA02_C,False,Core_Quests.json#CA02_B
CA05_BR,复活的首席附魔师,任务完成,SW.Item.MoonSword,潮汐镰刀,CA05,True,Core_Quests.json#CA05_BR
CA02_B_BR,复活的女巫,任务完成,SW.Item.MoonSword,潮汐镰刀,CA02_B,True,Core_Quests.json#CA02_B_BR
CA10_BR_B,复活的红石巨兽,首次完成,SW.Item.MoonSword,潮汐镰刀,CA10,True,Core_Quests.json#CA10_BR_B
CA10_BR_B,复活的红石巨兽,首次完成,SW.Item.MoonSword,潮汐镰刀,CA10,True,Core_Quests.json#CA10_BR_B
CA10_BR_B,复活的红石巨兽,任务完成,SW.Item.MoonSword,潮汐镰刀,CA10,True,Core_Quests.json#CA10_BR_B
CA10_BR,最终魂战：返场,首次完成,SW.Item.MoonSword,潮汐镰刀,CA10,True,Core_Quests.json#CA10_BR
CA10_BR,最终魂战：返场,首次完成,SW.Item.MoonSword,潮汐镰刀,CA10,True,Core_Quests.json#CA10_BR
CA10_BR,最终魂战：返场,任务完成,SW.Item.MoonSword,潮汐镰刀,CA10,True,Core_Quests.json#CA10_BR
CA08,消失的和声,任务完成,SW.Item.GreatAxe,巨斧,CA06,False,Core_Quests.json#CA08
CA09,幽匿者之怒,任务完成,SW.Item.GreatAxe,巨斧,CA08_B,False,Core_Quests.json#CA09
CA10,最终魂战,任务完成,SW.Item.GreatAxe,巨斧,CA09,False,Core_Quests.json#CA10
CA09_BR,复活的幽匿巨兽,首次完成,SW.Item.GreatAxe,巨斧,CA08_B,True,Core_Quests.json#CA09_BR
CA09_BR,复活的幽匿巨兽,首次完成,SW.Item.GreatAxe,巨斧,CA08_B,True,Core_Quests.json#CA09_BR
CA09_BR,复活的幽匿巨兽,任务完成,SW.Item.GreatAxe,巨斧,CA08_B,True,Core_Quests.json#CA09_BR
CA08_B,草甸巨兽,任务完成,SW.Item.GreatAxe,巨斧,CA08,False,Core_Quests.json#CA08_B
CA05,翻越冰封高地,任务完成,SW.Item.Claymore_Unique1,斩杀大剑,CA07,False,Core_Quests.json#CA05
CA07,穿越多雨平原,任务完成,SW.Item.Claymore_Unique1,斩杀大剑,CA04,False,Core_Quests.json#CA07
CA05_BR,复活的首席附魔师,任务完成,SW.Item.Claymore_Unique1,斩杀大剑,CA05,True,Core_Quests.json#CA05_BR
CA07_BR,复活的铜巨兽,任务完成,SW.Item.Claymore_Unique1,斩杀大剑,CA07,True,Core_Quests.json#CA07_BR
CA10_BR_B,复活的红石巨兽,首次完成,SW.Item.Claymore_Unique1,斩杀大剑,CA10,True,Core_Quests.json#CA10_BR_B
CA10_BR_B,复活的红石巨兽,首次完成,SW.Item.Claymore_Unique1,斩杀大剑,CA10,True,Core_Quests.json#CA10_BR_B
CA10_BR_B,复活的红石巨兽,任务完成,SW.Item.Claymore_Unique1,斩杀大剑,CA10,True,Core_Quests.json#CA10_BR_B
CA10_BR,最终魂战：返场,首次完成,SW.Item.Claymore_Unique1,斩杀大剑,CA10,True,Core_Quests.json#CA10_BR
CA10_BR,最终魂战：返场,首次完成,SW.Item.Claymore_Unique1,斩杀大剑,CA10,True,Core_Quests.json#CA10_BR
CA10_BR,最终魂战：返场,任务完成,SW.Item.Claymore_Unique1,斩杀大剑,CA10,True,Core_Quests.json#CA10_BR
CA01,来自裂隙的灾厄村民,任务完成,SW.Item.Greatsword_Unique1,暗晶剑,CA00,False,Core_Quests.json#CA01
CA07,穿越多雨平原,任务完成,SW.Item.Greatsword_Unique1,暗晶剑,CA04,False,Core_Quests.json#CA07
CA00,逃离鱿鱼海岸,任务完成,SW.Item.Greatsword_Unique1,暗晶剑,,False,Core_Quests.json#CA00
CA08,消失的和声,任务完成,SW.Item.Greatsword_Unique1,暗晶剑,CA06,False,Core_Quests.json#CA08
CA07_BR,复活的铜巨兽,任务完成,SW.Item.Greatsword_Unique1,暗晶剑,CA07,True,Core_Quests.json#CA07_BR
CA01_B,失踪的商人,任务完成,SW.Item.Greatsword_Unique1,暗晶剑,CA01,False,Core_Quests.json#CA01_B
CA09_BR,复活的幽匿巨兽,首次完成,SW.Item.Greatsword_Unique1,暗晶剑,CA08_B,True,Core_Quests.json#CA09_BR
CA09_BR,复活的幽匿巨兽,首次完成,SW.Item.Greatsword_Unique1,暗晶剑,CA08_B,True,Core_Quests.json#CA09_BR
CA09_BR,复活的幽匿巨兽,任务完成,SW.Item.Greatsword_Unique1,暗晶剑,CA08_B,True,Core_Quests.json#CA09_BR
CA08_B,草甸巨兽,任务完成,SW.Item.Greatsword_Unique1,暗晶剑,CA08,False,Core_Quests.json#CA08_B
PLa1_S04_A,养蜂人,任务完成,SW.Item.Greatsword_Unique1,暗晶剑,CA01,False,PlainsA1_Quests.json#PLa1_S04_A
TOa1_S01_A,"TextReleaseQuestTrackerLabels.csv,TOa1_S01_A",任务完成,SW.Item.Greatsword_Unique1,暗晶剑,CA03,False,Town_Quests.json#TOa1_S01_A
CA02,沉寂的小嚎村,任务完成,SW.Item.Claws_Unique1,幽匿者之爪,CA01_B,False,Core_Quests.json#CA02
CA04,丢失的音符盒,任务完成,SW.Item.Claws_Unique1,幽匿者之爪,CA03,False,Core_Quests.json#CA04
CA05,翻越冰封高地,任务完成,SW.Item.Claws_Unique1,幽匿者之爪,CA07,False,Core_Quests.json#CA05
CA02_B,林中腐化,任务完成,SW.Item.Claws_Unique1,幽匿者之爪,CA02_C,False,Core_Quests.json#CA02_B
CA05_BR,复活的首席附魔师,任务完成,SW.Item.Claws_Unique1,幽匿者之爪,CA05,True,Core_Quests.json#CA05_BR
CA02_B_BR,复活的女巫,首次完成,SW.Item.Claws_Unique1,幽匿者之爪,CA02_B,True,Core_Quests.json#CA02_B_BR
CA02_B_BR,复活的女巫,任务完成,SW.Item.Claws_Unique1,幽匿者之爪,CA02_B,True,Core_Quests.json#CA02_B_BR
CA08_B,草甸巨兽,首次完成,SW.Item.Claws_Unique1,幽匿者之爪,CA08,False,Core_Quests.json#CA08_B
CA10_BR_B,复活的红石巨兽,首次完成,SW.Item.Claws_Unique1,幽匿者之爪,CA10,True,Core_Quests.json#CA10_BR_B
CA10_BR_B,复活的红石巨兽,首次完成,SW.Item.Claws_Unique1,幽匿者之爪,CA10,True,Core_Quests.json#CA10_BR_B
CA10_BR_B,复活的红石巨兽,任务完成,SW.Item.Claws_Unique1,幽匿者之爪,CA10,True,Core_Quests.json#CA10_BR_B
CA10_BR,最终魂战：返场,首次完成,SW.Item.Claws_Unique1,幽匿者之爪,CA10,True,Core_Quests.json#CA10_BR
CA10_BR,最终魂战：返场,首次完成,SW.Item.Claws_Unique1,幽匿者之爪,CA10,True,Core_Quests.json#CA10_BR
CA10_BR,最终魂战：返场,任务完成,SW.Item.Claws_Unique1,幽匿者之爪,CA10,True,Core_Quests.json#CA10_BR
FOa1_S08_A,狼群一员,首次完成,SW.Item.Claws_Unique1,幽匿者之爪,CA02_C,False,Forest_Quests.json#FOa1_S08_A
CA02,沉寂的小嚎村,任务完成,SW.Item.Glaive_Unique1,黄金长柄刀,CA01_B,False,Core_Quests.json#CA02
CA04,丢失的音符盒,任务完成,SW.Item.Glaive_Unique1,黄金长柄刀,CA03,False,Core_Quests.json#CA04
CA05,翻越冰封高地,任务完成,SW.Item.Glaive_Unique1,黄金长柄刀,CA07,False,Core_Quests.json#CA05
CA02_B,林中腐化,任务完成,SW.Item.Glaive_Unique1,黄金长柄刀,CA02_C,False,Core_Quests.json#CA02_B
CA05_BR,复活的首席附魔师,任务完成,SW.Item.Glaive_Unique1,黄金长柄刀,CA05,True,Core_Quests.json#CA05_BR
CA02_B_BR,复活的女巫,任务完成,SW.Item.Glaive_Unique1,黄金长柄刀,CA02_B,True,Core_Quests.json#CA02_B_BR
CA02,沉寂的小嚎村,任务完成,SW.Item.Battlestaff_Unique1,元素权杖,CA01_B,False,Core_Quests.json#CA02
CA04,丢失的音符盒,任务完成,SW.Item.Battlestaff_Unique1,元素权杖,CA03,False,Core_Quests.json#CA04
CA05,翻越冰封高地,任务完成,SW.Item.Battlestaff_Unique1,元素权杖,CA07,False,Core_Quests.json#CA05
CA02_B,林中腐化,任务完成,SW.Item.Battlestaff_Unique1,元素权杖,CA02_C,False,Core_Quests.json#CA02_B
CA05_BR,复活的首席附魔师,任务完成,SW.Item.Battlestaff_Unique1,元素权杖,CA05,True,Core_Quests.json#CA05_BR
CA02_B_BR,复活的女巫,任务完成,SW.Item.Battlestaff_Unique1,元素权杖,CA02_B,True,Core_Quests.json#CA02_B_BR
CA03,探索深暗之域,任务完成,SW.Item.Cleaver_Unique1,剁魂刀,CA02_B,False,Core_Quests.json#CA03
CA06,归还音符盒,任务完成,SW.Item.Cleaver_Unique1,剁魂刀,CA05,False,Core_Quests.json#CA06
CA04_BR,CA04_BR,任务完成,SW.Item.Cleaver_Unique1,剁魂刀,CA04,True,Core_Quests.json#CA04_BR
CA09,幽匿者之怒,任务完成,SW.Item.Cleaver_Unique1,剁魂刀,CA08_B,False,Core_Quests.json#CA09
CA10,最终魂战,任务完成,SW.Item.Cleaver_Unique1,剁魂刀,CA09,False,Core_Quests.json#CA10
CA03_BR,复活的扭曲监守者,任务完成,SW.Item.Cleaver_Unique1,剁魂刀,CA03,True,Core_Quests.json#CA03_BR
CA10_BR_B,复活的红石巨兽,首次完成,SW.Item.Cleaver_Unique1,剁魂刀,CA10,True,Core_Quests.json#CA10_BR_B
CA10_BR_B,复活的红石巨兽,首次完成,SW.Item.Cleaver_Unique1,剁魂刀,CA10,True,Core_Quests.json#CA10_BR_B
CA10_BR_B,复活的红石巨兽,任务完成,SW.Item.Cleaver_Unique1,剁魂刀,CA10,True,Core_Quests.json#CA10_BR_B
CA10_BR,最终魂战：返场,首次完成,SW.Item.Cleaver_Unique1,剁魂刀,CA10,True,Core_Quests.json#CA10_BR
CA10_BR,最终魂战：返场,首次完成,SW.Item.Cleaver_Unique1,剁魂刀,CA10,True,Core_Quests.json#CA10_BR
CA10_BR,最终魂战：返场,任务完成,SW.Item.Cleaver_Unique1,剁魂刀,CA10,True,Core_Quests.json#CA10_BR
CA01,来自裂隙的灾厄村民,任务完成,SW.Item.Sickles_Unique1,汐浮镰刀,CA00,False,Core_Quests.json#CA01
CA05,翻越冰封高地,任务完成,SW.Item.Sickles_Unique1,汐浮镰刀,CA07,False,Core_Quests.json#CA05
CA00,逃离鱿鱼海岸,任务完成,SW.Item.Sickles_Unique1,汐浮镰刀,,False,Core_Quests.json#CA00
CA05_BR,复活的首席附魔师,任务完成,SW.Item.Sickles_Unique1,汐浮镰刀,CA05,True,Core_Quests.json#CA05_BR
CA01_B,失踪的商人,任务完成,SW.Item.Sickles_Unique1,汐浮镰刀,CA01,False,Core_Quests.json#CA01_B
CA10_BR,最终魂战：返场,首次完成,SW.Item.Sickles_Unique1,汐浮镰刀,CA10,True,Core_Quests.json#CA10_BR
PLa1_S04_A,养蜂人,任务完成,SW.Item.Sickles_Unique1,汐浮镰刀,CA01,False,PlainsA1_Quests.json#PLa1_S04_A
TOa1_S01_A,"TextReleaseQuestTrackerLabels.csv,TOa1_S01_A",任务完成,SW.Item.Sickles_Unique1,汐浮镰刀,CA03,False,Town_Quests.json#TOa1_S01_A
CA03,探索深暗之域,任务完成,SW.Item.Scythe_Unique1,摄魂者,CA02_B,False,Core_Quests.json#CA03
CA06,归还音符盒,任务完成,SW.Item.Scythe_Unique1,摄魂者,CA05,False,Core_Quests.json#CA06
CA07,穿越多雨平原,任务完成,SW.Item.Scythe_Unique1,摄魂者,CA04,False,Core_Quests.json#CA07
CA04_BR,CA04_BR,任务完成,SW.Item.Scythe_Unique1,摄魂者,CA04,True,Core_Quests.json#CA04_BR
CA09,幽匿者之怒,任务完成,SW.Item.Scythe_Unique1,摄魂者,CA08_B,False,Core_Quests.json#CA09
CA10,最终魂战,任务完成,SW.Item.Scythe_Unique1,摄魂者,CA09,False,Core_Quests.json#CA10
CA03_BR,复活的扭曲监守者,任务完成,SW.Item.Scythe_Unique1,摄魂者,CA03,True,Core_Quests.json#CA03_BR
CA10_BR_B,复活的红石巨兽,首次完成,SW.Item.Scythe_Unique1,摄魂者,CA10,True,Core_Quests.json#CA10_BR_B
CA10_BR_B,复活的红石巨兽,首次完成,SW.Item.Scythe_Unique1,摄魂者,CA10,True,Core_Quests.json#CA10_BR_B
CA10_BR_B,复活的红石巨兽,任务完成,SW.Item.Scythe_Unique1,摄魂者,CA10,True,Core_Quests.json#CA10_BR_B
CA10_BR,最终魂战：返场,首次完成,SW.Item.Scythe_Unique1,摄魂者,CA10,True,Core_Quests.json#CA10_BR
CA10_BR,最终魂战：返场,首次完成,SW.Item.Scythe_Unique1,摄魂者,CA10,True,Core_Quests.json#CA10_BR
CA10_BR,最终魂战：返场,任务完成,SW.Item.Scythe_Unique1,摄魂者,CA10,True,Core_Quests.json#CA10_BR
CA07,穿越多雨平原,任务完成,SW.Item.CurvedGreatsword_Unique1,安眠之刃,CA04,False,Core_Quests.json#CA07
CA08,消失的和声,任务完成,SW.Item.CurvedGreatsword_Unique1,安眠之刃,CA06,False,Core_Quests.json#CA08
CA09,幽匿者之怒,任务完成,SW.Item.CurvedGreatsword_Unique1,安眠之刃,CA08_B,False,Core_Quests.json#CA09
CA10,最终魂战,任务完成,SW.Item.CurvedGreatsword_Unique1,安眠之刃,CA09,False,Core_Quests.json#CA10
CA07_BR,复活的铜巨兽,任务完成,SW.Item.CurvedGreatsword_Unique1,安眠之刃,CA07,True,Core_Quests.json#CA07_BR
CA09_BR,复活的幽匿巨兽,首次完成,SW.Item.CurvedGreatsword_Unique1,安眠之刃,CA08_B,True,Core_Quests.json#CA09_BR
CA09_BR,复活的幽匿巨兽,首次完成,SW.Item.CurvedGreatsword_Unique1,安眠之刃,CA08_B,True,Core_Quests.json#CA09_BR
CA09_BR,复活的幽匿巨兽,任务完成,SW.Item.CurvedGreatsword_Unique1,安眠之刃,CA08_B,True,Core_Quests.json#CA09_BR
CA08_B,草甸巨兽,任务完成,SW.Item.CurvedGreatsword_Unique1,安眠之刃,CA08,False,Core_Quests.json#CA08_B
MEa2_S03_A,安眠丘陵的孤寂,首次完成,SW.Item.CurvedGreatsword_Unique1,安眠之刃,MEa2_S02_A,False,MeadowA2_Quests.json#MEa2_S03_A
CA05,翻越冰封高地,任务完成,SW.Item.GiantMallet_Unique1,怪物粉碎者,CA07,False,Core_Quests.json#CA05
CA08,消失的和声,任务完成,SW.Item.GiantMallet_Unique1,怪物粉碎者,CA06,False,Core_Quests.json#CA08
CA09,幽匿者之怒,任务完成,SW.Item.GiantMallet_Unique1,怪物粉碎者,CA08_B,False,Core_Quests.json#CA09
CA10,最终魂战,任务完成,SW.Item.GiantMallet_Unique1,怪物粉碎者,CA09,False,Core_Quests.json#CA10
CA09_BR,复活的幽匿巨兽,首次完成,SW.Item.GiantMallet_Unique1,怪物粉碎者,CA08_B,True,Core_Quests.json#CA09_BR
CA09_BR,复活的幽匿巨兽,首次完成,SW.Item.GiantMallet_Unique1,怪物粉碎者,CA08_B,True,Core_Quests.json#CA09_BR
CA09_BR,复活的幽匿巨兽,任务完成,SW.Item.GiantMallet_Unique1,怪物粉碎者,CA08_B,True,Core_Quests.json#CA09_BR
CA08_B,草甸巨兽,任务完成,SW.Item.GiantMallet_Unique1,怪物粉碎者,CA08,False,Core_Quests.json#CA08_B
CA07,穿越多雨平原,任务完成,SW.Item.StraightSword_Unique1,霜冻剑,CA04,False,Core_Quests.json#CA07
CA08,消失的和声,任务完成,SW.Item.StraightSword_Unique1,霜冻剑,CA06,False,Core_Quests.json#CA08
CA09,幽匿者之怒,任务完成,SW.Item.StraightSword_Unique1,霜冻剑,CA08_B,False,Core_Quests.json#CA09
CA10,最终魂战,任务完成,SW.Item.StraightSword_Unique1,霜冻剑,CA09,False,Core_Quests.json#CA10
CA07_BR,复活的铜巨兽,任务完成,SW.Item.StraightSword_Unique1,霜冻剑,CA07,True,Core_Quests.json#CA07_BR
CA09_BR,复活的幽匿巨兽,首次完成,SW.Item.StraightSword_Unique1,霜冻剑,CA08_B,True,Core_Quests.json#CA09_BR
CA09_BR,复活的幽匿巨兽,首次完成,SW.Item.StraightSword_Unique1,霜冻剑,CA08_B,True,Core_Quests.json#CA09_BR
CA09_BR,复活的幽匿巨兽,任务完成,SW.Item.StraightSword_Unique1,霜冻剑,CA08_B,True,Core_Quests.json#CA09_BR
CA08_B,草甸巨兽,任务完成,SW.Item.StraightSword_Unique1,霜冻剑,CA08,False,Core_Quests.json#CA08_B
CA02,沉寂的小嚎村,任务完成,SW.Item.CurvedLongsword_Unique1,平原之傲,CA01_B,False,Core_Quests.json#CA02
CA03,探索深暗之域,任务完成,SW.Item.CurvedLongsword_Unique1,平原之傲,CA02_B,False,Core_Quests.json#CA03
CA04,丢失的音符盒,任务完成,SW.Item.CurvedLongsword_Unique1,平原之傲,CA03,False,Core_Quests.json#CA04
CA06,归还音符盒,任务完成,SW.Item.CurvedLongsword_Unique1,平原之傲,CA05,False,Core_Quests.json#CA06
CA07,穿越多雨平原,任务完成,SW.Item.CurvedLongsword_Unique1,平原之傲,CA04,False,Core_Quests.json#CA07
CA04_BR,CA04_BR,任务完成,SW.Item.CurvedLongsword_Unique1,平原之傲,CA04,True,Core_Quests.json#CA04_BR
CA02_B,林中腐化,任务完成,SW.Item.CurvedLongsword_Unique1,平原之傲,CA02_C,False,Core_Quests.json#CA02_B
CA02_B_BR,复活的女巫,任务完成,SW.Item.CurvedLongsword_Unique1,平原之傲,CA02_B,True,Core_Quests.json#CA02_B_BR
CA03_BR,复活的扭曲监守者,任务完成,SW.Item.CurvedLongsword_Unique1,平原之傲,CA03,True,Core_Quests.json#CA03_BR
CA07_BR,复活的铜巨兽,任务完成,SW.Item.CurvedLongsword_Unique1,平原之傲,CA07,True,Core_Quests.json#CA07_BR
PLa2_S15_A,回收巨兽,首次完成,SW.Item.CurvedLongsword_Unique1,平原之傲,CA07,False,PlainsA2_Quests.json#PLa2_S15_A
CA02,沉寂的小嚎村,任务完成,SW.Item.Shovel_Unique1,钻石锹,CA01_B,False,Core_Quests.json#CA02
CA03,探索深暗之域,任务完成,SW.Item.Shovel_Unique1,钻石锹,CA02_B,False,Core_Quests.json#CA03
CA04,丢失的音符盒,任务完成,SW.Item.Shovel_Unique1,钻石锹,CA03,False,Core_Quests.json#CA04
CA06,归还音符盒,任务完成,SW.Item.Shovel_Unique1,钻石锹,CA05,False,Core_Quests.json#CA06
CA04_BR,CA04_BR,任务完成,SW.Item.Shovel_Unique1,钻石锹,CA04,True,Core_Quests.json#CA04_BR
CA02_B,林中腐化,任务完成,SW.Item.Shovel_Unique1,钻石锹,CA02_C,False,Core_Quests.json#CA02_B
CA09,幽匿者之怒,任务完成,SW.Item.Shovel_Unique1,钻石锹,CA08_B,False,Core_Quests.json#CA09
CA10,最终魂战,任务完成,SW.Item.Shovel_Unique1,钻石锹,CA09,False,Core_Quests.json#CA10
CA02_B_BR,复活的女巫,任务完成,SW.Item.Shovel_Unique1,钻石锹,CA02_B,True,Core_Quests.json#CA02_B_BR
CA03_BR,复活的扭曲监守者,任务完成,SW.Item.Shovel_Unique1,钻石锹,CA03,True,Core_Quests.json#CA03_BR
CA01,来自裂隙的灾厄村民,任务完成,SW.Item.Mace_Unique1,甲壳重锤,CA00,False,Core_Quests.json#CA01
CA05,翻越冰封高地,任务完成,SW.Item.Mace_Unique1,甲壳重锤,CA07,False,Core_Quests.json#CA05
CA00,逃离鱿鱼海岸,任务完成,SW.Item.Mace_Unique1,甲壳重锤,,False,Core_Quests.json#CA00
CA05_BR,复活的首席附魔师,任务完成,SW.Item.Mace_Unique1,甲壳重锤,CA05,True,Core_Quests.json#CA05_BR
CA01_B,失踪的商人,任务完成,SW.Item.Mace_Unique1,甲壳重锤,CA01,False,Core_Quests.json#CA01_B
PLa1_S04_A,养蜂人,任务完成,SW.Item.Mace_Unique1,甲壳重锤,CA01,False,PlainsA1_Quests.json#PLa1_S04_A
TOa1_S01_A,"TextReleaseQuestTrackerLabels.csv,TOa1_S01_A",任务完成,SW.Item.Mace_Unique1,甲壳重锤,CA03,False,Town_Quests.json#TOa1_S01_A
CA02,沉寂的小嚎村,任务完成,SW.Item.Dagger_Unique1,幽匿者克星,CA01_B,False,Core_Quests.json#CA02
CA03,探索深暗之域,任务完成,SW.Item.Dagger_Unique1,幽匿者克星,CA02_B,False,Core_Quests.json#CA03
CA04,丢失的音符盒,任务完成,SW.Item.Dagger_Unique1,幽匿者克星,CA03,False,Core_Quests.json#CA04
CA06,归还音符盒,任务完成,SW.Item.Dagger_Unique1,幽匿者克星,CA05,False,Core_Quests.json#CA06
CA07,穿越多雨平原,任务完成,SW.Item.Dagger_Unique1,幽匿者克星,CA04,False,Core_Quests.json#CA07
CA04_BR,CA04_BR,任务完成,SW.Item.Dagger_Unique1,幽匿者克星,CA04,True,Core_Quests.json#CA04_BR
CA02_B,林中腐化,任务完成,SW.Item.Dagger_Unique1,幽匿者克星,CA02_C,False,Core_Quests.json#CA02_B
CA02_B_BR,复活的女巫,任务完成,SW.Item.Dagger_Unique1,幽匿者克星,CA02_B,True,Core_Quests.json#CA02_B_BR
CA03_BR,复活的扭曲监守者,任务完成,SW.Item.Dagger_Unique1,幽匿者克星,CA03,True,Core_Quests.json#CA03_BR
CA07_BR,复活的铜巨兽,任务完成,SW.Item.Dagger_Unique1,幽匿者克星,CA07,True,Core_Quests.json#CA07_BR
CA09_BR,复活的幽匿巨兽,首次完成,SW.Item.Dagger_Unique1,幽匿者克星,CA08_B,True,Core_Quests.json#CA09_BR
CA02,沉寂的小嚎村,任务完成,SW.Item.Sabre_Unique1,调皮鬼军刀,CA01_B,False,Core_Quests.json#CA02
CA04,丢失的音符盒,任务完成,SW.Item.Sabre_Unique1,调皮鬼军刀,CA03,False,Core_Quests.json#CA04
CA05,翻越冰封高地,任务完成,SW.Item.Sabre_Unique1,调皮鬼军刀,CA07,False,Core_Quests.json#CA05
CA02_B,林中腐化,任务完成,SW.Item.Sabre_Unique1,调皮鬼军刀,CA02_C,False,Core_Quests.json#CA02_B
CA05_BR,复活的首席附魔师,任务完成,SW.Item.Sabre_Unique1,调皮鬼军刀,CA05,True,Core_Quests.json#CA05_BR
CA02_B_BR,复活的女巫,任务完成,SW.Item.Sabre_Unique1,调皮鬼军刀,CA02_B,True,Core_Quests.json#CA02_B_BR
CA07,穿越多雨平原,任务完成,SW.Item.Hammer_Unique1,绿宝石锤,CA04,False,Core_Quests.json#CA07
CA08,消失的和声,任务完成,SW.Item.Hammer_Unique1,绿宝石锤,CA06,False,Core_Quests.json#CA08
CA09,幽匿者之怒,任务完成,SW.Item.Hammer_Unique1,绿宝石锤,CA08_B,False,Core_Quests.json#CA09
CA10,最终魂战,首次完成,SW.Item.Hammer_Unique1,绿宝石锤,CA09,False,Core_Quests.json#CA10
CA10,最终魂战,任务完成,SW.Item.Hammer_Unique1,绿宝石锤,CA09,False,Core_Quests.json#CA10
CA07_BR,复活的铜巨兽,任务完成,SW.Item.Hammer_Unique1,绿宝石锤,CA07,True,Core_Quests.json#CA07_BR
CA09_BR,复活的幽匿巨兽,首次完成,SW.Item.Hammer_Unique1,绿宝石锤,CA08_B,True,Core_Quests.json#CA09_BR
CA09_BR,复活的幽匿巨兽,首次完成,SW.Item.Hammer_Unique1,绿宝石锤,CA08_B,True,Core_Quests.json#CA09_BR
CA09_BR,复活的幽匿巨兽,任务完成,SW.Item.Hammer_Unique1,绿宝石锤,CA08_B,True,Core_Quests.json#CA09_BR
CA08_B,草甸巨兽,任务完成,SW.Item.Hammer_Unique1,绿宝石锤,CA08,False,Core_Quests.json#CA08_B
CA02,沉寂的小嚎村,任务完成,SW.Item.MoonSword_Unique1,弯月镰刀,CA01_B,False,Core_Quests.json#CA02
CA04,丢失的音符盒,任务完成,SW.Item.MoonSword_Unique1,弯月镰刀,CA03,False,Core_Quests.json#CA04
CA05,翻越冰封高地,任务完成,SW.Item.MoonSword_Unique1,弯月镰刀,CA07,False,Core_Quests.json#CA05
CA02_B,林中腐化,任务完成,SW.Item.MoonSword_Unique1,弯月镰刀,CA02_C,False,Core_Quests.json#CA02_B
CA05_BR,复活的首席附魔师,任务完成,SW.Item.MoonSword_Unique1,弯月镰刀,CA05,True,Core_Quests.json#CA05_BR
CA02_B_BR,复活的女巫,任务完成,SW.Item.MoonSword_Unique1,弯月镰刀,CA02_B,True,Core_Quests.json#CA02_B_BR
CA10_BR_B,复活的红石巨兽,首次完成,SW.Item.MoonSword_Unique1,弯月镰刀,CA10,True,Core_Quests.json#CA10_BR_B
CA10_BR_B,复活的红石巨兽,首次完成,SW.Item.MoonSword_Unique1,弯月镰刀,CA10,True,Core_Quests.json#CA10_BR_B
CA10_BR_B,复活的红石巨兽,任务完成,SW.Item.MoonSword_Unique1,弯月镰刀,CA10,True,Core_Quests.json#CA10_BR_B
CA10_BR,最终魂战：返场,首次完成,SW.Item.MoonSword_Unique1,弯月镰刀,CA10,True,Core_Quests.json#CA10_BR
CA10_BR,最终魂战：返场,首次完成,SW.Item.MoonSword_Unique1,弯月镰刀,CA10,True,Core_Quests.json#CA10_BR
CA10_BR,最终魂战：返场,任务完成,SW.Item.MoonSword_Unique1,弯月镰刀,CA10,True,Core_Quests.json#CA10_BR
CA08,消失的和声,任务完成,SW.Item.GreatAxe_Unique1,神威巨斧,CA06,False,Core_Quests.json#CA08
CA09,幽匿者之怒,任务完成,SW.Item.GreatAxe_Unique1,神威巨斧,CA08_B,False,Core_Quests.json#CA09
CA10,最终魂战,任务完成,SW.Item.GreatAxe_Unique1,神威巨斧,CA09,False,Core_Quests.json#CA10
CA09_BR,复活的幽匿巨兽,首次完成,SW.Item.GreatAxe_Unique1,神威巨斧,CA08_B,True,Core_Quests.json#CA09_BR
CA09_BR,复活的幽匿巨兽,首次完成,SW.Item.GreatAxe_Unique1,神威巨斧,CA08_B,True,Core_Quests.json#CA09_BR
CA09_BR,复活的幽匿巨兽,任务完成,SW.Item.GreatAxe_Unique1,神威巨斧,CA08_B,True,Core_Quests.json#CA09_BR
CA08_B,草甸巨兽,任务完成,SW.Item.GreatAxe_Unique1,神威巨斧,CA08,False,Core_Quests.json#CA08_B
CA01,来自裂隙的灾厄村民,任务完成,SW.Item.Bow,弓,CA00,False,Core_Quests.json#CA01
CA03,探索深暗之域,任务完成,SW.Item.Bow,弓,CA02_B,False,Core_Quests.json#CA03
CA06,归还音符盒,任务完成,SW.Item.Bow,弓,CA05,False,Core_Quests.json#CA06
CA07,穿越多雨平原,任务完成,SW.Item.Bow,弓,CA04,False,Core_Quests.json#CA07
CA04_BR,CA04_BR,任务完成,SW.Item.Bow,弓,CA04,True,Core_Quests.json#CA04_BR
CA00,逃离鱿鱼海岸,任务完成,SW.Item.Bow,弓,,False,Core_Quests.json#CA00
CA03_BR,复活的扭曲监守者,任务完成,SW.Item.Bow,弓,CA03,True,Core_Quests.json#CA03_BR
CA07_BR,复活的铜巨兽,任务完成,SW.Item.Bow,弓,CA07,True,Core_Quests.json#CA07_BR
CA01_B,失踪的商人,任务完成,SW.Item.Bow,弓,CA01,False,Core_Quests.json#CA01_B
PLa1_S04_A,养蜂人,任务完成,SW.Item.Bow,弓,CA01,False,PlainsA1_Quests.json#PLa1_S04_A
TOa1_S01_A,"TextReleaseQuestTrackerLabels.csv,TOa1_S01_A",任务完成,SW.Item.Bow,弓,CA03,False,Town_Quests.json#TOa1_S01_A
CA01,来自裂隙的灾厄村民,任务完成,SW.Item.Crossbow,弩,CA00,False,Core_Quests.json#CA01
CA00,逃离鱿鱼海岸,任务完成,SW.Item.Crossbow,弩,,False,Core_Quests.json#CA00
CA09,幽匿者之怒,任务完成,SW.Item.Crossbow,弩,CA08_B,False,Core_Quests.json#CA09
CA10,最终魂战,任务完成,SW.Item.Crossbow,弩,CA09,False,Core_Quests.json#CA10
CA01_B,失踪的商人,任务完成,SW.Item.Crossbow,弩,CA01,False,Core_Quests.json#CA01_B
PLa1_S04_A,养蜂人,任务完成,SW.Item.Crossbow,弩,CA01,False,PlainsA1_Quests.json#PLa1_S04_A
TOa1_S01_A,"TextReleaseQuestTrackerLabels.csv,TOa1_S01_A",任务完成,SW.Item.Crossbow,弩,CA03,False,Town_Quests.json#TOa1_S01_A
CA05,翻越冰封高地,任务完成,SW.Item.Shortbow,短弓,CA07,False,Core_Quests.json#CA05
CA09,幽匿者之怒,首次完成,SW.Item.Shortbow,短弓,CA08_B,False,Core_Quests.json#CA09
CA09,幽匿者之怒,任务完成,SW.Item.Shortbow,短弓,CA08_B,False,Core_Quests.json#CA09
CA10,最终魂战,任务完成,SW.Item.Shortbow,短弓,CA09,False,Core_Quests.json#CA10
CA05_BR,复活的首席附魔师,任务完成,SW.Item.Shortbow,短弓,CA05,True,Core_Quests.json#CA05_BR
CA03,探索深暗之域,任务完成,SW.Item.Trickbow,特技弓,CA02_B,False,Core_Quests.json#CA03
CA06,归还音符盒,任务完成,SW.Item.Trickbow,特技弓,CA05,False,Core_Quests.json#CA06
CA07,穿越多雨平原,任务完成,SW.Item.Trickbow,特技弓,CA04,False,Core_Quests.json#CA07
CA04_BR,CA04_BR,任务完成,SW.Item.Trickbow,特技弓,CA04,True,Core_Quests.json#CA04_BR
CA08,消失的和声,任务完成,SW.Item.Trickbow,特技弓,CA06,False,Core_Quests.json#CA08
CA03_BR,复活的扭曲监守者,任务完成,SW.Item.Trickbow,特技弓,CA03,True,Core_Quests.json#CA03_BR
CA07_BR,复活的铜巨兽,任务完成,SW.Item.Trickbow,特技弓,CA07,True,Core_Quests.json#CA07_BR
CA09_BR,复活的幽匿巨兽,首次完成,SW.Item.Trickbow,特技弓,CA08_B,True,Core_Quests.json#CA09_BR
CA09_BR,复活的幽匿巨兽,首次完成,SW.Item.Trickbow,特技弓,CA08_B,True,Core_Quests.json#CA09_BR
CA09_BR,复活的幽匿巨兽,任务完成,SW.Item.Trickbow,特技弓,CA08_B,True,Core_Quests.json#CA09_BR
CA08_B,草甸巨兽,任务完成,SW.Item.Trickbow,特技弓,CA08,False,Core_Quests.json#CA08_B
CA02,沉寂的小嚎村,任务完成,SW.Item.Longbow,长弓,CA01_B,False,Core_Quests.json#CA02
CA04,丢失的音符盒,任务完成,SW.Item.Longbow,长弓,CA03,False,Core_Quests.json#CA04
CA05,翻越冰封高地,任务完成,SW.Item.Longbow,长弓,CA07,False,Core_Quests.json#CA05
CA02_B,林中腐化,任务完成,SW.Item.Longbow,长弓,CA02_C,False,Core_Quests.json#CA02_B
CA08,消失的和声,任务完成,SW.Item.Longbow,长弓,CA06,False,Core_Quests.json#CA08
CA05_BR,复活的首席附魔师,任务完成,SW.Item.Longbow,长弓,CA05,True,Core_Quests.json#CA05_BR
CA02_B_BR,复活的女巫,任务完成,SW.Item.Longbow,长弓,CA02_B,True,Core_Quests.json#CA02_B_BR
CA09_BR,复活的幽匿巨兽,首次完成,SW.Item.Longbow,长弓,CA08_B,True,Core_Quests.json#CA09_BR
CA09_BR,复活的幽匿巨兽,首次完成,SW.Item.Longbow,长弓,CA08_B,True,Core_Quests.json#CA09_BR
CA09_BR,复活的幽匿巨兽,任务完成,SW.Item.Longbow,长弓,CA08_B,True,Core_Quests.json#CA09_BR
CA08_B,草甸巨兽,任务完成,SW.Item.Longbow,长弓,CA08,False,Core_Quests.json#CA08_B
CA01,来自裂隙的灾厄村民,任务完成,SW.Item.Powerbow,强弓,CA00,False,Core_Quests.json#CA01
CA05,翻越冰封高地,任务完成,SW.Item.Powerbow,强弓,CA07,False,Core_Quests.json#CA05
CA00,逃离鱿鱼海岸,任务完成,SW.Item.Powerbow,强弓,,False,Core_Quests.json#CA00
CA08,消失的和声,任务完成,SW.Item.Powerbow,强弓,CA06,False,Core_Quests.json#CA08
CA05_BR,复活的首席附魔师,任务完成,SW.Item.Powerbow,强弓,CA05,True,Core_Quests.json#CA05_BR
CA01_B,失踪的商人,任务完成,SW.Item.Powerbow,强弓,CA01,False,Core_Quests.json#CA01_B
CA09_BR,复活的幽匿巨兽,首次完成,SW.Item.Powerbow,强弓,CA08_B,True,Core_Quests.json#CA09_BR
CA09_BR,复活的幽匿巨兽,首次完成,SW.Item.Powerbow,强弓,CA08_B,True,Core_Quests.json#CA09_BR
CA09_BR,复活的幽匿巨兽,任务完成,SW.Item.Powerbow,强弓,CA08_B,True,Core_Quests.json#CA09_BR
CA08_B,草甸巨兽,任务完成,SW.Item.Powerbow,强弓,CA08,False,Core_Quests.json#CA08_B
PLa1_S04_A,养蜂人,任务完成,SW.Item.Powerbow,强弓,CA01,False,PlainsA1_Quests.json#PLa1_S04_A
TOa1_S01_A,"TextReleaseQuestTrackerLabels.csv,TOa1_S01_A",任务完成,SW.Item.Powerbow,强弓,CA03,False,Town_Quests.json#TOa1_S01_A
CA02,沉寂的小嚎村,任务完成,SW.Item.ScatterCrossbow,散射弩,CA01_B,False,Core_Quests.json#CA02
CA04,丢失的音符盒,任务完成,SW.Item.ScatterCrossbow,散射弩,CA03,False,Core_Quests.json#CA04
CA07,穿越多雨平原,任务完成,SW.Item.ScatterCrossbow,散射弩,CA04,False,Core_Quests.json#CA07
CA02_B,林中腐化,任务完成,SW.Item.ScatterCrossbow,散射弩,CA02_C,False,Core_Quests.json#CA02_B
CA02_B_BR,复活的女巫,任务完成,SW.Item.ScatterCrossbow,散射弩,CA02_B,True,Core_Quests.json#CA02_B_BR
CA07_BR,复活的铜巨兽,任务完成,SW.Item.ScatterCrossbow,散射弩,CA07,True,Core_Quests.json#CA07_BR
CA10_BR_B,复活的红石巨兽,首次完成,SW.Item.ScatterCrossbow,散射弩,CA10,True,Core_Quests.json#CA10_BR_B
CA10_BR_B,复活的红石巨兽,首次完成,SW.Item.ScatterCrossbow,散射弩,CA10,True,Core_Quests.json#CA10_BR_B
CA10_BR_B,复活的红石巨兽,任务完成,SW.Item.ScatterCrossbow,散射弩,CA10,True,Core_Quests.json#CA10_BR_B
CA10_BR,最终魂战：返场,首次完成,SW.Item.ScatterCrossbow,散射弩,CA10,True,Core_Quests.json#CA10_BR
CA10_BR,最终魂战：返场,首次完成,SW.Item.ScatterCrossbow,散射弩,CA10,True,Core_Quests.json#CA10_BR
CA10_BR,最终魂战：返场,任务完成,SW.Item.ScatterCrossbow,散射弩,CA10,True,Core_Quests.json#CA10_BR
CA02,沉寂的小嚎村,任务完成,SW.Item.HeavyCrossbow,重弩,CA01_B,False,Core_Quests.json#CA02
CA03,探索深暗之域,任务完成,SW.Item.HeavyCrossbow,重弩,CA02_B,False,Core_Quests.json#CA03
CA04,丢失的音符盒,任务完成,SW.Item.HeavyCrossbow,重弩,CA03,False,Core_Quests.json#CA04
CA06,归还音符盒,任务完成,SW.Item.HeavyCrossbow,重弩,CA05,False,Core_Quests.json#CA06
CA04_BR,CA04_BR,任务完成,SW.Item.HeavyCrossbow,重弩,CA04,True,Core_Quests.json#CA04_BR
CA02_B,林中腐化,首次完成,SW.Item.HeavyCrossbow,重弩,CA02_C,False,Core_Quests.json#CA02_B
CA02_B,林中腐化,任务完成,SW.Item.HeavyCrossbow,重弩,CA02_C,False,Core_Quests.json#CA02_B
CA09,幽匿者之怒,任务完成,SW.Item.HeavyCrossbow,重弩,CA08_B,False,Core_Quests.json#CA09
CA10,最终魂战,任务完成,SW.Item.HeavyCrossbow,重弩,CA09,False,Core_Quests.json#CA10
CA02_B_BR,复活的女巫,任务完成,SW.Item.HeavyCrossbow,重弩,CA02_B,True,Core_Quests.json#CA02_B_BR
CA03_BR,复活的扭曲监守者,任务完成,SW.Item.HeavyCrossbow,重弩,CA03,True,Core_Quests.json#CA03_BR
CA03,探索深暗之域,任务完成,SW.Item.DualCrossbow,双持弩,CA02_B,False,Core_Quests.json#CA03
CA06,归还音符盒,任务完成,SW.Item.DualCrossbow,双持弩,CA05,False,Core_Quests.json#CA06
CA07,穿越多雨平原,任务完成,SW.Item.DualCrossbow,双持弩,CA04,False,Core_Quests.json#CA07
CA04_BR,CA04_BR,任务完成,SW.Item.DualCrossbow,双持弩,CA04,True,Core_Quests.json#CA04_BR
CA03_BR,复活的扭曲监守者,任务完成,SW.Item.DualCrossbow,双持弩,CA03,True,Core_Quests.json#CA03_BR
CA07_BR,复活的铜巨兽,任务完成,SW.Item.DualCrossbow,双持弩,CA07,True,Core_Quests.json#CA07_BR
CA10_BR_B,复活的红石巨兽,首次完成,SW.Item.DualCrossbow,双持弩,CA10,True,Core_Quests.json#CA10_BR_B
CA10_BR_B,复活的红石巨兽,首次完成,SW.Item.DualCrossbow,双持弩,CA10,True,Core_Quests.json#CA10_BR_B
CA10_BR_B,复活的红石巨兽,任务完成,SW.Item.DualCrossbow,双持弩,CA10,True,Core_Quests.json#CA10_BR_B
CA10_BR,最终魂战：返场,首次完成,SW.Item.DualCrossbow,双持弩,CA10,True,Core_Quests.json#CA10_BR
CA10_BR,最终魂战：返场,首次完成,SW.Item.DualCrossbow,双持弩,CA10,True,Core_Quests.json#CA10_BR
CA10_BR,最终魂战：返场,任务完成,SW.Item.DualCrossbow,双持弩,CA10,True,Core_Quests.json#CA10_BR
CA02,沉寂的小嚎村,任务完成,SW.Item.RapidCrossbow,快弩,CA01_B,False,Core_Quests.json#CA02
CA04,丢失的音符盒,任务完成,SW.Item.RapidCrossbow,快弩,CA03,False,Core_Quests.json#CA04
CA05,翻越冰封高地,任务完成,SW.Item.RapidCrossbow,快弩,CA07,False,Core_Quests.json#CA05
CA02_B,林中腐化,任务完成,SW.Item.RapidCrossbow,快弩,CA02_C,False,Core_Quests.json#CA02_B
CA05_BR,复活的首席附魔师,任务完成,SW.Item.RapidCrossbow,快弩,CA05,True,Core_Quests.json#CA05_BR
CA02_B_BR,复活的女巫,任务完成,SW.Item.RapidCrossbow,快弩,CA02_B,True,Core_Quests.json#CA02_B_BR
CA01,来自裂隙的灾厄村民,任务完成,SW.Item.Bow_Unique1,游侠之誓,CA00,False,Core_Quests.json#CA01
CA03,探索深暗之域,任务完成,SW.Item.Bow_Unique1,游侠之誓,CA02_B,False,Core_Quests.json#CA03
CA06,归还音符盒,任务完成,SW.Item.Bow_Unique1,游侠之誓,CA05,False,Core_Quests.json#CA06
CA07,穿越多雨平原,任务完成,SW.Item.Bow_Unique1,游侠之誓,CA04,False,Core_Quests.json#CA07
CA04_BR,CA04_BR,任务完成,SW.Item.Bow_Unique1,游侠之誓,CA04,True,Core_Quests.json#CA04_BR
CA00,逃离鱿鱼海岸,任务完成,SW.Item.Bow_Unique1,游侠之誓,,False,Core_Quests.json#CA00
CA03_BR,复活的扭曲监守者,任务完成,SW.Item.Bow_Unique1,游侠之誓,CA03,True,Core_Quests.json#CA03_BR
CA07_BR,复活的铜巨兽,任务完成,SW.Item.Bow_Unique1,游侠之誓,CA07,True,Core_Quests.json#CA07_BR
CA01_B,失踪的商人,任务完成,SW.Item.Bow_Unique1,游侠之誓,CA01,False,Core_Quests.json#CA01_B
PLa1_S04_A,养蜂人,任务完成,SW.Item.Bow_Unique1,游侠之誓,CA01,False,PlainsA1_Quests.json#PLa1_S04_A
TOa1_S01_A,"TextReleaseQuestTrackerLabels.csv,TOa1_S01_A",任务完成,SW.Item.Bow_Unique1,游侠之誓,CA03,False,Town_Quests.json#TOa1_S01_A
CA01,来自裂隙的灾厄村民,任务完成,SW.Item.Crossbow_Unique1,定身弩,CA00,False,Core_Quests.json#CA01
CA00,逃离鱿鱼海岸,任务完成,SW.Item.Crossbow_Unique1,定身弩,,False,Core_Quests.json#CA00
CA09,幽匿者之怒,任务完成,SW.Item.Crossbow_Unique1,定身弩,CA08_B,False,Core_Quests.json#CA09
CA10,最终魂战,任务完成,SW.Item.Crossbow_Unique1,定身弩,CA09,False,Core_Quests.json#CA10
CA01_B,失踪的商人,任务完成,SW.Item.Crossbow_Unique1,定身弩,CA01,False,Core_Quests.json#CA01_B
PLa1_S04_A,养蜂人,任务完成,SW.Item.Crossbow_Unique1,定身弩,CA01,False,PlainsA1_Quests.json#PLa1_S04_A
TOa1_S01_A,"TextReleaseQuestTrackerLabels.csv,TOa1_S01_A",任务完成,SW.Item.Crossbow_Unique1,定身弩,CA03,False,Town_Quests.json#TOa1_S01_A
CA05,翻越冰封高地,任务完成,SW.Item.Shortbow_Unique1,流星弓,CA07,False,Core_Quests.json#CA05
CA09,幽匿者之怒,首次完成,SW.Item.Shortbow_Unique1,流星弓,CA08_B,False,Core_Quests.json#CA09
CA09,幽匿者之怒,任务完成,SW.Item.Shortbow_Unique1,流星弓,CA08_B,False,Core_Quests.json#CA09
CA10,最终魂战,任务完成,SW.Item.Shortbow_Unique1,流星弓,CA09,False,Core_Quests.json#CA10
CA05_BR,复活的首席附魔师,任务完成,SW.Item.Shortbow_Unique1,流星弓,CA05,True,Core_Quests.json#CA05_BR
CA03,探索深暗之域,任务完成,SW.Item.Trickbow_Unique1,幻翼弓,CA02_B,False,Core_Quests.json#CA03
CA06,归还音符盒,任务完成,SW.Item.Trickbow_Unique1,幻翼弓,CA05,False,Core_Quests.json#CA06
CA07,穿越多雨平原,任务完成,SW.Item.Trickbow_Unique1,幻翼弓,CA04,False,Core_Quests.json#CA07
CA04_BR,CA04_BR,任务完成,SW.Item.Trickbow_Unique1,幻翼弓,CA04,True,Core_Quests.json#CA04_BR
CA08,消失的和声,任务完成,SW.Item.Trickbow_Unique1,幻翼弓,CA06,False,Core_Quests.json#CA08
CA03_BR,复活的扭曲监守者,任务完成,SW.Item.Trickbow_Unique1,幻翼弓,CA03,True,Core_Quests.json#CA03_BR
CA07_BR,复活的铜巨兽,任务完成,SW.Item.Trickbow_Unique1,幻翼弓,CA07,True,Core_Quests.json#CA07_BR
CA09_BR,复活的幽匿巨兽,首次完成,SW.Item.Trickbow_Unique1,幻翼弓,CA08_B,True,Core_Quests.json#CA09_BR
CA09_BR,复活的幽匿巨兽,首次完成,SW.Item.Trickbow_Unique1,幻翼弓,CA08_B,True,Core_Quests.json#CA09_BR
CA09_BR,复活的幽匿巨兽,首次完成,SW.Item.Trickbow_Unique1,幻翼弓,CA08_B,True,Core_Quests.json#CA09_BR
CA09_BR,复活的幽匿巨兽,任务完成,SW.Item.Trickbow_Unique1,幻翼弓,CA08_B,True,Core_Quests.json#CA09_BR
CA08_B,草甸巨兽,任务完成,SW.Item.Trickbow_Unique1,幻翼弓,CA08,False,Core_Quests.json#CA08_B
CA02,沉寂的小嚎村,任务完成,SW.Item.Longbow_Unique1,嘎枝之触,CA01_B,False,Core_Quests.json#CA02
CA04,丢失的音符盒,任务完成,SW.Item.Longbow_Unique1,嘎枝之触,CA03,False,Core_Quests.json#CA04
CA05,翻越冰封高地,任务完成,SW.Item.Longbow_Unique1,嘎枝之触,CA07,False,Core_Quests.json#CA05
CA02_B,林中腐化,任务完成,SW.Item.Longbow_Unique1,嘎枝之触,CA02_C,False,Core_Quests.json#CA02_B
CA08,消失的和声,任务完成,SW.Item.Longbow_Unique1,嘎枝之触,CA06,False,Core_Quests.json#CA08
CA05_BR,复活的首席附魔师,任务完成,SW.Item.Longbow_Unique1,嘎枝之触,CA05,True,Core_Quests.json#CA05_BR
CA02_B_BR,复活的女巫,任务完成,SW.Item.Longbow_Unique1,嘎枝之触,CA02_B,True,Core_Quests.json#CA02_B_BR
CA09_BR,复活的幽匿巨兽,首次完成,SW.Item.Longbow_Unique1,嘎枝之触,CA08_B,True,Core_Quests.json#CA09_BR
CA09_BR,复活的幽匿巨兽,首次完成,SW.Item.Longbow_Unique1,嘎枝之触,CA08_B,True,Core_Quests.json#CA09_BR
CA09_BR,复活的幽匿巨兽,任务完成,SW.Item.Longbow_Unique1,嘎枝之触,CA08_B,True,Core_Quests.json#CA09_BR
CA08_B,草甸巨兽,任务完成,SW.Item.Longbow_Unique1,嘎枝之触,CA08,False,Core_Quests.json#CA08_B
CAa1_S03_A,攻破营地,首次完成,SW.Item.Powerbow_Unique1,典范弓,CA09,False,CarapaceA1_Quests.json#CAa1_S03_A
CA01,来自裂隙的灾厄村民,任务完成,SW.Item.Powerbow_Unique1,典范弓,CA00,False,Core_Quests.json#CA01
CA05,翻越冰封高地,任务完成,SW.Item.Powerbow_Unique1,典范弓,CA07,False,Core_Quests.json#CA05
CA00,逃离鱿鱼海岸,任务完成,SW.Item.Powerbow_Unique1,典范弓,,False,Core_Quests.json#CA00
CA08,消失的和声,任务完成,SW.Item.Powerbow_Unique1,典范弓,CA06,False,Core_Quests.json#CA08
CA05_BR,复活的首席附魔师,任务完成,SW.Item.Powerbow_Unique1,典范弓,CA05,True,Core_Quests.json#CA05_BR
CA01_B,失踪的商人,任务完成,SW.Item.Powerbow_Unique1,典范弓,CA01,False,Core_Quests.json#CA01_B
CA09_BR,复活的幽匿巨兽,首次完成,SW.Item.Powerbow_Unique1,典范弓,CA08_B,True,Core_Quests.json#CA09_BR
CA09_BR,复活的幽匿巨兽,首次完成,SW.Item.Powerbow_Unique1,典范弓,CA08_B,True,Core_Quests.json#CA09_BR
CA09_BR,复活的幽匿巨兽,任务完成,SW.Item.Powerbow_Unique1,典范弓,CA08_B,True,Core_Quests.json#CA09_BR
CA08_B,草甸巨兽,任务完成,SW.Item.Powerbow_Unique1,典范弓,CA08,False,Core_Quests.json#CA08_B
PLa1_S04_A,养蜂人,任务完成,SW.Item.Powerbow_Unique1,典范弓,CA01,False,PlainsA1_Quests.json#PLa1_S04_A
TOa1_S01_A,"TextReleaseQuestTrackerLabels.csv,TOa1_S01_A",任务完成,SW.Item.Powerbow_Unique1,典范弓,CA03,False,Town_Quests.json#TOa1_S01_A
CA02,沉寂的小嚎村,任务完成,SW.Item.ScatterCrossbow_Unique1,竖琴弩,CA01_B,False,Core_Quests.json#CA02
CA04,丢失的音符盒,任务完成,SW.Item.ScatterCrossbow_Unique1,竖琴弩,CA03,False,Core_Quests.json#CA04
CA07,穿越多雨平原,任务完成,SW.Item.ScatterCrossbow_Unique1,竖琴弩,CA04,False,Core_Quests.json#CA07
CA02_B,林中腐化,任务完成,SW.Item.ScatterCrossbow_Unique1,竖琴弩,CA02_C,False,Core_Quests.json#CA02_B
CA02_B_BR,复活的女巫,任务完成,SW.Item.ScatterCrossbow_Unique1,竖琴弩,CA02_B,True,Core_Quests.json#CA02_B_BR
CA07_BR,复活的铜巨兽,任务完成,SW.Item.ScatterCrossbow_Unique1,竖琴弩,CA07,True,Core_Quests.json#CA07_BR
CA10_BR_B,复活的红石巨兽,首次完成,SW.Item.ScatterCrossbow_Unique1,竖琴弩,CA10,True,Core_Quests.json#CA10_BR_B
CA10_BR_B,复活的红石巨兽,首次完成,SW.Item.ScatterCrossbow_Unique1,竖琴弩,CA10,True,Core_Quests.json#CA10_BR_B
CA10_BR_B,复活的红石巨兽,任务完成,SW.Item.ScatterCrossbow_Unique1,竖琴弩,CA10,True,Core_Quests.json#CA10_BR_B
CA10_BR,最终魂战：返场,首次完成,SW.Item.ScatterCrossbow_Unique1,竖琴弩,CA10,True,Core_Quests.json#CA10_BR
CA10_BR,最终魂战：返场,首次完成,SW.Item.ScatterCrossbow_Unique1,竖琴弩,CA10,True,Core_Quests.json#CA10_BR
CA10_BR,最终魂战：返场,首次完成,SW.Item.ScatterCrossbow_Unique1,竖琴弩,CA10,True,Core_Quests.json#CA10_BR
CA10_BR,最终魂战：返场,任务完成,SW.Item.ScatterCrossbow_Unique1,竖琴弩,CA10,True,Core_Quests.json#CA10_BR
CA02,沉寂的小嚎村,任务完成,SW.Item.HeavyCrossbow_Unique1,近战游侠弩,CA01_B,False,Core_Quests.json#CA02
CA03,探索深暗之域,任务完成,SW.Item.HeavyCrossbow_Unique1,近战游侠弩,CA02_B,False,Core_Quests.json#CA03
CA04,丢失的音符盒,任务完成,SW.Item.HeavyCrossbow_Unique1,近战游侠弩,CA03,False,Core_Quests.json#CA04
CA06,归还音符盒,任务完成,SW.Item.HeavyCrossbow_Unique1,近战游侠弩,CA05,False,Core_Quests.json#CA06
CA04_BR,CA04_BR,任务完成,SW.Item.HeavyCrossbow_Unique1,近战游侠弩,CA04,True,Core_Quests.json#CA04_BR
CA02_B,林中腐化,首次完成,SW.Item.HeavyCrossbow_Unique1,近战游侠弩,CA02_C,False,Core_Quests.json#CA02_B
CA02_B,林中腐化,任务完成,SW.Item.HeavyCrossbow_Unique1,近战游侠弩,CA02_C,False,Core_Quests.json#CA02_B
CA09,幽匿者之怒,任务完成,SW.Item.HeavyCrossbow_Unique1,近战游侠弩,CA08_B,False,Core_Quests.json#CA09
CA10,最终魂战,任务完成,SW.Item.HeavyCrossbow_Unique1,近战游侠弩,CA09,False,Core_Quests.json#CA10
CA02_B_BR,复活的女巫,任务完成,SW.Item.HeavyCrossbow_Unique1,近战游侠弩,CA02_B,True,Core_Quests.json#CA02_B_BR
CA03_BR,复活的扭曲监守者,任务完成,SW.Item.HeavyCrossbow_Unique1,近战游侠弩,CA03,True,Core_Quests.json#CA03_BR
CA02,沉寂的小嚎村,任务完成,SW.Item.RapidCrossbow_Unique1,授粉快弩,CA01_B,False,Core_Quests.json#CA02
CA04,丢失的音符盒,任务完成,SW.Item.RapidCrossbow_Unique1,授粉快弩,CA03,False,Core_Quests.json#CA04
CA05,翻越冰封高地,任务完成,SW.Item.RapidCrossbow_Unique1,授粉快弩,CA07,False,Core_Quests.json#CA05
CA02_B,林中腐化,任务完成,SW.Item.RapidCrossbow_Unique1,授粉快弩,CA02_C,False,Core_Quests.json#CA02_B
CA05_BR,复活的首席附魔师,任务完成,SW.Item.RapidCrossbow_Unique1,授粉快弩,CA05,True,Core_Quests.json#CA05_BR
CA02_B_BR,复活的女巫,任务完成,SW.Item.RapidCrossbow_Unique1,授粉快弩,CA02_B,True,Core_Quests.json#CA02_B_BR
CA02,沉寂的小嚎村,任务完成,SW.Item.Greatbow,巨弓,CA01_B,False,Core_Quests.json#CA02
CA04,丢失的音符盒,任务完成,SW.Item.Greatbow,巨弓,CA03,False,Core_Quests.json#CA04
CA07,穿越多雨平原,任务完成,SW.Item.Greatbow,巨弓,CA04,False,Core_Quests.json#CA07
CA02_B,林中腐化,任务完成,SW.Item.Greatbow,巨弓,CA02_C,False,Core_Quests.json#CA02_B
CA09,幽匿者之怒,任务完成,SW.Item.Greatbow,巨弓,CA08_B,False,Core_Quests.json#CA09
CA10,最终魂战,任务完成,SW.Item.Greatbow,巨弓,CA09,False,Core_Quests.json#CA10
CA02_B_BR,复活的女巫,任务完成,SW.Item.Greatbow,巨弓,CA02_B,True,Core_Quests.json#CA02_B_BR
CA07_BR,复活的铜巨兽,任务完成,SW.Item.Greatbow,巨弓,CA07,True,Core_Quests.json#CA07_BR
CA03,探索深暗之域,任务完成,SW.Item.DualCrossbow_Unique1,背叛者双弩,CA02_B,False,Core_Quests.json#CA03
CA06,归还音符盒,任务完成,SW.Item.DualCrossbow_Unique1,背叛者双弩,CA05,False,Core_Quests.json#CA06
CA07,穿越多雨平原,任务完成,SW.Item.DualCrossbow_Unique1,背叛者双弩,CA04,False,Core_Quests.json#CA07
CA04_BR,CA04_BR,任务完成,SW.Item.DualCrossbow_Unique1,背叛者双弩,CA04,True,Core_Quests.json#CA04_BR
CA03_BR,复活的扭曲监守者,任务完成,SW.Item.DualCrossbow_Unique1,背叛者双弩,CA03,True,Core_Quests.json#CA03_BR
CA07_BR,复活的铜巨兽,任务完成,SW.Item.DualCrossbow_Unique1,背叛者双弩,CA07,True,Core_Quests.json#CA07_BR
CA10_BR_B,复活的红石巨兽,首次完成,SW.Item.DualCrossbow_Unique1,背叛者双弩,CA10,True,Core_Quests.json#CA10_BR_B
CA10_BR_B,复活的红石巨兽,首次完成,SW.Item.DualCrossbow_Unique1,背叛者双弩,CA10,True,Core_Quests.json#CA10_BR_B
CA10_BR_B,复活的红石巨兽,任务完成,SW.Item.DualCrossbow_Unique1,背叛者双弩,CA10,True,Core_Quests.json#CA10_BR_B
CA10_BR,最终魂战：返场,首次完成,SW.Item.DualCrossbow_Unique1,背叛者双弩,CA10,True,Core_Quests.json#CA10_BR
CA10_BR,最终魂战：返场,首次完成,SW.Item.DualCrossbow_Unique1,背叛者双弩,CA10,True,Core_Quests.json#CA10_BR
CA10_BR,最终魂战：返场,任务完成,SW.Item.DualCrossbow_Unique1,背叛者双弩,CA10,True,Core_Quests.json#CA10_BR
CA02,沉寂的小嚎村,任务完成,SW.Item.Greatbow_Unique1,轰鸣虫心弦,CA01_B,False,Core_Quests.json#CA02
CA04,丢失的音符盒,任务完成,SW.Item.Greatbow_Unique1,轰鸣虫心弦,CA03,False,Core_Quests.json#CA04
CA07,穿越多雨平原,任务完成,SW.Item.Greatbow_Unique1,轰鸣虫心弦,CA04,False,Core_Quests.json#CA07
CA02_B,林中腐化,任务完成,SW.Item.Greatbow_Unique1,轰鸣虫心弦,CA02_C,False,Core_Quests.json#CA02_B
CA09,幽匿者之怒,任务完成,SW.Item.Greatbow_Unique1,轰鸣虫心弦,CA08_B,False,Core_Quests.json#CA09
CA10,最终魂战,任务完成,SW.Item.Greatbow_Unique1,轰鸣虫心弦,CA09,False,Core_Quests.json#CA10
CA02_B_BR,复活的女巫,任务完成,SW.Item.Greatbow_Unique1,轰鸣虫心弦,CA02_B,True,Core_Quests.json#CA02_B_BR
CA07_BR,复活的铜巨兽,任务完成,SW.Item.Greatbow_Unique1,轰鸣虫心弦,CA07,True,Core_Quests.json#CA07_BR
CA07,穿越多雨平原,任务完成,SW.Item.ScampBoots,捣蛋鬼轻靴,CA04,False,Core_Quests.json#CA07
CA08,消失的和声,任务完成,SW.Item.ScampBoots,捣蛋鬼轻靴,CA06,False,Core_Quests.json#CA08
CA07_BR,复活的铜巨兽,任务完成,SW.Item.ScampBoots,捣蛋鬼轻靴,CA07,True,Core_Quests.json#CA07_BR
CA09_BR,复活的幽匿巨兽,首次完成,SW.Item.ScampBoots,捣蛋鬼轻靴,CA08_B,True,Core_Quests.json#CA09_BR
CA09_BR,复活的幽匿巨兽,首次完成,SW.Item.ScampBoots,捣蛋鬼轻靴,CA08_B,True,Core_Quests.json#CA09_BR
CA09_BR,复活的幽匿巨兽,任务完成,SW.Item.ScampBoots,捣蛋鬼轻靴,CA08_B,True,Core_Quests.json#CA09_BR
CA08_B,草甸巨兽,任务完成,SW.Item.ScampBoots,捣蛋鬼轻靴,CA08,False,Core_Quests.json#CA08_B
CA07,穿越多雨平原,任务完成,SW.Item.ScampHelmet,捣蛋鬼兜帽,CA04,False,Core_Quests.json#CA07
CA08,消失的和声,任务完成,SW.Item.ScampHelmet,捣蛋鬼兜帽,CA06,False,Core_Quests.json#CA08
CA07_BR,复活的铜巨兽,任务完成,SW.Item.ScampHelmet,捣蛋鬼兜帽,CA07,True,Core_Quests.json#CA07_BR
CA09_BR,复活的幽匿巨兽,首次完成,SW.Item.ScampHelmet,捣蛋鬼兜帽,CA08_B,True,Core_Quests.json#CA09_BR
CA09_BR,复活的幽匿巨兽,首次完成,SW.Item.ScampHelmet,捣蛋鬼兜帽,CA08_B,True,Core_Quests.json#CA09_BR
CA09_BR,复活的幽匿巨兽,任务完成,SW.Item.ScampHelmet,捣蛋鬼兜帽,CA08_B,True,Core_Quests.json#CA09_BR
CA08_B,草甸巨兽,任务完成,SW.Item.ScampHelmet,捣蛋鬼兜帽,CA08,False,Core_Quests.json#CA08_B
CA07,穿越多雨平原,任务完成,SW.Item.ScampChest,捣蛋鬼夹克,CA04,False,Core_Quests.json#CA07
CA08,消失的和声,任务完成,SW.Item.ScampChest,捣蛋鬼夹克,CA06,False,Core_Quests.json#CA08
CA07_BR,复活的铜巨兽,任务完成,SW.Item.ScampChest,捣蛋鬼夹克,CA07,True,Core_Quests.json#CA07_BR
CA09_BR,复活的幽匿巨兽,首次完成,SW.Item.ScampChest,捣蛋鬼夹克,CA08_B,True,Core_Quests.json#CA09_BR
CA09_BR,复活的幽匿巨兽,首次完成,SW.Item.ScampChest,捣蛋鬼夹克,CA08_B,True,Core_Quests.json#CA09_BR
CA09_BR,复活的幽匿巨兽,任务完成,SW.Item.ScampChest,捣蛋鬼夹克,CA08_B,True,Core_Quests.json#CA09_BR
CA08_B,草甸巨兽,任务完成,SW.Item.ScampChest,捣蛋鬼夹克,CA08,False,Core_Quests.json#CA08_B
CA07,穿越多雨平原,任务完成,SW.Item.ScampLeggings,捣蛋鬼护腿,CA04,False,Core_Quests.json#CA07
CA08,消失的和声,任务完成,SW.Item.ScampLeggings,捣蛋鬼护腿,CA06,False,Core_Quests.json#CA08
CA07_BR,复活的铜巨兽,任务完成,SW.Item.ScampLeggings,捣蛋鬼护腿,CA07,True,Core_Quests.json#CA07_BR
CA09_BR,复活的幽匿巨兽,首次完成,SW.Item.ScampLeggings,捣蛋鬼护腿,CA08_B,True,Core_Quests.json#CA09_BR
CA09_BR,复活的幽匿巨兽,首次完成,SW.Item.ScampLeggings,捣蛋鬼护腿,CA08_B,True,Core_Quests.json#CA09_BR
CA09_BR,复活的幽匿巨兽,任务完成,SW.Item.ScampLeggings,捣蛋鬼护腿,CA08_B,True,Core_Quests.json#CA09_BR
CA08_B,草甸巨兽,任务完成,SW.Item.ScampLeggings,捣蛋鬼护腿,CA08,False,Core_Quests.json#CA08_B
CA05,翻越冰封高地,任务完成,SW.Item.VoyagerBoots,游牧者之靴,CA07,False,Core_Quests.json#CA05
CA08,消失的和声,首次完成,SW.Item.VoyagerBoots,游牧者之靴,CA06,False,Core_Quests.json#CA08
CA08,消失的和声,任务完成,SW.Item.VoyagerBoots,游牧者之靴,CA06,False,Core_Quests.json#CA08
CA05_BR,复活的首席附魔师,任务完成,SW.Item.VoyagerBoots,游牧者之靴,CA05,True,Core_Quests.json#CA05_BR
CA09_BR,复活的幽匿巨兽,首次完成,SW.Item.VoyagerBoots,游牧者之靴,CA08_B,True,Core_Quests.json#CA09_BR
CA09_BR,复活的幽匿巨兽,首次完成,SW.Item.VoyagerBoots,游牧者之靴,CA08_B,True,Core_Quests.json#CA09_BR
CA09_BR,复活的幽匿巨兽,任务完成,SW.Item.VoyagerBoots,游牧者之靴,CA08_B,True,Core_Quests.json#CA09_BR
CA08_B,草甸巨兽,任务完成,SW.Item.VoyagerBoots,游牧者之靴,CA08,False,Core_Quests.json#CA08_B
CA05,翻越冰封高地,任务完成,SW.Item.VoyagerChest,游牧者胸甲,CA07,False,Core_Quests.json#CA05
CA08,消失的和声,首次完成,SW.Item.VoyagerChest,游牧者胸甲,CA06,False,Core_Quests.json#CA08
CA08,消失的和声,任务完成,SW.Item.VoyagerChest,游牧者胸甲,CA06,False,Core_Quests.json#CA08
CA05_BR,复活的首席附魔师,任务完成,SW.Item.VoyagerChest,游牧者胸甲,CA05,True,Core_Quests.json#CA05_BR
CA09_BR,复活的幽匿巨兽,首次完成,SW.Item.VoyagerChest,游牧者胸甲,CA08_B,True,Core_Quests.json#CA09_BR
CA09_BR,复活的幽匿巨兽,首次完成,SW.Item.VoyagerChest,游牧者胸甲,CA08_B,True,Core_Quests.json#CA09_BR
CA09_BR,复活的幽匿巨兽,任务完成,SW.Item.VoyagerChest,游牧者胸甲,CA08_B,True,Core_Quests.json#CA09_BR
CA08_B,草甸巨兽,任务完成,SW.Item.VoyagerChest,游牧者胸甲,CA08,False,Core_Quests.json#CA08_B
CA05,翻越冰封高地,任务完成,SW.Item.VoyagerHelmet,游牧者兜帽,CA07,False,Core_Quests.json#CA05
CA08,消失的和声,首次完成,SW.Item.VoyagerHelmet,游牧者兜帽,CA06,False,Core_Quests.json#CA08
CA08,消失的和声,任务完成,SW.Item.VoyagerHelmet,游牧者兜帽,CA06,False,Core_Quests.json#CA08
CA05_BR,复活的首席附魔师,任务完成,SW.Item.VoyagerHelmet,游牧者兜帽,CA05,True,Core_Quests.json#CA05_BR
CA09_BR,复活的幽匿巨兽,首次完成,SW.Item.VoyagerHelmet,游牧者兜帽,CA08_B,True,Core_Quests.json#CA09_BR
CA09_BR,复活的幽匿巨兽,首次完成,SW.Item.VoyagerHelmet,游牧者兜帽,CA08_B,True,Core_Quests.json#CA09_BR
CA09_BR,复活的幽匿巨兽,任务完成,SW.Item.VoyagerHelmet,游牧者兜帽,CA08_B,True,Core_Quests.json#CA09_BR
CA08_B,草甸巨兽,任务完成,SW.Item.VoyagerHelmet,游牧者兜帽,CA08,False,Core_Quests.json#CA08_B
CA05,翻越冰封高地,任务完成,SW.Item.VoyagerLeggings,游牧者护腿,CA07,False,Core_Quests.json#CA05
CA08,消失的和声,首次完成,SW.Item.VoyagerLeggings,游牧者护腿,CA06,False,Core_Quests.json#CA08
CA08,消失的和声,任务完成,SW.Item.VoyagerLeggings,游牧者护腿,CA06,False,Core_Quests.json#CA08
CA05_BR,复活的首席附魔师,任务完成,SW.Item.VoyagerLeggings,游牧者护腿,CA05,True,Core_Quests.json#CA05_BR
CA09_BR,复活的幽匿巨兽,首次完成,SW.Item.VoyagerLeggings,游牧者护腿,CA08_B,True,Core_Quests.json#CA09_BR
CA09_BR,复活的幽匿巨兽,首次完成,SW.Item.VoyagerLeggings,游牧者护腿,CA08_B,True,Core_Quests.json#CA09_BR
CA09_BR,复活的幽匿巨兽,任务完成,SW.Item.VoyagerLeggings,游牧者护腿,CA08_B,True,Core_Quests.json#CA09_BR
CA08_B,草甸巨兽,任务完成,SW.Item.VoyagerLeggings,游牧者护腿,CA08,False,Core_Quests.json#CA08_B
CA01,来自裂隙的灾厄村民,任务完成,SW.Item.RealmreacherChest,游侠夹克,CA00,False,Core_Quests.json#CA01
CA07,穿越多雨平原,任务完成,SW.Item.RealmreacherChest,游侠夹克,CA04,False,Core_Quests.json#CA07
CA00,逃离鱿鱼海岸,任务完成,SW.Item.RealmreacherChest,游侠夹克,,False,Core_Quests.json#CA00
CA07_BR,复活的铜巨兽,任务完成,SW.Item.RealmreacherChest,游侠夹克,CA07,True,Core_Quests.json#CA07_BR
CA01_B,失踪的商人,任务完成,SW.Item.RealmreacherChest,游侠夹克,CA01,False,Core_Quests.json#CA01_B
PLa1_S04_A,养蜂人,任务完成,SW.Item.RealmreacherChest,游侠夹克,CA01,False,PlainsA1_Quests.json#PLa1_S04_A
TOa1_S01_A,"TextReleaseQuestTrackerLabels.csv,TOa1_S01_A",任务完成,SW.Item.RealmreacherChest,游侠夹克,CA03,False,Town_Quests.json#TOa1_S01_A
CA01,来自裂隙的灾厄村民,任务完成,SW.Item.RealmreacherLeggings,游侠护腿,CA00,False,Core_Quests.json#CA01
CA07,穿越多雨平原,任务完成,SW.Item.RealmreacherLeggings,游侠护腿,CA04,False,Core_Quests.json#CA07
CA00,逃离鱿鱼海岸,任务完成,SW.Item.RealmreacherLeggings,游侠护腿,,False,Core_Quests.json#CA00
CA07_BR,复活的铜巨兽,任务完成,SW.Item.RealmreacherLeggings,游侠护腿,CA07,True,Core_Quests.json#CA07_BR
CA01_B,失踪的商人,任务完成,SW.Item.RealmreacherLeggings,游侠护腿,CA01,False,Core_Quests.json#CA01_B
PLa1_S04_A,养蜂人,任务完成,SW.Item.RealmreacherLeggings,游侠护腿,CA01,False,PlainsA1_Quests.json#PLa1_S04_A
TOa1_S01_A,"TextReleaseQuestTrackerLabels.csv,TOa1_S01_A",任务完成,SW.Item.RealmreacherLeggings,游侠护腿,CA03,False,Town_Quests.json#TOa1_S01_A
CA01,来自裂隙的灾厄村民,任务完成,SW.Item.RealmreacherBoots,游侠靴,CA00,False,Core_Quests.json#CA01
CA07,穿越多雨平原,任务完成,SW.Item.RealmreacherBoots,游侠靴,CA04,False,Core_Quests.json#CA07
CA00,逃离鱿鱼海岸,任务完成,SW.Item.RealmreacherBoots,游侠靴,,False,Core_Quests.json#CA00
CA07_BR,复活的铜巨兽,任务完成,SW.Item.RealmreacherBoots,游侠靴,CA07,True,Core_Quests.json#CA07_BR
CA01_B,失踪的商人,任务完成,SW.Item.RealmreacherBoots,游侠靴,CA01,False,Core_Quests.json#CA01_B
PLa1_S04_A,养蜂人,任务完成,SW.Item.RealmreacherBoots,游侠靴,CA01,False,PlainsA1_Quests.json#PLa1_S04_A
TOa1_S01_A,"TextReleaseQuestTrackerLabels.csv,TOa1_S01_A",任务完成,SW.Item.RealmreacherBoots,游侠靴,CA03,False,Town_Quests.json#TOa1_S01_A
CA01,来自裂隙的灾厄村民,任务完成,SW.Item.RealmreacherHelmet,游侠帽,CA00,False,Core_Quests.json#CA01
CA07,穿越多雨平原,任务完成,SW.Item.RealmreacherHelmet,游侠帽,CA04,False,Core_Quests.json#CA07
CA00,逃离鱿鱼海岸,任务完成,SW.Item.RealmreacherHelmet,游侠帽,,False,Core_Quests.json#CA00
CA07_BR,复活的铜巨兽,任务完成,SW.Item.RealmreacherHelmet,游侠帽,CA07,True,Core_Quests.json#CA07_BR
CA01_B,失踪的商人,任务完成,SW.Item.RealmreacherHelmet,游侠帽,CA01,False,Core_Quests.json#CA01_B
PLa1_S04_A,养蜂人,任务完成,SW.Item.RealmreacherHelmet,游侠帽,CA01,False,PlainsA1_Quests.json#PLa1_S04_A
TOa1_S01_A,"TextReleaseQuestTrackerLabels.csv,TOa1_S01_A",任务完成,SW.Item.RealmreacherHelmet,游侠帽,CA03,False,Town_Quests.json#TOa1_S01_A
CA02,沉寂的小嚎村,任务完成,SW.Item.WolfclutchBoots,狼群之靴,CA01_B,False,Core_Quests.json#CA02
CA04,丢失的音符盒,任务完成,SW.Item.WolfclutchBoots,狼群之靴,CA03,False,Core_Quests.json#CA04
CA02_B,林中腐化,任务完成,SW.Item.WolfclutchBoots,狼群之靴,CA02_C,False,Core_Quests.json#CA02_B
CA02_B_BR,复活的女巫,任务完成,SW.Item.WolfclutchBoots,狼群之靴,CA02_B,True,Core_Quests.json#CA02_B_BR
CA02,沉寂的小嚎村,任务完成,SW.Item.WolfclutchChest,狼群夹克,CA01_B,False,Core_Quests.json#CA02
CA04,丢失的音符盒,任务完成,SW.Item.WolfclutchChest,狼群夹克,CA03,False,Core_Quests.json#CA04
CA02_B,林中腐化,任务完成,SW.Item.WolfclutchChest,狼群夹克,CA02_C,False,Core_Quests.json#CA02_B
CA02_B_BR,复活的女巫,任务完成,SW.Item.WolfclutchChest,狼群夹克,CA02_B,True,Core_Quests.json#CA02_B_BR
CA02,沉寂的小嚎村,任务完成,SW.Item.WolfclutchHelmet,狼群兜帽,CA01_B,False,Core_Quests.json#CA02
CA04,丢失的音符盒,任务完成,SW.Item.WolfclutchHelmet,狼群兜帽,CA03,False,Core_Quests.json#CA04
CA02_B,林中腐化,任务完成,SW.Item.WolfclutchHelmet,狼群兜帽,CA02_C,False,Core_Quests.json#CA02_B
CA02_B_BR,复活的女巫,任务完成,SW.Item.WolfclutchHelmet,狼群兜帽,CA02_B,True,Core_Quests.json#CA02_B_BR
CA02,沉寂的小嚎村,任务完成,SW.Item.WolfclutchLeggings,狼群护腿,CA01_B,False,Core_Quests.json#CA02
CA04,丢失的音符盒,任务完成,SW.Item.WolfclutchLeggings,狼群护腿,CA03,False,Core_Quests.json#CA04
CA02_B,林中腐化,任务完成,SW.Item.WolfclutchLeggings,狼群护腿,CA02_C,False,Core_Quests.json#CA02_B
CA02_B_BR,复活的女巫,任务完成,SW.Item.WolfclutchLeggings,狼群护腿,CA02_B,True,Core_Quests.json#CA02_B_BR
CA01,来自裂隙的灾厄村民,任务完成,SW.Item.UndauntedBoots,赏金猎人之靴,CA00,False,Core_Quests.json#CA01
CA00,逃离鱿鱼海岸,任务完成,SW.Item.UndauntedBoots,赏金猎人之靴,,False,Core_Quests.json#CA00
CA01_B,失踪的商人,任务完成,SW.Item.UndauntedBoots,赏金猎人之靴,CA01,False,Core_Quests.json#CA01_B
PLa1_S04_A,养蜂人,任务完成,SW.Item.UndauntedBoots,赏金猎人之靴,CA01,False,PlainsA1_Quests.json#PLa1_S04_A
TOa1_S01_A,"TextReleaseQuestTrackerLabels.csv,TOa1_S01_A",任务完成,SW.Item.UndauntedBoots,赏金猎人之靴,CA03,False,Town_Quests.json#TOa1_S01_A
CA01,来自裂隙的灾厄村民,任务完成,SW.Item.UndauntedHelmet,赏金猎人头盔,CA00,False,Core_Quests.json#CA01
CA00,逃离鱿鱼海岸,任务完成,SW.Item.UndauntedHelmet,赏金猎人头盔,,False,Core_Quests.json#CA00
CA01_B,失踪的商人,任务完成,SW.Item.UndauntedHelmet,赏金猎人头盔,CA01,False,Core_Quests.json#CA01_B
PLa1_S04_A,养蜂人,任务完成,SW.Item.UndauntedHelmet,赏金猎人头盔,CA01,False,PlainsA1_Quests.json#PLa1_S04_A
TOa1_S01_A,"TextReleaseQuestTrackerLabels.csv,TOa1_S01_A",任务完成,SW.Item.UndauntedHelmet,赏金猎人头盔,CA03,False,Town_Quests.json#TOa1_S01_A
CA01,来自裂隙的灾厄村民,任务完成,SW.Item.UndauntedLeggings,赏金猎人护胫,CA00,False,Core_Quests.json#CA01
CA00,逃离鱿鱼海岸,任务完成,SW.Item.UndauntedLeggings,赏金猎人护胫,,False,Core_Quests.json#CA00
CA01_B,失踪的商人,任务完成,SW.Item.UndauntedLeggings,赏金猎人护胫,CA01,False,Core_Quests.json#CA01_B
PLa1_S04_A,养蜂人,任务完成,SW.Item.UndauntedLeggings,赏金猎人护胫,CA01,False,PlainsA1_Quests.json#PLa1_S04_A
TOa1_S01_A,"TextReleaseQuestTrackerLabels.csv,TOa1_S01_A",任务完成,SW.Item.UndauntedLeggings,赏金猎人护胫,CA03,False,Town_Quests.json#TOa1_S01_A
CA01,来自裂隙的灾厄村民,任务完成,SW.Item.UndauntedChest,赏金猎人胸甲,CA00,False,Core_Quests.json#CA01
CA00,逃离鱿鱼海岸,任务完成,SW.Item.UndauntedChest,赏金猎人胸甲,,False,Core_Quests.json#CA00
CA01_B,失踪的商人,任务完成,SW.Item.UndauntedChest,赏金猎人胸甲,CA01,False,Core_Quests.json#CA01_B
PLa1_S04_A,养蜂人,任务完成,SW.Item.UndauntedChest,赏金猎人胸甲,CA01,False,PlainsA1_Quests.json#PLa1_S04_A
TOa1_S01_A,"TextReleaseQuestTrackerLabels.csv,TOa1_S01_A",任务完成,SW.Item.UndauntedChest,赏金猎人胸甲,CA03,False,Town_Quests.json#TOa1_S01_A
CA05,翻越冰封高地,任务完成,SW.Item.FrostRimeChest,钢丝绒毛衣,CA07,False,Core_Quests.json#CA05
CA09,幽匿者之怒,任务完成,SW.Item.FrostRimeChest,钢丝绒毛衣,CA08_B,False,Core_Quests.json#CA09
CA10,最终魂战,任务完成,SW.Item.FrostRimeChest,钢丝绒毛衣,CA09,False,Core_Quests.json#CA10
CA05_BR,复活的首席附魔师,任务完成,SW.Item.FrostRimeChest,钢丝绒毛衣,CA05,True,Core_Quests.json#CA05_BR
DEa1_S13_A,隧道尽头的战斗,首次完成,SW.Item.FrostRimeChest,钢丝绒毛衣,CA05,False,DesertA1_Quests.json#DEa1_S13_A
CA05,翻越冰封高地,任务完成,SW.Item.FrostRimeLeggings,钢丝绒护腿,CA07,False,Core_Quests.json#CA05
CA09,幽匿者之怒,任务完成,SW.Item.FrostRimeLeggings,钢丝绒护腿,CA08_B,False,Core_Quests.json#CA09
CA10,最终魂战,任务完成,SW.Item.FrostRimeLeggings,钢丝绒护腿,CA09,False,Core_Quests.json#CA10
CA05_BR,复活的首席附魔师,任务完成,SW.Item.FrostRimeLeggings,钢丝绒护腿,CA05,True,Core_Quests.json#CA05_BR
DEa1_S13_A,隧道尽头的战斗,首次完成,SW.Item.FrostRimeLeggings,钢丝绒护腿,CA05,False,DesertA1_Quests.json#DEa1_S13_A
CA05,翻越冰封高地,任务完成,SW.Item.FrostRimeBoots,钢丝绒靴,CA07,False,Core_Quests.json#CA05
CA09,幽匿者之怒,任务完成,SW.Item.FrostRimeBoots,钢丝绒靴,CA08_B,False,Core_Quests.json#CA09
CA10,最终魂战,任务完成,SW.Item.FrostRimeBoots,钢丝绒靴,CA09,False,Core_Quests.json#CA10
CA05_BR,复活的首席附魔师,任务完成,SW.Item.FrostRimeBoots,钢丝绒靴,CA05,True,Core_Quests.json#CA05_BR
DEa1_S13_A,隧道尽头的战斗,首次完成,SW.Item.FrostRimeBoots,钢丝绒靴,CA05,False,DesertA1_Quests.json#DEa1_S13_A
CA05,翻越冰封高地,任务完成,SW.Item.FrostRimeHelmet,钢丝绒帽,CA07,False,Core_Quests.json#CA05
CA09,幽匿者之怒,任务完成,SW.Item.FrostRimeHelmet,钢丝绒帽,CA08_B,False,Core_Quests.json#CA09
CA10,最终魂战,任务完成,SW.Item.FrostRimeHelmet,钢丝绒帽,CA09,False,Core_Quests.json#CA10
CA05_BR,复活的首席附魔师,任务完成,SW.Item.FrostRimeHelmet,钢丝绒帽,CA05,True,Core_Quests.json#CA05_BR
DEa1_S13_A,隧道尽头的战斗,首次完成,SW.Item.FrostRimeHelmet,钢丝绒帽,CA05,False,DesertA1_Quests.json#DEa1_S13_A
CA03,探索深暗之域,任务完成,SW.Item.CaveCrawlerBoots,幽匿挖掘者靴子,CA02_B,False,Core_Quests.json#CA03
CA06,归还音符盒,任务完成,SW.Item.CaveCrawlerBoots,幽匿挖掘者靴子,CA05,False,Core_Quests.json#CA06
CA04_BR,CA04_BR,任务完成,SW.Item.CaveCrawlerBoots,幽匿挖掘者靴子,CA04,True,Core_Quests.json#CA04_BR
CA03_BR,复活的扭曲监守者,首次完成,SW.Item.CaveCrawlerBoots,幽匿挖掘者靴子,CA03,True,Core_Quests.json#CA03_BR
CA03_BR,复活的扭曲监守者,任务完成,SW.Item.CaveCrawlerBoots,幽匿挖掘者靴子,CA03,True,Core_Quests.json#CA03_BR
CA10_BR_B,复活的红石巨兽,首次完成,SW.Item.CaveCrawlerBoots,幽匿挖掘者靴子,CA10,True,Core_Quests.json#CA10_BR_B
CA10_BR_B,复活的红石巨兽,首次完成,SW.Item.CaveCrawlerBoots,幽匿挖掘者靴子,CA10,True,Core_Quests.json#CA10_BR_B
CA10_BR_B,复活的红石巨兽,任务完成,SW.Item.CaveCrawlerBoots,幽匿挖掘者靴子,CA10,True,Core_Quests.json#CA10_BR_B
CA10_BR,最终魂战：返场,首次完成,SW.Item.CaveCrawlerBoots,幽匿挖掘者靴子,CA10,True,Core_Quests.json#CA10_BR
CA10_BR,最终魂战：返场,首次完成,SW.Item.CaveCrawlerBoots,幽匿挖掘者靴子,CA10,True,Core_Quests.json#CA10_BR
CA10_BR,最终魂战：返场,任务完成,SW.Item.CaveCrawlerBoots,幽匿挖掘者靴子,CA10,True,Core_Quests.json#CA10_BR
CA03,探索深暗之域,任务完成,SW.Item.CaveCrawlerChest,幽匿挖掘者长袍,CA02_B,False,Core_Quests.json#CA03
CA06,归还音符盒,任务完成,SW.Item.CaveCrawlerChest,幽匿挖掘者长袍,CA05,False,Core_Quests.json#CA06
CA04_BR,CA04_BR,任务完成,SW.Item.CaveCrawlerChest,幽匿挖掘者长袍,CA04,True,Core_Quests.json#CA04_BR
CA03_BR,复活的扭曲监守者,首次完成,SW.Item.CaveCrawlerChest,幽匿挖掘者长袍,CA03,True,Core_Quests.json#CA03_BR
CA03_BR,复活的扭曲监守者,任务完成,SW.Item.CaveCrawlerChest,幽匿挖掘者长袍,CA03,True,Core_Quests.json#CA03_BR
CA10_BR_B,复活的红石巨兽,首次完成,SW.Item.CaveCrawlerChest,幽匿挖掘者长袍,CA10,True,Core_Quests.json#CA10_BR_B
CA10_BR_B,复活的红石巨兽,首次完成,SW.Item.CaveCrawlerChest,幽匿挖掘者长袍,CA10,True,Core_Quests.json#CA10_BR_B
CA10_BR_B,复活的红石巨兽,任务完成,SW.Item.CaveCrawlerChest,幽匿挖掘者长袍,CA10,True,Core_Quests.json#CA10_BR_B
CA10_BR,最终魂战：返场,首次完成,SW.Item.CaveCrawlerChest,幽匿挖掘者长袍,CA10,True,Core_Quests.json#CA10_BR
CA10_BR,最终魂战：返场,首次完成,SW.Item.CaveCrawlerChest,幽匿挖掘者长袍,CA10,True,Core_Quests.json#CA10_BR
CA10_BR,最终魂战：返场,任务完成,SW.Item.CaveCrawlerChest,幽匿挖掘者长袍,CA10,True,Core_Quests.json#CA10_BR
CA03,探索深暗之域,任务完成,SW.Item.CaveCrawlerHelmet,幽匿挖掘者兜帽,CA02_B,False,Core_Quests.json#CA03
CA06,归还音符盒,任务完成,SW.Item.CaveCrawlerHelmet,幽匿挖掘者兜帽,CA05,False,Core_Quests.json#CA06
CA04_BR,CA04_BR,任务完成,SW.Item.CaveCrawlerHelmet,幽匿挖掘者兜帽,CA04,True,Core_Quests.json#CA04_BR
CA03_BR,复活的扭曲监守者,首次完成,SW.Item.CaveCrawlerHelmet,幽匿挖掘者兜帽,CA03,True,Core_Quests.json#CA03_BR
CA03_BR,复活的扭曲监守者,任务完成,SW.Item.CaveCrawlerHelmet,幽匿挖掘者兜帽,CA03,True,Core_Quests.json#CA03_BR
CA10_BR_B,复活的红石巨兽,首次完成,SW.Item.CaveCrawlerHelmet,幽匿挖掘者兜帽,CA10,True,Core_Quests.json#CA10_BR_B
CA10_BR_B,复活的红石巨兽,首次完成,SW.Item.CaveCrawlerHelmet,幽匿挖掘者兜帽,CA10,True,Core_Quests.json#CA10_BR_B
CA10_BR_B,复活的红石巨兽,任务完成,SW.Item.CaveCrawlerHelmet,幽匿挖掘者兜帽,CA10,True,Core_Quests.json#CA10_BR_B
CA10_BR,最终魂战：返场,首次完成,SW.Item.CaveCrawlerHelmet,幽匿挖掘者兜帽,CA10,True,Core_Quests.json#CA10_BR
CA10_BR,最终魂战：返场,首次完成,SW.Item.CaveCrawlerHelmet,幽匿挖掘者兜帽,CA10,True,Core_Quests.json#CA10_BR
CA10_BR,最终魂战：返场,任务完成,SW.Item.CaveCrawlerHelmet,幽匿挖掘者兜帽,CA10,True,Core_Quests.json#CA10_BR
CA03,探索深暗之域,任务完成,SW.Item.CaveCrawlerLeggings,幽匿挖掘者护腿,CA02_B,False,Core_Quests.json#CA03
CA06,归还音符盒,任务完成,SW.Item.CaveCrawlerLeggings,幽匿挖掘者护腿,CA05,False,Core_Quests.json#CA06
CA04_BR,CA04_BR,任务完成,SW.Item.CaveCrawlerLeggings,幽匿挖掘者护腿,CA04,True,Core_Quests.json#CA04_BR
CA03_BR,复活的扭曲监守者,首次完成,SW.Item.CaveCrawlerLeggings,幽匿挖掘者护腿,CA03,True,Core_Quests.json#CA03_BR
CA03_BR,复活的扭曲监守者,任务完成,SW.Item.CaveCrawlerLeggings,幽匿挖掘者护腿,CA03,True,Core_Quests.json#CA03_BR
CA10_BR_B,复活的红石巨兽,首次完成,SW.Item.CaveCrawlerLeggings,幽匿挖掘者护腿,CA10,True,Core_Quests.json#CA10_BR_B
CA10_BR_B,复活的红石巨兽,首次完成,SW.Item.CaveCrawlerLeggings,幽匿挖掘者护腿,CA10,True,Core_Quests.json#CA10_BR_B
CA10_BR_B,复活的红石巨兽,任务完成,SW.Item.CaveCrawlerLeggings,幽匿挖掘者护腿,CA10,True,Core_Quests.json#CA10_BR_B
CA10_BR,最终魂战：返场,首次完成,SW.Item.CaveCrawlerLeggings,幽匿挖掘者护腿,CA10,True,Core_Quests.json#CA10_BR
CA10_BR,最终魂战：返场,首次完成,SW.Item.CaveCrawlerLeggings,幽匿挖掘者护腿,CA10,True,Core_Quests.json#CA10_BR
CA10_BR,最终魂战：返场,任务完成,SW.Item.CaveCrawlerLeggings,幽匿挖掘者护腿,CA10,True,Core_Quests.json#CA10_BR
CA01,来自裂隙的灾厄村民,任务完成,SW.Item.UndauntedHelmet_Unique,无畏角盔,CA00,False,Core_Quests.json#CA01
CA00,逃离鱿鱼海岸,任务完成,SW.Item.UndauntedHelmet_Unique,无畏角盔,,False,Core_Quests.json#CA00
CA01_B,失踪的商人,任务完成,SW.Item.UndauntedHelmet_Unique,无畏角盔,CA01,False,Core_Quests.json#CA01_B
PLa1_S04_A,养蜂人,任务完成,SW.Item.UndauntedHelmet_Unique,无畏角盔,CA01,False,PlainsA1_Quests.json#PLa1_S04_A
TOa1_S01_A,"TextReleaseQuestTrackerLabels.csv,TOa1_S01_A",任务完成,SW.Item.UndauntedHelmet_Unique,无畏角盔,CA03,False,Town_Quests.json#TOa1_S01_A
CA01,来自裂隙的灾厄村民,任务完成,SW.Item.UndauntedChest_Unique,无畏肩甲,CA00,False,Core_Quests.json#CA01
CA00,逃离鱿鱼海岸,任务完成,SW.Item.UndauntedChest_Unique,无畏肩甲,,False,Core_Quests.json#CA00
CA01_B,失踪的商人,任务完成,SW.Item.UndauntedChest_Unique,无畏肩甲,CA01,False,Core_Quests.json#CA01_B
PLa1_S04_A,养蜂人,任务完成,SW.Item.UndauntedChest_Unique,无畏肩甲,CA01,False,PlainsA1_Quests.json#PLa1_S04_A
TOa1_S01_A,"TextReleaseQuestTrackerLabels.csv,TOa1_S01_A",任务完成,SW.Item.UndauntedChest_Unique,无畏肩甲,CA03,False,Town_Quests.json#TOa1_S01_A
CA01,来自裂隙的灾厄村民,任务完成,SW.Item.UndauntedLeggings_Unique,无畏胫甲,CA00,False,Core_Quests.json#CA01
CA00,逃离鱿鱼海岸,任务完成,SW.Item.UndauntedLeggings_Unique,无畏胫甲,,False,Core_Quests.json#CA00
CA01_B,失踪的商人,任务完成,SW.Item.UndauntedLeggings_Unique,无畏胫甲,CA01,False,Core_Quests.json#CA01_B
PLa1_S04_A,养蜂人,任务完成,SW.Item.UndauntedLeggings_Unique,无畏胫甲,CA01,False,PlainsA1_Quests.json#PLa1_S04_A
TOa1_S01_A,"TextReleaseQuestTrackerLabels.csv,TOa1_S01_A",任务完成,SW.Item.UndauntedLeggings_Unique,无畏胫甲,CA03,False,Town_Quests.json#TOa1_S01_A
CA01,来自裂隙的灾厄村民,任务完成,SW.Item.UndauntedBoots_Unique,无畏足甲,CA00,False,Core_Quests.json#CA01
CA00,逃离鱿鱼海岸,任务完成,SW.Item.UndauntedBoots_Unique,无畏足甲,,False,Core_Quests.json#CA00
CA01_B,失踪的商人,任务完成,SW.Item.UndauntedBoots_Unique,无畏足甲,CA01,False,Core_Quests.json#CA01_B
PLa1_S04_A,养蜂人,任务完成,SW.Item.UndauntedBoots_Unique,无畏足甲,CA01,False,PlainsA1_Quests.json#PLa1_S04_A
TOa1_S01_A,"TextReleaseQuestTrackerLabels.csv,TOa1_S01_A",任务完成,SW.Item.UndauntedBoots_Unique,无畏足甲,CA03,False,Town_Quests.json#TOa1_S01_A
CA05,翻越冰封高地,任务完成,SW.Item.FrostRimeChest_Unique,寒霜护甲,CA07,False,Core_Quests.json#CA05
CA09,幽匿者之怒,任务完成,SW.Item.FrostRimeChest_Unique,寒霜护甲,CA08_B,False,Core_Quests.json#CA09
CA10,最终魂战,任务完成,SW.Item.FrostRimeChest_Unique,寒霜护甲,CA09,False,Core_Quests.json#CA10
CA05_BR,复活的首席附魔师,任务完成,SW.Item.FrostRimeChest_Unique,寒霜护甲,CA05,True,Core_Quests.json#CA05_BR
DEa1_S13_A,隧道尽头的战斗,首次完成,SW.Item.FrostRimeChest_Unique,寒霜护甲,CA05,False,DesertA1_Quests.json#DEa1_S13_A
CA05,翻越冰封高地,任务完成,SW.Item.FrostRimeLeggings_Unique,寒霜长衬裤,CA07,False,Core_Quests.json#CA05
CA09,幽匿者之怒,任务完成,SW.Item.FrostRimeLeggings_Unique,寒霜长衬裤,CA08_B,False,Core_Quests.json#CA09
CA10,最终魂战,任务完成,SW.Item.FrostRimeLeggings_Unique,寒霜长衬裤,CA09,False,Core_Quests.json#CA10
CA05_BR,复活的首席附魔师,任务完成,SW.Item.FrostRimeLeggings_Unique,寒霜长衬裤,CA05,True,Core_Quests.json#CA05_BR
DEa1_S13_A,隧道尽头的战斗,首次完成,SW.Item.FrostRimeLeggings_Unique,寒霜长衬裤,CA05,False,DesertA1_Quests.json#DEa1_S13_A
CA05,翻越冰封高地,任务完成,SW.Item.FrostRimeBoots_Unique,寒霜踏雪靴,CA07,False,Core_Quests.json#CA05
CA09,幽匿者之怒,任务完成,SW.Item.FrostRimeBoots_Unique,寒霜踏雪靴,CA08_B,False,Core_Quests.json#CA09
CA10,最终魂战,任务完成,SW.Item.FrostRimeBoots_Unique,寒霜踏雪靴,CA09,False,Core_Quests.json#CA10
CA05_BR,复活的首席附魔师,任务完成,SW.Item.FrostRimeBoots_Unique,寒霜踏雪靴,CA05,True,Core_Quests.json#CA05_BR
DEa1_S13_A,隧道尽头的战斗,首次完成,SW.Item.FrostRimeBoots_Unique,寒霜踏雪靴,CA05,False,DesertA1_Quests.json#DEa1_S13_A
CA05,翻越冰封高地,任务完成,SW.Item.FrostRimeHelmet_Unique,寒霜冰帽,CA07,False,Core_Quests.json#CA05
CA09,幽匿者之怒,任务完成,SW.Item.FrostRimeHelmet_Unique,寒霜冰帽,CA08_B,False,Core_Quests.json#CA09
CA10,最终魂战,任务完成,SW.Item.FrostRimeHelmet_Unique,寒霜冰帽,CA09,False,Core_Quests.json#CA10
CA05_BR,复活的首席附魔师,任务完成,SW.Item.FrostRimeHelmet_Unique,寒霜冰帽,CA05,True,Core_Quests.json#CA05_BR
DEa1_S13_A,隧道尽头的战斗,首次完成,SW.Item.FrostRimeHelmet_Unique,寒霜冰帽,CA05,False,DesertA1_Quests.json#DEa1_S13_A
CA07,穿越多雨平原,任务完成,SW.Item.ScampBoots_Unique,无赖轻靴,CA04,False,Core_Quests.json#CA07
CA08,消失的和声,任务完成,SW.Item.ScampBoots_Unique,无赖轻靴,CA06,False,Core_Quests.json#CA08
CA07_BR,复活的铜巨兽,任务完成,SW.Item.ScampBoots_Unique,无赖轻靴,CA07,True,Core_Quests.json#CA07_BR
CA09_BR,复活的幽匿巨兽,首次完成,SW.Item.ScampBoots_Unique,无赖轻靴,CA08_B,True,Core_Quests.json#CA09_BR
CA09_BR,复活的幽匿巨兽,首次完成,SW.Item.ScampBoots_Unique,无赖轻靴,CA08_B,True,Core_Quests.json#CA09_BR
CA09_BR,复活的幽匿巨兽,任务完成,SW.Item.ScampBoots_Unique,无赖轻靴,CA08_B,True,Core_Quests.json#CA09_BR
CA08_B,草甸巨兽,任务完成,SW.Item.ScampBoots_Unique,无赖轻靴,CA08,False,Core_Quests.json#CA08_B
CA07,穿越多雨平原,任务完成,SW.Item.ScampHelmet_Unique,无赖兜帽,CA04,False,Core_Quests.json#CA07
CA08,消失的和声,任务完成,SW.Item.ScampHelmet_Unique,无赖兜帽,CA06,False,Core_Quests.json#CA08
CA07_BR,复活的铜巨兽,任务完成,SW.Item.ScampHelmet_Unique,无赖兜帽,CA07,True,Core_Quests.json#CA07_BR
CA09_BR,复活的幽匿巨兽,首次完成,SW.Item.ScampHelmet_Unique,无赖兜帽,CA08_B,True,Core_Quests.json#CA09_BR
CA09_BR,复活的幽匿巨兽,首次完成,SW.Item.ScampHelmet_Unique,无赖兜帽,CA08_B,True,Core_Quests.json#CA09_BR
CA09_BR,复活的幽匿巨兽,任务完成,SW.Item.ScampHelmet_Unique,无赖兜帽,CA08_B,True,Core_Quests.json#CA09_BR
CA08_B,草甸巨兽,任务完成,SW.Item.ScampHelmet_Unique,无赖兜帽,CA08,False,Core_Quests.json#CA08_B
CA07,穿越多雨平原,任务完成,SW.Item.ScampChest_Unique,无赖西装外套,CA04,False,Core_Quests.json#CA07
CA08,消失的和声,任务完成,SW.Item.ScampChest_Unique,无赖西装外套,CA06,False,Core_Quests.json#CA08
CA07_BR,复活的铜巨兽,任务完成,SW.Item.ScampChest_Unique,无赖西装外套,CA07,True,Core_Quests.json#CA07_BR
CA09_BR,复活的幽匿巨兽,首次完成,SW.Item.ScampChest_Unique,无赖西装外套,CA08_B,True,Core_Quests.json#CA09_BR
CA09_BR,复活的幽匿巨兽,首次完成,SW.Item.ScampChest_Unique,无赖西装外套,CA08_B,True,Core_Quests.json#CA09_BR
CA09_BR,复活的幽匿巨兽,任务完成,SW.Item.ScampChest_Unique,无赖西装外套,CA08_B,True,Core_Quests.json#CA09_BR
CA08_B,草甸巨兽,任务完成,SW.Item.ScampChest_Unique,无赖西装外套,CA08,False,Core_Quests.json#CA08_B
CA07,穿越多雨平原,任务完成,SW.Item.ScampLeggings_Unique,无赖套裤,CA04,False,Core_Quests.json#CA07
CA08,消失的和声,任务完成,SW.Item.ScampLeggings_Unique,无赖套裤,CA06,False,Core_Quests.json#CA08
CA07_BR,复活的铜巨兽,任务完成,SW.Item.ScampLeggings_Unique,无赖套裤,CA07,True,Core_Quests.json#CA07_BR
CA09_BR,复活的幽匿巨兽,首次完成,SW.Item.ScampLeggings_Unique,无赖套裤,CA08_B,True,Core_Quests.json#CA09_BR
CA09_BR,复活的幽匿巨兽,首次完成,SW.Item.ScampLeggings_Unique,无赖套裤,CA08_B,True,Core_Quests.json#CA09_BR
CA09_BR,复活的幽匿巨兽,任务完成,SW.Item.ScampLeggings_Unique,无赖套裤,CA08_B,True,Core_Quests.json#CA09_BR
CA08_B,草甸巨兽,任务完成,SW.Item.ScampLeggings_Unique,无赖套裤,CA08,False,Core_Quests.json#CA08_B
CA05,翻越冰封高地,任务完成,SW.Item.VoyagerBoots_Unique,漫游者足甲,CA07,False,Core_Quests.json#CA05
CA08,消失的和声,首次完成,SW.Item.VoyagerBoots_Unique,漫游者足甲,CA06,False,Core_Quests.json#CA08
CA08,消失的和声,任务完成,SW.Item.VoyagerBoots_Unique,漫游者足甲,CA06,False,Core_Quests.json#CA08
CA05_BR,复活的首席附魔师,任务完成,SW.Item.VoyagerBoots_Unique,漫游者足甲,CA05,True,Core_Quests.json#CA05_BR
CA09_BR,复活的幽匿巨兽,首次完成,SW.Item.VoyagerBoots_Unique,漫游者足甲,CA08_B,True,Core_Quests.json#CA09_BR
CA09_BR,复活的幽匿巨兽,首次完成,SW.Item.VoyagerBoots_Unique,漫游者足甲,CA08_B,True,Core_Quests.json#CA09_BR
CA09_BR,复活的幽匿巨兽,任务完成,SW.Item.VoyagerBoots_Unique,漫游者足甲,CA08_B,True,Core_Quests.json#CA09_BR
CA08_B,草甸巨兽,任务完成,SW.Item.VoyagerBoots_Unique,漫游者足甲,CA08,False,Core_Quests.json#CA08_B
CA05,翻越冰封高地,任务完成,SW.Item.VoyagerChest_Unique,漫游者肩甲,CA07,False,Core_Quests.json#CA05
CA08,消失的和声,首次完成,SW.Item.VoyagerChest_Unique,漫游者肩甲,CA06,False,Core_Quests.json#CA08
CA08,消失的和声,任务完成,SW.Item.VoyagerChest_Unique,漫游者肩甲,CA06,False,Core_Quests.json#CA08
CA05_BR,复活的首席附魔师,任务完成,SW.Item.VoyagerChest_Unique,漫游者肩甲,CA05,True,Core_Quests.json#CA05_BR
CA09_BR,复活的幽匿巨兽,首次完成,SW.Item.VoyagerChest_Unique,漫游者肩甲,CA08_B,True,Core_Quests.json#CA09_BR
CA09_BR,复活的幽匿巨兽,首次完成,SW.Item.VoyagerChest_Unique,漫游者肩甲,CA08_B,True,Core_Quests.json#CA09_BR
CA09_BR,复活的幽匿巨兽,任务完成,SW.Item.VoyagerChest_Unique,漫游者肩甲,CA08_B,True,Core_Quests.json#CA09_BR
CA08_B,草甸巨兽,任务完成,SW.Item.VoyagerChest_Unique,漫游者肩甲,CA08,False,Core_Quests.json#CA08_B
CA05,翻越冰封高地,任务完成,SW.Item.VoyagerHelmet_Unique,漫游者面甲,CA07,False,Core_Quests.json#CA05
CA08,消失的和声,首次完成,SW.Item.VoyagerHelmet_Unique,漫游者面甲,CA06,False,Core_Quests.json#CA08
CA08,消失的和声,任务完成,SW.Item.VoyagerHelmet_Unique,漫游者面甲,CA06,False,Core_Quests.json#CA08
CA05_BR,复活的首席附魔师,任务完成,SW.Item.VoyagerHelmet_Unique,漫游者面甲,CA05,True,Core_Quests.json#CA05_BR
CA09_BR,复活的幽匿巨兽,首次完成,SW.Item.VoyagerHelmet_Unique,漫游者面甲,CA08_B,True,Core_Quests.json#CA09_BR
CA09_BR,复活的幽匿巨兽,首次完成,SW.Item.VoyagerHelmet_Unique,漫游者面甲,CA08_B,True,Core_Quests.json#CA09_BR
CA09_BR,复活的幽匿巨兽,任务完成,SW.Item.VoyagerHelmet_Unique,漫游者面甲,CA08_B,True,Core_Quests.json#CA09_BR
CA08_B,草甸巨兽,任务完成,SW.Item.VoyagerHelmet_Unique,漫游者面甲,CA08,False,Core_Quests.json#CA08_B
CA05,翻越冰封高地,任务完成,SW.Item.VoyagerLeggings_Unique,漫游者绑腿,CA07,False,Core_Quests.json#CA05
CA08,消失的和声,首次完成,SW.Item.VoyagerLeggings_Unique,漫游者绑腿,CA06,False,Core_Quests.json#CA08
CA08,消失的和声,任务完成,SW.Item.VoyagerLeggings_Unique,漫游者绑腿,CA06,False,Core_Quests.json#CA08
CA05_BR,复活的首席附魔师,任务完成,SW.Item.VoyagerLeggings_Unique,漫游者绑腿,CA05,True,Core_Quests.json#CA05_BR
CA09_BR,复活的幽匿巨兽,首次完成,SW.Item.VoyagerLeggings_Unique,漫游者绑腿,CA08_B,True,Core_Quests.json#CA09_BR
CA09_BR,复活的幽匿巨兽,首次完成,SW.Item.VoyagerLeggings_Unique,漫游者绑腿,CA08_B,True,Core_Quests.json#CA09_BR
CA09_BR,复活的幽匿巨兽,任务完成,SW.Item.VoyagerLeggings_Unique,漫游者绑腿,CA08_B,True,Core_Quests.json#CA09_BR
CA08_B,草甸巨兽,任务完成,SW.Item.VoyagerLeggings_Unique,漫游者绑腿,CA08,False,Core_Quests.json#CA08_B
CA03,探索深暗之域,任务完成,SW.Item.CaveCrawlerBoots_Unique,扭曲监守者轻靴,CA02_B,False,Core_Quests.json#CA03
CA06,归还音符盒,任务完成,SW.Item.CaveCrawlerBoots_Unique,扭曲监守者轻靴,CA05,False,Core_Quests.json#CA06
CA04_BR,CA04_BR,任务完成,SW.Item.CaveCrawlerBoots_Unique,扭曲监守者轻靴,CA04,True,Core_Quests.json#CA04_BR
CA03_BR,复活的扭曲监守者,首次完成,SW.Item.CaveCrawlerBoots_Unique,扭曲监守者轻靴,CA03,True,Core_Quests.json#CA03_BR
CA03_BR,复活的扭曲监守者,任务完成,SW.Item.CaveCrawlerBoots_Unique,扭曲监守者轻靴,CA03,True,Core_Quests.json#CA03_BR
CA10_BR_B,复活的红石巨兽,首次完成,SW.Item.CaveCrawlerBoots_Unique,扭曲监守者轻靴,CA10,True,Core_Quests.json#CA10_BR_B
CA10_BR_B,复活的红石巨兽,首次完成,SW.Item.CaveCrawlerBoots_Unique,扭曲监守者轻靴,CA10,True,Core_Quests.json#CA10_BR_B
CA10_BR_B,复活的红石巨兽,任务完成,SW.Item.CaveCrawlerBoots_Unique,扭曲监守者轻靴,CA10,True,Core_Quests.json#CA10_BR_B
CA10_BR,最终魂战：返场,首次完成,SW.Item.CaveCrawlerBoots_Unique,扭曲监守者轻靴,CA10,True,Core_Quests.json#CA10_BR
CA10_BR,最终魂战：返场,首次完成,SW.Item.CaveCrawlerBoots_Unique,扭曲监守者轻靴,CA10,True,Core_Quests.json#CA10_BR
CA10_BR,最终魂战：返场,任务完成,SW.Item.CaveCrawlerBoots_Unique,扭曲监守者轻靴,CA10,True,Core_Quests.json#CA10_BR
CA03,探索深暗之域,首次完成,SW.Item.CaveCrawlerChest_Unique,扭曲监守者背心,CA02_B,False,Core_Quests.json#CA03
CA03,探索深暗之域,任务完成,SW.Item.CaveCrawlerChest_Unique,扭曲监守者背心,CA02_B,False,Core_Quests.json#CA03
CA06,归还音符盒,任务完成,SW.Item.CaveCrawlerChest_Unique,扭曲监守者背心,CA05,False,Core_Quests.json#CA06
CA04_BR,CA04_BR,任务完成,SW.Item.CaveCrawlerChest_Unique,扭曲监守者背心,CA04,True,Core_Quests.json#CA04_BR
CA03_BR,复活的扭曲监守者,首次完成,SW.Item.CaveCrawlerChest_Unique,扭曲监守者背心,CA03,True,Core_Quests.json#CA03_BR
CA03_BR,复活的扭曲监守者,任务完成,SW.Item.CaveCrawlerChest_Unique,扭曲监守者背心,CA03,True,Core_Quests.json#CA03_BR
CA10_BR_B,复活的红石巨兽,首次完成,SW.Item.CaveCrawlerChest_Unique,扭曲监守者背心,CA10,True,Core_Quests.json#CA10_BR_B
CA10_BR_B,复活的红石巨兽,首次完成,SW.Item.CaveCrawlerChest_Unique,扭曲监守者背心,CA10,True,Core_Quests.json#CA10_BR_B
CA10_BR_B,复活的红石巨兽,任务完成,SW.Item.CaveCrawlerChest_Unique,扭曲监守者背心,CA10,True,Core_Quests.json#CA10_BR_B
CA10_BR,最终魂战：返场,首次完成,SW.Item.CaveCrawlerChest_Unique,扭曲监守者背心,CA10,True,Core_Quests.json#CA10_BR
CA10_BR,最终魂战：返场,首次完成,SW.Item.CaveCrawlerChest_Unique,扭曲监守者背心,CA10,True,Core_Quests.json#CA10_BR
CA10_BR,最终魂战：返场,任务完成,SW.Item.CaveCrawlerChest_Unique,扭曲监守者背心,CA10,True,Core_Quests.json#CA10_BR
CA03,探索深暗之域,任务完成,SW.Item.CaveCrawlerHelmet_Unique,扭曲监守者眼罩,CA02_B,False,Core_Quests.json#CA03
CA06,归还音符盒,任务完成,SW.Item.CaveCrawlerHelmet_Unique,扭曲监守者眼罩,CA05,False,Core_Quests.json#CA06
CA04_BR,CA04_BR,任务完成,SW.Item.CaveCrawlerHelmet_Unique,扭曲监守者眼罩,CA04,True,Core_Quests.json#CA04_BR
CA03_BR,复活的扭曲监守者,首次完成,SW.Item.CaveCrawlerHelmet_Unique,扭曲监守者眼罩,CA03,True,Core_Quests.json#CA03_BR
CA03_BR,复活的扭曲监守者,任务完成,SW.Item.CaveCrawlerHelmet_Unique,扭曲监守者眼罩,CA03,True,Core_Quests.json#CA03_BR
CA10_BR_B,复活的红石巨兽,首次完成,SW.Item.CaveCrawlerHelmet_Unique,扭曲监守者眼罩,CA10,True,Core_Quests.json#CA10_BR_B
CA10_BR_B,复活的红石巨兽,首次完成,SW.Item.CaveCrawlerHelmet_Unique,扭曲监守者眼罩,CA10,True,Core_Quests.json#CA10_BR_B
CA10_BR_B,复活的红石巨兽,任务完成,SW.Item.CaveCrawlerHelmet_Unique,扭曲监守者眼罩,CA10,True,Core_Quests.json#CA10_BR_B
CA10_BR,最终魂战：返场,首次完成,SW.Item.CaveCrawlerHelmet_Unique,扭曲监守者眼罩,CA10,True,Core_Quests.json#CA10_BR
CA10_BR,最终魂战：返场,首次完成,SW.Item.CaveCrawlerHelmet_Unique,扭曲监守者眼罩,CA10,True,Core_Quests.json#CA10_BR
CA10_BR,最终魂战：返场,任务完成,SW.Item.CaveCrawlerHelmet_Unique,扭曲监守者眼罩,CA10,True,Core_Quests.json#CA10_BR
CA03,探索深暗之域,任务完成,SW.Item.CaveCrawlerLeggings_Unique,扭曲监守者紧身裤,CA02_B,False,Core_Quests.json#CA03
CA06,归还音符盒,任务完成,SW.Item.CaveCrawlerLeggings_Unique,扭曲监守者紧身裤,CA05,False,Core_Quests.json#CA06
CA04_BR,CA04_BR,任务完成,SW.Item.CaveCrawlerLeggings_Unique,扭曲监守者紧身裤,CA04,True,Core_Quests.json#CA04_BR
CA03_BR,复活的扭曲监守者,首次完成,SW.Item.CaveCrawlerLeggings_Unique,扭曲监守者紧身裤,CA03,True,Core_Quests.json#CA03_BR
CA03_BR,复活的扭曲监守者,任务完成,SW.Item.CaveCrawlerLeggings_Unique,扭曲监守者紧身裤,CA03,True,Core_Quests.json#CA03_BR
CA10_BR_B,复活的红石巨兽,首次完成,SW.Item.CaveCrawlerLeggings_Unique,扭曲监守者紧身裤,CA10,True,Core_Quests.json#CA10_BR_B
CA10_BR_B,复活的红石巨兽,首次完成,SW.Item.CaveCrawlerLeggings_Unique,扭曲监守者紧身裤,CA10,True,Core_Quests.json#CA10_BR_B
CA10_BR_B,复活的红石巨兽,任务完成,SW.Item.CaveCrawlerLeggings_Unique,扭曲监守者紧身裤,CA10,True,Core_Quests.json#CA10_BR_B
CA10_BR,最终魂战：返场,首次完成,SW.Item.CaveCrawlerLeggings_Unique,扭曲监守者紧身裤,CA10,True,Core_Quests.json#CA10_BR
CA10_BR,最终魂战：返场,首次完成,SW.Item.CaveCrawlerLeggings_Unique,扭曲监守者紧身裤,CA10,True,Core_Quests.json#CA10_BR
CA10_BR,最终魂战：返场,任务完成,SW.Item.CaveCrawlerLeggings_Unique,扭曲监守者紧身裤,CA10,True,Core_Quests.json#CA10_BR
CA01,来自裂隙的灾厄村民,任务完成,SW.Item.RealmreacherChest_Unique,神射手风衣,CA00,False,Core_Quests.json#CA01
CA07,穿越多雨平原,任务完成,SW.Item.RealmreacherChest_Unique,神射手风衣,CA04,False,Core_Quests.json#CA07
CA00,逃离鱿鱼海岸,任务完成,SW.Item.RealmreacherChest_Unique,神射手风衣,,False,Core_Quests.json#CA00
CA07_BR,复活的铜巨兽,任务完成,SW.Item.RealmreacherChest_Unique,神射手风衣,CA07,True,Core_Quests.json#CA07_BR
CA01_B,失踪的商人,任务完成,SW.Item.RealmreacherChest_Unique,神射手风衣,CA01,False,Core_Quests.json#CA01_B
PLa1_S04_A,养蜂人,任务完成,SW.Item.RealmreacherChest_Unique,神射手风衣,CA01,False,PlainsA1_Quests.json#PLa1_S04_A
TOa1_S01_A,"TextReleaseQuestTrackerLabels.csv,TOa1_S01_A",任务完成,SW.Item.RealmreacherChest_Unique,神射手风衣,CA03,False,Town_Quests.json#TOa1_S01_A
CA01,来自裂隙的灾厄村民,任务完成,SW.Item.RealmreacherLeggings_Unique,神射手套裤,CA00,False,Core_Quests.json#CA01
CA07,穿越多雨平原,任务完成,SW.Item.RealmreacherLeggings_Unique,神射手套裤,CA04,False,Core_Quests.json#CA07
CA00,逃离鱿鱼海岸,任务完成,SW.Item.RealmreacherLeggings_Unique,神射手套裤,,False,Core_Quests.json#CA00
CA07_BR,复活的铜巨兽,任务完成,SW.Item.RealmreacherLeggings_Unique,神射手套裤,CA07,True,Core_Quests.json#CA07_BR
CA01_B,失踪的商人,任务完成,SW.Item.RealmreacherLeggings_Unique,神射手套裤,CA01,False,Core_Quests.json#CA01_B
PLa1_S04_A,养蜂人,任务完成,SW.Item.RealmreacherLeggings_Unique,神射手套裤,CA01,False,PlainsA1_Quests.json#PLa1_S04_A
TOa1_S01_A,"TextReleaseQuestTrackerLabels.csv,TOa1_S01_A",任务完成,SW.Item.RealmreacherLeggings_Unique,神射手套裤,CA03,False,Town_Quests.json#TOa1_S01_A
CA01,来自裂隙的灾厄村民,任务完成,SW.Item.RealmreacherBoots_Unique,神射手马刺靴,CA00,False,Core_Quests.json#CA01
CA07,穿越多雨平原,任务完成,SW.Item.RealmreacherBoots_Unique,神射手马刺靴,CA04,False,Core_Quests.json#CA07
CA00,逃离鱿鱼海岸,任务完成,SW.Item.RealmreacherBoots_Unique,神射手马刺靴,,False,Core_Quests.json#CA00
CA07_BR,复活的铜巨兽,任务完成,SW.Item.RealmreacherBoots_Unique,神射手马刺靴,CA07,True,Core_Quests.json#CA07_BR
CA01_B,失踪的商人,任务完成,SW.Item.RealmreacherBoots_Unique,神射手马刺靴,CA01,False,Core_Quests.json#CA01_B
PLa1_S04_A,养蜂人,任务完成,SW.Item.RealmreacherBoots_Unique,神射手马刺靴,CA01,False,PlainsA1_Quests.json#PLa1_S04_A
TOa1_S01_A,"TextReleaseQuestTrackerLabels.csv,TOa1_S01_A",任务完成,SW.Item.RealmreacherBoots_Unique,神射手马刺靴,CA03,False,Town_Quests.json#TOa1_S01_A
CA01,来自裂隙的灾厄村民,任务完成,SW.Item.RealmreacherHelmet_Unique,神射手软呢帽,CA00,False,Core_Quests.json#CA01
CA07,穿越多雨平原,任务完成,SW.Item.RealmreacherHelmet_Unique,神射手软呢帽,CA04,False,Core_Quests.json#CA07
CA00,逃离鱿鱼海岸,任务完成,SW.Item.RealmreacherHelmet_Unique,神射手软呢帽,,False,Core_Quests.json#CA00
CA07_BR,复活的铜巨兽,任务完成,SW.Item.RealmreacherHelmet_Unique,神射手软呢帽,CA07,True,Core_Quests.json#CA07_BR
CA01_B,失踪的商人,任务完成,SW.Item.RealmreacherHelmet_Unique,神射手软呢帽,CA01,False,Core_Quests.json#CA01_B
PLa1_S04_A,养蜂人,任务完成,SW.Item.RealmreacherHelmet_Unique,神射手软呢帽,CA01,False,PlainsA1_Quests.json#PLa1_S04_A
TOa1_S01_A,"TextReleaseQuestTrackerLabels.csv,TOa1_S01_A",任务完成,SW.Item.RealmreacherHelmet_Unique,神射手软呢帽,CA03,False,Town_Quests.json#TOa1_S01_A
CA03,探索深暗之域,任务完成,SW.Item.StalwartHelmet,守卫者头盔,CA02_B,False,Core_Quests.json#CA03
CA06,归还音符盒,任务完成,SW.Item.StalwartHelmet,守卫者头盔,CA05,False,Core_Quests.json#CA06
CA04_BR,CA04_BR,任务完成,SW.Item.StalwartHelmet,守卫者头盔,CA04,True,Core_Quests.json#CA04_BR
CA09,幽匿者之怒,任务完成,SW.Item.StalwartHelmet,守卫者头盔,CA08_B,False,Core_Quests.json#CA09
CA10,最终魂战,任务完成,SW.Item.StalwartHelmet,守卫者头盔,CA09,False,Core_Quests.json#CA10
CA03_BR,复活的扭曲监守者,任务完成,SW.Item.StalwartHelmet,守卫者头盔,CA03,True,Core_Quests.json#CA03_BR
CA03,探索深暗之域,任务完成,SW.Item.StalwartChest,守卫者胸甲,CA02_B,False,Core_Quests.json#CA03
CA06,归还音符盒,任务完成,SW.Item.StalwartChest,守卫者胸甲,CA05,False,Core_Quests.json#CA06
CA04_BR,CA04_BR,任务完成,SW.Item.StalwartChest,守卫者胸甲,CA04,True,Core_Quests.json#CA04_BR
CA09,幽匿者之怒,任务完成,SW.Item.StalwartChest,守卫者胸甲,CA08_B,False,Core_Quests.json#CA09
CA10,最终魂战,任务完成,SW.Item.StalwartChest,守卫者胸甲,CA09,False,Core_Quests.json#CA10
CA03_BR,复活的扭曲监守者,任务完成,SW.Item.StalwartChest,守卫者胸甲,CA03,True,Core_Quests.json#CA03_BR
CA03,探索深暗之域,任务完成,SW.Item.StalwartLeggings,守卫者护胫,CA02_B,False,Core_Quests.json#CA03
CA06,归还音符盒,任务完成,SW.Item.StalwartLeggings,守卫者护胫,CA05,False,Core_Quests.json#CA06
CA04_BR,CA04_BR,任务完成,SW.Item.StalwartLeggings,守卫者护胫,CA04,True,Core_Quests.json#CA04_BR
CA09,幽匿者之怒,任务完成,SW.Item.StalwartLeggings,守卫者护胫,CA08_B,False,Core_Quests.json#CA09
CA10,最终魂战,任务完成,SW.Item.StalwartLeggings,守卫者护胫,CA09,False,Core_Quests.json#CA10
CA03_BR,复活的扭曲监守者,任务完成,SW.Item.StalwartLeggings,守卫者护胫,CA03,True,Core_Quests.json#CA03_BR
CA03,探索深暗之域,任务完成,SW.Item.StalwartBoots,守卫者之靴,CA02_B,False,Core_Quests.json#CA03
CA06,归还音符盒,任务完成,SW.Item.StalwartBoots,守卫者之靴,CA05,False,Core_Quests.json#CA06
CA04_BR,CA04_BR,任务完成,SW.Item.StalwartBoots,守卫者之靴,CA04,True,Core_Quests.json#CA04_BR
CA09,幽匿者之怒,任务完成,SW.Item.StalwartBoots,守卫者之靴,CA08_B,False,Core_Quests.json#CA09
CA10,最终魂战,任务完成,SW.Item.StalwartBoots,守卫者之靴,CA09,False,Core_Quests.json#CA10
CA03_BR,复活的扭曲监守者,任务完成,SW.Item.StalwartBoots,守卫者之靴,CA03,True,Core_Quests.json#CA03_BR
CA03,探索深暗之域,任务完成,SW.Item.StalwartHelmet_Unique,轰鸣虫触角,CA02_B,False,Core_Quests.json#CA03
CA06,归还音符盒,任务完成,SW.Item.StalwartHelmet_Unique,轰鸣虫触角,CA05,False,Core_Quests.json#CA06
CA04_BR,CA04_BR,任务完成,SW.Item.StalwartHelmet_Unique,轰鸣虫触角,CA04,True,Core_Quests.json#CA04_BR
CA09,幽匿者之怒,任务完成,SW.Item.StalwartHelmet_Unique,轰鸣虫触角,CA08_B,False,Core_Quests.json#CA09
CA10,最终魂战,首次完成,SW.Item.StalwartHelmet_Unique,轰鸣虫触角,CA09,False,Core_Quests.json#CA10
CA10,最终魂战,任务完成,SW.Item.StalwartHelmet_Unique,轰鸣虫触角,CA09,False,Core_Quests.json#CA10
CA03_BR,复活的扭曲监守者,任务完成,SW.Item.StalwartHelmet_Unique,轰鸣虫触角,CA03,True,Core_Quests.json#CA03_BR
CA03,探索深暗之域,任务完成,SW.Item.StalwartChest_Unique,轰鸣虫甲壳,CA02_B,False,Core_Quests.json#CA03
CA06,归还音符盒,任务完成,SW.Item.StalwartChest_Unique,轰鸣虫甲壳,CA05,False,Core_Quests.json#CA06
CA04_BR,CA04_BR,任务完成,SW.Item.StalwartChest_Unique,轰鸣虫甲壳,CA04,True,Core_Quests.json#CA04_BR
CA09,幽匿者之怒,任务完成,SW.Item.StalwartChest_Unique,轰鸣虫甲壳,CA08_B,False,Core_Quests.json#CA09
CA10,最终魂战,首次完成,SW.Item.StalwartChest_Unique,轰鸣虫甲壳,CA09,False,Core_Quests.json#CA10
CA10,最终魂战,任务完成,SW.Item.StalwartChest_Unique,轰鸣虫甲壳,CA09,False,Core_Quests.json#CA10
CA03_BR,复活的扭曲监守者,任务完成,SW.Item.StalwartChest_Unique,轰鸣虫甲壳,CA03,True,Core_Quests.json#CA03_BR
CA03,探索深暗之域,任务完成,SW.Item.StalwartLeggings_Unique,轰鸣虫胫甲,CA02_B,False,Core_Quests.json#CA03
CA06,归还音符盒,任务完成,SW.Item.StalwartLeggings_Unique,轰鸣虫胫甲,CA05,False,Core_Quests.json#CA06
CA04_BR,CA04_BR,任务完成,SW.Item.StalwartLeggings_Unique,轰鸣虫胫甲,CA04,True,Core_Quests.json#CA04_BR
CA09,幽匿者之怒,任务完成,SW.Item.StalwartLeggings_Unique,轰鸣虫胫甲,CA08_B,False,Core_Quests.json#CA09
CA10,最终魂战,首次完成,SW.Item.StalwartLeggings_Unique,轰鸣虫胫甲,CA09,False,Core_Quests.json#CA10
CA10,最终魂战,任务完成,SW.Item.StalwartLeggings_Unique,轰鸣虫胫甲,CA09,False,Core_Quests.json#CA10
CA03_BR,复活的扭曲监守者,任务完成,SW.Item.StalwartLeggings_Unique,轰鸣虫胫甲,CA03,True,Core_Quests.json#CA03_BR
CA03,探索深暗之域,任务完成,SW.Item.StalwartBoots_Unique,轰鸣虫跗靴,CA02_B,False,Core_Quests.json#CA03
CA06,归还音符盒,任务完成,SW.Item.StalwartBoots_Unique,轰鸣虫跗靴,CA05,False,Core_Quests.json#CA06
CA04_BR,CA04_BR,任务完成,SW.Item.StalwartBoots_Unique,轰鸣虫跗靴,CA04,True,Core_Quests.json#CA04_BR
CA09,幽匿者之怒,任务完成,SW.Item.StalwartBoots_Unique,轰鸣虫跗靴,CA08_B,False,Core_Quests.json#CA09
CA10,最终魂战,首次完成,SW.Item.StalwartBoots_Unique,轰鸣虫跗靴,CA09,False,Core_Quests.json#CA10
CA10,最终魂战,任务完成,SW.Item.StalwartBoots_Unique,轰鸣虫跗靴,CA09,False,Core_Quests.json#CA10
CA03_BR,复活的扭曲监守者,任务完成,SW.Item.StalwartBoots_Unique,轰鸣虫跗靴,CA03,True,Core_Quests.json#CA03_BR
CA02,沉寂的小嚎村,任务完成,SW.Item.WolfclutchBoots_Unique,头狼之爪,CA01_B,False,Core_Quests.json#CA02
CA04,丢失的音符盒,任务完成,SW.Item.WolfclutchBoots_Unique,头狼之爪,CA03,False,Core_Quests.json#CA04
CA02_B,林中腐化,任务完成,SW.Item.WolfclutchBoots_Unique,头狼之爪,CA02_C,False,Core_Quests.json#CA02_B
CA02_B_BR,复活的女巫,任务完成,SW.Item.WolfclutchBoots_Unique,头狼之爪,CA02_B,True,Core_Quests.json#CA02_B_BR
CA02,沉寂的小嚎村,任务完成,SW.Item.WolfclutchChest_Unique,头狼兽皮,CA01_B,False,Core_Quests.json#CA02
CA04,丢失的音符盒,任务完成,SW.Item.WolfclutchChest_Unique,头狼兽皮,CA03,False,Core_Quests.json#CA04
CA02_B,林中腐化,任务完成,SW.Item.WolfclutchChest_Unique,头狼兽皮,CA02_C,False,Core_Quests.json#CA02_B
CA02_B_BR,复活的女巫,任务完成,SW.Item.WolfclutchChest_Unique,头狼兽皮,CA02_B,True,Core_Quests.json#CA02_B_BR
CA02,沉寂的小嚎村,任务完成,SW.Item.WolfclutchHelmet_Unique,头狼口套,CA01_B,False,Core_Quests.json#CA02
CA04,丢失的音符盒,任务完成,SW.Item.WolfclutchHelmet_Unique,头狼口套,CA03,False,Core_Quests.json#CA04
CA02_B,林中腐化,任务完成,SW.Item.WolfclutchHelmet_Unique,头狼口套,CA02_C,False,Core_Quests.json#CA02_B
CA02_B_BR,复活的女巫,任务完成,SW.Item.WolfclutchHelmet_Unique,头狼口套,CA02_B,True,Core_Quests.json#CA02_B_BR
CA02,沉寂的小嚎村,任务完成,SW.Item.WolfclutchLeggings_Unique,头狼毛皮套裤,CA01_B,False,Core_Quests.json#CA02
CA04,丢失的音符盒,任务完成,SW.Item.WolfclutchLeggings_Unique,头狼毛皮套裤,CA03,False,Core_Quests.json#CA04
CA02_B,林中腐化,任务完成,SW.Item.WolfclutchLeggings_Unique,头狼毛皮套裤,CA02_C,False,Core_Quests.json#CA02_B
CA02_B_BR,复活的女巫,任务完成,SW.Item.WolfclutchLeggings_Unique,头狼毛皮套裤,CA02_B,True,Core_Quests.json#CA02_B_BR
CA01,来自裂隙的灾厄村民,任务完成,SW.Item.MysticHelmet,神秘头箍,CA00,False,Core_Quests.json#CA01
CA03,探索深暗之域,任务完成,SW.Item.MysticHelmet,神秘头箍,CA02_B,False,Core_Quests.json#CA03
CA06,归还音符盒,任务完成,SW.Item.MysticHelmet,神秘头箍,CA05,False,Core_Quests.json#CA06
CA04_BR,CA04_BR,任务完成,SW.Item.MysticHelmet,神秘头箍,CA04,True,Core_Quests.json#CA04_BR
CA00,逃离鱿鱼海岸,首次完成,SW.Item.MysticHelmet,神秘头箍,,False,Core_Quests.json#CA00
CA00,逃离鱿鱼海岸,任务完成,SW.Item.MysticHelmet,神秘头箍,,False,Core_Quests.json#CA00
CA03_BR,复活的扭曲监守者,任务完成,SW.Item.MysticHelmet,神秘头箍,CA03,True,Core_Quests.json#CA03_BR
CA01_B,失踪的商人,任务完成,SW.Item.MysticHelmet,神秘头箍,CA01,False,Core_Quests.json#CA01_B
PLa1_S04_A,养蜂人,任务完成,SW.Item.MysticHelmet,神秘头箍,CA01,False,PlainsA1_Quests.json#PLa1_S04_A
TOa1_S01_A,"TextReleaseQuestTrackerLabels.csv,TOa1_S01_A",任务完成,SW.Item.MysticHelmet,神秘头箍,CA03,False,Town_Quests.json#TOa1_S01_A
CA01,来自裂隙的灾厄村民,任务完成,SW.Item.MysticChest,神秘长袍,CA00,False,Core_Quests.json#CA01
CA03,探索深暗之域,任务完成,SW.Item.MysticChest,神秘长袍,CA02_B,False,Core_Quests.json#CA03
CA06,归还音符盒,任务完成,SW.Item.MysticChest,神秘长袍,CA05,False,Core_Quests.json#CA06
CA04_BR,CA04_BR,任务完成,SW.Item.MysticChest,神秘长袍,CA04,True,Core_Quests.json#CA04_BR
CA00,逃离鱿鱼海岸,首次完成,SW.Item.MysticChest,神秘长袍,,False,Core_Quests.json#CA00
CA00,逃离鱿鱼海岸,任务完成,SW.Item.MysticChest,神秘长袍,,False,Core_Quests.json#CA00
CA03_BR,复活的扭曲监守者,任务完成,SW.Item.MysticChest,神秘长袍,CA03,True,Core_Quests.json#CA03_BR
CA01_B,失踪的商人,任务完成,SW.Item.MysticChest,神秘长袍,CA01,False,Core_Quests.json#CA01_B
PLa1_S04_A,养蜂人,任务完成,SW.Item.MysticChest,神秘长袍,CA01,False,PlainsA1_Quests.json#PLa1_S04_A
TOa1_S01_A,"TextReleaseQuestTrackerLabels.csv,TOa1_S01_A",任务完成,SW.Item.MysticChest,神秘长袍,CA03,False,Town_Quests.json#TOa1_S01_A
CA01,来自裂隙的灾厄村民,任务完成,SW.Item.MysticLeggings,神秘护腿,CA00,False,Core_Quests.json#CA01
CA03,探索深暗之域,任务完成,SW.Item.MysticLeggings,神秘护腿,CA02_B,False,Core_Quests.json#CA03
CA06,归还音符盒,任务完成,SW.Item.MysticLeggings,神秘护腿,CA05,False,Core_Quests.json#CA06
CA04_BR,CA04_BR,任务完成,SW.Item.MysticLeggings,神秘护腿,CA04,True,Core_Quests.json#CA04_BR
CA00,逃离鱿鱼海岸,首次完成,SW.Item.MysticLeggings,神秘护腿,,False,Core_Quests.json#CA00
CA00,逃离鱿鱼海岸,任务完成,SW.Item.MysticLeggings,神秘护腿,,False,Core_Quests.json#CA00
CA03_BR,复活的扭曲监守者,任务完成,SW.Item.MysticLeggings,神秘护腿,CA03,True,Core_Quests.json#CA03_BR
CA01_B,失踪的商人,任务完成,SW.Item.MysticLeggings,神秘护腿,CA01,False,Core_Quests.json#CA01_B
PLa1_S04_A,养蜂人,任务完成,SW.Item.MysticLeggings,神秘护腿,CA01,False,PlainsA1_Quests.json#PLa1_S04_A
TOa1_S01_A,"TextReleaseQuestTrackerLabels.csv,TOa1_S01_A",任务完成,SW.Item.MysticLeggings,神秘护腿,CA03,False,Town_Quests.json#TOa1_S01_A
CA01,来自裂隙的灾厄村民,任务完成,SW.Item.MysticBoots,神秘靴,CA00,False,Core_Quests.json#CA01
CA03,探索深暗之域,任务完成,SW.Item.MysticBoots,神秘靴,CA02_B,False,Core_Quests.json#CA03
CA06,归还音符盒,任务完成,SW.Item.MysticBoots,神秘靴,CA05,False,Core_Quests.json#CA06
CA04_BR,CA04_BR,任务完成,SW.Item.MysticBoots,神秘靴,CA04,True,Core_Quests.json#CA04_BR
CA00,逃离鱿鱼海岸,首次完成,SW.Item.MysticBoots,神秘靴,,False,Core_Quests.json#CA00
CA00,逃离鱿鱼海岸,任务完成,SW.Item.MysticBoots,神秘靴,,False,Core_Quests.json#CA00
CA03_BR,复活的扭曲监守者,任务完成,SW.Item.MysticBoots,神秘靴,CA03,True,Core_Quests.json#CA03_BR
CA01_B,失踪的商人,任务完成,SW.Item.MysticBoots,神秘靴,CA01,False,Core_Quests.json#CA01_B
PLa1_S04_A,养蜂人,任务完成,SW.Item.MysticBoots,神秘靴,CA01,False,PlainsA1_Quests.json#PLa1_S04_A
TOa1_S01_A,"TextReleaseQuestTrackerLabels.csv,TOa1_S01_A",任务完成,SW.Item.MysticBoots,神秘靴,CA03,False,Town_Quests.json#TOa1_S01_A
CAa1_S02_A,探秘灵液泉,首次完成,SW.Item.MysticHelmet_Unique,神谕王冠,CA09,False,CarapaceA1_Quests.json#CAa1_S02_A
CA01,来自裂隙的灾厄村民,任务完成,SW.Item.MysticHelmet_Unique,神谕王冠,CA00,False,Core_Quests.json#CA01
CA03,探索深暗之域,任务完成,SW.Item.MysticHelmet_Unique,神谕王冠,CA02_B,False,Core_Quests.json#CA03
CA06,归还音符盒,任务完成,SW.Item.MysticHelmet_Unique,神谕王冠,CA05,False,Core_Quests.json#CA06
CA04_BR,CA04_BR,任务完成,SW.Item.MysticHelmet_Unique,神谕王冠,CA04,True,Core_Quests.json#CA04_BR
CA00,逃离鱿鱼海岸,首次完成,SW.Item.MysticHelmet_Unique,神谕王冠,,False,Core_Quests.json#CA00
CA00,逃离鱿鱼海岸,任务完成,SW.Item.MysticHelmet_Unique,神谕王冠,,False,Core_Quests.json#CA00
CA03_BR,复活的扭曲监守者,任务完成,SW.Item.MysticHelmet_Unique,神谕王冠,CA03,True,Core_Quests.json#CA03_BR
CA01_B,失踪的商人,任务完成,SW.Item.MysticHelmet_Unique,神谕王冠,CA01,False,Core_Quests.json#CA01_B
PLa1_S04_A,养蜂人,任务完成,SW.Item.MysticHelmet_Unique,神谕王冠,CA01,False,PlainsA1_Quests.json#PLa1_S04_A
TOa1_S01_A,"TextReleaseQuestTrackerLabels.csv,TOa1_S01_A",任务完成,SW.Item.MysticHelmet_Unique,神谕王冠,CA03,False,Town_Quests.json#TOa1_S01_A
CAa1_S02_A,探秘灵液泉,首次完成,SW.Item.MysticChest_Unique,神谕披风,CA09,False,CarapaceA1_Quests.json#CAa1_S02_A
CA01,来自裂隙的灾厄村民,任务完成,SW.Item.MysticChest_Unique,神谕披风,CA00,False,Core_Quests.json#CA01
CA03,探索深暗之域,任务完成,SW.Item.MysticChest_Unique,神谕披风,CA02_B,False,Core_Quests.json#CA03
CA06,归还音符盒,任务完成,SW.Item.MysticChest_Unique,神谕披风,CA05,False,Core_Quests.json#CA06
CA04_BR,CA04_BR,任务完成,SW.Item.MysticChest_Unique,神谕披风,CA04,True,Core_Quests.json#CA04_BR
CA00,逃离鱿鱼海岸,首次完成,SW.Item.MysticChest_Unique,神谕披风,,False,Core_Quests.json#CA00
CA00,逃离鱿鱼海岸,任务完成,SW.Item.MysticChest_Unique,神谕披风,,False,Core_Quests.json#CA00
CA03_BR,复活的扭曲监守者,任务完成,SW.Item.MysticChest_Unique,神谕披风,CA03,True,Core_Quests.json#CA03_BR
CA01_B,失踪的商人,任务完成,SW.Item.MysticChest_Unique,神谕披风,CA01,False,Core_Quests.json#CA01_B
PLa1_S04_A,养蜂人,任务完成,SW.Item.MysticChest_Unique,神谕披风,CA01,False,PlainsA1_Quests.json#PLa1_S04_A
TOa1_S01_A,"TextReleaseQuestTrackerLabels.csv,TOa1_S01_A",任务完成,SW.Item.MysticChest_Unique,神谕披风,CA03,False,Town_Quests.json#TOa1_S01_A
CAa1_S02_A,探秘灵液泉,首次完成,SW.Item.MysticLeggings_Unique,神谕紧身裤,CA09,False,CarapaceA1_Quests.json#CAa1_S02_A
CA01,来自裂隙的灾厄村民,任务完成,SW.Item.MysticLeggings_Unique,神谕紧身裤,CA00,False,Core_Quests.json#CA01
CA03,探索深暗之域,任务完成,SW.Item.MysticLeggings_Unique,神谕紧身裤,CA02_B,False,Core_Quests.json#CA03
CA06,归还音符盒,任务完成,SW.Item.MysticLeggings_Unique,神谕紧身裤,CA05,False,Core_Quests.json#CA06
CA04_BR,CA04_BR,任务完成,SW.Item.MysticLeggings_Unique,神谕紧身裤,CA04,True,Core_Quests.json#CA04_BR
CA00,逃离鱿鱼海岸,首次完成,SW.Item.MysticLeggings_Unique,神谕紧身裤,,False,Core_Quests.json#CA00
CA00,逃离鱿鱼海岸,任务完成,SW.Item.MysticLeggings_Unique,神谕紧身裤,,False,Core_Quests.json#CA00
CA03_BR,复活的扭曲监守者,任务完成,SW.Item.MysticLeggings_Unique,神谕紧身裤,CA03,True,Core_Quests.json#CA03_BR
CA01_B,失踪的商人,任务完成,SW.Item.MysticLeggings_Unique,神谕紧身裤,CA01,False,Core_Quests.json#CA01_B
PLa1_S04_A,养蜂人,任务完成,SW.Item.MysticLeggings_Unique,神谕紧身裤,CA01,False,PlainsA1_Quests.json#PLa1_S04_A
TOa1_S01_A,"TextReleaseQuestTrackerLabels.csv,TOa1_S01_A",任务完成,SW.Item.MysticLeggings_Unique,神谕紧身裤,CA03,False,Town_Quests.json#TOa1_S01_A
CAa1_S02_A,探秘灵液泉,首次完成,SW.Item.MysticBoots_Unique,神谕凉鞋,CA09,False,CarapaceA1_Quests.json#CAa1_S02_A
CA01,来自裂隙的灾厄村民,任务完成,SW.Item.MysticBoots_Unique,神谕凉鞋,CA00,False,Core_Quests.json#CA01
CA03,探索深暗之域,任务完成,SW.Item.MysticBoots_Unique,神谕凉鞋,CA02_B,False,Core_Quests.json#CA03
CA06,归还音符盒,任务完成,SW.Item.MysticBoots_Unique,神谕凉鞋,CA05,False,Core_Quests.json#CA06
CA04_BR,CA04_BR,任务完成,SW.Item.MysticBoots_Unique,神谕凉鞋,CA04,True,Core_Quests.json#CA04_BR
CA00,逃离鱿鱼海岸,首次完成,SW.Item.MysticBoots_Unique,神谕凉鞋,,False,Core_Quests.json#CA00
CA00,逃离鱿鱼海岸,任务完成,SW.Item.MysticBoots_Unique,神谕凉鞋,,False,Core_Quests.json#CA00
CA03_BR,复活的扭曲监守者,任务完成,SW.Item.MysticBoots_Unique,神谕凉鞋,CA03,True,Core_Quests.json#CA03_BR
CA01_B,失踪的商人,任务完成,SW.Item.MysticBoots_Unique,神谕凉鞋,CA01,False,Core_Quests.json#CA01_B
PLa1_S04_A,养蜂人,任务完成,SW.Item.MysticBoots_Unique,神谕凉鞋,CA01,False,PlainsA1_Quests.json#PLa1_S04_A
TOa1_S01_A,"TextReleaseQuestTrackerLabels.csv,TOa1_S01_A",任务完成,SW.Item.MysticBoots_Unique,神谕凉鞋,CA03,False,Town_Quests.json#TOa1_S01_A
CA02,沉寂的小嚎村,任务完成,SW.Item.PhantomHelmet,幻翼头盔,CA01_B,False,Core_Quests.json#CA02
CA04,丢失的音符盒,首次完成,SW.Item.PhantomHelmet,幻翼头盔,CA03,False,Core_Quests.json#CA04
CA04,丢失的音符盒,任务完成,SW.Item.PhantomHelmet,幻翼头盔,CA03,False,Core_Quests.json#CA04
CA02_B,林中腐化,任务完成,SW.Item.PhantomHelmet,幻翼头盔,CA02_C,False,Core_Quests.json#CA02_B
CA09,幽匿者之怒,任务完成,SW.Item.PhantomHelmet,幻翼头盔,CA08_B,False,Core_Quests.json#CA09
CA10,最终魂战,任务完成,SW.Item.PhantomHelmet,幻翼头盔,CA09,False,Core_Quests.json#CA10
CA02_B_BR,复活的女巫,任务完成,SW.Item.PhantomHelmet,幻翼头盔,CA02_B,True,Core_Quests.json#CA02_B_BR
CA02,沉寂的小嚎村,任务完成,SW.Item.PhantomChest,幻翼胸甲,CA01_B,False,Core_Quests.json#CA02
CA04,丢失的音符盒,首次完成,SW.Item.PhantomChest,幻翼胸甲,CA03,False,Core_Quests.json#CA04
CA04,丢失的音符盒,任务完成,SW.Item.PhantomChest,幻翼胸甲,CA03,False,Core_Quests.json#CA04
CA02_B,林中腐化,任务完成,SW.Item.PhantomChest,幻翼胸甲,CA02_C,False,Core_Quests.json#CA02_B
CA09,幽匿者之怒,任务完成,SW.Item.PhantomChest,幻翼胸甲,CA08_B,False,Core_Quests.json#CA09
CA10,最终魂战,任务完成,SW.Item.PhantomChest,幻翼胸甲,CA09,False,Core_Quests.json#CA10
CA02_B_BR,复活的女巫,任务完成,SW.Item.PhantomChest,幻翼胸甲,CA02_B,True,Core_Quests.json#CA02_B_BR
CA02,沉寂的小嚎村,任务完成,SW.Item.PhantomLeggings,幻翼长裤,CA01_B,False,Core_Quests.json#CA02
CA04,丢失的音符盒,首次完成,SW.Item.PhantomLeggings,幻翼长裤,CA03,False,Core_Quests.json#CA04
CA04,丢失的音符盒,任务完成,SW.Item.PhantomLeggings,幻翼长裤,CA03,False,Core_Quests.json#CA04
CA02_B,林中腐化,任务完成,SW.Item.PhantomLeggings,幻翼长裤,CA02_C,False,Core_Quests.json#CA02_B
CA09,幽匿者之怒,任务完成,SW.Item.PhantomLeggings,幻翼长裤,CA08_B,False,Core_Quests.json#CA09
CA10,最终魂战,任务完成,SW.Item.PhantomLeggings,幻翼长裤,CA09,False,Core_Quests.json#CA10
CA02_B_BR,复活的女巫,任务完成,SW.Item.PhantomLeggings,幻翼长裤,CA02_B,True,Core_Quests.json#CA02_B_BR
CA02,沉寂的小嚎村,任务完成,SW.Item.PhantomBoots,幻翼靴,CA01_B,False,Core_Quests.json#CA02
CA04,丢失的音符盒,首次完成,SW.Item.PhantomBoots,幻翼靴,CA03,False,Core_Quests.json#CA04
CA04,丢失的音符盒,任务完成,SW.Item.PhantomBoots,幻翼靴,CA03,False,Core_Quests.json#CA04
CA02_B,林中腐化,任务完成,SW.Item.PhantomBoots,幻翼靴,CA02_C,False,Core_Quests.json#CA02_B
CA09,幽匿者之怒,任务完成,SW.Item.PhantomBoots,幻翼靴,CA08_B,False,Core_Quests.json#CA09
CA10,最终魂战,任务完成,SW.Item.PhantomBoots,幻翼靴,CA09,False,Core_Quests.json#CA10
CA02_B_BR,复活的女巫,任务完成,SW.Item.PhantomBoots,幻翼靴,CA02_B,True,Core_Quests.json#CA02_B_BR
CA07,穿越多雨平原,任务完成,SW.Item.HewnBarkHelmet,护林者面具,CA04,False,Core_Quests.json#CA07
CA08,消失的和声,任务完成,SW.Item.HewnBarkHelmet,护林者面具,CA06,False,Core_Quests.json#CA08
CA07_BR,复活的铜巨兽,任务完成,SW.Item.HewnBarkHelmet,护林者面具,CA07,True,Core_Quests.json#CA07_BR
CA09_BR,复活的幽匿巨兽,首次完成,SW.Item.HewnBarkHelmet,护林者面具,CA08_B,True,Core_Quests.json#CA09_BR
CA09_BR,复活的幽匿巨兽,首次完成,SW.Item.HewnBarkHelmet,护林者面具,CA08_B,True,Core_Quests.json#CA09_BR
CA09_BR,复活的幽匿巨兽,任务完成,SW.Item.HewnBarkHelmet,护林者面具,CA08_B,True,Core_Quests.json#CA09_BR
CA08_B,草甸巨兽,任务完成,SW.Item.HewnBarkHelmet,护林者面具,CA08,False,Core_Quests.json#CA08_B
CA07,穿越多雨平原,任务完成,SW.Item.HewnBarkChest,护林者胸甲,CA04,False,Core_Quests.json#CA07
CA08,消失的和声,任务完成,SW.Item.HewnBarkChest,护林者胸甲,CA06,False,Core_Quests.json#CA08
CA07_BR,复活的铜巨兽,任务完成,SW.Item.HewnBarkChest,护林者胸甲,CA07,True,Core_Quests.json#CA07_BR
CA09_BR,复活的幽匿巨兽,首次完成,SW.Item.HewnBarkChest,护林者胸甲,CA08_B,True,Core_Quests.json#CA09_BR
CA09_BR,复活的幽匿巨兽,首次完成,SW.Item.HewnBarkChest,护林者胸甲,CA08_B,True,Core_Quests.json#CA09_BR
CA09_BR,复活的幽匿巨兽,任务完成,SW.Item.HewnBarkChest,护林者胸甲,CA08_B,True,Core_Quests.json#CA09_BR
CA08_B,草甸巨兽,任务完成,SW.Item.HewnBarkChest,护林者胸甲,CA08,False,Core_Quests.json#CA08_B
CA07,穿越多雨平原,任务完成,SW.Item.HewnBarkLeggings,护林者护腿,CA04,False,Core_Quests.json#CA07
CA08,消失的和声,任务完成,SW.Item.HewnBarkLeggings,护林者护腿,CA06,False,Core_Quests.json#CA08
CA07_BR,复活的铜巨兽,任务完成,SW.Item.HewnBarkLeggings,护林者护腿,CA07,True,Core_Quests.json#CA07_BR
CA09_BR,复活的幽匿巨兽,首次完成,SW.Item.HewnBarkLeggings,护林者护腿,CA08_B,True,Core_Quests.json#CA09_BR
CA09_BR,复活的幽匿巨兽,首次完成,SW.Item.HewnBarkLeggings,护林者护腿,CA08_B,True,Core_Quests.json#CA09_BR
CA09_BR,复活的幽匿巨兽,任务完成,SW.Item.HewnBarkLeggings,护林者护腿,CA08_B,True,Core_Quests.json#CA09_BR
CA08_B,草甸巨兽,任务完成,SW.Item.HewnBarkLeggings,护林者护腿,CA08,False,Core_Quests.json#CA08_B
CA07,穿越多雨平原,任务完成,SW.Item.HewnBarkBoots,护林者木屐,CA04,False,Core_Quests.json#CA07
CA08,消失的和声,任务完成,SW.Item.HewnBarkBoots,护林者木屐,CA06,False,Core_Quests.json#CA08
CA07_BR,复活的铜巨兽,任务完成,SW.Item.HewnBarkBoots,护林者木屐,CA07,True,Core_Quests.json#CA07_BR
CA09_BR,复活的幽匿巨兽,首次完成,SW.Item.HewnBarkBoots,护林者木屐,CA08_B,True,Core_Quests.json#CA09_BR
CA09_BR,复活的幽匿巨兽,首次完成,SW.Item.HewnBarkBoots,护林者木屐,CA08_B,True,Core_Quests.json#CA09_BR
CA09_BR,复活的幽匿巨兽,任务完成,SW.Item.HewnBarkBoots,护林者木屐,CA08_B,True,Core_Quests.json#CA09_BR
CA08_B,草甸巨兽,任务完成,SW.Item.HewnBarkBoots,护林者木屐,CA08,False,Core_Quests.json#CA08_B
CA07,穿越多雨平原,任务完成,SW.Item.TimewornHelmet,界域行者帽,CA04,False,Core_Quests.json#CA07
CA02_B_BR,复活的女巫,首次完成,SW.Item.TimewornHelmet,界域行者帽,CA02_B,True,Core_Quests.json#CA02_B_BR
CA07_BR,复活的铜巨兽,任务完成,SW.Item.TimewornHelmet,界域行者帽,CA07,True,Core_Quests.json#CA07_BR
CA08_B,草甸巨兽,任务完成,SW.Item.TimewornHelmet,界域行者帽,CA08,False,Core_Quests.json#CA08_B
CA07,穿越多雨平原,任务完成,SW.Item.TimewornChest,界域行者长袍,CA04,False,Core_Quests.json#CA07
CA02_B_BR,复活的女巫,首次完成,SW.Item.TimewornChest,界域行者长袍,CA02_B,True,Core_Quests.json#CA02_B_BR
CA07_BR,复活的铜巨兽,任务完成,SW.Item.TimewornChest,界域行者长袍,CA07,True,Core_Quests.json#CA07_BR
CA08_B,草甸巨兽,任务完成,SW.Item.TimewornChest,界域行者长袍,CA08,False,Core_Quests.json#CA08_B
CA07,穿越多雨平原,任务完成,SW.Item.TimewornLeggings,界域行者护腿,CA04,False,Core_Quests.json#CA07
CA02_B_BR,复活的女巫,首次完成,SW.Item.TimewornLeggings,界域行者护腿,CA02_B,True,Core_Quests.json#CA02_B_BR
CA07_BR,复活的铜巨兽,任务完成,SW.Item.TimewornLeggings,界域行者护腿,CA07,True,Core_Quests.json#CA07_BR
CA08_B,草甸巨兽,任务完成,SW.Item.TimewornLeggings,界域行者护腿,CA08,False,Core_Quests.json#CA08_B
CA07,穿越多雨平原,任务完成,SW.Item.TimewornBoots,界域行者靴,CA04,False,Core_Quests.json#CA07
CA02_B_BR,复活的女巫,首次完成,SW.Item.TimewornBoots,界域行者靴,CA02_B,True,Core_Quests.json#CA02_B_BR
CA07_BR,复活的铜巨兽,任务完成,SW.Item.TimewornBoots,界域行者靴,CA07,True,Core_Quests.json#CA07_BR
CA08_B,草甸巨兽,任务完成,SW.Item.TimewornBoots,界域行者靴,CA08,False,Core_Quests.json#CA08_B
CA01,来自裂隙的灾厄村民,任务完成,SW.Item.HoneyHelmet,养蜂人面罩,CA00,False,Core_Quests.json#CA01
CA00,逃离鱿鱼海岸,任务完成,SW.Item.HoneyHelmet,养蜂人面罩,,False,Core_Quests.json#CA00
CA01_B,失踪的商人,首次完成,SW.Item.HoneyHelmet,养蜂人面罩,CA01,False,Core_Quests.json#CA01_B
CA01_B,失踪的商人,任务完成,SW.Item.HoneyHelmet,养蜂人面罩,CA01,False,Core_Quests.json#CA01_B
PLa1_S04_A,养蜂人,首次完成,SW.Item.HoneyHelmet,养蜂人面罩,CA01,False,PlainsA1_Quests.json#PLa1_S04_A
PLa1_S04_A,养蜂人,任务完成,SW.Item.HoneyHelmet,养蜂人面罩,CA01,False,PlainsA1_Quests.json#PLa1_S04_A
TOa1_S01_A,"TextReleaseQuestTrackerLabels.csv,TOa1_S01_A",任务完成,SW.Item.HoneyHelmet,养蜂人面罩,CA03,False,Town_Quests.json#TOa1_S01_A
CA01,来自裂隙的灾厄村民,任务完成,SW.Item.HoneyChest,养蜂服,CA00,False,Core_Quests.json#CA01
CA00,逃离鱿鱼海岸,任务完成,SW.Item.HoneyChest,养蜂服,,False,Core_Quests.json#CA00
CA01_B,失踪的商人,首次完成,SW.Item.HoneyChest,养蜂服,CA01,False,Core_Quests.json#CA01_B
CA01_B,失踪的商人,任务完成,SW.Item.HoneyChest,养蜂服,CA01,False,Core_Quests.json#CA01_B
PLa1_S04_A,养蜂人,首次完成,SW.Item.HoneyChest,养蜂服,CA01,False,PlainsA1_Quests.json#PLa1_S04_A
PLa1_S04_A,养蜂人,任务完成,SW.Item.HoneyChest,养蜂服,CA01,False,PlainsA1_Quests.json#PLa1_S04_A
TOa1_S01_A,"TextReleaseQuestTrackerLabels.csv,TOa1_S01_A",任务完成,SW.Item.HoneyChest,养蜂服,CA03,False,Town_Quests.json#TOa1_S01_A
CA01,来自裂隙的灾厄村民,任务完成,SW.Item.HoneyLeggings,养蜂人护腿,CA00,False,Core_Quests.json#CA01
CA00,逃离鱿鱼海岸,任务完成,SW.Item.HoneyLeggings,养蜂人护腿,,False,Core_Quests.json#CA00
CA01_B,失踪的商人,首次完成,SW.Item.HoneyLeggings,养蜂人护腿,CA01,False,Core_Quests.json#CA01_B
CA01_B,失踪的商人,任务完成,SW.Item.HoneyLeggings,养蜂人护腿,CA01,False,Core_Quests.json#CA01_B
PLa1_S04_A,养蜂人,首次完成,SW.Item.HoneyLeggings,养蜂人护腿,CA01,False,PlainsA1_Quests.json#PLa1_S04_A
PLa1_S04_A,养蜂人,任务完成,SW.Item.HoneyLeggings,养蜂人护腿,CA01,False,PlainsA1_Quests.json#PLa1_S04_A
TOa1_S01_A,"TextReleaseQuestTrackerLabels.csv,TOa1_S01_A",任务完成,SW.Item.HoneyLeggings,养蜂人护腿,CA03,False,Town_Quests.json#TOa1_S01_A
CA01,来自裂隙的灾厄村民,任务完成,SW.Item.HoneyBoots,养蜂人之靴,CA00,False,Core_Quests.json#CA01
CA00,逃离鱿鱼海岸,任务完成,SW.Item.HoneyBoots,养蜂人之靴,,False,Core_Quests.json#CA00
CA01_B,失踪的商人,首次完成,SW.Item.HoneyBoots,养蜂人之靴,CA01,False,Core_Quests.json#CA01_B
CA01_B,失踪的商人,任务完成,SW.Item.HoneyBoots,养蜂人之靴,CA01,False,Core_Quests.json#CA01_B
PLa1_S04_A,养蜂人,首次完成,SW.Item.HoneyBoots,养蜂人之靴,CA01,False,PlainsA1_Quests.json#PLa1_S04_A
PLa1_S04_A,养蜂人,任务完成,SW.Item.HoneyBoots,养蜂人之靴,CA01,False,PlainsA1_Quests.json#PLa1_S04_A
TOa1_S01_A,"TextReleaseQuestTrackerLabels.csv,TOa1_S01_A",任务完成,SW.Item.HoneyBoots,养蜂人之靴,CA03,False,Town_Quests.json#TOa1_S01_A
CA02,沉寂的小嚎村,任务完成,SW.Item.MushroomHelmet,蘑菇帽,CA01_B,False,Core_Quests.json#CA02
CA04,丢失的音符盒,任务完成,SW.Item.MushroomHelmet,蘑菇帽,CA03,False,Core_Quests.json#CA04
CA02_B,林中腐化,任务完成,SW.Item.MushroomHelmet,蘑菇帽,CA02_C,False,Core_Quests.json#CA02_B
CA02_B_BR,复活的女巫,任务完成,SW.Item.MushroomHelmet,蘑菇帽,CA02_B,True,Core_Quests.json#CA02_B_BR
CA10_BR_B,复活的红石巨兽,首次完成,SW.Item.MushroomHelmet,蘑菇帽,CA10,True,Core_Quests.json#CA10_BR_B
CA10_BR_B,复活的红石巨兽,首次完成,SW.Item.MushroomHelmet,蘑菇帽,CA10,True,Core_Quests.json#CA10_BR_B
CA10_BR_B,复活的红石巨兽,任务完成,SW.Item.MushroomHelmet,蘑菇帽,CA10,True,Core_Quests.json#CA10_BR_B
CA10_BR,最终魂战：返场,首次完成,SW.Item.MushroomHelmet,蘑菇帽,CA10,True,Core_Quests.json#CA10_BR
CA10_BR,最终魂战：返场,首次完成,SW.Item.MushroomHelmet,蘑菇帽,CA10,True,Core_Quests.json#CA10_BR
CA10_BR,最终魂战：返场,任务完成,SW.Item.MushroomHelmet,蘑菇帽,CA10,True,Core_Quests.json#CA10_BR
FOa1_S10_A,牧师学徒,首次完成,SW.Item.MushroomHelmet,蘑菇帽,CA02_B,False,Forest_Quests.json#FOa1_S10_A
CA02,沉寂的小嚎村,任务完成,SW.Item.MushroomChest,蘑菇长袍,CA01_B,False,Core_Quests.json#CA02
CA04,丢失的音符盒,任务完成,SW.Item.MushroomChest,蘑菇长袍,CA03,False,Core_Quests.json#CA04
CA02_B,林中腐化,任务完成,SW.Item.MushroomChest,蘑菇长袍,CA02_C,False,Core_Quests.json#CA02_B
CA02_B_BR,复活的女巫,任务完成,SW.Item.MushroomChest,蘑菇长袍,CA02_B,True,Core_Quests.json#CA02_B_BR
CA10_BR_B,复活的红石巨兽,首次完成,SW.Item.MushroomChest,蘑菇长袍,CA10,True,Core_Quests.json#CA10_BR_B
CA10_BR_B,复活的红石巨兽,首次完成,SW.Item.MushroomChest,蘑菇长袍,CA10,True,Core_Quests.json#CA10_BR_B
CA10_BR_B,复活的红石巨兽,任务完成,SW.Item.MushroomChest,蘑菇长袍,CA10,True,Core_Quests.json#CA10_BR_B
CA10_BR,最终魂战：返场,首次完成,SW.Item.MushroomChest,蘑菇长袍,CA10,True,Core_Quests.json#CA10_BR
CA10_BR,最终魂战：返场,首次完成,SW.Item.MushroomChest,蘑菇长袍,CA10,True,Core_Quests.json#CA10_BR
CA10_BR,最终魂战：返场,任务完成,SW.Item.MushroomChest,蘑菇长袍,CA10,True,Core_Quests.json#CA10_BR
FOa1_S10_A,牧师学徒,首次完成,SW.Item.MushroomChest,蘑菇长袍,CA02_B,False,Forest_Quests.json#FOa1_S10_A
CA02,沉寂的小嚎村,任务完成,SW.Item.MushroomLeggings,蘑菇护腿,CA01_B,False,Core_Quests.json#CA02
CA04,丢失的音符盒,任务完成,SW.Item.MushroomLeggings,蘑菇护腿,CA03,False,Core_Quests.json#CA04
CA02_B,林中腐化,任务完成,SW.Item.MushroomLeggings,蘑菇护腿,CA02_C,False,Core_Quests.json#CA02_B
CA02_B_BR,复活的女巫,任务完成,SW.Item.MushroomLeggings,蘑菇护腿,CA02_B,True,Core_Quests.json#CA02_B_BR
CA10_BR_B,复活的红石巨兽,首次完成,SW.Item.MushroomLeggings,蘑菇护腿,CA10,True,Core_Quests.json#CA10_BR_B
CA10_BR_B,复活的红石巨兽,首次完成,SW.Item.MushroomLeggings,蘑菇护腿,CA10,True,Core_Quests.json#CA10_BR_B
CA10_BR_B,复活的红石巨兽,任务完成,SW.Item.MushroomLeggings,蘑菇护腿,CA10,True,Core_Quests.json#CA10_BR_B
CA10_BR,最终魂战：返场,首次完成,SW.Item.MushroomLeggings,蘑菇护腿,CA10,True,Core_Quests.json#CA10_BR
CA10_BR,最终魂战：返场,首次完成,SW.Item.MushroomLeggings,蘑菇护腿,CA10,True,Core_Quests.json#CA10_BR
CA10_BR,最终魂战：返场,任务完成,SW.Item.MushroomLeggings,蘑菇护腿,CA10,True,Core_Quests.json#CA10_BR
FOa1_S10_A,牧师学徒,首次完成,SW.Item.MushroomLeggings,蘑菇护腿,CA02_B,False,Forest_Quests.json#FOa1_S10_A
CA02,沉寂的小嚎村,任务完成,SW.Item.MushroomBoots,蘑菇靴,CA01_B,False,Core_Quests.json#CA02
CA04,丢失的音符盒,任务完成,SW.Item.MushroomBoots,蘑菇靴,CA03,False,Core_Quests.json#CA04
CA02_B,林中腐化,任务完成,SW.Item.MushroomBoots,蘑菇靴,CA02_C,False,Core_Quests.json#CA02_B
CA02_B_BR,复活的女巫,任务完成,SW.Item.MushroomBoots,蘑菇靴,CA02_B,True,Core_Quests.json#CA02_B_BR
CA10_BR_B,复活的红石巨兽,首次完成,SW.Item.MushroomBoots,蘑菇靴,CA10,True,Core_Quests.json#CA10_BR_B
CA10_BR_B,复活的红石巨兽,首次完成,SW.Item.MushroomBoots,蘑菇靴,CA10,True,Core_Quests.json#CA10_BR_B
CA10_BR_B,复活的红石巨兽,任务完成,SW.Item.MushroomBoots,蘑菇靴,CA10,True,Core_Quests.json#CA10_BR_B
CA10_BR,最终魂战：返场,首次完成,SW.Item.MushroomBoots,蘑菇靴,CA10,True,Core_Quests.json#CA10_BR
CA10_BR,最终魂战：返场,首次完成,SW.Item.MushroomBoots,蘑菇靴,CA10,True,Core_Quests.json#CA10_BR
CA10_BR,最终魂战：返场,任务完成,SW.Item.MushroomBoots,蘑菇靴,CA10,True,Core_Quests.json#CA10_BR
FOa1_S10_A,牧师学徒,首次完成,SW.Item.MushroomBoots,蘑菇靴,CA02_B,False,Forest_Quests.json#FOa1_S10_A
CA02,沉寂的小嚎村,任务完成,SW.Item.DiscipleHelmet,门徒面具,CA01_B,False,Core_Quests.json#CA02
CA03,探索深暗之域,任务完成,SW.Item.DiscipleHelmet,门徒面具,CA02_B,False,Core_Quests.json#CA03
CA04,丢失的音符盒,任务完成,SW.Item.DiscipleHelmet,门徒面具,CA03,False,Core_Quests.json#CA04
CA06,归还音符盒,任务完成,SW.Item.DiscipleHelmet,门徒面具,CA05,False,Core_Quests.json#CA06
CA04_BR,CA04_BR,任务完成,SW.Item.DiscipleHelmet,门徒面具,CA04,True,Core_Quests.json#CA04_BR
CA02_B,林中腐化,任务完成,SW.Item.DiscipleHelmet,门徒面具,CA02_C,False,Core_Quests.json#CA02_B
CA02_B_BR,复活的女巫,任务完成,SW.Item.DiscipleHelmet,门徒面具,CA02_B,True,Core_Quests.json#CA02_B_BR
CA03_BR,复活的扭曲监守者,任务完成,SW.Item.DiscipleHelmet,门徒面具,CA03,True,Core_Quests.json#CA03_BR
CA02,沉寂的小嚎村,任务完成,SW.Item.DiscipleChest,门徒长袍,CA01_B,False,Core_Quests.json#CA02
CA03,探索深暗之域,任务完成,SW.Item.DiscipleChest,门徒长袍,CA02_B,False,Core_Quests.json#CA03
CA04,丢失的音符盒,任务完成,SW.Item.DiscipleChest,门徒长袍,CA03,False,Core_Quests.json#CA04
CA06,归还音符盒,任务完成,SW.Item.DiscipleChest,门徒长袍,CA05,False,Core_Quests.json#CA06
CA04_BR,CA04_BR,任务完成,SW.Item.DiscipleChest,门徒长袍,CA04,True,Core_Quests.json#CA04_BR
CA02_B,林中腐化,任务完成,SW.Item.DiscipleChest,门徒长袍,CA02_C,False,Core_Quests.json#CA02_B
CA02_B_BR,复活的女巫,任务完成,SW.Item.DiscipleChest,门徒长袍,CA02_B,True,Core_Quests.json#CA02_B_BR
CA03_BR,复活的扭曲监守者,任务完成,SW.Item.DiscipleChest,门徒长袍,CA03,True,Core_Quests.json#CA03_BR
CA02,沉寂的小嚎村,任务完成,SW.Item.DiscipleLeggings,门徒护腿,CA01_B,False,Core_Quests.json#CA02
CA03,探索深暗之域,任务完成,SW.Item.DiscipleLeggings,门徒护腿,CA02_B,False,Core_Quests.json#CA03
CA04,丢失的音符盒,任务完成,SW.Item.DiscipleLeggings,门徒护腿,CA03,False,Core_Quests.json#CA04
CA06,归还音符盒,任务完成,SW.Item.DiscipleLeggings,门徒护腿,CA05,False,Core_Quests.json#CA06
CA04_BR,CA04_BR,任务完成,SW.Item.DiscipleLeggings,门徒护腿,CA04,True,Core_Quests.json#CA04_BR
CA02_B,林中腐化,任务完成,SW.Item.DiscipleLeggings,门徒护腿,CA02_C,False,Core_Quests.json#CA02_B
CA02_B_BR,复活的女巫,任务完成,SW.Item.DiscipleLeggings,门徒护腿,CA02_B,True,Core_Quests.json#CA02_B_BR
CA03_BR,复活的扭曲监守者,任务完成,SW.Item.DiscipleLeggings,门徒护腿,CA03,True,Core_Quests.json#CA03_BR
CA02,沉寂的小嚎村,任务完成,SW.Item.DiscipleBoots,门徒裹足布,CA01_B,False,Core_Quests.json#CA02
CA03,探索深暗之域,任务完成,SW.Item.DiscipleBoots,门徒裹足布,CA02_B,False,Core_Quests.json#CA03
CA04,丢失的音符盒,任务完成,SW.Item.DiscipleBoots,门徒裹足布,CA03,False,Core_Quests.json#CA04
CA06,归还音符盒,任务完成,SW.Item.DiscipleBoots,门徒裹足布,CA05,False,Core_Quests.json#CA06
CA04_BR,CA04_BR,任务完成,SW.Item.DiscipleBoots,门徒裹足布,CA04,True,Core_Quests.json#CA04_BR
CA02_B,林中腐化,任务完成,SW.Item.DiscipleBoots,门徒裹足布,CA02_C,False,Core_Quests.json#CA02_B
CA02_B_BR,复活的女巫,任务完成,SW.Item.DiscipleBoots,门徒裹足布,CA02_B,True,Core_Quests.json#CA02_B_BR
CA03_BR,复活的扭曲监守者,任务完成,SW.Item.DiscipleBoots,门徒裹足布,CA03,True,Core_Quests.json#CA03_BR
CA08,消失的和声,任务完成,SW.Item.WellspringHelmet,汐浮特兜帽,CA06,False,Core_Quests.json#CA08
CA09,幽匿者之怒,任务完成,SW.Item.WellspringHelmet,汐浮特兜帽,CA08_B,False,Core_Quests.json#CA09
CA10,最终魂战,任务完成,SW.Item.WellspringHelmet,汐浮特兜帽,CA09,False,Core_Quests.json#CA10
CA09_BR,复活的幽匿巨兽,首次完成,SW.Item.WellspringHelmet,汐浮特兜帽,CA08_B,True,Core_Quests.json#CA09_BR
CA09_BR,复活的幽匿巨兽,首次完成,SW.Item.WellspringHelmet,汐浮特兜帽,CA08_B,True,Core_Quests.json#CA09_BR
CA09_BR,复活的幽匿巨兽,任务完成,SW.Item.WellspringHelmet,汐浮特兜帽,CA08_B,True,Core_Quests.json#CA09_BR
CA08_B,草甸巨兽,任务完成,SW.Item.WellspringHelmet,汐浮特兜帽,CA08,False,Core_Quests.json#CA08_B
MEa1_S05_A,汐浮特之怒,首次完成,SW.Item.WellspringHelmet,汐浮特兜帽,CA08,False,MeadowA1_Quests.json#MEa1_S05_A
CA08,消失的和声,任务完成,SW.Item.WellspringChest,汐浮特长袍,CA06,False,Core_Quests.json#CA08
CA09,幽匿者之怒,任务完成,SW.Item.WellspringChest,汐浮特长袍,CA08_B,False,Core_Quests.json#CA09
CA10,最终魂战,任务完成,SW.Item.WellspringChest,汐浮特长袍,CA09,False,Core_Quests.json#CA10
CA09_BR,复活的幽匿巨兽,首次完成,SW.Item.WellspringChest,汐浮特长袍,CA08_B,True,Core_Quests.json#CA09_BR
CA09_BR,复活的幽匿巨兽,首次完成,SW.Item.WellspringChest,汐浮特长袍,CA08_B,True,Core_Quests.json#CA09_BR
CA09_BR,复活的幽匿巨兽,任务完成,SW.Item.WellspringChest,汐浮特长袍,CA08_B,True,Core_Quests.json#CA09_BR
CA08_B,草甸巨兽,任务完成,SW.Item.WellspringChest,汐浮特长袍,CA08,False,Core_Quests.json#CA08_B
MEa1_S05_A,汐浮特之怒,首次完成,SW.Item.WellspringChest,汐浮特长袍,CA08,False,MeadowA1_Quests.json#MEa1_S05_A
CA08,消失的和声,任务完成,SW.Item.WellspringLeggings,汐浮特护腿,CA06,False,Core_Quests.json#CA08
CA09,幽匿者之怒,任务完成,SW.Item.WellspringLeggings,汐浮特护腿,CA08_B,False,Core_Quests.json#CA09
CA10,最终魂战,任务完成,SW.Item.WellspringLeggings,汐浮特护腿,CA09,False,Core_Quests.json#CA10
CA09_BR,复活的幽匿巨兽,首次完成,SW.Item.WellspringLeggings,汐浮特护腿,CA08_B,True,Core_Quests.json#CA09_BR
CA09_BR,复活的幽匿巨兽,首次完成,SW.Item.WellspringLeggings,汐浮特护腿,CA08_B,True,Core_Quests.json#CA09_BR
CA09_BR,复活的幽匿巨兽,任务完成,SW.Item.WellspringLeggings,汐浮特护腿,CA08_B,True,Core_Quests.json#CA09_BR
CA08_B,草甸巨兽,任务完成,SW.Item.WellspringLeggings,汐浮特护腿,CA08,False,Core_Quests.json#CA08_B
MEa1_S05_A,汐浮特之怒,首次完成,SW.Item.WellspringLeggings,汐浮特护腿,CA08,False,MeadowA1_Quests.json#MEa1_S05_A
CA08,消失的和声,任务完成,SW.Item.WellspringBoots,汐浮特之靴,CA06,False,Core_Quests.json#CA08
CA09,幽匿者之怒,任务完成,SW.Item.WellspringBoots,汐浮特之靴,CA08_B,False,Core_Quests.json#CA09
CA10,最终魂战,任务完成,SW.Item.WellspringBoots,汐浮特之靴,CA09,False,Core_Quests.json#CA10
CA09_BR,复活的幽匿巨兽,首次完成,SW.Item.WellspringBoots,汐浮特之靴,CA08_B,True,Core_Quests.json#CA09_BR
CA09_BR,复活的幽匿巨兽,首次完成,SW.Item.WellspringBoots,汐浮特之靴,CA08_B,True,Core_Quests.json#CA09_BR
CA09_BR,复活的幽匿巨兽,任务完成,SW.Item.WellspringBoots,汐浮特之靴,CA08_B,True,Core_Quests.json#CA09_BR
CA08_B,草甸巨兽,任务完成,SW.Item.WellspringBoots,汐浮特之靴,CA08,False,Core_Quests.json#CA08_B
MEa1_S05_A,汐浮特之怒,首次完成,SW.Item.WellspringBoots,汐浮特之靴,CA08,False,MeadowA1_Quests.json#MEa1_S05_A
CA03,探索深暗之域,任务完成,SW.Item.RedstoneHelmet,红石头盔,CA02_B,False,Core_Quests.json#CA03
CA06,归还音符盒,任务完成,SW.Item.RedstoneHelmet,红石头盔,CA05,False,Core_Quests.json#CA06
CA04_BR,CA04_BR,任务完成,SW.Item.RedstoneHelmet,红石头盔,CA04,True,Core_Quests.json#CA04_BR
CA03_BR,复活的扭曲监守者,任务完成,SW.Item.RedstoneHelmet,红石头盔,CA03,True,Core_Quests.json#CA03_BR
CA10_BR_B,复活的红石巨兽,首次完成,SW.Item.RedstoneHelmet,红石头盔,CA10,True,Core_Quests.json#CA10_BR_B
CA10_BR_B,复活的红石巨兽,首次完成,SW.Item.RedstoneHelmet,红石头盔,CA10,True,Core_Quests.json#CA10_BR_B
CA10_BR_B,复活的红石巨兽,任务完成,SW.Item.RedstoneHelmet,红石头盔,CA10,True,Core_Quests.json#CA10_BR_B
CA10_BR,最终魂战：返场,首次完成,SW.Item.RedstoneHelmet,红石头盔,CA10,True,Core_Quests.json#CA10_BR
CA10_BR,最终魂战：返场,首次完成,SW.Item.RedstoneHelmet,红石头盔,CA10,True,Core_Quests.json#CA10_BR
CA10_BR,最终魂战：返场,任务完成,SW.Item.RedstoneHelmet,红石头盔,CA10,True,Core_Quests.json#CA10_BR
CA03,探索深暗之域,任务完成,SW.Item.RedstoneChest,红石胸甲,CA02_B,False,Core_Quests.json#CA03
CA06,归还音符盒,任务完成,SW.Item.RedstoneChest,红石胸甲,CA05,False,Core_Quests.json#CA06
CA04_BR,CA04_BR,任务完成,SW.Item.RedstoneChest,红石胸甲,CA04,True,Core_Quests.json#CA04_BR
CA03_BR,复活的扭曲监守者,任务完成,SW.Item.RedstoneChest,红石胸甲,CA03,True,Core_Quests.json#CA03_BR
CA10_BR_B,复活的红石巨兽,首次完成,SW.Item.RedstoneChest,红石胸甲,CA10,True,Core_Quests.json#CA10_BR_B
CA10_BR_B,复活的红石巨兽,首次完成,SW.Item.RedstoneChest,红石胸甲,CA10,True,Core_Quests.json#CA10_BR_B
CA10_BR_B,复活的红石巨兽,任务完成,SW.Item.RedstoneChest,红石胸甲,CA10,True,Core_Quests.json#CA10_BR_B
CA10_BR,最终魂战：返场,首次完成,SW.Item.RedstoneChest,红石胸甲,CA10,True,Core_Quests.json#CA10_BR
CA10_BR,最终魂战：返场,首次完成,SW.Item.RedstoneChest,红石胸甲,CA10,True,Core_Quests.json#CA10_BR
CA10_BR,最终魂战：返场,任务完成,SW.Item.RedstoneChest,红石胸甲,CA10,True,Core_Quests.json#CA10_BR
CA03,探索深暗之域,任务完成,SW.Item.RedstoneLeggings,红石护胫,CA02_B,False,Core_Quests.json#CA03
CA06,归还音符盒,任务完成,SW.Item.RedstoneLeggings,红石护胫,CA05,False,Core_Quests.json#CA06
CA04_BR,CA04_BR,任务完成,SW.Item.RedstoneLeggings,红石护胫,CA04,True,Core_Quests.json#CA04_BR
CA03_BR,复活的扭曲监守者,任务完成,SW.Item.RedstoneLeggings,红石护胫,CA03,True,Core_Quests.json#CA03_BR
CA10_BR_B,复活的红石巨兽,首次完成,SW.Item.RedstoneLeggings,红石护胫,CA10,True,Core_Quests.json#CA10_BR_B
CA10_BR_B,复活的红石巨兽,首次完成,SW.Item.RedstoneLeggings,红石护胫,CA10,True,Core_Quests.json#CA10_BR_B
CA10_BR_B,复活的红石巨兽,任务完成,SW.Item.RedstoneLeggings,红石护胫,CA10,True,Core_Quests.json#CA10_BR_B
CA10_BR,最终魂战：返场,首次完成,SW.Item.RedstoneLeggings,红石护胫,CA10,True,Core_Quests.json#CA10_BR
CA10_BR,最终魂战：返场,首次完成,SW.Item.RedstoneLeggings,红石护胫,CA10,True,Core_Quests.json#CA10_BR
CA10_BR,最终魂战：返场,任务完成,SW.Item.RedstoneLeggings,红石护胫,CA10,True,Core_Quests.json#CA10_BR
CA03,探索深暗之域,任务完成,SW.Item.RedstoneBoots,红石靴,CA02_B,False,Core_Quests.json#CA03
CA06,归还音符盒,任务完成,SW.Item.RedstoneBoots,红石靴,CA05,False,Core_Quests.json#CA06
CA04_BR,CA04_BR,任务完成,SW.Item.RedstoneBoots,红石靴,CA04,True,Core_Quests.json#CA04_BR
CA03_BR,复活的扭曲监守者,任务完成,SW.Item.RedstoneBoots,红石靴,CA03,True,Core_Quests.json#CA03_BR
CA10_BR_B,复活的红石巨兽,首次完成,SW.Item.RedstoneBoots,红石靴,CA10,True,Core_Quests.json#CA10_BR_B
CA10_BR_B,复活的红石巨兽,首次完成,SW.Item.RedstoneBoots,红石靴,CA10,True,Core_Quests.json#CA10_BR_B
CA10_BR_B,复活的红石巨兽,任务完成,SW.Item.RedstoneBoots,红石靴,CA10,True,Core_Quests.json#CA10_BR_B
CA10_BR,最终魂战：返场,首次完成,SW.Item.RedstoneBoots,红石靴,CA10,True,Core_Quests.json#CA10_BR
CA10_BR,最终魂战：返场,首次完成,SW.Item.RedstoneBoots,红石靴,CA10,True,Core_Quests.json#CA10_BR
CA10_BR,最终魂战：返场,任务完成,SW.Item.RedstoneBoots,红石靴,CA10,True,Core_Quests.json#CA10_BR
CA05,翻越冰封高地,任务完成,SW.Item.EvocationHelmet,巫师帽,CA07,False,Core_Quests.json#CA05
CA05_BR,复活的首席附魔师,任务完成,SW.Item.EvocationHelmet,巫师帽,CA05,True,Core_Quests.json#CA05_BR
CA05,翻越冰封高地,任务完成,SW.Item.EvocationChest,巫师长袍,CA07,False,Core_Quests.json#CA05
CA05_BR,复活的首席附魔师,任务完成,SW.Item.EvocationChest,巫师长袍,CA05,True,Core_Quests.json#CA05_BR
CA05,翻越冰封高地,任务完成,SW.Item.EvocationLeggings,巫师护腿,CA07,False,Core_Quests.json#CA05
CA05_BR,复活的首席附魔师,任务完成,SW.Item.EvocationLeggings,巫师护腿,CA05,True,Core_Quests.json#CA05_BR
CA05,翻越冰封高地,任务完成,SW.Item.EvocationBoots,巫师靴,CA07,False,Core_Quests.json#CA05
CA05_BR,复活的首席附魔师,任务完成,SW.Item.EvocationBoots,巫师靴,CA05,True,Core_Quests.json#CA05_BR
CA02,沉寂的小嚎村,任务完成,SW.Item.PhantomHelmet_Unique,驭梦者王冠,CA01_B,False,Core_Quests.json#CA02
CA04,丢失的音符盒,首次完成,SW.Item.PhantomHelmet_Unique,驭梦者王冠,CA03,False,Core_Quests.json#CA04
CA04,丢失的音符盒,任务完成,SW.Item.PhantomHelmet_Unique,驭梦者王冠,CA03,False,Core_Quests.json#CA04
CA02_B,林中腐化,任务完成,SW.Item.PhantomHelmet_Unique,驭梦者王冠,CA02_C,False,Core_Quests.json#CA02_B
CA09,幽匿者之怒,任务完成,SW.Item.PhantomHelmet_Unique,驭梦者王冠,CA08_B,False,Core_Quests.json#CA09
CA10,最终魂战,任务完成,SW.Item.PhantomHelmet_Unique,驭梦者王冠,CA09,False,Core_Quests.json#CA10
CA02_B_BR,复活的女巫,任务完成,SW.Item.PhantomHelmet_Unique,驭梦者王冠,CA02_B,True,Core_Quests.json#CA02_B_BR
CA02,沉寂的小嚎村,任务完成,SW.Item.PhantomChest_Unique,驭梦者外袍,CA01_B,False,Core_Quests.json#CA02
CA04,丢失的音符盒,首次完成,SW.Item.PhantomChest_Unique,驭梦者外袍,CA03,False,Core_Quests.json#CA04
CA04,丢失的音符盒,任务完成,SW.Item.PhantomChest_Unique,驭梦者外袍,CA03,False,Core_Quests.json#CA04
CA02_B,林中腐化,任务完成,SW.Item.PhantomChest_Unique,驭梦者外袍,CA02_C,False,Core_Quests.json#CA02_B
CA09,幽匿者之怒,任务完成,SW.Item.PhantomChest_Unique,驭梦者外袍,CA08_B,False,Core_Quests.json#CA09
CA10,最终魂战,任务完成,SW.Item.PhantomChest_Unique,驭梦者外袍,CA09,False,Core_Quests.json#CA10
CA02_B_BR,复活的女巫,任务完成,SW.Item.PhantomChest_Unique,驭梦者外袍,CA02_B,True,Core_Quests.json#CA02_B_BR
CA02,沉寂的小嚎村,任务完成,SW.Item.PhantomLeggings_Unique,驭梦者睡裤,CA01_B,False,Core_Quests.json#CA02
CA04,丢失的音符盒,首次完成,SW.Item.PhantomLeggings_Unique,驭梦者睡裤,CA03,False,Core_Quests.json#CA04
CA04,丢失的音符盒,任务完成,SW.Item.PhantomLeggings_Unique,驭梦者睡裤,CA03,False,Core_Quests.json#CA04
CA02_B,林中腐化,任务完成,SW.Item.PhantomLeggings_Unique,驭梦者睡裤,CA02_C,False,Core_Quests.json#CA02_B
CA09,幽匿者之怒,任务完成,SW.Item.PhantomLeggings_Unique,驭梦者睡裤,CA08_B,False,Core_Quests.json#CA09
CA10,最终魂战,任务完成,SW.Item.PhantomLeggings_Unique,驭梦者睡裤,CA09,False,Core_Quests.json#CA10
CA02_B_BR,复活的女巫,任务完成,SW.Item.PhantomLeggings_Unique,驭梦者睡裤,CA02_B,True,Core_Quests.json#CA02_B_BR
CA02,沉寂的小嚎村,任务完成,SW.Item.PhantomBoots_Unique,驭梦者拖鞋,CA01_B,False,Core_Quests.json#CA02
CA04,丢失的音符盒,首次完成,SW.Item.PhantomBoots_Unique,驭梦者拖鞋,CA03,False,Core_Quests.json#CA04
CA04,丢失的音符盒,任务完成,SW.Item.PhantomBoots_Unique,驭梦者拖鞋,CA03,False,Core_Quests.json#CA04
CA02_B,林中腐化,任务完成,SW.Item.PhantomBoots_Unique,驭梦者拖鞋,CA02_C,False,Core_Quests.json#CA02_B
CA09,幽匿者之怒,任务完成,SW.Item.PhantomBoots_Unique,驭梦者拖鞋,CA08_B,False,Core_Quests.json#CA09
CA10,最终魂战,任务完成,SW.Item.PhantomBoots_Unique,驭梦者拖鞋,CA09,False,Core_Quests.json#CA10
CA02_B_BR,复活的女巫,任务完成,SW.Item.PhantomBoots_Unique,驭梦者拖鞋,CA02_B,True,Core_Quests.json#CA02_B_BR
CA07,穿越多雨平原,任务完成,SW.Item.HewnBarkHelmet_Unique,木精灵王冠,CA04,False,Core_Quests.json#CA07
CA08,消失的和声,任务完成,SW.Item.HewnBarkHelmet_Unique,木精灵王冠,CA06,False,Core_Quests.json#CA08
CA07_BR,复活的铜巨兽,任务完成,SW.Item.HewnBarkHelmet_Unique,木精灵王冠,CA07,True,Core_Quests.json#CA07_BR
CA09_BR,复活的幽匿巨兽,首次完成,SW.Item.HewnBarkHelmet_Unique,木精灵王冠,CA08_B,True,Core_Quests.json#CA09_BR
CA09_BR,复活的幽匿巨兽,首次完成,SW.Item.HewnBarkHelmet_Unique,木精灵王冠,CA08_B,True,Core_Quests.json#CA09_BR
CA09_BR,复活的幽匿巨兽,任务完成,SW.Item.HewnBarkHelmet_Unique,木精灵王冠,CA08_B,True,Core_Quests.json#CA09_BR
CA08_B,草甸巨兽,任务完成,SW.Item.HewnBarkHelmet_Unique,木精灵王冠,CA08,False,Core_Quests.json#CA08_B
CA07,穿越多雨平原,任务完成,SW.Item.HewnBarkChest_Unique,木精灵树皮甲,CA04,False,Core_Quests.json#CA07
CA08,消失的和声,任务完成,SW.Item.HewnBarkChest_Unique,木精灵树皮甲,CA06,False,Core_Quests.json#CA08
CA07_BR,复活的铜巨兽,任务完成,SW.Item.HewnBarkChest_Unique,木精灵树皮甲,CA07,True,Core_Quests.json#CA07_BR
CA09_BR,复活的幽匿巨兽,首次完成,SW.Item.HewnBarkChest_Unique,木精灵树皮甲,CA08_B,True,Core_Quests.json#CA09_BR
CA09_BR,复活的幽匿巨兽,首次完成,SW.Item.HewnBarkChest_Unique,木精灵树皮甲,CA08_B,True,Core_Quests.json#CA09_BR
CA09_BR,复活的幽匿巨兽,任务完成,SW.Item.HewnBarkChest_Unique,木精灵树皮甲,CA08_B,True,Core_Quests.json#CA09_BR
CA08_B,草甸巨兽,任务完成,SW.Item.HewnBarkChest_Unique,木精灵树皮甲,CA08,False,Core_Quests.json#CA08_B
CA07,穿越多雨平原,任务完成,SW.Item.HewnBarkLeggings_Unique,木精灵树干护腿,CA04,False,Core_Quests.json#CA07
CA08,消失的和声,任务完成,SW.Item.HewnBarkLeggings_Unique,木精灵树干护腿,CA06,False,Core_Quests.json#CA08
CA07_BR,复活的铜巨兽,任务完成,SW.Item.HewnBarkLeggings_Unique,木精灵树干护腿,CA07,True,Core_Quests.json#CA07_BR
CA09_BR,复活的幽匿巨兽,首次完成,SW.Item.HewnBarkLeggings_Unique,木精灵树干护腿,CA08_B,True,Core_Quests.json#CA09_BR
CA09_BR,复活的幽匿巨兽,首次完成,SW.Item.HewnBarkLeggings_Unique,木精灵树干护腿,CA08_B,True,Core_Quests.json#CA09_BR
CA09_BR,复活的幽匿巨兽,任务完成,SW.Item.HewnBarkLeggings_Unique,木精灵树干护腿,CA08_B,True,Core_Quests.json#CA09_BR
CA08_B,草甸巨兽,任务完成,SW.Item.HewnBarkLeggings_Unique,木精灵树干护腿,CA08,False,Core_Quests.json#CA08_B
CA07,穿越多雨平原,任务完成,SW.Item.HewnBarkBoots_Unique,木精灵根须靴,CA04,False,Core_Quests.json#CA07
CA08,消失的和声,任务完成,SW.Item.HewnBarkBoots_Unique,木精灵根须靴,CA06,False,Core_Quests.json#CA08
CA07_BR,复活的铜巨兽,任务完成,SW.Item.HewnBarkBoots_Unique,木精灵根须靴,CA07,True,Core_Quests.json#CA07_BR
CA09_BR,复活的幽匿巨兽,首次完成,SW.Item.HewnBarkBoots_Unique,木精灵根须靴,CA08_B,True,Core_Quests.json#CA09_BR
CA09_BR,复活的幽匿巨兽,首次完成,SW.Item.HewnBarkBoots_Unique,木精灵根须靴,CA08_B,True,Core_Quests.json#CA09_BR
CA09_BR,复活的幽匿巨兽,任务完成,SW.Item.HewnBarkBoots_Unique,木精灵根须靴,CA08_B,True,Core_Quests.json#CA09_BR
CA08_B,草甸巨兽,任务完成,SW.Item.HewnBarkBoots_Unique,木精灵根须靴,CA08,False,Core_Quests.json#CA08_B
CA07,穿越多雨平原,任务完成,SW.Item.TimewornHelmet_Unique,灵魂腐化者面具,CA04,False,Core_Quests.json#CA07
CA02_B_BR,复活的女巫,首次完成,SW.Item.TimewornHelmet_Unique,灵魂腐化者面具,CA02_B,True,Core_Quests.json#CA02_B_BR
CA07_BR,复活的铜巨兽,任务完成,SW.Item.TimewornHelmet_Unique,灵魂腐化者面具,CA07,True,Core_Quests.json#CA07_BR
CA08_B,草甸巨兽,任务完成,SW.Item.TimewornHelmet_Unique,灵魂腐化者面具,CA08,False,Core_Quests.json#CA08_B
CA10_BR,最终魂战：返场,首次完成,SW.Item.TimewornHelmet_Unique,灵魂腐化者面具,CA10,True,Core_Quests.json#CA10_BR
CA07,穿越多雨平原,任务完成,SW.Item.TimewornChest_Unique,灵魂腐化者风衣,CA04,False,Core_Quests.json#CA07
CA02_B_BR,复活的女巫,首次完成,SW.Item.TimewornChest_Unique,灵魂腐化者风衣,CA02_B,True,Core_Quests.json#CA02_B_BR
CA07_BR,复活的铜巨兽,任务完成,SW.Item.TimewornChest_Unique,灵魂腐化者风衣,CA07,True,Core_Quests.json#CA07_BR
CA08_B,草甸巨兽,任务完成,SW.Item.TimewornChest_Unique,灵魂腐化者风衣,CA08,False,Core_Quests.json#CA08_B
CA10_BR,最终魂战：返场,首次完成,SW.Item.TimewornChest_Unique,灵魂腐化者风衣,CA10,True,Core_Quests.json#CA10_BR
CA07,穿越多雨平原,任务完成,SW.Item.TimewornLeggings_Unique,灵魂腐化者腰带,CA04,False,Core_Quests.json#CA07
CA02_B_BR,复活的女巫,首次完成,SW.Item.TimewornLeggings_Unique,灵魂腐化者腰带,CA02_B,True,Core_Quests.json#CA02_B_BR
CA07_BR,复活的铜巨兽,任务完成,SW.Item.TimewornLeggings_Unique,灵魂腐化者腰带,CA07,True,Core_Quests.json#CA07_BR
CA08_B,草甸巨兽,任务完成,SW.Item.TimewornLeggings_Unique,灵魂腐化者腰带,CA08,False,Core_Quests.json#CA08_B
CA10_BR,最终魂战：返场,首次完成,SW.Item.TimewornLeggings_Unique,灵魂腐化者腰带,CA10,True,Core_Quests.json#CA10_BR
CA07,穿越多雨平原,任务完成,SW.Item.TimewornBoots_Unique,灵魂腐化者凉鞋,CA04,False,Core_Quests.json#CA07
CA02_B_BR,复活的女巫,首次完成,SW.Item.TimewornBoots_Unique,灵魂腐化者凉鞋,CA02_B,True,Core_Quests.json#CA02_B_BR
CA07_BR,复活的铜巨兽,任务完成,SW.Item.TimewornBoots_Unique,灵魂腐化者凉鞋,CA07,True,Core_Quests.json#CA07_BR
CA08_B,草甸巨兽,任务完成,SW.Item.TimewornBoots_Unique,灵魂腐化者凉鞋,CA08,False,Core_Quests.json#CA08_B
CA10_BR,最终魂战：返场,首次完成,SW.Item.TimewornBoots_Unique,灵魂腐化者凉鞋,CA10,True,Core_Quests.json#CA10_BR
CA01,来自裂隙的灾厄村民,任务完成,SW.Item.HoneyHelmet_Unique,蜂群意识安全帽,CA00,False,Core_Quests.json#CA01
CA00,逃离鱿鱼海岸,任务完成,SW.Item.HoneyHelmet_Unique,蜂群意识安全帽,,False,Core_Quests.json#CA00
CA01_B,失踪的商人,首次完成,SW.Item.HoneyHelmet_Unique,蜂群意识安全帽,CA01,False,Core_Quests.json#CA01_B
CA01_B,失踪的商人,任务完成,SW.Item.HoneyHelmet_Unique,蜂群意识安全帽,CA01,False,Core_Quests.json#CA01_B
PLa1_S04_A,养蜂人,首次完成,SW.Item.HoneyHelmet_Unique,蜂群意识安全帽,CA01,False,PlainsA1_Quests.json#PLa1_S04_A
PLa1_S04_A,养蜂人,任务完成,SW.Item.HoneyHelmet_Unique,蜂群意识安全帽,CA01,False,PlainsA1_Quests.json#PLa1_S04_A
TOa1_S01_A,"TextReleaseQuestTrackerLabels.csv,TOa1_S01_A",任务完成,SW.Item.HoneyHelmet_Unique,蜂群意识安全帽,CA03,False,Town_Quests.json#TOa1_S01_A
CA01,来自裂隙的灾厄村民,任务完成,SW.Item.HoneyChest_Unique,蜂群意识胸甲,CA00,False,Core_Quests.json#CA01
CA00,逃离鱿鱼海岸,任务完成,SW.Item.HoneyChest_Unique,蜂群意识胸甲,,False,Core_Quests.json#CA00
CA01_B,失踪的商人,首次完成,SW.Item.HoneyChest_Unique,蜂群意识胸甲,CA01,False,Core_Quests.json#CA01_B
CA01_B,失踪的商人,任务完成,SW.Item.HoneyChest_Unique,蜂群意识胸甲,CA01,False,Core_Quests.json#CA01_B
PLa1_S04_A,养蜂人,首次完成,SW.Item.HoneyChest_Unique,蜂群意识胸甲,CA01,False,PlainsA1_Quests.json#PLa1_S04_A
PLa1_S04_A,养蜂人,任务完成,SW.Item.HoneyChest_Unique,蜂群意识胸甲,CA01,False,PlainsA1_Quests.json#PLa1_S04_A
TOa1_S01_A,"TextReleaseQuestTrackerLabels.csv,TOa1_S01_A",任务完成,SW.Item.HoneyChest_Unique,蜂群意识胸甲,CA03,False,Town_Quests.json#TOa1_S01_A
CA01,来自裂隙的灾厄村民,任务完成,SW.Item.HoneyLeggings_Unique,蜂群意识长裤,CA00,False,Core_Quests.json#CA01
CA00,逃离鱿鱼海岸,任务完成,SW.Item.HoneyLeggings_Unique,蜂群意识长裤,,False,Core_Quests.json#CA00
CA01_B,失踪的商人,首次完成,SW.Item.HoneyLeggings_Unique,蜂群意识长裤,CA01,False,Core_Quests.json#CA01_B
CA01_B,失踪的商人,任务完成,SW.Item.HoneyLeggings_Unique,蜂群意识长裤,CA01,False,Core_Quests.json#CA01_B
PLa1_S04_A,养蜂人,首次完成,SW.Item.HoneyLeggings_Unique,蜂群意识长裤,CA01,False,PlainsA1_Quests.json#PLa1_S04_A
PLa1_S04_A,养蜂人,任务完成,SW.Item.HoneyLeggings_Unique,蜂群意识长裤,CA01,False,PlainsA1_Quests.json#PLa1_S04_A
TOa1_S01_A,"TextReleaseQuestTrackerLabels.csv,TOa1_S01_A",任务完成,SW.Item.HoneyLeggings_Unique,蜂群意识长裤,CA03,False,Town_Quests.json#TOa1_S01_A
CA01,来自裂隙的灾厄村民,任务完成,SW.Item.HoneyBoots_Unique,蜂群意识刺靴,CA00,False,Core_Quests.json#CA01
CA00,逃离鱿鱼海岸,任务完成,SW.Item.HoneyBoots_Unique,蜂群意识刺靴,,False,Core_Quests.json#CA00
CA01_B,失踪的商人,首次完成,SW.Item.HoneyBoots_Unique,蜂群意识刺靴,CA01,False,Core_Quests.json#CA01_B
CA01_B,失踪的商人,任务完成,SW.Item.HoneyBoots_Unique,蜂群意识刺靴,CA01,False,Core_Quests.json#CA01_B
PLa1_S04_A,养蜂人,首次完成,SW.Item.HoneyBoots_Unique,蜂群意识刺靴,CA01,False,PlainsA1_Quests.json#PLa1_S04_A
PLa1_S04_A,养蜂人,任务完成,SW.Item.HoneyBoots_Unique,蜂群意识刺靴,CA01,False,PlainsA1_Quests.json#PLa1_S04_A
TOa1_S01_A,"TextReleaseQuestTrackerLabels.csv,TOa1_S01_A",任务完成,SW.Item.HoneyBoots_Unique,蜂群意识刺靴,CA03,False,Town_Quests.json#TOa1_S01_A
CA02,沉寂的小嚎村,任务完成,SW.Item.MushroomHelmet_Unique,毒蝇伞帽,CA01_B,False,Core_Quests.json#CA02
CA04,丢失的音符盒,任务完成,SW.Item.MushroomHelmet_Unique,毒蝇伞帽,CA03,False,Core_Quests.json#CA04
CA02_B,林中腐化,任务完成,SW.Item.MushroomHelmet_Unique,毒蝇伞帽,CA02_C,False,Core_Quests.json#CA02_B
CA02_B_BR,复活的女巫,任务完成,SW.Item.MushroomHelmet_Unique,毒蝇伞帽,CA02_B,True,Core_Quests.json#CA02_B_BR
CA10_BR_B,复活的红石巨兽,首次完成,SW.Item.MushroomHelmet_Unique,毒蝇伞帽,CA10,True,Core_Quests.json#CA10_BR_B
CA10_BR_B,复活的红石巨兽,首次完成,SW.Item.MushroomHelmet_Unique,毒蝇伞帽,CA10,True,Core_Quests.json#CA10_BR_B
CA10_BR_B,复活的红石巨兽,任务完成,SW.Item.MushroomHelmet_Unique,毒蝇伞帽,CA10,True,Core_Quests.json#CA10_BR_B
CA10_BR,最终魂战：返场,首次完成,SW.Item.MushroomHelmet_Unique,毒蝇伞帽,CA10,True,Core_Quests.json#CA10_BR
CA10_BR,最终魂战：返场,首次完成,SW.Item.MushroomHelmet_Unique,毒蝇伞帽,CA10,True,Core_Quests.json#CA10_BR
CA10_BR,最终魂战：返场,任务完成,SW.Item.MushroomHelmet_Unique,毒蝇伞帽,CA10,True,Core_Quests.json#CA10_BR
FOa1_S10_A,牧师学徒,首次完成,SW.Item.MushroomHelmet_Unique,毒蝇伞帽,CA02_B,False,Forest_Quests.json#FOa1_S10_A
CA02,沉寂的小嚎村,任务完成,SW.Item.MushroomChest_Unique,毒蝇伞外套,CA01_B,False,Core_Quests.json#CA02
CA04,丢失的音符盒,任务完成,SW.Item.MushroomChest_Unique,毒蝇伞外套,CA03,False,Core_Quests.json#CA04
CA02_B,林中腐化,任务完成,SW.Item.MushroomChest_Unique,毒蝇伞外套,CA02_C,False,Core_Quests.json#CA02_B
CA02_B_BR,复活的女巫,任务完成,SW.Item.MushroomChest_Unique,毒蝇伞外套,CA02_B,True,Core_Quests.json#CA02_B_BR
CA10_BR_B,复活的红石巨兽,首次完成,SW.Item.MushroomChest_Unique,毒蝇伞外套,CA10,True,Core_Quests.json#CA10_BR_B
CA10_BR_B,复活的红石巨兽,首次完成,SW.Item.MushroomChest_Unique,毒蝇伞外套,CA10,True,Core_Quests.json#CA10_BR_B
CA10_BR_B,复活的红石巨兽,任务完成,SW.Item.MushroomChest_Unique,毒蝇伞外套,CA10,True,Core_Quests.json#CA10_BR_B
CA10_BR,最终魂战：返场,首次完成,SW.Item.MushroomChest_Unique,毒蝇伞外套,CA10,True,Core_Quests.json#CA10_BR
CA10_BR,最终魂战：返场,首次完成,SW.Item.MushroomChest_Unique,毒蝇伞外套,CA10,True,Core_Quests.json#CA10_BR
CA10_BR,最终魂战：返场,任务完成,SW.Item.MushroomChest_Unique,毒蝇伞外套,CA10,True,Core_Quests.json#CA10_BR
FOa1_S10_A,牧师学徒,首次完成,SW.Item.MushroomChest_Unique,毒蝇伞外套,CA02_B,False,Forest_Quests.json#FOa1_S10_A
CA02,沉寂的小嚎村,任务完成,SW.Item.MushroomLeggings_Unique,毒蝇伞长裤,CA01_B,False,Core_Quests.json#CA02
CA04,丢失的音符盒,任务完成,SW.Item.MushroomLeggings_Unique,毒蝇伞长裤,CA03,False,Core_Quests.json#CA04
CA02_B,林中腐化,任务完成,SW.Item.MushroomLeggings_Unique,毒蝇伞长裤,CA02_C,False,Core_Quests.json#CA02_B
CA02_B_BR,复活的女巫,任务完成,SW.Item.MushroomLeggings_Unique,毒蝇伞长裤,CA02_B,True,Core_Quests.json#CA02_B_BR
CA10_BR_B,复活的红石巨兽,首次完成,SW.Item.MushroomLeggings_Unique,毒蝇伞长裤,CA10,True,Core_Quests.json#CA10_BR_B
CA10_BR_B,复活的红石巨兽,首次完成,SW.Item.MushroomLeggings_Unique,毒蝇伞长裤,CA10,True,Core_Quests.json#CA10_BR_B
CA10_BR_B,复活的红石巨兽,任务完成,SW.Item.MushroomLeggings_Unique,毒蝇伞长裤,CA10,True,Core_Quests.json#CA10_BR_B
CA10_BR,最终魂战：返场,首次完成,SW.Item.MushroomLeggings_Unique,毒蝇伞长裤,CA10,True,Core_Quests.json#CA10_BR
CA10_BR,最终魂战：返场,首次完成,SW.Item.MushroomLeggings_Unique,毒蝇伞长裤,CA10,True,Core_Quests.json#CA10_BR
CA10_BR,最终魂战：返场,任务完成,SW.Item.MushroomLeggings_Unique,毒蝇伞长裤,CA10,True,Core_Quests.json#CA10_BR
FOa1_S10_A,牧师学徒,首次完成,SW.Item.MushroomLeggings_Unique,毒蝇伞长裤,CA02_B,False,Forest_Quests.json#FOa1_S10_A
CA02,沉寂的小嚎村,任务完成,SW.Item.MushroomBoots_Unique,毒蝇伞雨鞋,CA01_B,False,Core_Quests.json#CA02
CA04,丢失的音符盒,任务完成,SW.Item.MushroomBoots_Unique,毒蝇伞雨鞋,CA03,False,Core_Quests.json#CA04
CA02_B,林中腐化,任务完成,SW.Item.MushroomBoots_Unique,毒蝇伞雨鞋,CA02_C,False,Core_Quests.json#CA02_B
CA02_B_BR,复活的女巫,任务完成,SW.Item.MushroomBoots_Unique,毒蝇伞雨鞋,CA02_B,True,Core_Quests.json#CA02_B_BR
CA10_BR_B,复活的红石巨兽,首次完成,SW.Item.MushroomBoots_Unique,毒蝇伞雨鞋,CA10,True,Core_Quests.json#CA10_BR_B
CA10_BR_B,复活的红石巨兽,首次完成,SW.Item.MushroomBoots_Unique,毒蝇伞雨鞋,CA10,True,Core_Quests.json#CA10_BR_B
CA10_BR_B,复活的红石巨兽,任务完成,SW.Item.MushroomBoots_Unique,毒蝇伞雨鞋,CA10,True,Core_Quests.json#CA10_BR_B
CA10_BR,最终魂战：返场,首次完成,SW.Item.MushroomBoots_Unique,毒蝇伞雨鞋,CA10,True,Core_Quests.json#CA10_BR
CA10_BR,最终魂战：返场,首次完成,SW.Item.MushroomBoots_Unique,毒蝇伞雨鞋,CA10,True,Core_Quests.json#CA10_BR
CA10_BR,最终魂战：返场,任务完成,SW.Item.MushroomBoots_Unique,毒蝇伞雨鞋,CA10,True,Core_Quests.json#CA10_BR
FOa1_S10_A,牧师学徒,首次完成,SW.Item.MushroomBoots_Unique,毒蝇伞雨鞋,CA02_B,False,Forest_Quests.json#FOa1_S10_A
CA02,沉寂的小嚎村,任务完成,SW.Item.DiscipleHelmet_Unique,贤者头带,CA01_B,False,Core_Quests.json#CA02
CA03,探索深暗之域,任务完成,SW.Item.DiscipleHelmet_Unique,贤者头带,CA02_B,False,Core_Quests.json#CA03
CA04,丢失的音符盒,任务完成,SW.Item.DiscipleHelmet_Unique,贤者头带,CA03,False,Core_Quests.json#CA04
CA06,归还音符盒,任务完成,SW.Item.DiscipleHelmet_Unique,贤者头带,CA05,False,Core_Quests.json#CA06
CA04_BR,CA04_BR,任务完成,SW.Item.DiscipleHelmet_Unique,贤者头带,CA04,True,Core_Quests.json#CA04_BR
CA02_B,林中腐化,任务完成,SW.Item.DiscipleHelmet_Unique,贤者头带,CA02_C,False,Core_Quests.json#CA02_B
CA02_B_BR,复活的女巫,任务完成,SW.Item.DiscipleHelmet_Unique,贤者头带,CA02_B,True,Core_Quests.json#CA02_B_BR
CA03_BR,复活的扭曲监守者,任务完成,SW.Item.DiscipleHelmet_Unique,贤者头带,CA03,True,Core_Quests.json#CA03_BR
CA02,沉寂的小嚎村,任务完成,SW.Item.DiscipleChest_Unique,贤者束衣,CA01_B,False,Core_Quests.json#CA02
CA03,探索深暗之域,任务完成,SW.Item.DiscipleChest_Unique,贤者束衣,CA02_B,False,Core_Quests.json#CA03
CA04,丢失的音符盒,任务完成,SW.Item.DiscipleChest_Unique,贤者束衣,CA03,False,Core_Quests.json#CA04
CA06,归还音符盒,任务完成,SW.Item.DiscipleChest_Unique,贤者束衣,CA05,False,Core_Quests.json#CA06
CA04_BR,CA04_BR,任务完成,SW.Item.DiscipleChest_Unique,贤者束衣,CA04,True,Core_Quests.json#CA04_BR
CA02_B,林中腐化,任务完成,SW.Item.DiscipleChest_Unique,贤者束衣,CA02_C,False,Core_Quests.json#CA02_B
CA02_B_BR,复活的女巫,任务完成,SW.Item.DiscipleChest_Unique,贤者束衣,CA02_B,True,Core_Quests.json#CA02_B_BR
CA03_BR,复活的扭曲监守者,任务完成,SW.Item.DiscipleChest_Unique,贤者束衣,CA03,True,Core_Quests.json#CA03_BR
CA02,沉寂的小嚎村,任务完成,SW.Item.DiscipleLeggings_Unique,贤者腰带,CA01_B,False,Core_Quests.json#CA02
CA03,探索深暗之域,任务完成,SW.Item.DiscipleLeggings_Unique,贤者腰带,CA02_B,False,Core_Quests.json#CA03
CA04,丢失的音符盒,任务完成,SW.Item.DiscipleLeggings_Unique,贤者腰带,CA03,False,Core_Quests.json#CA04
CA06,归还音符盒,任务完成,SW.Item.DiscipleLeggings_Unique,贤者腰带,CA05,False,Core_Quests.json#CA06
CA04_BR,CA04_BR,任务完成,SW.Item.DiscipleLeggings_Unique,贤者腰带,CA04,True,Core_Quests.json#CA04_BR
CA02_B,林中腐化,任务完成,SW.Item.DiscipleLeggings_Unique,贤者腰带,CA02_C,False,Core_Quests.json#CA02_B
CA02_B_BR,复活的女巫,任务完成,SW.Item.DiscipleLeggings_Unique,贤者腰带,CA02_B,True,Core_Quests.json#CA02_B_BR
CA03_BR,复活的扭曲监守者,任务完成,SW.Item.DiscipleLeggings_Unique,贤者腰带,CA03,True,Core_Quests.json#CA03_BR
CA02,沉寂的小嚎村,任务完成,SW.Item.DiscipleBoots_Unique,贤者裹足布,CA01_B,False,Core_Quests.json#CA02
CA03,探索深暗之域,任务完成,SW.Item.DiscipleBoots_Unique,贤者裹足布,CA02_B,False,Core_Quests.json#CA03
CA04,丢失的音符盒,任务完成,SW.Item.DiscipleBoots_Unique,贤者裹足布,CA03,False,Core_Quests.json#CA04
CA06,归还音符盒,任务完成,SW.Item.DiscipleBoots_Unique,贤者裹足布,CA05,False,Core_Quests.json#CA06
CA04_BR,CA04_BR,任务完成,SW.Item.DiscipleBoots_Unique,贤者裹足布,CA04,True,Core_Quests.json#CA04_BR
CA02_B,林中腐化,任务完成,SW.Item.DiscipleBoots_Unique,贤者裹足布,CA02_C,False,Core_Quests.json#CA02_B
CA02_B_BR,复活的女巫,任务完成,SW.Item.DiscipleBoots_Unique,贤者裹足布,CA02_B,True,Core_Quests.json#CA02_B_BR
CA03_BR,复活的扭曲监守者,任务完成,SW.Item.DiscipleBoots_Unique,贤者裹足布,CA03,True,Core_Quests.json#CA03_BR
CA08,消失的和声,任务完成,SW.Item.WellspringHelmet_Unique,狂怒汐浮特面具,CA06,False,Core_Quests.json#CA08
CA09,幽匿者之怒,任务完成,SW.Item.WellspringHelmet_Unique,狂怒汐浮特面具,CA08_B,False,Core_Quests.json#CA09
CA10,最终魂战,任务完成,SW.Item.WellspringHelmet_Unique,狂怒汐浮特面具,CA09,False,Core_Quests.json#CA10
CA09_BR,复活的幽匿巨兽,首次完成,SW.Item.WellspringHelmet_Unique,狂怒汐浮特面具,CA08_B,True,Core_Quests.json#CA09_BR
CA09_BR,复活的幽匿巨兽,首次完成,SW.Item.WellspringHelmet_Unique,狂怒汐浮特面具,CA08_B,True,Core_Quests.json#CA09_BR
CA09_BR,复活的幽匿巨兽,任务完成,SW.Item.WellspringHelmet_Unique,狂怒汐浮特面具,CA08_B,True,Core_Quests.json#CA09_BR
CA08_B,草甸巨兽,任务完成,SW.Item.WellspringHelmet_Unique,狂怒汐浮特面具,CA08,False,Core_Quests.json#CA08_B
MEa1_S05_A,汐浮特之怒,首次完成,SW.Item.WellspringHelmet_Unique,狂怒汐浮特面具,CA08,False,MeadowA1_Quests.json#MEa1_S05_A
CA08,消失的和声,任务完成,SW.Item.WellspringChest_Unique,狂怒汐浮特背心,CA06,False,Core_Quests.json#CA08
CA09,幽匿者之怒,任务完成,SW.Item.WellspringChest_Unique,狂怒汐浮特背心,CA08_B,False,Core_Quests.json#CA09
CA10,最终魂战,任务完成,SW.Item.WellspringChest_Unique,狂怒汐浮特背心,CA09,False,Core_Quests.json#CA10
CA09_BR,复活的幽匿巨兽,首次完成,SW.Item.WellspringChest_Unique,狂怒汐浮特背心,CA08_B,True,Core_Quests.json#CA09_BR
CA09_BR,复活的幽匿巨兽,首次完成,SW.Item.WellspringChest_Unique,狂怒汐浮特背心,CA08_B,True,Core_Quests.json#CA09_BR
CA09_BR,复活的幽匿巨兽,任务完成,SW.Item.WellspringChest_Unique,狂怒汐浮特背心,CA08_B,True,Core_Quests.json#CA09_BR
CA08_B,草甸巨兽,任务完成,SW.Item.WellspringChest_Unique,狂怒汐浮特背心,CA08,False,Core_Quests.json#CA08_B
MEa1_S05_A,汐浮特之怒,首次完成,SW.Item.WellspringChest_Unique,狂怒汐浮特背心,CA08,False,MeadowA1_Quests.json#MEa1_S05_A
CA08,消失的和声,任务完成,SW.Item.WellspringLeggings_Unique,狂怒汐浮特便裤,CA06,False,Core_Quests.json#CA08
CA09,幽匿者之怒,任务完成,SW.Item.WellspringLeggings_Unique,狂怒汐浮特便裤,CA08_B,False,Core_Quests.json#CA09
CA10,最终魂战,任务完成,SW.Item.WellspringLeggings_Unique,狂怒汐浮特便裤,CA09,False,Core_Quests.json#CA10
CA09_BR,复活的幽匿巨兽,首次完成,SW.Item.WellspringLeggings_Unique,狂怒汐浮特便裤,CA08_B,True,Core_Quests.json#CA09_BR
CA09_BR,复活的幽匿巨兽,首次完成,SW.Item.WellspringLeggings_Unique,狂怒汐浮特便裤,CA08_B,True,Core_Quests.json#CA09_BR
CA09_BR,复活的幽匿巨兽,任务完成,SW.Item.WellspringLeggings_Unique,狂怒汐浮特便裤,CA08_B,True,Core_Quests.json#CA09_BR
CA08_B,草甸巨兽,任务完成,SW.Item.WellspringLeggings_Unique,狂怒汐浮特便裤,CA08,False,Core_Quests.json#CA08_B
MEa1_S05_A,汐浮特之怒,首次完成,SW.Item.WellspringLeggings_Unique,狂怒汐浮特便裤,CA08,False,MeadowA1_Quests.json#MEa1_S05_A
CA08,消失的和声,任务完成,SW.Item.WellspringBoots_Unique,狂怒汐浮特之爪,CA06,False,Core_Quests.json#CA08
CA09,幽匿者之怒,任务完成,SW.Item.WellspringBoots_Unique,狂怒汐浮特之爪,CA08_B,False,Core_Quests.json#CA09
CA10,最终魂战,任务完成,SW.Item.WellspringBoots_Unique,狂怒汐浮特之爪,CA09,False,Core_Quests.json#CA10
CA09_BR,复活的幽匿巨兽,首次完成,SW.Item.WellspringBoots_Unique,狂怒汐浮特之爪,CA08_B,True,Core_Quests.json#CA09_BR
CA09_BR,复活的幽匿巨兽,首次完成,SW.Item.WellspringBoots_Unique,狂怒汐浮特之爪,CA08_B,True,Core_Quests.json#CA09_BR
CA09_BR,复活的幽匿巨兽,任务完成,SW.Item.WellspringBoots_Unique,狂怒汐浮特之爪,CA08_B,True,Core_Quests.json#CA09_BR
CA08_B,草甸巨兽,任务完成,SW.Item.WellspringBoots_Unique,狂怒汐浮特之爪,CA08,False,Core_Quests.json#CA08_B
MEa1_S05_A,汐浮特之怒,首次完成,SW.Item.WellspringBoots_Unique,狂怒汐浮特之爪,CA08,False,MeadowA1_Quests.json#MEa1_S05_A
CA03,探索深暗之域,任务完成,SW.Item.RedstoneHelmet_Unique,巨兽角盔,CA02_B,False,Core_Quests.json#CA03
CA06,归还音符盒,任务完成,SW.Item.RedstoneHelmet_Unique,巨兽角盔,CA05,False,Core_Quests.json#CA06
CA04_BR,CA04_BR,任务完成,SW.Item.RedstoneHelmet_Unique,巨兽角盔,CA04,True,Core_Quests.json#CA04_BR
CA03_BR,复活的扭曲监守者,任务完成,SW.Item.RedstoneHelmet_Unique,巨兽角盔,CA03,True,Core_Quests.json#CA03_BR
CA10_BR_B,复活的红石巨兽,首次完成,SW.Item.RedstoneHelmet_Unique,巨兽角盔,CA10,True,Core_Quests.json#CA10_BR_B
CA10_BR_B,复活的红石巨兽,首次完成,SW.Item.RedstoneHelmet_Unique,巨兽角盔,CA10,True,Core_Quests.json#CA10_BR_B
CA10_BR_B,复活的红石巨兽,首次完成,SW.Item.RedstoneHelmet_Unique,巨兽角盔,CA10,True,Core_Quests.json#CA10_BR_B
CA10_BR_B,复活的红石巨兽,任务完成,SW.Item.RedstoneHelmet_Unique,巨兽角盔,CA10,True,Core_Quests.json#CA10_BR_B
CA10_BR,最终魂战：返场,首次完成,SW.Item.RedstoneHelmet_Unique,巨兽角盔,CA10,True,Core_Quests.json#CA10_BR
CA10_BR,最终魂战：返场,首次完成,SW.Item.RedstoneHelmet_Unique,巨兽角盔,CA10,True,Core_Quests.json#CA10_BR
CA10_BR,最终魂战：返场,任务完成,SW.Item.RedstoneHelmet_Unique,巨兽角盔,CA10,True,Core_Quests.json#CA10_BR
CA03,探索深暗之域,任务完成,SW.Item.RedstoneChest_Unique,巨兽盔甲,CA02_B,False,Core_Quests.json#CA03
CA06,归还音符盒,任务完成,SW.Item.RedstoneChest_Unique,巨兽盔甲,CA05,False,Core_Quests.json#CA06
CA04_BR,CA04_BR,任务完成,SW.Item.RedstoneChest_Unique,巨兽盔甲,CA04,True,Core_Quests.json#CA04_BR
CA03_BR,复活的扭曲监守者,任务完成,SW.Item.RedstoneChest_Unique,巨兽盔甲,CA03,True,Core_Quests.json#CA03_BR
CA10_BR_B,复活的红石巨兽,首次完成,SW.Item.RedstoneChest_Unique,巨兽盔甲,CA10,True,Core_Quests.json#CA10_BR_B
CA10_BR_B,复活的红石巨兽,首次完成,SW.Item.RedstoneChest_Unique,巨兽盔甲,CA10,True,Core_Quests.json#CA10_BR_B
CA10_BR_B,复活的红石巨兽,首次完成,SW.Item.RedstoneChest_Unique,巨兽盔甲,CA10,True,Core_Quests.json#CA10_BR_B
CA10_BR_B,复活的红石巨兽,任务完成,SW.Item.RedstoneChest_Unique,巨兽盔甲,CA10,True,Core_Quests.json#CA10_BR_B
CA10_BR,最终魂战：返场,首次完成,SW.Item.RedstoneChest_Unique,巨兽盔甲,CA10,True,Core_Quests.json#CA10_BR
CA10_BR,最终魂战：返场,首次完成,SW.Item.RedstoneChest_Unique,巨兽盔甲,CA10,True,Core_Quests.json#CA10_BR
CA10_BR,最终魂战：返场,任务完成,SW.Item.RedstoneChest_Unique,巨兽盔甲,CA10,True,Core_Quests.json#CA10_BR
CA03,探索深暗之域,任务完成,SW.Item.RedstoneLeggings_Unique,巨兽胫甲,CA02_B,False,Core_Quests.json#CA03
CA06,归还音符盒,任务完成,SW.Item.RedstoneLeggings_Unique,巨兽胫甲,CA05,False,Core_Quests.json#CA06
CA04_BR,CA04_BR,任务完成,SW.Item.RedstoneLeggings_Unique,巨兽胫甲,CA04,True,Core_Quests.json#CA04_BR
CA03_BR,复活的扭曲监守者,任务完成,SW.Item.RedstoneLeggings_Unique,巨兽胫甲,CA03,True,Core_Quests.json#CA03_BR
CA10_BR_B,复活的红石巨兽,首次完成,SW.Item.RedstoneLeggings_Unique,巨兽胫甲,CA10,True,Core_Quests.json#CA10_BR_B
CA10_BR_B,复活的红石巨兽,首次完成,SW.Item.RedstoneLeggings_Unique,巨兽胫甲,CA10,True,Core_Quests.json#CA10_BR_B
CA10_BR_B,复活的红石巨兽,首次完成,SW.Item.RedstoneLeggings_Unique,巨兽胫甲,CA10,True,Core_Quests.json#CA10_BR_B
CA10_BR_B,复活的红石巨兽,任务完成,SW.Item.RedstoneLeggings_Unique,巨兽胫甲,CA10,True,Core_Quests.json#CA10_BR_B
CA10_BR,最终魂战：返场,首次完成,SW.Item.RedstoneLeggings_Unique,巨兽胫甲,CA10,True,Core_Quests.json#CA10_BR
CA10_BR,最终魂战：返场,首次完成,SW.Item.RedstoneLeggings_Unique,巨兽胫甲,CA10,True,Core_Quests.json#CA10_BR
CA10_BR,最终魂战：返场,任务完成,SW.Item.RedstoneLeggings_Unique,巨兽胫甲,CA10,True,Core_Quests.json#CA10_BR
CA03,探索深暗之域,任务完成,SW.Item.RedstoneBoots_Unique,巨兽战靴,CA02_B,False,Core_Quests.json#CA03
CA06,归还音符盒,任务完成,SW.Item.RedstoneBoots_Unique,巨兽战靴,CA05,False,Core_Quests.json#CA06
CA04_BR,CA04_BR,任务完成,SW.Item.RedstoneBoots_Unique,巨兽战靴,CA04,True,Core_Quests.json#CA04_BR
CA03_BR,复活的扭曲监守者,任务完成,SW.Item.RedstoneBoots_Unique,巨兽战靴,CA03,True,Core_Quests.json#CA03_BR
CA10_BR_B,复活的红石巨兽,首次完成,SW.Item.RedstoneBoots_Unique,巨兽战靴,CA10,True,Core_Quests.json#CA10_BR_B
CA10_BR_B,复活的红石巨兽,首次完成,SW.Item.RedstoneBoots_Unique,巨兽战靴,CA10,True,Core_Quests.json#CA10_BR_B
CA10_BR_B,复活的红石巨兽,首次完成,SW.Item.RedstoneBoots_Unique,巨兽战靴,CA10,True,Core_Quests.json#CA10_BR_B
CA10_BR_B,复活的红石巨兽,任务完成,SW.Item.RedstoneBoots_Unique,巨兽战靴,CA10,True,Core_Quests.json#CA10_BR_B
CA10_BR,最终魂战：返场,首次完成,SW.Item.RedstoneBoots_Unique,巨兽战靴,CA10,True,Core_Quests.json#CA10_BR
CA10_BR,最终魂战：返场,首次完成,SW.Item.RedstoneBoots_Unique,巨兽战靴,CA10,True,Core_Quests.json#CA10_BR
CA10_BR,最终魂战：返场,任务完成,SW.Item.RedstoneBoots_Unique,巨兽战靴,CA10,True,Core_Quests.json#CA10_BR
CA05,翻越冰封高地,任务完成,SW.Item.EvocationHelmet_Unique,炼金术士礼帽,CA07,False,Core_Quests.json#CA05
CA05_BR,复活的首席附魔师,任务完成,SW.Item.EvocationHelmet_Unique,炼金术士礼帽,CA05,True,Core_Quests.json#CA05_BR
CA05,翻越冰封高地,任务完成,SW.Item.EvocationChest_Unique,炼金术士大衣,CA07,False,Core_Quests.json#CA05
CA05_BR,复活的首席附魔师,任务完成,SW.Item.EvocationChest_Unique,炼金术士大衣,CA05,True,Core_Quests.json#CA05_BR
CA05,翻越冰封高地,任务完成,SW.Item.EvocationLeggings_Unique,炼金术士长裤,CA07,False,Core_Quests.json#CA05
CA05_BR,复活的首席附魔师,任务完成,SW.Item.EvocationLeggings_Unique,炼金术士长裤,CA05,True,Core_Quests.json#CA05_BR
CA05,翻越冰封高地,任务完成,SW.Item.EvocationBoots_Unique,炼金术士便鞋,CA07,False,Core_Quests.json#CA05
CA05_BR,复活的首席附魔师,任务完成,SW.Item.EvocationBoots_Unique,炼金术士便鞋,CA05,True,Core_Quests.json#CA05_BR
CA05,翻越冰封高地,任务完成,SW.Item.ScavengerHelmet,幽匿者面具,CA07,False,Core_Quests.json#CA05
CA05_BR,复活的首席附魔师,任务完成,SW.Item.ScavengerHelmet,幽匿者面具,CA05,True,Core_Quests.json#CA05_BR
CA10_BR_B,复活的红石巨兽,首次完成,SW.Item.ScavengerHelmet,幽匿者面具,CA10,True,Core_Quests.json#CA10_BR_B
CA10_BR_B,复活的红石巨兽,首次完成,SW.Item.ScavengerHelmet,幽匿者面具,CA10,True,Core_Quests.json#CA10_BR_B
CA10_BR_B,复活的红石巨兽,任务完成,SW.Item.ScavengerHelmet,幽匿者面具,CA10,True,Core_Quests.json#CA10_BR_B
CA10_BR,最终魂战：返场,首次完成,SW.Item.ScavengerHelmet,幽匿者面具,CA10,True,Core_Quests.json#CA10_BR
CA10_BR,最终魂战：返场,首次完成,SW.Item.ScavengerHelmet,幽匿者面具,CA10,True,Core_Quests.json#CA10_BR
CA10_BR,最终魂战：返场,任务完成,SW.Item.ScavengerHelmet,幽匿者面具,CA10,True,Core_Quests.json#CA10_BR
CA05,翻越冰封高地,任务完成,SW.Item.ScavengerChest,幽匿者长袍,CA07,False,Core_Quests.json#CA05
CA05_BR,复活的首席附魔师,任务完成,SW.Item.ScavengerChest,幽匿者长袍,CA05,True,Core_Quests.json#CA05_BR
CA10_BR_B,复活的红石巨兽,首次完成,SW.Item.ScavengerChest,幽匿者长袍,CA10,True,Core_Quests.json#CA10_BR_B
CA10_BR_B,复活的红石巨兽,首次完成,SW.Item.ScavengerChest,幽匿者长袍,CA10,True,Core_Quests.json#CA10_BR_B
CA10_BR_B,复活的红石巨兽,任务完成,SW.Item.ScavengerChest,幽匿者长袍,CA10,True,Core_Quests.json#CA10_BR_B
CA10_BR,最终魂战：返场,首次完成,SW.Item.ScavengerChest,幽匿者长袍,CA10,True,Core_Quests.json#CA10_BR
CA10_BR,最终魂战：返场,首次完成,SW.Item.ScavengerChest,幽匿者长袍,CA10,True,Core_Quests.json#CA10_BR
CA10_BR,最终魂战：返场,任务完成,SW.Item.ScavengerChest,幽匿者长袍,CA10,True,Core_Quests.json#CA10_BR
CA05,翻越冰封高地,任务完成,SW.Item.ScavengerLeggings,幽匿者便裤,CA07,False,Core_Quests.json#CA05
CA05_BR,复活的首席附魔师,任务完成,SW.Item.ScavengerLeggings,幽匿者便裤,CA05,True,Core_Quests.json#CA05_BR
CA10_BR_B,复活的红石巨兽,首次完成,SW.Item.ScavengerLeggings,幽匿者便裤,CA10,True,Core_Quests.json#CA10_BR_B
CA10_BR_B,复活的红石巨兽,首次完成,SW.Item.ScavengerLeggings,幽匿者便裤,CA10,True,Core_Quests.json#CA10_BR_B
CA10_BR_B,复活的红石巨兽,任务完成,SW.Item.ScavengerLeggings,幽匿者便裤,CA10,True,Core_Quests.json#CA10_BR_B
CA10_BR,最终魂战：返场,首次完成,SW.Item.ScavengerLeggings,幽匿者便裤,CA10,True,Core_Quests.json#CA10_BR
CA10_BR,最终魂战：返场,首次完成,SW.Item.ScavengerLeggings,幽匿者便裤,CA10,True,Core_Quests.json#CA10_BR
CA10_BR,最终魂战：返场,任务完成,SW.Item.ScavengerLeggings,幽匿者便裤,CA10,True,Core_Quests.json#CA10_BR
CA05,翻越冰封高地,任务完成,SW.Item.ScavengerBoots,幽匿者之靴,CA07,False,Core_Quests.json#CA05
CA05_BR,复活的首席附魔师,任务完成,SW.Item.ScavengerBoots,幽匿者之靴,CA05,True,Core_Quests.json#CA05_BR
CA10_BR_B,复活的红石巨兽,首次完成,SW.Item.ScavengerBoots,幽匿者之靴,CA10,True,Core_Quests.json#CA10_BR_B
CA10_BR_B,复活的红石巨兽,首次完成,SW.Item.ScavengerBoots,幽匿者之靴,CA10,True,Core_Quests.json#CA10_BR_B
CA10_BR_B,复活的红石巨兽,任务完成,SW.Item.ScavengerBoots,幽匿者之靴,CA10,True,Core_Quests.json#CA10_BR_B
CA10_BR,最终魂战：返场,首次完成,SW.Item.ScavengerBoots,幽匿者之靴,CA10,True,Core_Quests.json#CA10_BR
CA10_BR,最终魂战：返场,首次完成,SW.Item.ScavengerBoots,幽匿者之靴,CA10,True,Core_Quests.json#CA10_BR
CA10_BR,最终魂战：返场,任务完成,SW.Item.ScavengerBoots,幽匿者之靴,CA10,True,Core_Quests.json#CA10_BR
CA05,翻越冰封高地,任务完成,SW.Item.ScavengerHelmet_Unique,君主王冠,CA07,False,Core_Quests.json#CA05
CA05_BR,复活的首席附魔师,任务完成,SW.Item.ScavengerHelmet_Unique,君主王冠,CA05,True,Core_Quests.json#CA05_BR
CA10_BR_B,复活的红石巨兽,首次完成,SW.Item.ScavengerHelmet_Unique,君主王冠,CA10,True,Core_Quests.json#CA10_BR_B
CA10_BR_B,复活的红石巨兽,首次完成,SW.Item.ScavengerHelmet_Unique,君主王冠,CA10,True,Core_Quests.json#CA10_BR_B
CA10_BR_B,复活的红石巨兽,任务完成,SW.Item.ScavengerHelmet_Unique,君主王冠,CA10,True,Core_Quests.json#CA10_BR_B
CA10_BR,最终魂战：返场,首次完成,SW.Item.ScavengerHelmet_Unique,君主王冠,CA10,True,Core_Quests.json#CA10_BR
CA10_BR,最终魂战：返场,首次完成,SW.Item.ScavengerHelmet_Unique,君主王冠,CA10,True,Core_Quests.json#CA10_BR
CA10_BR,最终魂战：返场,任务完成,SW.Item.ScavengerHelmet_Unique,君主王冠,CA10,True,Core_Quests.json#CA10_BR
CA05,翻越冰封高地,任务完成,SW.Item.ScavengerChest_Unique,君主披风,CA07,False,Core_Quests.json#CA05
CA05_BR,复活的首席附魔师,任务完成,SW.Item.ScavengerChest_Unique,君主披风,CA05,True,Core_Quests.json#CA05_BR
CA10_BR_B,复活的红石巨兽,首次完成,SW.Item.ScavengerChest_Unique,君主披风,CA10,True,Core_Quests.json#CA10_BR_B
CA10_BR_B,复活的红石巨兽,首次完成,SW.Item.ScavengerChest_Unique,君主披风,CA10,True,Core_Quests.json#CA10_BR_B
CA10_BR_B,复活的红石巨兽,任务完成,SW.Item.ScavengerChest_Unique,君主披风,CA10,True,Core_Quests.json#CA10_BR_B
CA10_BR,最终魂战：返场,首次完成,SW.Item.ScavengerChest_Unique,君主披风,CA10,True,Core_Quests.json#CA10_BR
CA10_BR,最终魂战：返场,首次完成,SW.Item.ScavengerChest_Unique,君主披风,CA10,True,Core_Quests.json#CA10_BR
CA10_BR,最终魂战：返场,任务完成,SW.Item.ScavengerChest_Unique,君主披风,CA10,True,Core_Quests.json#CA10_BR
CA05,翻越冰封高地,任务完成,SW.Item.ScavengerLeggings_Unique,君主腰带,CA07,False,Core_Quests.json#CA05
CA05_BR,复活的首席附魔师,任务完成,SW.Item.ScavengerLeggings_Unique,君主腰带,CA05,True,Core_Quests.json#CA05_BR
CA10_BR_B,复活的红石巨兽,首次完成,SW.Item.ScavengerLeggings_Unique,君主腰带,CA10,True,Core_Quests.json#CA10_BR_B
CA10_BR_B,复活的红石巨兽,首次完成,SW.Item.ScavengerLeggings_Unique,君主腰带,CA10,True,Core_Quests.json#CA10_BR_B
CA10_BR_B,复活的红石巨兽,任务完成,SW.Item.ScavengerLeggings_Unique,君主腰带,CA10,True,Core_Quests.json#CA10_BR_B
CA10_BR,最终魂战：返场,首次完成,SW.Item.ScavengerLeggings_Unique,君主腰带,CA10,True,Core_Quests.json#CA10_BR
CA10_BR,最终魂战：返场,首次完成,SW.Item.ScavengerLeggings_Unique,君主腰带,CA10,True,Core_Quests.json#CA10_BR
CA10_BR,最终魂战：返场,任务完成,SW.Item.ScavengerLeggings_Unique,君主腰带,CA10,True,Core_Quests.json#CA10_BR
CA05,翻越冰封高地,任务完成,SW.Item.ScavengerBoots_Unique,君主利爪,CA07,False,Core_Quests.json#CA05
CA05_BR,复活的首席附魔师,任务完成,SW.Item.ScavengerBoots_Unique,君主利爪,CA05,True,Core_Quests.json#CA05_BR
CA10_BR_B,复活的红石巨兽,首次完成,SW.Item.ScavengerBoots_Unique,君主利爪,CA10,True,Core_Quests.json#CA10_BR_B
CA10_BR_B,复活的红石巨兽,首次完成,SW.Item.ScavengerBoots_Unique,君主利爪,CA10,True,Core_Quests.json#CA10_BR_B
CA10_BR_B,复活的红石巨兽,任务完成,SW.Item.ScavengerBoots_Unique,君主利爪,CA10,True,Core_Quests.json#CA10_BR_B
CA10_BR,最终魂战：返场,首次完成,SW.Item.ScavengerBoots_Unique,君主利爪,CA10,True,Core_Quests.json#CA10_BR
CA10_BR,最终魂战：返场,首次完成,SW.Item.ScavengerBoots_Unique,君主利爪,CA10,True,Core_Quests.json#CA10_BR
CA10_BR,最终魂战：返场,任务完成,SW.Item.ScavengerBoots_Unique,君主利爪,CA10,True,Core_Quests.json#CA10_BR
CA01,来自裂隙的灾厄村民,任务完成,SW.Item.Artifact.RallyingHorn,轰鸣号角,CA00,False,Core_Quests.json#CA01
CA05,翻越冰封高地,任务完成,SW.Item.Artifact.RallyingHorn,轰鸣号角,CA07,False,Core_Quests.json#CA05
CA00,逃离鱿鱼海岸,任务完成,SW.Item.Artifact.RallyingHorn,轰鸣号角,,False,Core_Quests.json#CA00
CA05_BR,复活的首席附魔师,任务完成,SW.Item.Artifact.RallyingHorn,轰鸣号角,CA05,True,Core_Quests.json#CA05_BR
CA01_B,失踪的商人,任务完成,SW.Item.Artifact.RallyingHorn,轰鸣号角,CA01,False,Core_Quests.json#CA01_B
CA09_BR,复活的幽匿巨兽,首次完成,SW.Item.Artifact.RallyingHorn,轰鸣号角,CA08_B,True,Core_Quests.json#CA09_BR
PLa1_S04_A,养蜂人,任务完成,SW.Item.Artifact.RallyingHorn,轰鸣号角,CA01,False,PlainsA1_Quests.json#PLa1_S04_A
TOa1_S01_A,"TextReleaseQuestTrackerLabels.csv,TOa1_S01_A",任务完成,SW.Item.Artifact.RallyingHorn,轰鸣号角,CA03,False,Town_Quests.json#TOa1_S01_A
CA07,穿越多雨平原,任务完成,SW.Item.Artifact.TotemOfRegeneration,回复图腾,CA04,False,Core_Quests.json#CA07
CA07_BR,复活的铜巨兽,任务完成,SW.Item.Artifact.TotemOfRegeneration,回复图腾,CA07,True,Core_Quests.json#CA07_BR
CA07,穿越多雨平原,任务完成,SW.Item.Artifact.SoulHarvester,灵魂收割者,CA04,False,Core_Quests.json#CA07
CA08,消失的和声,任务完成,SW.Item.Artifact.SoulHarvester,灵魂收割者,CA06,False,Core_Quests.json#CA08
CA07_BR,复活的铜巨兽,任务完成,SW.Item.Artifact.SoulHarvester,灵魂收割者,CA07,True,Core_Quests.json#CA07_BR
CA09_BR,复活的幽匿巨兽,首次完成,SW.Item.Artifact.SoulHarvester,灵魂收割者,CA08_B,True,Core_Quests.json#CA09_BR
CA09_BR,复活的幽匿巨兽,首次完成,SW.Item.Artifact.SoulHarvester,灵魂收割者,CA08_B,True,Core_Quests.json#CA09_BR
CA09_BR,复活的幽匿巨兽,首次完成,SW.Item.Artifact.SoulHarvester,灵魂收割者,CA08_B,True,Core_Quests.json#CA09_BR
CA09_BR,复活的幽匿巨兽,任务完成,SW.Item.Artifact.SoulHarvester,灵魂收割者,CA08_B,True,Core_Quests.json#CA09_BR
CA08_B,草甸巨兽,任务完成,SW.Item.Artifact.SoulHarvester,灵魂收割者,CA08,False,Core_Quests.json#CA08_B
CA10_BR,最终魂战：返场,首次完成,SW.Item.Artifact.SoulHarvester,灵魂收割者,CA10,True,Core_Quests.json#CA10_BR
CA07,穿越多雨平原,任务完成,SW.Item.Artifact.PicnicBlanket,野餐篮,CA04,False,Core_Quests.json#CA07
CA07_BR,复活的铜巨兽,任务完成,SW.Item.Artifact.PicnicBlanket,野餐篮,CA07,True,Core_Quests.json#CA07_BR
CA01,来自裂隙的灾厄村民,任务完成,SW.Item.Artifact.CorruptedBeacon,腐化信标,CA00,False,Core_Quests.json#CA01
CA00,逃离鱿鱼海岸,任务完成,SW.Item.Artifact.CorruptedBeacon,腐化信标,,False,Core_Quests.json#CA00
CA01_B,失踪的商人,任务完成,SW.Item.Artifact.CorruptedBeacon,腐化信标,CA01,False,Core_Quests.json#CA01_B
CA10_BR_B,复活的红石巨兽,首次完成,SW.Item.Artifact.CorruptedBeacon,腐化信标,CA10,True,Core_Quests.json#CA10_BR_B
CA10_BR_B,复活的红石巨兽,首次完成,SW.Item.Artifact.CorruptedBeacon,腐化信标,CA10,True,Core_Quests.json#CA10_BR_B
CA10_BR_B,复活的红石巨兽,任务完成,SW.Item.Artifact.CorruptedBeacon,腐化信标,CA10,True,Core_Quests.json#CA10_BR_B
CA10_BR,最终魂战：返场,首次完成,SW.Item.Artifact.CorruptedBeacon,腐化信标,CA10,True,Core_Quests.json#CA10_BR
CA10_BR,最终魂战：返场,首次完成,SW.Item.Artifact.CorruptedBeacon,腐化信标,CA10,True,Core_Quests.json#CA10_BR
CA10_BR,最终魂战：返场,任务完成,SW.Item.Artifact.CorruptedBeacon,腐化信标,CA10,True,Core_Quests.json#CA10_BR
PLa1_S04_A,养蜂人,任务完成,SW.Item.Artifact.CorruptedBeacon,腐化信标,CA01,False,PlainsA1_Quests.json#PLa1_S04_A
TOa1_S01_A,"TextReleaseQuestTrackerLabels.csv,TOa1_S01_A",任务完成,SW.Item.Artifact.CorruptedBeacon,腐化信标,CA03,False,Town_Quests.json#TOa1_S01_A
CA02,沉寂的小嚎村,任务完成,SW.Item.Artifact.CorruptedSeeds,腐化种子,CA01_B,False,Core_Quests.json#CA02
CA03,探索深暗之域,任务完成,SW.Item.Artifact.CorruptedSeeds,腐化种子,CA02_B,False,Core_Quests.json#CA03
CA04,丢失的音符盒,任务完成,SW.Item.Artifact.CorruptedSeeds,腐化种子,CA03,False,Core_Quests.json#CA04
CA06,归还音符盒,任务完成,SW.Item.Artifact.CorruptedSeeds,腐化种子,CA05,False,Core_Quests.json#CA06
CA04_BR,CA04_BR,任务完成,SW.Item.Artifact.CorruptedSeeds,腐化种子,CA04,True,Core_Quests.json#CA04_BR
CA02_B,林中腐化,任务完成,SW.Item.Artifact.CorruptedSeeds,腐化种子,CA02_C,False,Core_Quests.json#CA02_B
CA02_B_BR,复活的女巫,任务完成,SW.Item.Artifact.CorruptedSeeds,腐化种子,CA02_B,True,Core_Quests.json#CA02_B_BR
CA03_BR,复活的扭曲监守者,任务完成,SW.Item.Artifact.CorruptedSeeds,腐化种子,CA03,True,Core_Quests.json#CA03_BR
PLa2_S17_A,灾厄村民的非法试验,首次完成,SW.Item.Artifact.CorruptedSeeds,腐化种子,CA07,False,PlainsA2_Quests.json#PLa2_S17_A
CA02,沉寂的小嚎村,任务完成,SW.Item.Artifact.DeathcapMushroom,死亡帽蘑菇,CA01_B,False,Core_Quests.json#CA02
CA04,丢失的音符盒,任务完成,SW.Item.Artifact.DeathcapMushroom,死亡帽蘑菇,CA03,False,Core_Quests.json#CA04
CA02_B,林中腐化,任务完成,SW.Item.Artifact.DeathcapMushroom,死亡帽蘑菇,CA02_C,False,Core_Quests.json#CA02_B
CA02_B_BR,复活的女巫,任务完成,SW.Item.Artifact.DeathcapMushroom,死亡帽蘑菇,CA02_B,True,Core_Quests.json#CA02_B_BR
CA02,沉寂的小嚎村,任务完成,SW.Item.Artifact.TotemOfShielding,护盾图腾,CA01_B,False,Core_Quests.json#CA02
CA03,探索深暗之域,任务完成,SW.Item.Artifact.TotemOfShielding,护盾图腾,CA02_B,False,Core_Quests.json#CA03
CA04,丢失的音符盒,任务完成,SW.Item.Artifact.TotemOfShielding,护盾图腾,CA03,False,Core_Quests.json#CA04
CA06,归还音符盒,任务完成,SW.Item.Artifact.TotemOfShielding,护盾图腾,CA05,False,Core_Quests.json#CA06
CA04_BR,CA04_BR,任务完成,SW.Item.Artifact.TotemOfShielding,护盾图腾,CA04,True,Core_Quests.json#CA04_BR
CA02_B,林中腐化,任务完成,SW.Item.Artifact.TotemOfShielding,护盾图腾,CA02_C,False,Core_Quests.json#CA02_B
CA02_B_BR,复活的女巫,任务完成,SW.Item.Artifact.TotemOfShielding,护盾图腾,CA02_B,True,Core_Quests.json#CA02_B_BR
CA03_BR,复活的扭曲监守者,任务完成,SW.Item.Artifact.TotemOfShielding,护盾图腾,CA03,True,Core_Quests.json#CA03_BR
CA07,穿越多雨平原,任务完成,SW.Item.Artifact.TotemOfCasting,施法图腾,CA04,False,Core_Quests.json#CA07
CA08,消失的和声,任务完成,SW.Item.Artifact.TotemOfCasting,施法图腾,CA06,False,Core_Quests.json#CA08
CA07_BR,复活的铜巨兽,任务完成,SW.Item.Artifact.TotemOfCasting,施法图腾,CA07,True,Core_Quests.json#CA07_BR
CA09_BR,复活的幽匿巨兽,首次完成,SW.Item.Artifact.TotemOfCasting,施法图腾,CA08_B,True,Core_Quests.json#CA09_BR
CA09_BR,复活的幽匿巨兽,首次完成,SW.Item.Artifact.TotemOfCasting,施法图腾,CA08_B,True,Core_Quests.json#CA09_BR
CA09_BR,复活的幽匿巨兽,任务完成,SW.Item.Artifact.TotemOfCasting,施法图腾,CA08_B,True,Core_Quests.json#CA09_BR
CA08_B,草甸巨兽,任务完成,SW.Item.Artifact.TotemOfCasting,施法图腾,CA08,False,Core_Quests.json#CA08_B
CA02,沉寂的小嚎村,任务完成,SW.Item.Artifact.SmokeBomb,末影迷雾,CA01_B,False,Core_Quests.json#CA02
CA04,丢失的音符盒,任务完成,SW.Item.Artifact.SmokeBomb,末影迷雾,CA03,False,Core_Quests.json#CA04
CA02_B,林中腐化,任务完成,SW.Item.Artifact.SmokeBomb,末影迷雾,CA02_C,False,Core_Quests.json#CA02_B
CA02_B_BR,复活的女巫,任务完成,SW.Item.Artifact.SmokeBomb,末影迷雾,CA02_B,True,Core_Quests.json#CA02_B_BR
CA03,探索深暗之域,任务完成,SW.Item.Artifact.RedstoneMines,红石地雷发射器,CA02_B,False,Core_Quests.json#CA03
CA06,归还音符盒,任务完成,SW.Item.Artifact.RedstoneMines,红石地雷发射器,CA05,False,Core_Quests.json#CA06
CA04_BR,CA04_BR,任务完成,SW.Item.Artifact.RedstoneMines,红石地雷发射器,CA04,True,Core_Quests.json#CA04_BR
CA03_BR,复活的扭曲监守者,任务完成,SW.Item.Artifact.RedstoneMines,红石地雷发射器,CA03,True,Core_Quests.json#CA03_BR
CA10_BR_B,复活的红石巨兽,首次完成,SW.Item.Artifact.RedstoneMines,红石地雷发射器,CA10,True,Core_Quests.json#CA10_BR_B
CA10_BR_B,复活的红石巨兽,首次完成,SW.Item.Artifact.RedstoneMines,红石地雷发射器,CA10,True,Core_Quests.json#CA10_BR_B
CA10_BR_B,复活的红石巨兽,首次完成,SW.Item.Artifact.RedstoneMines,红石地雷发射器,CA10,True,Core_Quests.json#CA10_BR_B
CA10_BR_B,复活的红石巨兽,任务完成,SW.Item.Artifact.RedstoneMines,红石地雷发射器,CA10,True,Core_Quests.json#CA10_BR_B
CA10_BR,最终魂战：返场,首次完成,SW.Item.Artifact.RedstoneMines,红石地雷发射器,CA10,True,Core_Quests.json#CA10_BR
CA10_BR,最终魂战：返场,首次完成,SW.Item.Artifact.RedstoneMines,红石地雷发射器,CA10,True,Core_Quests.json#CA10_BR
CA10_BR,最终魂战：返场,任务完成,SW.Item.Artifact.RedstoneMines,红石地雷发射器,CA10,True,Core_Quests.json#CA10_BR
CA02,沉寂的小嚎村,任务完成,SW.Item.Artifact.WitchesBrew,女巫药剂,CA01_B,False,Core_Quests.json#CA02
CA04,丢失的音符盒,任务完成,SW.Item.Artifact.WitchesBrew,女巫药剂,CA03,False,Core_Quests.json#CA04
CA02_B,林中腐化,任务完成,SW.Item.Artifact.WitchesBrew,女巫药剂,CA02_C,False,Core_Quests.json#CA02_B
CA02_B_BR,复活的女巫,任务完成,SW.Item.Artifact.WitchesBrew,女巫药剂,CA02_B,True,Core_Quests.json#CA02_B_BR
CA08,消失的和声,任务完成,SW.Item.Artifact.Satchel.Fire,余烬小袋,CA06,False,Core_Quests.json#CA08
CA09,幽匿者之怒,任务完成,SW.Item.Artifact.Satchel.Fire,余烬小袋,CA08_B,False,Core_Quests.json#CA09
CA10,最终魂战,任务完成,SW.Item.Artifact.Satchel.Fire,余烬小袋,CA09,False,Core_Quests.json#CA10
CA09_BR,复活的幽匿巨兽,首次完成,SW.Item.Artifact.Satchel.Fire,余烬小袋,CA08_B,True,Core_Quests.json#CA09_BR
CA09_BR,复活的幽匿巨兽,首次完成,SW.Item.Artifact.Satchel.Fire,余烬小袋,CA08_B,True,Core_Quests.json#CA09_BR
CA09_BR,复活的幽匿巨兽,任务完成,SW.Item.Artifact.Satchel.Fire,余烬小袋,CA08_B,True,Core_Quests.json#CA09_BR
CA08_B,草甸巨兽,任务完成,SW.Item.Artifact.Satchel.Fire,余烬小袋,CA08,False,Core_Quests.json#CA08_B
CA10_BR_B,复活的红石巨兽,首次完成,SW.Item.Artifact.Satchel.Fire,余烬小袋,CA10,True,Core_Quests.json#CA10_BR_B
CA01,来自裂隙的灾厄村民,任务完成,SW.Item.Artifact.Satchel.Freezing,寒霜小袋,CA00,False,Core_Quests.json#CA01
CA00,逃离鱿鱼海岸,任务完成,SW.Item.Artifact.Satchel.Freezing,寒霜小袋,,False,Core_Quests.json#CA00
CA01_B,失踪的商人,任务完成,SW.Item.Artifact.Satchel.Freezing,寒霜小袋,CA01,False,Core_Quests.json#CA01_B
CA10_BR_B,复活的红石巨兽,首次完成,SW.Item.Artifact.Satchel.Freezing,寒霜小袋,CA10,True,Core_Quests.json#CA10_BR_B
CA10_BR_B,复活的红石巨兽,首次完成,SW.Item.Artifact.Satchel.Freezing,寒霜小袋,CA10,True,Core_Quests.json#CA10_BR_B
CA10_BR_B,复活的红石巨兽,任务完成,SW.Item.Artifact.Satchel.Freezing,寒霜小袋,CA10,True,Core_Quests.json#CA10_BR_B
CA10_BR,最终魂战：返场,首次完成,SW.Item.Artifact.Satchel.Freezing,寒霜小袋,CA10,True,Core_Quests.json#CA10_BR
CA10_BR,最终魂战：返场,首次完成,SW.Item.Artifact.Satchel.Freezing,寒霜小袋,CA10,True,Core_Quests.json#CA10_BR
CA10_BR,最终魂战：返场,任务完成,SW.Item.Artifact.Satchel.Freezing,寒霜小袋,CA10,True,Core_Quests.json#CA10_BR
PLa1_S04_A,养蜂人,任务完成,SW.Item.Artifact.Satchel.Freezing,寒霜小袋,CA01,False,PlainsA1_Quests.json#PLa1_S04_A
TOa1_S01_A,"TextReleaseQuestTrackerLabels.csv,TOa1_S01_A",任务完成,SW.Item.Artifact.Satchel.Freezing,寒霜小袋,CA03,False,Town_Quests.json#TOa1_S01_A
CA07,穿越多雨平原,任务完成,SW.Item.Artifact.Satchel.Poison,剧毒小袋,CA04,False,Core_Quests.json#CA07
CA07_BR,复活的铜巨兽,任务完成,SW.Item.Artifact.Satchel.Poison,剧毒小袋,CA07,True,Core_Quests.json#CA07_BR
CA02,沉寂的小嚎村,任务完成,SW.Item.Artifact.Satchel.Conductive,雷霆小袋,CA01_B,False,Core_Quests.json#CA02
CA03,探索深暗之域,任务完成,SW.Item.Artifact.Satchel.Conductive,雷霆小袋,CA02_B,False,Core_Quests.json#CA03
CA04,丢失的音符盒,任务完成,SW.Item.Artifact.Satchel.Conductive,雷霆小袋,CA03,False,Core_Quests.json#CA04
CA06,归还音符盒,任务完成,SW.Item.Artifact.Satchel.Conductive,雷霆小袋,CA05,False,Core_Quests.json#CA06
CA04_BR,CA04_BR,任务完成,SW.Item.Artifact.Satchel.Conductive,雷霆小袋,CA04,True,Core_Quests.json#CA04_BR
CA02_B,林中腐化,任务完成,SW.Item.Artifact.Satchel.Conductive,雷霆小袋,CA02_C,False,Core_Quests.json#CA02_B
CA02_B_BR,复活的女巫,任务完成,SW.Item.Artifact.Satchel.Conductive,雷霆小袋,CA02_B,True,Core_Quests.json#CA02_B_BR
CA03_BR,复活的扭曲监守者,任务完成,SW.Item.Artifact.Satchel.Conductive,雷霆小袋,CA03,True,Core_Quests.json#CA03_BR
CA01,来自裂隙的灾厄村民,任务完成,SW.Item.Artifact.CreeperCandle,苦力怕蜡烛,CA00,False,Core_Quests.json#CA01
CA00,逃离鱿鱼海岸,任务完成,SW.Item.Artifact.CreeperCandle,苦力怕蜡烛,,False,Core_Quests.json#CA00
CA01_B,失踪的商人,任务完成,SW.Item.Artifact.CreeperCandle,苦力怕蜡烛,CA01,False,Core_Quests.json#CA01_B
CA10_BR_B,复活的红石巨兽,首次完成,SW.Item.Artifact.CreeperCandle,苦力怕蜡烛,CA10,True,Core_Quests.json#CA10_BR_B
CA10_BR_B,复活的红石巨兽,首次完成,SW.Item.Artifact.CreeperCandle,苦力怕蜡烛,CA10,True,Core_Quests.json#CA10_BR_B
CA10_BR_B,复活的红石巨兽,首次完成,SW.Item.Artifact.CreeperCandle,苦力怕蜡烛,CA10,True,Core_Quests.json#CA10_BR_B
CA10_BR_B,复活的红石巨兽,任务完成,SW.Item.Artifact.CreeperCandle,苦力怕蜡烛,CA10,True,Core_Quests.json#CA10_BR_B
CA10_BR,最终魂战：返场,首次完成,SW.Item.Artifact.CreeperCandle,苦力怕蜡烛,CA10,True,Core_Quests.json#CA10_BR
CA10_BR,最终魂战：返场,首次完成,SW.Item.Artifact.CreeperCandle,苦力怕蜡烛,CA10,True,Core_Quests.json#CA10_BR
CA10_BR,最终魂战：返场,任务完成,SW.Item.Artifact.CreeperCandle,苦力怕蜡烛,CA10,True,Core_Quests.json#CA10_BR
PLa1_S08_A,苦力怕蜡烛阴谋,首次完成,SW.Item.Artifact.CreeperCandle,苦力怕蜡烛,CA01,False,PlainsA1_Quests.json#PLa1_S08_A
PLa1_S04_A,养蜂人,任务完成,SW.Item.Artifact.CreeperCandle,苦力怕蜡烛,CA01,False,PlainsA1_Quests.json#PLa1_S04_A
TOa1_S01_A,"TextReleaseQuestTrackerLabels.csv,TOa1_S01_A",任务完成,SW.Item.Artifact.CreeperCandle,苦力怕蜡烛,CA03,False,Town_Quests.json#TOa1_S01_A
CA05,翻越冰封高地,任务完成,SW.Item.Artifact.LightningRod,雷霆之杖,CA07,False,Core_Quests.json#CA05
CA09,幽匿者之怒,任务完成,SW.Item.Artifact.LightningRod,雷霆之杖,CA08_B,False,Core_Quests.json#CA09
CA10,最终魂战,任务完成,SW.Item.Artifact.LightningRod,雷霆之杖,CA09,False,Core_Quests.json#CA10
CA05_BR,复活的首席附魔师,任务完成,SW.Item.Artifact.LightningRod,雷霆之杖,CA05,True,Core_Quests.json#CA05_BR
CA05,翻越冰封高地,任务完成,SW.Item.Artifact.MaimingMushroom,战斗真菌,CA07,False,Core_Quests.json#CA05
CA09,幽匿者之怒,任务完成,SW.Item.Artifact.MaimingMushroom,战斗真菌,CA08_B,False,Core_Quests.json#CA09
CA10,最终魂战,任务完成,SW.Item.Artifact.MaimingMushroom,战斗真菌,CA09,False,Core_Quests.json#CA10
CA05_BR,复活的首席附魔师,任务完成,SW.Item.Artifact.MaimingMushroom,战斗真菌,CA05,True,Core_Quests.json#CA05_BR
CA07,穿越多雨平原,任务完成,SW.Item.Artifact.HasteMushroom,迅捷松露,CA04,False,Core_Quests.json#CA07
CA08,消失的和声,任务完成,SW.Item.Artifact.HasteMushroom,迅捷松露,CA06,False,Core_Quests.json#CA08
CA07_BR,复活的铜巨兽,任务完成,SW.Item.Artifact.HasteMushroom,迅捷松露,CA07,True,Core_Quests.json#CA07_BR
CA09_BR,复活的幽匿巨兽,首次完成,SW.Item.Artifact.HasteMushroom,迅捷松露,CA08_B,True,Core_Quests.json#CA09_BR
CA09_BR,复活的幽匿巨兽,首次完成,SW.Item.Artifact.HasteMushroom,迅捷松露,CA08_B,True,Core_Quests.json#CA09_BR
CA09_BR,复活的幽匿巨兽,任务完成,SW.Item.Artifact.HasteMushroom,迅捷松露,CA08_B,True,Core_Quests.json#CA09_BR
CA08_B,草甸巨兽,任务完成,SW.Item.Artifact.HasteMushroom,迅捷松露,CA08,False,Core_Quests.json#CA08_B
CA03,探索深暗之域,任务完成,SW.Item.Artifact.WarriorsDrums,战鼓,CA02_B,False,Core_Quests.json#CA03
CA06,归还音符盒,任务完成,SW.Item.Artifact.WarriorsDrums,战鼓,CA05,False,Core_Quests.json#CA06
CA04_BR,CA04_BR,任务完成,SW.Item.Artifact.WarriorsDrums,战鼓,CA04,True,Core_Quests.json#CA04_BR
CA03_BR,复活的扭曲监守者,任务完成,SW.Item.Artifact.WarriorsDrums,战鼓,CA03,True,Core_Quests.json#CA03_BR
CA09_BR,复活的幽匿巨兽,首次完成,SW.Item.Artifact.WarriorsDrums,战鼓,CA08_B,True,Core_Quests.json#CA09_BR
CA10_BR_B,复活的红石巨兽,首次完成,SW.Item.Artifact.WarriorsDrums,战鼓,CA10,True,Core_Quests.json#CA10_BR_B
CA10_BR_B,复活的红石巨兽,首次完成,SW.Item.Artifact.WarriorsDrums,战鼓,CA10,True,Core_Quests.json#CA10_BR_B
CA10_BR_B,复活的红石巨兽,任务完成,SW.Item.Artifact.WarriorsDrums,战鼓,CA10,True,Core_Quests.json#CA10_BR_B
CA10_BR,最终魂战：返场,首次完成,SW.Item.Artifact.WarriorsDrums,战鼓,CA10,True,Core_Quests.json#CA10_BR
CA10_BR,最终魂战：返场,首次完成,SW.Item.Artifact.WarriorsDrums,战鼓,CA10,True,Core_Quests.json#CA10_BR
CA10_BR,最终魂战：返场,任务完成,SW.Item.Artifact.WarriorsDrums,战鼓,CA10,True,Core_Quests.json#CA10_BR
CA05,翻越冰封高地,任务完成,SW.Item.Artifact.CarapaceOcarina,回响陶笛,CA07,False,Core_Quests.json#CA05
CA09,幽匿者之怒,首次完成,SW.Item.Artifact.CarapaceOcarina,回响陶笛,CA08_B,False,Core_Quests.json#CA09
CA09,幽匿者之怒,任务完成,SW.Item.Artifact.CarapaceOcarina,回响陶笛,CA08_B,False,Core_Quests.json#CA09
CA10,最终魂战,任务完成,SW.Item.Artifact.CarapaceOcarina,回响陶笛,CA09,False,Core_Quests.json#CA10
CA05_BR,复活的首席附魔师,任务完成,SW.Item.Artifact.CarapaceOcarina,回响陶笛,CA05,True,Core_Quests.json#CA05_BR
CA09_BR,复活的幽匿巨兽,首次完成,SW.Item.Artifact.CarapaceOcarina,回响陶笛,CA08_B,True,Core_Quests.json#CA09_BR
CA01,来自裂隙的灾厄村民,任务完成,SW.Item.Artifact.FightersFife,战士长笛,CA00,False,Core_Quests.json#CA01
CA05,翻越冰封高地,任务完成,SW.Item.Artifact.FightersFife,战士长笛,CA07,False,Core_Quests.json#CA05
CA00,逃离鱿鱼海岸,任务完成,SW.Item.Artifact.FightersFife,战士长笛,,False,Core_Quests.json#CA00
CA05_BR,复活的首席附魔师,任务完成,SW.Item.Artifact.FightersFife,战士长笛,CA05,True,Core_Quests.json#CA05_BR
CA01_B,失踪的商人,任务完成,SW.Item.Artifact.FightersFife,战士长笛,CA01,False,Core_Quests.json#CA01_B
CA09_BR,复活的幽匿巨兽,首次完成,SW.Item.Artifact.FightersFife,战士长笛,CA08_B,True,Core_Quests.json#CA09_BR
PLa1_S04_A,养蜂人,任务完成,SW.Item.Artifact.FightersFife,战士长笛,CA01,False,PlainsA1_Quests.json#PLa1_S04_A
TOa1_S01_A,"TextReleaseQuestTrackerLabels.csv,TOa1_S01_A",任务完成,SW.Item.Artifact.FightersFife,战士长笛,CA03,False,Town_Quests.json#TOa1_S01_A
CA03,探索深暗之域,任务完成,SW.Item.Artifact.Grindstone,磨刀石,CA02_B,False,Core_Quests.json#CA03
CA06,归还音符盒,任务完成,SW.Item.Artifact.Grindstone,磨刀石,CA05,False,Core_Quests.json#CA06
CA04_BR,CA04_BR,任务完成,SW.Item.Artifact.Grindstone,磨刀石,CA04,True,Core_Quests.json#CA04_BR
CA03_BR,复活的扭曲监守者,任务完成,SW.Item.Artifact.Grindstone,磨刀石,CA03,True,Core_Quests.json#CA03_BR
CA10_BR_B,复活的红石巨兽,首次完成,SW.Item.Artifact.Grindstone,磨刀石,CA10,True,Core_Quests.json#CA10_BR_B
CA10_BR_B,复活的红石巨兽,首次完成,SW.Item.Artifact.Grindstone,磨刀石,CA10,True,Core_Quests.json#CA10_BR_B
CA10_BR_B,复活的红石巨兽,任务完成,SW.Item.Artifact.Grindstone,磨刀石,CA10,True,Core_Quests.json#CA10_BR_B
CA10_BR,最终魂战：返场,首次完成,SW.Item.Artifact.Grindstone,磨刀石,CA10,True,Core_Quests.json#CA10_BR
CA10_BR,最终魂战：返场,首次完成,SW.Item.Artifact.Grindstone,磨刀石,CA10,True,Core_Quests.json#CA10_BR
CA10_BR,最终魂战：返场,任务完成,SW.Item.Artifact.Grindstone,磨刀石,CA10,True,Core_Quests.json#CA10_BR
CA02,沉寂的小嚎村,任务完成,SW.Item.Artifact.IronHideLute,神龟曼陀林,CA01_B,False,Core_Quests.json#CA02
CA03,探索深暗之域,任务完成,SW.Item.Artifact.IronHideLute,神龟曼陀林,CA02_B,False,Core_Quests.json#CA03
CA04,丢失的音符盒,任务完成,SW.Item.Artifact.IronHideLute,神龟曼陀林,CA03,False,Core_Quests.json#CA04
CA06,归还音符盒,任务完成,SW.Item.Artifact.IronHideLute,神龟曼陀林,CA05,False,Core_Quests.json#CA06
CA04_BR,CA04_BR,任务完成,SW.Item.Artifact.IronHideLute,神龟曼陀林,CA04,True,Core_Quests.json#CA04_BR
CA02_B,林中腐化,任务完成,SW.Item.Artifact.IronHideLute,神龟曼陀林,CA02_C,False,Core_Quests.json#CA02_B
CA02_B_BR,复活的女巫,任务完成,SW.Item.Artifact.IronHideLute,神龟曼陀林,CA02_B,True,Core_Quests.json#CA02_B_BR
CA03_BR,复活的扭曲监守者,任务完成,SW.Item.Artifact.IronHideLute,神龟曼陀林,CA03,True,Core_Quests.json#CA03_BR
CA09_BR,复活的幽匿巨兽,首次完成,SW.Item.Artifact.IronHideLute,神龟曼陀林,CA08_B,True,Core_Quests.json#CA09_BR
CA01,来自裂隙的灾厄村民,任务完成,SW.Item.Artifact.WardingChimes,守护风铃,CA00,False,Core_Quests.json#CA01
CA05,翻越冰封高地,任务完成,SW.Item.Artifact.WardingChimes,守护风铃,CA07,False,Core_Quests.json#CA05
CA00,逃离鱿鱼海岸,任务完成,SW.Item.Artifact.WardingChimes,守护风铃,,False,Core_Quests.json#CA00
CA05_BR,复活的首席附魔师,任务完成,SW.Item.Artifact.WardingChimes,守护风铃,CA05,True,Core_Quests.json#CA05_BR
CA01_B,失踪的商人,任务完成,SW.Item.Artifact.WardingChimes,守护风铃,CA01,False,Core_Quests.json#CA01_B
PLa1_S04_A,养蜂人,任务完成,SW.Item.Artifact.WardingChimes,守护风铃,CA01,False,PlainsA1_Quests.json#PLa1_S04_A
TOa1_S01_A,"TextReleaseQuestTrackerLabels.csv,TOa1_S01_A",任务完成,SW.Item.Artifact.WardingChimes,守护风铃,CA03,False,Town_Quests.json#TOa1_S01_A
CA08,消失的和声,任务完成,SW.Item.Artifact.WarBanner,战旗,CA06,False,Core_Quests.json#CA08
CA09,幽匿者之怒,任务完成,SW.Item.Artifact.WarBanner,战旗,CA08_B,False,Core_Quests.json#CA09
CA10,最终魂战,任务完成,SW.Item.Artifact.WarBanner,战旗,CA09,False,Core_Quests.json#CA10
CA09_BR,复活的幽匿巨兽,首次完成,SW.Item.Artifact.WarBanner,战旗,CA08_B,True,Core_Quests.json#CA09_BR
CA09_BR,复活的幽匿巨兽,首次完成,SW.Item.Artifact.WarBanner,战旗,CA08_B,True,Core_Quests.json#CA09_BR
CA09_BR,复活的幽匿巨兽,任务完成,SW.Item.Artifact.WarBanner,战旗,CA08_B,True,Core_Quests.json#CA09_BR
CA08_B,草甸巨兽,任务完成,SW.Item.Artifact.WarBanner,战旗,CA08,False,Core_Quests.json#CA08_B
CA01,来自裂隙的灾厄村民,首次完成,SW.Item.Artifact.Honeypot,蜂蜜蘸棒,CA00,False,Core_Quests.json#CA01
CA01,来自裂隙的灾厄村民,任务完成,SW.Item.Artifact.Honeypot,蜂蜜蘸棒,CA00,False,Core_Quests.json#CA01
CA00,逃离鱿鱼海岸,任务完成,SW.Item.Artifact.Honeypot,蜂蜜蘸棒,,False,Core_Quests.json#CA00
CA01_B,失踪的商人,任务完成,SW.Item.Artifact.Honeypot,蜂蜜蘸棒,CA01,False,Core_Quests.json#CA01_B
CA10_BR_B,复活的红石巨兽,首次完成,SW.Item.Artifact.Honeypot,蜂蜜蘸棒,CA10,True,Core_Quests.json#CA10_BR_B
CA10_BR_B,复活的红石巨兽,首次完成,SW.Item.Artifact.Honeypot,蜂蜜蘸棒,CA10,True,Core_Quests.json#CA10_BR_B
CA10_BR_B,复活的红石巨兽,任务完成,SW.Item.Artifact.Honeypot,蜂蜜蘸棒,CA10,True,Core_Quests.json#CA10_BR_B
CA10_BR,最终魂战：返场,首次完成,SW.Item.Artifact.Honeypot,蜂蜜蘸棒,CA10,True,Core_Quests.json#CA10_BR
CA10_BR,最终魂战：返场,首次完成,SW.Item.Artifact.Honeypot,蜂蜜蘸棒,CA10,True,Core_Quests.json#CA10_BR
CA10_BR,最终魂战：返场,任务完成,SW.Item.Artifact.Honeypot,蜂蜜蘸棒,CA10,True,Core_Quests.json#CA10_BR
PLa1_S04_A,养蜂人,任务完成,SW.Item.Artifact.Honeypot,蜂蜜蘸棒,CA01,False,PlainsA1_Quests.json#PLa1_S04_A
TOa1_S01_A,"TextReleaseQuestTrackerLabels.csv,TOa1_S01_A",任务完成,SW.Item.Artifact.Honeypot,蜂蜜蘸棒,CA03,False,Town_Quests.json#TOa1_S01_A
CA07,穿越多雨平原,任务完成,SW.Item.Artifact.FlameSceptre,余烬权杖,CA04,False,Core_Quests.json#CA07
CA08,消失的和声,任务完成,SW.Item.Artifact.FlameSceptre,余烬权杖,CA06,False,Core_Quests.json#CA08
CA07_BR,复活的铜巨兽,任务完成,SW.Item.Artifact.FlameSceptre,余烬权杖,CA07,True,Core_Quests.json#CA07_BR
CA09_BR,复活的幽匿巨兽,首次完成,SW.Item.Artifact.FlameSceptre,余烬权杖,CA08_B,True,Core_Quests.json#CA09_BR
CA09_BR,复活的幽匿巨兽,首次完成,SW.Item.Artifact.FlameSceptre,余烬权杖,CA08_B,True,Core_Quests.json#CA09_BR
CA09_BR,复活的幽匿巨兽,任务完成,SW.Item.Artifact.FlameSceptre,余烬权杖,CA08_B,True,Core_Quests.json#CA09_BR
CA08_B,草甸巨兽,任务完成,SW.Item.Artifact.FlameSceptre,余烬权杖,CA08,False,Core_Quests.json#CA08_B
CA10_BR_B,复活的红石巨兽,首次完成,SW.Item.Artifact.FlameSceptre,余烬权杖,CA10,True,Core_Quests.json#CA10_BR_B
CA02,沉寂的小嚎村,任务完成,SW.Item.Artifact.BlizzardStaff,寒冬法杖,CA01_B,False,Core_Quests.json#CA02
CA04,丢失的音符盒,任务完成,SW.Item.Artifact.BlizzardStaff,寒冬法杖,CA03,False,Core_Quests.json#CA04
CA02_B,林中腐化,任务完成,SW.Item.Artifact.BlizzardStaff,寒冬法杖,CA02_C,False,Core_Quests.json#CA02_B
CA02_B_BR,复活的女巫,任务完成,SW.Item.Artifact.BlizzardStaff,寒冬法杖,CA02_B,True,Core_Quests.json#CA02_B_BR
CA07,穿越多雨平原,任务完成,SW.Item.Artifact.FireBracelet,烈焰手环,CA04,False,Core_Quests.json#CA07
CA07_BR,复活的铜巨兽,任务完成,SW.Item.Artifact.FireBracelet,烈焰手环,CA07,True,Core_Quests.json#CA07_BR
CA10_BR_B,复活的红石巨兽,首次完成,SW.Item.Artifact.FireBracelet,烈焰手环,CA10,True,Core_Quests.json#CA10_BR_B
CA08,消失的和声,任务完成,SW.Item.Artifact.FrostBracelet,暴雪手环,CA06,False,Core_Quests.json#CA08
CA09,幽匿者之怒,任务完成,SW.Item.Artifact.FrostBracelet,暴雪手环,CA08_B,False,Core_Quests.json#CA09
CA10,最终魂战,任务完成,SW.Item.Artifact.FrostBracelet,暴雪手环,CA09,False,Core_Quests.json#CA10
CA09_BR,复活的幽匿巨兽,首次完成,SW.Item.Artifact.FrostBracelet,暴雪手环,CA08_B,True,Core_Quests.json#CA09_BR
CA09_BR,复活的幽匿巨兽,首次完成,SW.Item.Artifact.FrostBracelet,暴雪手环,CA08_B,True,Core_Quests.json#CA09_BR
CA09_BR,复活的幽匿巨兽,任务完成,SW.Item.Artifact.FrostBracelet,暴雪手环,CA08_B,True,Core_Quests.json#CA09_BR
CA08_B,草甸巨兽,任务完成,SW.Item.Artifact.FrostBracelet,暴雪手环,CA08,False,Core_Quests.json#CA08_B
CA01,来自裂隙的灾厄村民,任务完成,SW.Item.Artifact.PoisonBracelet,枯萎手环,CA00,False,Core_Quests.json#CA01
CA05,翻越冰封高地,任务完成,SW.Item.Artifact.PoisonBracelet,枯萎手环,CA07,False,Core_Quests.json#CA05
CA00,逃离鱿鱼海岸,任务完成,SW.Item.Artifact.PoisonBracelet,枯萎手环,,False,Core_Quests.json#CA00
CA05_BR,复活的首席附魔师,任务完成,SW.Item.Artifact.PoisonBracelet,枯萎手环,CA05,True,Core_Quests.json#CA05_BR
CA01_B,失踪的商人,任务完成,SW.Item.Artifact.PoisonBracelet,枯萎手环,CA01,False,Core_Quests.json#CA01_B
PLa1_S04_A,养蜂人,任务完成,SW.Item.Artifact.PoisonBracelet,枯萎手环,CA01,False,PlainsA1_Quests.json#PLa1_S04_A
TOa1_S01_A,"TextReleaseQuestTrackerLabels.csv,TOa1_S01_A",任务完成,SW.Item.Artifact.PoisonBracelet,枯萎手环,CA03,False,Town_Quests.json#TOa1_S01_A
CA03,探索深暗之域,任务完成,SW.Item.Artifact.ConductiveBracelet,电击手环,CA02_B,False,Core_Quests.json#CA03
CA06,归还音符盒,任务完成,SW.Item.Artifact.ConductiveBracelet,电击手环,CA05,False,Core_Quests.json#CA06
CA04_BR,CA04_BR,任务完成,SW.Item.Artifact.ConductiveBracelet,电击手环,CA04,True,Core_Quests.json#CA04_BR
CA03_BR,复活的扭曲监守者,任务完成,SW.Item.Artifact.ConductiveBracelet,电击手环,CA03,True,Core_Quests.json#CA03_BR
CA10_BR_B,复活的红石巨兽,首次完成,SW.Item.Artifact.ConductiveBracelet,电击手环,CA10,True,Core_Quests.json#CA10_BR_B
CA10_BR_B,复活的红石巨兽,首次完成,SW.Item.Artifact.ConductiveBracelet,电击手环,CA10,True,Core_Quests.json#CA10_BR_B
CA10_BR_B,复活的红石巨兽,任务完成,SW.Item.Artifact.ConductiveBracelet,电击手环,CA10,True,Core_Quests.json#CA10_BR_B
CA10_BR,最终魂战：返场,首次完成,SW.Item.Artifact.ConductiveBracelet,电击手环,CA10,True,Core_Quests.json#CA10_BR
CA10_BR,最终魂战：返场,首次完成,SW.Item.Artifact.ConductiveBracelet,电击手环,CA10,True,Core_Quests.json#CA10_BR
CA10_BR,最终魂战：返场,任务完成,SW.Item.Artifact.ConductiveBracelet,电击手环,CA10,True,Core_Quests.json#CA10_BR
CA03,探索深暗之域,任务完成,SW.Item.Artifact.Powershaker,巨力砂槌,CA02_B,False,Core_Quests.json#CA03
CA06,归还音符盒,任务完成,SW.Item.Artifact.Powershaker,巨力砂槌,CA05,False,Core_Quests.json#CA06
CA04_BR,CA04_BR,任务完成,SW.Item.Artifact.Powershaker,巨力砂槌,CA04,True,Core_Quests.json#CA04_BR
CA08,消失的和声,任务完成,SW.Item.Artifact.Powershaker,巨力砂槌,CA06,False,Core_Quests.json#CA08
CA09,幽匿者之怒,任务完成,SW.Item.Artifact.Powershaker,巨力砂槌,CA08_B,False,Core_Quests.json#CA09
CA10,最终魂战,任务完成,SW.Item.Artifact.Powershaker,巨力砂槌,CA09,False,Core_Quests.json#CA10
CA03_BR,复活的扭曲监守者,任务完成,SW.Item.Artifact.Powershaker,巨力砂槌,CA03,True,Core_Quests.json#CA03_BR
CA09_BR,复活的幽匿巨兽,首次完成,SW.Item.Artifact.Powershaker,巨力砂槌,CA08_B,True,Core_Quests.json#CA09_BR
CA09_BR,复活的幽匿巨兽,首次完成,SW.Item.Artifact.Powershaker,巨力砂槌,CA08_B,True,Core_Quests.json#CA09_BR
CA09_BR,复活的幽匿巨兽,任务完成,SW.Item.Artifact.Powershaker,巨力砂槌,CA08_B,True,Core_Quests.json#CA09_BR
CA08_B,草甸巨兽,任务完成,SW.Item.Artifact.Powershaker,巨力砂槌,CA08,False,Core_Quests.json#CA08_B
CA01,来自裂隙的灾厄村民,任务完成,SW.Item.Artifact.FireworkQuiver,烟花箭,CA00,False,Core_Quests.json#CA01
CA00,逃离鱿鱼海岸,任务完成,SW.Item.Artifact.FireworkQuiver,烟花箭,,False,Core_Quests.json#CA00
CA09,幽匿者之怒,任务完成,SW.Item.Artifact.FireworkQuiver,烟花箭,CA08_B,False,Core_Quests.json#CA09
CA10,最终魂战,任务完成,SW.Item.Artifact.FireworkQuiver,烟花箭,CA09,False,Core_Quests.json#CA10
CA01_B,失踪的商人,任务完成,SW.Item.Artifact.FireworkQuiver,烟花箭,CA01,False,Core_Quests.json#CA01_B
CA10_BR_B,复活的红石巨兽,首次完成,SW.Item.Artifact.FireworkQuiver,烟花箭,CA10,True,Core_Quests.json#CA10_BR_B
PLa1_S04_A,养蜂人,任务完成,SW.Item.Artifact.FireworkQuiver,烟花箭,CA01,False,PlainsA1_Quests.json#PLa1_S04_A
TOa1_S01_A,"TextReleaseQuestTrackerLabels.csv,TOa1_S01_A",任务完成,SW.Item.Artifact.FireworkQuiver,烟花箭,CA03,False,Town_Quests.json#TOa1_S01_A
CA03,探索深暗之域,任务完成,SW.Item.Artifact.FlameQuiver,火焰箭袋,CA02_B,False,Core_Quests.json#CA03
CA06,归还音符盒,任务完成,SW.Item.Artifact.FlameQuiver,火焰箭袋,CA05,False,Core_Quests.json#CA06
CA04_BR,CA04_BR,任务完成,SW.Item.Artifact.FlameQuiver,火焰箭袋,CA04,True,Core_Quests.json#CA04_BR
CA09,幽匿者之怒,任务完成,SW.Item.Artifact.FlameQuiver,火焰箭袋,CA08_B,False,Core_Quests.json#CA09
CA10,最终魂战,任务完成,SW.Item.Artifact.FlameQuiver,火焰箭袋,CA09,False,Core_Quests.json#CA10
CA03_BR,复活的扭曲监守者,任务完成,SW.Item.Artifact.FlameQuiver,火焰箭袋,CA03,True,Core_Quests.json#CA03_BR
CA10_BR_B,复活的红石巨兽,首次完成,SW.Item.Artifact.FlameQuiver,火焰箭袋,CA10,True,Core_Quests.json#CA10_BR_B
CA02,沉寂的小嚎村,任务完成,SW.Item.Artifact.PoisonQuiver,剧毒箭袋,CA01_B,False,Core_Quests.json#CA02
CA04,丢失的音符盒,任务完成,SW.Item.Artifact.PoisonQuiver,剧毒箭袋,CA03,False,Core_Quests.json#CA04
CA02_B,林中腐化,任务完成,SW.Item.Artifact.PoisonQuiver,剧毒箭袋,CA02_C,False,Core_Quests.json#CA02_B
CA02_B_BR,复活的女巫,任务完成,SW.Item.Artifact.PoisonQuiver,剧毒箭袋,CA02_B,True,Core_Quests.json#CA02_B_BR
CA05,翻越冰封高地,任务完成,SW.Item.Artifact.FrostQuiver,冰冻箭袋,CA07,False,Core_Quests.json#CA05
CA05_BR,复活的首席附魔师,任务完成,SW.Item.Artifact.FrostQuiver,冰冻箭袋,CA05,True,Core_Quests.json#CA05_BR
CA10_BR_B,复活的红石巨兽,首次完成,SW.Item.Artifact.FrostQuiver,冰冻箭袋,CA10,True,Core_Quests.json#CA10_BR_B
CA10_BR_B,复活的红石巨兽,首次完成,SW.Item.Artifact.FrostQuiver,冰冻箭袋,CA10,True,Core_Quests.json#CA10_BR_B
CA10_BR_B,复活的红石巨兽,任务完成,SW.Item.Artifact.FrostQuiver,冰冻箭袋,CA10,True,Core_Quests.json#CA10_BR_B
CA10_BR,最终魂战：返场,首次完成,SW.Item.Artifact.FrostQuiver,冰冻箭袋,CA10,True,Core_Quests.json#CA10_BR
CA10_BR,最终魂战：返场,首次完成,SW.Item.Artifact.FrostQuiver,冰冻箭袋,CA10,True,Core_Quests.json#CA10_BR
CA10_BR,最终魂战：返场,任务完成,SW.Item.Artifact.FrostQuiver,冰冻箭袋,CA10,True,Core_Quests.json#CA10_BR
CA07,穿越多雨平原,任务完成,SW.Item.Artifact.LightningQuiver,导电箭袋,CA04,False,Core_Quests.json#CA07
CA08,消失的和声,任务完成,SW.Item.Artifact.LightningQuiver,导电箭袋,CA06,False,Core_Quests.json#CA08
CA07_BR,复活的铜巨兽,任务完成,SW.Item.Artifact.LightningQuiver,导电箭袋,CA07,True,Core_Quests.json#CA07_BR
CA09_BR,复活的幽匿巨兽,首次完成,SW.Item.Artifact.LightningQuiver,导电箭袋,CA08_B,True,Core_Quests.json#CA09_BR
CA09_BR,复活的幽匿巨兽,首次完成,SW.Item.Artifact.LightningQuiver,导电箭袋,CA08_B,True,Core_Quests.json#CA09_BR
CA09_BR,复活的幽匿巨兽,任务完成,SW.Item.Artifact.LightningQuiver,导电箭袋,CA08_B,True,Core_Quests.json#CA09_BR
CA08_B,草甸巨兽,任务完成,SW.Item.Artifact.LightningQuiver,导电箭袋,CA08,False,Core_Quests.json#CA08_B
CA01,来自裂隙的灾厄村民,任务完成,SW.Item.EnchantmentBook.Blowback,坠落冲击,CA00,False,Core_Quests.json#CA01
CA02,沉寂的小嚎村,任务完成,SW.Item.EnchantmentBook.Blowback,坠落冲击,CA01_B,False,Core_Quests.json#CA02
CA03,探索深暗之域,任务完成,SW.Item.EnchantmentBook.Blowback,坠落冲击,CA02_B,False,Core_Quests.json#CA03
CA04,丢失的音符盒,任务完成,SW.Item.EnchantmentBook.Blowback,坠落冲击,CA03,False,Core_Quests.json#CA04
CA05,翻越冰封高地,任务完成,SW.Item.EnchantmentBook.Blowback,坠落冲击,CA07,False,Core_Quests.json#CA05
CA06,归还音符盒,任务完成,SW.Item.EnchantmentBook.Blowback,坠落冲击,CA05,False,Core_Quests.json#CA06
CA07,穿越多雨平原,任务完成,SW.Item.EnchantmentBook.Blowback,坠落冲击,CA04,False,Core_Quests.json#CA07
CA04_BR,CA04_BR,任务完成,SW.Item.EnchantmentBook.Blowback,坠落冲击,CA04,True,Core_Quests.json#CA04_BR
CA00,逃离鱿鱼海岸,任务完成,SW.Item.EnchantmentBook.Blowback,坠落冲击,,False,Core_Quests.json#CA00
CA02_B,林中腐化,任务完成,SW.Item.EnchantmentBook.Blowback,坠落冲击,CA02_C,False,Core_Quests.json#CA02_B
CA08,消失的和声,任务完成,SW.Item.EnchantmentBook.Blowback,坠落冲击,CA06,False,Core_Quests.json#CA08
CA09,幽匿者之怒,任务完成,SW.Item.EnchantmentBook.Blowback,坠落冲击,CA08_B,False,Core_Quests.json#CA09
CA10,最终魂战,任务完成,SW.Item.EnchantmentBook.Blowback,坠落冲击,CA09,False,Core_Quests.json#CA10
CA05_BR,复活的首席附魔师,任务完成,SW.Item.EnchantmentBook.Blowback,坠落冲击,CA05,True,Core_Quests.json#CA05_BR
CA02_B_BR,复活的女巫,任务完成,SW.Item.EnchantmentBook.Blowback,坠落冲击,CA02_B,True,Core_Quests.json#CA02_B_BR
CA03_BR,复活的扭曲监守者,任务完成,SW.Item.EnchantmentBook.Blowback,坠落冲击,CA03,True,Core_Quests.json#CA03_BR
CA07_BR,复活的铜巨兽,任务完成,SW.Item.EnchantmentBook.Blowback,坠落冲击,CA07,True,Core_Quests.json#CA07_BR
CA01_B,失踪的商人,任务完成,SW.Item.EnchantmentBook.Blowback,坠落冲击,CA01,False,Core_Quests.json#CA01_B
CA09_BR,复活的幽匿巨兽,首次完成,SW.Item.EnchantmentBook.Blowback,坠落冲击,CA08_B,True,Core_Quests.json#CA09_BR
CA09_BR,复活的幽匿巨兽,首次完成,SW.Item.EnchantmentBook.Blowback,坠落冲击,CA08_B,True,Core_Quests.json#CA09_BR
CA09_BR,复活的幽匿巨兽,任务完成,SW.Item.EnchantmentBook.Blowback,坠落冲击,CA08_B,True,Core_Quests.json#CA09_BR
CA08_B,草甸巨兽,任务完成,SW.Item.EnchantmentBook.Blowback,坠落冲击,CA08,False,Core_Quests.json#CA08_B
CA10_BR_B,复活的红石巨兽,首次完成,SW.Item.EnchantmentBook.Blowback,坠落冲击,CA10,True,Core_Quests.json#CA10_BR_B
CA10_BR_B,复活的红石巨兽,首次完成,SW.Item.EnchantmentBook.Blowback,坠落冲击,CA10,True,Core_Quests.json#CA10_BR_B
CA10_BR_B,复活的红石巨兽,任务完成,SW.Item.EnchantmentBook.Blowback,坠落冲击,CA10,True,Core_Quests.json#CA10_BR_B
CA10_BR,最终魂战：返场,首次完成,SW.Item.EnchantmentBook.Blowback,坠落冲击,CA10,True,Core_Quests.json#CA10_BR
CA10_BR,最终魂战：返场,首次完成,SW.Item.EnchantmentBook.Blowback,坠落冲击,CA10,True,Core_Quests.json#CA10_BR
CA10_BR,最终魂战：返场,任务完成,SW.Item.EnchantmentBook.Blowback,坠落冲击,CA10,True,Core_Quests.json#CA10_BR
PLa1_S04_A,养蜂人,任务完成,SW.Item.EnchantmentBook.Blowback,坠落冲击,CA01,False,PlainsA1_Quests.json#PLa1_S04_A
TOa1_S01_A,"TextReleaseQuestTrackerLabels.csv,TOa1_S01_A",任务完成,SW.Item.EnchantmentBook.Blowback,坠落冲击,CA03,False,Town_Quests.json#TOa1_S01_A
CA01,来自裂隙的灾厄村民,任务完成,SW.Item.EnchantmentBook.Borealis,末影地雷,CA00,False,Core_Quests.json#CA01
CA02,沉寂的小嚎村,任务完成,SW.Item.EnchantmentBook.Borealis,末影地雷,CA01_B,False,Core_Quests.json#CA02
CA03,探索深暗之域,任务完成,SW.Item.EnchantmentBook.Borealis,末影地雷,CA02_B,False,Core_Quests.json#CA03
CA04,丢失的音符盒,任务完成,SW.Item.EnchantmentBook.Borealis,末影地雷,CA03,False,Core_Quests.json#CA04
CA05,翻越冰封高地,任务完成,SW.Item.EnchantmentBook.Borealis,末影地雷,CA07,False,Core_Quests.json#CA05
CA06,归还音符盒,任务完成,SW.Item.EnchantmentBook.Borealis,末影地雷,CA05,False,Core_Quests.json#CA06
CA07,穿越多雨平原,任务完成,SW.Item.EnchantmentBook.Borealis,末影地雷,CA04,False,Core_Quests.json#CA07
CA04_BR,CA04_BR,任务完成,SW.Item.EnchantmentBook.Borealis,末影地雷,CA04,True,Core_Quests.json#CA04_BR
CA00,逃离鱿鱼海岸,任务完成,SW.Item.EnchantmentBook.Borealis,末影地雷,,False,Core_Quests.json#CA00
CA02_B,林中腐化,任务完成,SW.Item.EnchantmentBook.Borealis,末影地雷,CA02_C,False,Core_Quests.json#CA02_B
CA08,消失的和声,任务完成,SW.Item.EnchantmentBook.Borealis,末影地雷,CA06,False,Core_Quests.json#CA08
CA09,幽匿者之怒,任务完成,SW.Item.EnchantmentBook.Borealis,末影地雷,CA08_B,False,Core_Quests.json#CA09
CA10,最终魂战,任务完成,SW.Item.EnchantmentBook.Borealis,末影地雷,CA09,False,Core_Quests.json#CA10
CA05_BR,复活的首席附魔师,任务完成,SW.Item.EnchantmentBook.Borealis,末影地雷,CA05,True,Core_Quests.json#CA05_BR
CA02_B_BR,复活的女巫,任务完成,SW.Item.EnchantmentBook.Borealis,末影地雷,CA02_B,True,Core_Quests.json#CA02_B_BR
CA03_BR,复活的扭曲监守者,任务完成,SW.Item.EnchantmentBook.Borealis,末影地雷,CA03,True,Core_Quests.json#CA03_BR
CA07_BR,复活的铜巨兽,任务完成,SW.Item.EnchantmentBook.Borealis,末影地雷,CA07,True,Core_Quests.json#CA07_BR
CA01_B,失踪的商人,任务完成,SW.Item.EnchantmentBook.Borealis,末影地雷,CA01,False,Core_Quests.json#CA01_B
CA09_BR,复活的幽匿巨兽,首次完成,SW.Item.EnchantmentBook.Borealis,末影地雷,CA08_B,True,Core_Quests.json#CA09_BR
CA09_BR,复活的幽匿巨兽,首次完成,SW.Item.EnchantmentBook.Borealis,末影地雷,CA08_B,True,Core_Quests.json#CA09_BR
CA09_BR,复活的幽匿巨兽,任务完成,SW.Item.EnchantmentBook.Borealis,末影地雷,CA08_B,True,Core_Quests.json#CA09_BR
CA08_B,草甸巨兽,任务完成,SW.Item.EnchantmentBook.Borealis,末影地雷,CA08,False,Core_Quests.json#CA08_B
CA10_BR_B,复活的红石巨兽,首次完成,SW.Item.EnchantmentBook.Borealis,末影地雷,CA10,True,Core_Quests.json#CA10_BR_B
CA10_BR_B,复活的红石巨兽,首次完成,SW.Item.EnchantmentBook.Borealis,末影地雷,CA10,True,Core_Quests.json#CA10_BR_B
CA10_BR_B,复活的红石巨兽,任务完成,SW.Item.EnchantmentBook.Borealis,末影地雷,CA10,True,Core_Quests.json#CA10_BR_B
CA10_BR,最终魂战：返场,首次完成,SW.Item.EnchantmentBook.Borealis,末影地雷,CA10,True,Core_Quests.json#CA10_BR
CA10_BR,最终魂战：返场,首次完成,SW.Item.EnchantmentBook.Borealis,末影地雷,CA10,True,Core_Quests.json#CA10_BR
CA10_BR,最终魂战：返场,任务完成,SW.Item.EnchantmentBook.Borealis,末影地雷,CA10,True,Core_Quests.json#CA10_BR
PLa1_S04_A,养蜂人,任务完成,SW.Item.EnchantmentBook.Borealis,末影地雷,CA01,False,PlainsA1_Quests.json#PLa1_S04_A
TOa1_S01_A,"TextReleaseQuestTrackerLabels.csv,TOa1_S01_A",任务完成,SW.Item.EnchantmentBook.Borealis,末影地雷,CA03,False,Town_Quests.json#TOa1_S01_A
CA01,来自裂隙的灾厄村民,任务完成,SW.Item.EnchantmentBook.Channeling,闪电涌动,CA00,False,Core_Quests.json#CA01
CA02,沉寂的小嚎村,任务完成,SW.Item.EnchantmentBook.Channeling,闪电涌动,CA01_B,False,Core_Quests.json#CA02
CA03,探索深暗之域,任务完成,SW.Item.EnchantmentBook.Channeling,闪电涌动,CA02_B,False,Core_Quests.json#CA03
CA04,丢失的音符盒,任务完成,SW.Item.EnchantmentBook.Channeling,闪电涌动,CA03,False,Core_Quests.json#CA04
CA05,翻越冰封高地,任务完成,SW.Item.EnchantmentBook.Channeling,闪电涌动,CA07,False,Core_Quests.json#CA05
CA06,归还音符盒,任务完成,SW.Item.EnchantmentBook.Channeling,闪电涌动,CA05,False,Core_Quests.json#CA06
CA07,穿越多雨平原,任务完成,SW.Item.EnchantmentBook.Channeling,闪电涌动,CA04,False,Core_Quests.json#CA07
CA04_BR,CA04_BR,任务完成,SW.Item.EnchantmentBook.Channeling,闪电涌动,CA04,True,Core_Quests.json#CA04_BR
CA00,逃离鱿鱼海岸,任务完成,SW.Item.EnchantmentBook.Channeling,闪电涌动,,False,Core_Quests.json#CA00
CA02_B,林中腐化,任务完成,SW.Item.EnchantmentBook.Channeling,闪电涌动,CA02_C,False,Core_Quests.json#CA02_B
CA08,消失的和声,任务完成,SW.Item.EnchantmentBook.Channeling,闪电涌动,CA06,False,Core_Quests.json#CA08
CA09,幽匿者之怒,任务完成,SW.Item.EnchantmentBook.Channeling,闪电涌动,CA08_B,False,Core_Quests.json#CA09
CA10,最终魂战,任务完成,SW.Item.EnchantmentBook.Channeling,闪电涌动,CA09,False,Core_Quests.json#CA10
CA05_BR,复活的首席附魔师,任务完成,SW.Item.EnchantmentBook.Channeling,闪电涌动,CA05,True,Core_Quests.json#CA05_BR
CA02_B_BR,复活的女巫,任务完成,SW.Item.EnchantmentBook.Channeling,闪电涌动,CA02_B,True,Core_Quests.json#CA02_B_BR
CA03_BR,复活的扭曲监守者,任务完成,SW.Item.EnchantmentBook.Channeling,闪电涌动,CA03,True,Core_Quests.json#CA03_BR
CA07_BR,复活的铜巨兽,任务完成,SW.Item.EnchantmentBook.Channeling,闪电涌动,CA07,True,Core_Quests.json#CA07_BR
CA01_B,失踪的商人,任务完成,SW.Item.EnchantmentBook.Channeling,闪电涌动,CA01,False,Core_Quests.json#CA01_B
CA09_BR,复活的幽匿巨兽,首次完成,SW.Item.EnchantmentBook.Channeling,闪电涌动,CA08_B,True,Core_Quests.json#CA09_BR
CA09_BR,复活的幽匿巨兽,首次完成,SW.Item.EnchantmentBook.Channeling,闪电涌动,CA08_B,True,Core_Quests.json#CA09_BR
CA09_BR,复活的幽匿巨兽,任务完成,SW.Item.EnchantmentBook.Channeling,闪电涌动,CA08_B,True,Core_Quests.json#CA09_BR
CA08_B,草甸巨兽,任务完成,SW.Item.EnchantmentBook.Channeling,闪电涌动,CA08,False,Core_Quests.json#CA08_B
CA10_BR_B,复活的红石巨兽,首次完成,SW.Item.EnchantmentBook.Channeling,闪电涌动,CA10,True,Core_Quests.json#CA10_BR_B
CA10_BR_B,复活的红石巨兽,首次完成,SW.Item.EnchantmentBook.Channeling,闪电涌动,CA10,True,Core_Quests.json#CA10_BR_B
CA10_BR_B,复活的红石巨兽,任务完成,SW.Item.EnchantmentBook.Channeling,闪电涌动,CA10,True,Core_Quests.json#CA10_BR_B
CA10_BR,最终魂战：返场,首次完成,SW.Item.EnchantmentBook.Channeling,闪电涌动,CA10,True,Core_Quests.json#CA10_BR
CA10_BR,最终魂战：返场,首次完成,SW.Item.EnchantmentBook.Channeling,闪电涌动,CA10,True,Core_Quests.json#CA10_BR
CA10_BR,最终魂战：返场,任务完成,SW.Item.EnchantmentBook.Channeling,闪电涌动,CA10,True,Core_Quests.json#CA10_BR
PLa1_S04_A,养蜂人,任务完成,SW.Item.EnchantmentBook.Channeling,闪电涌动,CA01,False,PlainsA1_Quests.json#PLa1_S04_A
TOa1_S01_A,"TextReleaseQuestTrackerLabels.csv,TOa1_S01_A",任务完成,SW.Item.EnchantmentBook.Channeling,闪电涌动,CA03,False,Town_Quests.json#TOa1_S01_A
CA01,来自裂隙的灾厄村民,任务完成,SW.Item.EnchantmentBook.Dynamo,活力,CA00,False,Core_Quests.json#CA01
CA02,沉寂的小嚎村,任务完成,SW.Item.EnchantmentBook.Dynamo,活力,CA01_B,False,Core_Quests.json#CA02
CA03,探索深暗之域,任务完成,SW.Item.EnchantmentBook.Dynamo,活力,CA02_B,False,Core_Quests.json#CA03
CA04,丢失的音符盒,任务完成,SW.Item.EnchantmentBook.Dynamo,活力,CA03,False,Core_Quests.json#CA04
CA05,翻越冰封高地,任务完成,SW.Item.EnchantmentBook.Dynamo,活力,CA07,False,Core_Quests.json#CA05
CA06,归还音符盒,任务完成,SW.Item.EnchantmentBook.Dynamo,活力,CA05,False,Core_Quests.json#CA06
CA07,穿越多雨平原,任务完成,SW.Item.EnchantmentBook.Dynamo,活力,CA04,False,Core_Quests.json#CA07
CA04_BR,CA04_BR,任务完成,SW.Item.EnchantmentBook.Dynamo,活力,CA04,True,Core_Quests.json#CA04_BR
CA00,逃离鱿鱼海岸,任务完成,SW.Item.EnchantmentBook.Dynamo,活力,,False,Core_Quests.json#CA00
CA02_B,林中腐化,任务完成,SW.Item.EnchantmentBook.Dynamo,活力,CA02_C,False,Core_Quests.json#CA02_B
CA08,消失的和声,任务完成,SW.Item.EnchantmentBook.Dynamo,活力,CA06,False,Core_Quests.json#CA08
CA09,幽匿者之怒,任务完成,SW.Item.EnchantmentBook.Dynamo,活力,CA08_B,False,Core_Quests.json#CA09
CA10,最终魂战,任务完成,SW.Item.EnchantmentBook.Dynamo,活力,CA09,False,Core_Quests.json#CA10
CA05_BR,复活的首席附魔师,任务完成,SW.Item.EnchantmentBook.Dynamo,活力,CA05,True,Core_Quests.json#CA05_BR
CA02_B_BR,复活的女巫,任务完成,SW.Item.EnchantmentBook.Dynamo,活力,CA02_B,True,Core_Quests.json#CA02_B_BR
CA03_BR,复活的扭曲监守者,任务完成,SW.Item.EnchantmentBook.Dynamo,活力,CA03,True,Core_Quests.json#CA03_BR
CA07_BR,复活的铜巨兽,任务完成,SW.Item.EnchantmentBook.Dynamo,活力,CA07,True,Core_Quests.json#CA07_BR
CA01_B,失踪的商人,任务完成,SW.Item.EnchantmentBook.Dynamo,活力,CA01,False,Core_Quests.json#CA01_B
CA09_BR,复活的幽匿巨兽,首次完成,SW.Item.EnchantmentBook.Dynamo,活力,CA08_B,True,Core_Quests.json#CA09_BR
CA09_BR,复活的幽匿巨兽,首次完成,SW.Item.EnchantmentBook.Dynamo,活力,CA08_B,True,Core_Quests.json#CA09_BR
CA09_BR,复活的幽匿巨兽,任务完成,SW.Item.EnchantmentBook.Dynamo,活力,CA08_B,True,Core_Quests.json#CA09_BR
CA08_B,草甸巨兽,任务完成,SW.Item.EnchantmentBook.Dynamo,活力,CA08,False,Core_Quests.json#CA08_B
CA10_BR_B,复活的红石巨兽,首次完成,SW.Item.EnchantmentBook.Dynamo,活力,CA10,True,Core_Quests.json#CA10_BR_B
CA10_BR_B,复活的红石巨兽,首次完成,SW.Item.EnchantmentBook.Dynamo,活力,CA10,True,Core_Quests.json#CA10_BR_B
CA10_BR_B,复活的红石巨兽,任务完成,SW.Item.EnchantmentBook.Dynamo,活力,CA10,True,Core_Quests.json#CA10_BR_B
CA10_BR,最终魂战：返场,首次完成,SW.Item.EnchantmentBook.Dynamo,活力,CA10,True,Core_Quests.json#CA10_BR
CA10_BR,最终魂战：返场,首次完成,SW.Item.EnchantmentBook.Dynamo,活力,CA10,True,Core_Quests.json#CA10_BR
CA10_BR,最终魂战：返场,任务完成,SW.Item.EnchantmentBook.Dynamo,活力,CA10,True,Core_Quests.json#CA10_BR
PLa1_S04_A,养蜂人,任务完成,SW.Item.EnchantmentBook.Dynamo,活力,CA01,False,PlainsA1_Quests.json#PLa1_S04_A
TOa1_S01_A,"TextReleaseQuestTrackerLabels.csv,TOa1_S01_A",任务完成,SW.Item.EnchantmentBook.Dynamo,活力,CA03,False,Town_Quests.json#TOa1_S01_A
CA01,来自裂隙的灾厄村民,任务完成,SW.Item.EnchantmentBook.FireAspect,火焰附加,CA00,False,Core_Quests.json#CA01
CA02,沉寂的小嚎村,任务完成,SW.Item.EnchantmentBook.FireAspect,火焰附加,CA01_B,False,Core_Quests.json#CA02
CA03,探索深暗之域,任务完成,SW.Item.EnchantmentBook.FireAspect,火焰附加,CA02_B,False,Core_Quests.json#CA03
CA04,丢失的音符盒,任务完成,SW.Item.EnchantmentBook.FireAspect,火焰附加,CA03,False,Core_Quests.json#CA04
CA05,翻越冰封高地,任务完成,SW.Item.EnchantmentBook.FireAspect,火焰附加,CA07,False,Core_Quests.json#CA05
CA06,归还音符盒,任务完成,SW.Item.EnchantmentBook.FireAspect,火焰附加,CA05,False,Core_Quests.json#CA06
CA07,穿越多雨平原,任务完成,SW.Item.EnchantmentBook.FireAspect,火焰附加,CA04,False,Core_Quests.json#CA07
CA04_BR,CA04_BR,任务完成,SW.Item.EnchantmentBook.FireAspect,火焰附加,CA04,True,Core_Quests.json#CA04_BR
CA00,逃离鱿鱼海岸,任务完成,SW.Item.EnchantmentBook.FireAspect,火焰附加,,False,Core_Quests.json#CA00
CA02_B,林中腐化,任务完成,SW.Item.EnchantmentBook.FireAspect,火焰附加,CA02_C,False,Core_Quests.json#CA02_B
CA08,消失的和声,任务完成,SW.Item.EnchantmentBook.FireAspect,火焰附加,CA06,False,Core_Quests.json#CA08
CA09,幽匿者之怒,任务完成,SW.Item.EnchantmentBook.FireAspect,火焰附加,CA08_B,False,Core_Quests.json#CA09
CA10,最终魂战,任务完成,SW.Item.EnchantmentBook.FireAspect,火焰附加,CA09,False,Core_Quests.json#CA10
CA05_BR,复活的首席附魔师,任务完成,SW.Item.EnchantmentBook.FireAspect,火焰附加,CA05,True,Core_Quests.json#CA05_BR
CA02_B_BR,复活的女巫,任务完成,SW.Item.EnchantmentBook.FireAspect,火焰附加,CA02_B,True,Core_Quests.json#CA02_B_BR
CA03_BR,复活的扭曲监守者,任务完成,SW.Item.EnchantmentBook.FireAspect,火焰附加,CA03,True,Core_Quests.json#CA03_BR
CA07_BR,复活的铜巨兽,任务完成,SW.Item.EnchantmentBook.FireAspect,火焰附加,CA07,True,Core_Quests.json#CA07_BR
CA01_B,失踪的商人,任务完成,SW.Item.EnchantmentBook.FireAspect,火焰附加,CA01,False,Core_Quests.json#CA01_B
CA09_BR,复活的幽匿巨兽,首次完成,SW.Item.EnchantmentBook.FireAspect,火焰附加,CA08_B,True,Core_Quests.json#CA09_BR
CA09_BR,复活的幽匿巨兽,首次完成,SW.Item.EnchantmentBook.FireAspect,火焰附加,CA08_B,True,Core_Quests.json#CA09_BR
CA09_BR,复活的幽匿巨兽,任务完成,SW.Item.EnchantmentBook.FireAspect,火焰附加,CA08_B,True,Core_Quests.json#CA09_BR
CA08_B,草甸巨兽,任务完成,SW.Item.EnchantmentBook.FireAspect,火焰附加,CA08,False,Core_Quests.json#CA08_B
CA10_BR_B,复活的红石巨兽,首次完成,SW.Item.EnchantmentBook.FireAspect,火焰附加,CA10,True,Core_Quests.json#CA10_BR_B
CA10_BR_B,复活的红石巨兽,首次完成,SW.Item.EnchantmentBook.FireAspect,火焰附加,CA10,True,Core_Quests.json#CA10_BR_B
CA10_BR_B,复活的红石巨兽,任务完成,SW.Item.EnchantmentBook.FireAspect,火焰附加,CA10,True,Core_Quests.json#CA10_BR_B
CA10_BR,最终魂战：返场,首次完成,SW.Item.EnchantmentBook.FireAspect,火焰附加,CA10,True,Core_Quests.json#CA10_BR
CA10_BR,最终魂战：返场,首次完成,SW.Item.EnchantmentBook.FireAspect,火焰附加,CA10,True,Core_Quests.json#CA10_BR
CA10_BR,最终魂战：返场,任务完成,SW.Item.EnchantmentBook.FireAspect,火焰附加,CA10,True,Core_Quests.json#CA10_BR
PLa1_S04_A,养蜂人,任务完成,SW.Item.EnchantmentBook.FireAspect,火焰附加,CA01,False,PlainsA1_Quests.json#PLa1_S04_A
TOa1_S01_A,"TextReleaseQuestTrackerLabels.csv,TOa1_S01_A",任务完成,SW.Item.EnchantmentBook.FireAspect,火焰附加,CA03,False,Town_Quests.json#TOa1_S01_A
CA01,来自裂隙的灾厄村民,任务完成,SW.Item.EnchantmentBook.FrostCrescent,寒霜斩,CA00,False,Core_Quests.json#CA01
CA02,沉寂的小嚎村,任务完成,SW.Item.EnchantmentBook.FrostCrescent,寒霜斩,CA01_B,False,Core_Quests.json#CA02
CA03,探索深暗之域,任务完成,SW.Item.EnchantmentBook.FrostCrescent,寒霜斩,CA02_B,False,Core_Quests.json#CA03
CA04,丢失的音符盒,任务完成,SW.Item.EnchantmentBook.FrostCrescent,寒霜斩,CA03,False,Core_Quests.json#CA04
CA05,翻越冰封高地,任务完成,SW.Item.EnchantmentBook.FrostCrescent,寒霜斩,CA07,False,Core_Quests.json#CA05
CA06,归还音符盒,任务完成,SW.Item.EnchantmentBook.FrostCrescent,寒霜斩,CA05,False,Core_Quests.json#CA06
CA07,穿越多雨平原,任务完成,SW.Item.EnchantmentBook.FrostCrescent,寒霜斩,CA04,False,Core_Quests.json#CA07
CA04_BR,CA04_BR,任务完成,SW.Item.EnchantmentBook.FrostCrescent,寒霜斩,CA04,True,Core_Quests.json#CA04_BR
CA00,逃离鱿鱼海岸,任务完成,SW.Item.EnchantmentBook.FrostCrescent,寒霜斩,,False,Core_Quests.json#CA00
CA02_B,林中腐化,任务完成,SW.Item.EnchantmentBook.FrostCrescent,寒霜斩,CA02_C,False,Core_Quests.json#CA02_B
CA08,消失的和声,任务完成,SW.Item.EnchantmentBook.FrostCrescent,寒霜斩,CA06,False,Core_Quests.json#CA08
CA09,幽匿者之怒,任务完成,SW.Item.EnchantmentBook.FrostCrescent,寒霜斩,CA08_B,False,Core_Quests.json#CA09
CA10,最终魂战,任务完成,SW.Item.EnchantmentBook.FrostCrescent,寒霜斩,CA09,False,Core_Quests.json#CA10
CA05_BR,复活的首席附魔师,任务完成,SW.Item.EnchantmentBook.FrostCrescent,寒霜斩,CA05,True,Core_Quests.json#CA05_BR
CA02_B_BR,复活的女巫,任务完成,SW.Item.EnchantmentBook.FrostCrescent,寒霜斩,CA02_B,True,Core_Quests.json#CA02_B_BR
CA03_BR,复活的扭曲监守者,任务完成,SW.Item.EnchantmentBook.FrostCrescent,寒霜斩,CA03,True,Core_Quests.json#CA03_BR
CA07_BR,复活的铜巨兽,任务完成,SW.Item.EnchantmentBook.FrostCrescent,寒霜斩,CA07,True,Core_Quests.json#CA07_BR
CA01_B,失踪的商人,任务完成,SW.Item.EnchantmentBook.FrostCrescent,寒霜斩,CA01,False,Core_Quests.json#CA01_B
CA09_BR,复活的幽匿巨兽,首次完成,SW.Item.EnchantmentBook.FrostCrescent,寒霜斩,CA08_B,True,Core_Quests.json#CA09_BR
CA09_BR,复活的幽匿巨兽,首次完成,SW.Item.EnchantmentBook.FrostCrescent,寒霜斩,CA08_B,True,Core_Quests.json#CA09_BR
CA09_BR,复活的幽匿巨兽,任务完成,SW.Item.EnchantmentBook.FrostCrescent,寒霜斩,CA08_B,True,Core_Quests.json#CA09_BR
CA08_B,草甸巨兽,任务完成,SW.Item.EnchantmentBook.FrostCrescent,寒霜斩,CA08,False,Core_Quests.json#CA08_B
CA10_BR_B,复活的红石巨兽,首次完成,SW.Item.EnchantmentBook.FrostCrescent,寒霜斩,CA10,True,Core_Quests.json#CA10_BR_B
CA10_BR_B,复活的红石巨兽,首次完成,SW.Item.EnchantmentBook.FrostCrescent,寒霜斩,CA10,True,Core_Quests.json#CA10_BR_B
CA10_BR_B,复活的红石巨兽,任务完成,SW.Item.EnchantmentBook.FrostCrescent,寒霜斩,CA10,True,Core_Quests.json#CA10_BR_B
CA10_BR,最终魂战：返场,首次完成,SW.Item.EnchantmentBook.FrostCrescent,寒霜斩,CA10,True,Core_Quests.json#CA10_BR
CA10_BR,最终魂战：返场,首次完成,SW.Item.EnchantmentBook.FrostCrescent,寒霜斩,CA10,True,Core_Quests.json#CA10_BR
CA10_BR,最终魂战：返场,任务完成,SW.Item.EnchantmentBook.FrostCrescent,寒霜斩,CA10,True,Core_Quests.json#CA10_BR
PLa1_S04_A,养蜂人,任务完成,SW.Item.EnchantmentBook.FrostCrescent,寒霜斩,CA01,False,PlainsA1_Quests.json#PLa1_S04_A
TOa1_S01_A,"TextReleaseQuestTrackerLabels.csv,TOa1_S01_A",任务完成,SW.Item.EnchantmentBook.FrostCrescent,寒霜斩,CA03,False,Town_Quests.json#TOa1_S01_A
CA01,来自裂隙的灾厄村民,任务完成,SW.Item.EnchantmentBook.PoisonFog,毒雾,CA00,False,Core_Quests.json#CA01
CA02,沉寂的小嚎村,任务完成,SW.Item.EnchantmentBook.PoisonFog,毒雾,CA01_B,False,Core_Quests.json#CA02
CA03,探索深暗之域,任务完成,SW.Item.EnchantmentBook.PoisonFog,毒雾,CA02_B,False,Core_Quests.json#CA03
CA04,丢失的音符盒,任务完成,SW.Item.EnchantmentBook.PoisonFog,毒雾,CA03,False,Core_Quests.json#CA04
CA05,翻越冰封高地,任务完成,SW.Item.EnchantmentBook.PoisonFog,毒雾,CA07,False,Core_Quests.json#CA05
CA06,归还音符盒,任务完成,SW.Item.EnchantmentBook.PoisonFog,毒雾,CA05,False,Core_Quests.json#CA06
CA07,穿越多雨平原,任务完成,SW.Item.EnchantmentBook.PoisonFog,毒雾,CA04,False,Core_Quests.json#CA07
CA04_BR,CA04_BR,任务完成,SW.Item.EnchantmentBook.PoisonFog,毒雾,CA04,True,Core_Quests.json#CA04_BR
CA00,逃离鱿鱼海岸,任务完成,SW.Item.EnchantmentBook.PoisonFog,毒雾,,False,Core_Quests.json#CA00
CA02_B,林中腐化,任务完成,SW.Item.EnchantmentBook.PoisonFog,毒雾,CA02_C,False,Core_Quests.json#CA02_B
CA08,消失的和声,任务完成,SW.Item.EnchantmentBook.PoisonFog,毒雾,CA06,False,Core_Quests.json#CA08
CA09,幽匿者之怒,任务完成,SW.Item.EnchantmentBook.PoisonFog,毒雾,CA08_B,False,Core_Quests.json#CA09
CA10,最终魂战,任务完成,SW.Item.EnchantmentBook.PoisonFog,毒雾,CA09,False,Core_Quests.json#CA10
CA05_BR,复活的首席附魔师,任务完成,SW.Item.EnchantmentBook.PoisonFog,毒雾,CA05,True,Core_Quests.json#CA05_BR
CA02_B_BR,复活的女巫,任务完成,SW.Item.EnchantmentBook.PoisonFog,毒雾,CA02_B,True,Core_Quests.json#CA02_B_BR
CA03_BR,复活的扭曲监守者,任务完成,SW.Item.EnchantmentBook.PoisonFog,毒雾,CA03,True,Core_Quests.json#CA03_BR
CA07_BR,复活的铜巨兽,任务完成,SW.Item.EnchantmentBook.PoisonFog,毒雾,CA07,True,Core_Quests.json#CA07_BR
CA01_B,失踪的商人,任务完成,SW.Item.EnchantmentBook.PoisonFog,毒雾,CA01,False,Core_Quests.json#CA01_B
CA09_BR,复活的幽匿巨兽,首次完成,SW.Item.EnchantmentBook.PoisonFog,毒雾,CA08_B,True,Core_Quests.json#CA09_BR
CA09_BR,复活的幽匿巨兽,首次完成,SW.Item.EnchantmentBook.PoisonFog,毒雾,CA08_B,True,Core_Quests.json#CA09_BR
CA09_BR,复活的幽匿巨兽,任务完成,SW.Item.EnchantmentBook.PoisonFog,毒雾,CA08_B,True,Core_Quests.json#CA09_BR
CA08_B,草甸巨兽,任务完成,SW.Item.EnchantmentBook.PoisonFog,毒雾,CA08,False,Core_Quests.json#CA08_B
CA10_BR_B,复活的红石巨兽,首次完成,SW.Item.EnchantmentBook.PoisonFog,毒雾,CA10,True,Core_Quests.json#CA10_BR_B
CA10_BR_B,复活的红石巨兽,首次完成,SW.Item.EnchantmentBook.PoisonFog,毒雾,CA10,True,Core_Quests.json#CA10_BR_B
CA10_BR_B,复活的红石巨兽,任务完成,SW.Item.EnchantmentBook.PoisonFog,毒雾,CA10,True,Core_Quests.json#CA10_BR_B
CA10_BR,最终魂战：返场,首次完成,SW.Item.EnchantmentBook.PoisonFog,毒雾,CA10,True,Core_Quests.json#CA10_BR
CA10_BR,最终魂战：返场,首次完成,SW.Item.EnchantmentBook.PoisonFog,毒雾,CA10,True,Core_Quests.json#CA10_BR
CA10_BR,最终魂战：返场,任务完成,SW.Item.EnchantmentBook.PoisonFog,毒雾,CA10,True,Core_Quests.json#CA10_BR
PLa1_S04_A,养蜂人,任务完成,SW.Item.EnchantmentBook.PoisonFog,毒雾,CA01,False,PlainsA1_Quests.json#PLa1_S04_A
TOa1_S01_A,"TextReleaseQuestTrackerLabels.csv,TOa1_S01_A",任务完成,SW.Item.EnchantmentBook.PoisonFog,毒雾,CA03,False,Town_Quests.json#TOa1_S01_A
CA02_C,附魔匠的训练,首次完成,SW.Item.EnchantmentBook.Radiance,治疗重击,CA02,False,Core_Quests.json#CA02_C
DEa1_S12_A,灾厄村民情报,任务完成,SW.Item.EnchantmentBook.SoulAspect,灵魂冲击,CA05,False,DesertA1_Quests.json#DEa1_S12_A
CA02_C,附魔匠的训练,首次完成,SW.Item.EnchantmentBook.SoulInfusedPotion,远古炼金术,CA02,False,Core_Quests.json#CA02_C
CA01,来自裂隙的灾厄村民,任务完成,SW.Item.EnchantmentBook.Thundering,引雷,CA00,False,Core_Quests.json#CA01
CA02,沉寂的小嚎村,任务完成,SW.Item.EnchantmentBook.Thundering,引雷,CA01_B,False,Core_Quests.json#CA02
CA03,探索深暗之域,任务完成,SW.Item.EnchantmentBook.Thundering,引雷,CA02_B,False,Core_Quests.json#CA03
CA04,丢失的音符盒,任务完成,SW.Item.EnchantmentBook.Thundering,引雷,CA03,False,Core_Quests.json#CA04
CA05,翻越冰封高地,任务完成,SW.Item.EnchantmentBook.Thundering,引雷,CA07,False,Core_Quests.json#CA05
CA06,归还音符盒,任务完成,SW.Item.EnchantmentBook.Thundering,引雷,CA05,False,Core_Quests.json#CA06
CA07,穿越多雨平原,任务完成,SW.Item.EnchantmentBook.Thundering,引雷,CA04,False,Core_Quests.json#CA07
CA04_BR,CA04_BR,任务完成,SW.Item.EnchantmentBook.Thundering,引雷,CA04,True,Core_Quests.json#CA04_BR
CA00,逃离鱿鱼海岸,任务完成,SW.Item.EnchantmentBook.Thundering,引雷,,False,Core_Quests.json#CA00
CA02_B,林中腐化,任务完成,SW.Item.EnchantmentBook.Thundering,引雷,CA02_C,False,Core_Quests.json#CA02_B
CA08,消失的和声,任务完成,SW.Item.EnchantmentBook.Thundering,引雷,CA06,False,Core_Quests.json#CA08
CA09,幽匿者之怒,任务完成,SW.Item.EnchantmentBook.Thundering,引雷,CA08_B,False,Core_Quests.json#CA09
CA10,最终魂战,任务完成,SW.Item.EnchantmentBook.Thundering,引雷,CA09,False,Core_Quests.json#CA10
CA05_BR,复活的首席附魔师,任务完成,SW.Item.EnchantmentBook.Thundering,引雷,CA05,True,Core_Quests.json#CA05_BR
CA02_B_BR,复活的女巫,任务完成,SW.Item.EnchantmentBook.Thundering,引雷,CA02_B,True,Core_Quests.json#CA02_B_BR
CA03_BR,复活的扭曲监守者,任务完成,SW.Item.EnchantmentBook.Thundering,引雷,CA03,True,Core_Quests.json#CA03_BR
CA07_BR,复活的铜巨兽,任务完成,SW.Item.EnchantmentBook.Thundering,引雷,CA07,True,Core_Quests.json#CA07_BR
CA01_B,失踪的商人,任务完成,SW.Item.EnchantmentBook.Thundering,引雷,CA01,False,Core_Quests.json#CA01_B
CA09_BR,复活的幽匿巨兽,首次完成,SW.Item.EnchantmentBook.Thundering,引雷,CA08_B,True,Core_Quests.json#CA09_BR
CA09_BR,复活的幽匿巨兽,首次完成,SW.Item.EnchantmentBook.Thundering,引雷,CA08_B,True,Core_Quests.json#CA09_BR
CA09_BR,复活的幽匿巨兽,任务完成,SW.Item.EnchantmentBook.Thundering,引雷,CA08_B,True,Core_Quests.json#CA09_BR
CA08_B,草甸巨兽,任务完成,SW.Item.EnchantmentBook.Thundering,引雷,CA08,False,Core_Quests.json#CA08_B
CA10_BR_B,复活的红石巨兽,首次完成,SW.Item.EnchantmentBook.Thundering,引雷,CA10,True,Core_Quests.json#CA10_BR_B
CA10_BR_B,复活的红石巨兽,首次完成,SW.Item.EnchantmentBook.Thundering,引雷,CA10,True,Core_Quests.json#CA10_BR_B
CA10_BR_B,复活的红石巨兽,任务完成,SW.Item.EnchantmentBook.Thundering,引雷,CA10,True,Core_Quests.json#CA10_BR_B
CA10_BR,最终魂战：返场,首次完成,SW.Item.EnchantmentBook.Thundering,引雷,CA10,True,Core_Quests.json#CA10_BR
CA10_BR,最终魂战：返场,首次完成,SW.Item.EnchantmentBook.Thundering,引雷,CA10,True,Core_Quests.json#CA10_BR
CA10_BR,最终魂战：返场,任务完成,SW.Item.EnchantmentBook.Thundering,引雷,CA10,True,Core_Quests.json#CA10_BR
PLa1_S04_A,养蜂人,任务完成,SW.Item.EnchantmentBook.Thundering,引雷,CA01,False,PlainsA1_Quests.json#PLa1_S04_A
TOa1_S01_A,"TextReleaseQuestTrackerLabels.csv,TOa1_S01_A",任务完成,SW.Item.EnchantmentBook.Thundering,引雷,CA03,False,Town_Quests.json#TOa1_S01_A
CA01,来自裂隙的灾厄村民,任务完成,SW.Item.EnchantmentBook.Unstoppable,疯牛冲锋,CA00,False,Core_Quests.json#CA01
CA02,沉寂的小嚎村,任务完成,SW.Item.EnchantmentBook.Unstoppable,疯牛冲锋,CA01_B,False,Core_Quests.json#CA02
CA03,探索深暗之域,任务完成,SW.Item.EnchantmentBook.Unstoppable,疯牛冲锋,CA02_B,False,Core_Quests.json#CA03
CA04,丢失的音符盒,任务完成,SW.Item.EnchantmentBook.Unstoppable,疯牛冲锋,CA03,False,Core_Quests.json#CA04
CA05,翻越冰封高地,任务完成,SW.Item.EnchantmentBook.Unstoppable,疯牛冲锋,CA07,False,Core_Quests.json#CA05
CA06,归还音符盒,任务完成,SW.Item.EnchantmentBook.Unstoppable,疯牛冲锋,CA05,False,Core_Quests.json#CA06
CA07,穿越多雨平原,任务完成,SW.Item.EnchantmentBook.Unstoppable,疯牛冲锋,CA04,False,Core_Quests.json#CA07
CA04_BR,CA04_BR,任务完成,SW.Item.EnchantmentBook.Unstoppable,疯牛冲锋,CA04,True,Core_Quests.json#CA04_BR
CA00,逃离鱿鱼海岸,任务完成,SW.Item.EnchantmentBook.Unstoppable,疯牛冲锋,,False,Core_Quests.json#CA00
CA02_B,林中腐化,任务完成,SW.Item.EnchantmentBook.Unstoppable,疯牛冲锋,CA02_C,False,Core_Quests.json#CA02_B
CA08,消失的和声,任务完成,SW.Item.EnchantmentBook.Unstoppable,疯牛冲锋,CA06,False,Core_Quests.json#CA08
CA09,幽匿者之怒,任务完成,SW.Item.EnchantmentBook.Unstoppable,疯牛冲锋,CA08_B,False,Core_Quests.json#CA09
CA10,最终魂战,任务完成,SW.Item.EnchantmentBook.Unstoppable,疯牛冲锋,CA09,False,Core_Quests.json#CA10
CA05_BR,复活的首席附魔师,任务完成,SW.Item.EnchantmentBook.Unstoppable,疯牛冲锋,CA05,True,Core_Quests.json#CA05_BR
CA02_B_BR,复活的女巫,任务完成,SW.Item.EnchantmentBook.Unstoppable,疯牛冲锋,CA02_B,True,Core_Quests.json#CA02_B_BR
CA03_BR,复活的扭曲监守者,任务完成,SW.Item.EnchantmentBook.Unstoppable,疯牛冲锋,CA03,True,Core_Quests.json#CA03_BR
CA07_BR,复活的铜巨兽,任务完成,SW.Item.EnchantmentBook.Unstoppable,疯牛冲锋,CA07,True,Core_Quests.json#CA07_BR
CA01_B,失踪的商人,任务完成,SW.Item.EnchantmentBook.Unstoppable,疯牛冲锋,CA01,False,Core_Quests.json#CA01_B
CA09_BR,复活的幽匿巨兽,首次完成,SW.Item.EnchantmentBook.Unstoppable,疯牛冲锋,CA08_B,True,Core_Quests.json#CA09_BR
CA09_BR,复活的幽匿巨兽,首次完成,SW.Item.EnchantmentBook.Unstoppable,疯牛冲锋,CA08_B,True,Core_Quests.json#CA09_BR
CA09_BR,复活的幽匿巨兽,任务完成,SW.Item.EnchantmentBook.Unstoppable,疯牛冲锋,CA08_B,True,Core_Quests.json#CA09_BR
CA08_B,草甸巨兽,任务完成,SW.Item.EnchantmentBook.Unstoppable,疯牛冲锋,CA08,False,Core_Quests.json#CA08_B
CA10_BR_B,复活的红石巨兽,首次完成,SW.Item.EnchantmentBook.Unstoppable,疯牛冲锋,CA10,True,Core_Quests.json#CA10_BR_B
CA10_BR_B,复活的红石巨兽,首次完成,SW.Item.EnchantmentBook.Unstoppable,疯牛冲锋,CA10,True,Core_Quests.json#CA10_BR_B
CA10_BR_B,复活的红石巨兽,任务完成,SW.Item.EnchantmentBook.Unstoppable,疯牛冲锋,CA10,True,Core_Quests.json#CA10_BR_B
CA10_BR,最终魂战：返场,首次完成,SW.Item.EnchantmentBook.Unstoppable,疯牛冲锋,CA10,True,Core_Quests.json#CA10_BR
CA10_BR,最终魂战：返场,首次完成,SW.Item.EnchantmentBook.Unstoppable,疯牛冲锋,CA10,True,Core_Quests.json#CA10_BR
CA10_BR,最终魂战：返场,任务完成,SW.Item.EnchantmentBook.Unstoppable,疯牛冲锋,CA10,True,Core_Quests.json#CA10_BR
PLa1_S04_A,养蜂人,任务完成,SW.Item.EnchantmentBook.Unstoppable,疯牛冲锋,CA01,False,PlainsA1_Quests.json#PLa1_S04_A
TOa1_S01_A,"TextReleaseQuestTrackerLabels.csv,TOa1_S01_A",任务完成,SW.Item.EnchantmentBook.Unstoppable,疯牛冲锋,CA03,False,Town_Quests.json#TOa1_S01_A
CA01,来自裂隙的灾厄村民,任务完成,SW.Item.EnchantmentBook.PotionSharing,伙伴药剂,CA00,False,Core_Quests.json#CA01
CA02,沉寂的小嚎村,任务完成,SW.Item.EnchantmentBook.PotionSharing,伙伴药剂,CA01_B,False,Core_Quests.json#CA02
CA03,探索深暗之域,任务完成,SW.Item.EnchantmentBook.PotionSharing,伙伴药剂,CA02_B,False,Core_Quests.json#CA03
CA04,丢失的音符盒,任务完成,SW.Item.EnchantmentBook.PotionSharing,伙伴药剂,CA03,False,Core_Quests.json#CA04
CA05,翻越冰封高地,任务完成,SW.Item.EnchantmentBook.PotionSharing,伙伴药剂,CA07,False,Core_Quests.json#CA05
CA06,归还音符盒,任务完成,SW.Item.EnchantmentBook.PotionSharing,伙伴药剂,CA05,False,Core_Quests.json#CA06
CA07,穿越多雨平原,任务完成,SW.Item.EnchantmentBook.PotionSharing,伙伴药剂,CA04,False,Core_Quests.json#CA07
CA04_BR,CA04_BR,任务完成,SW.Item.EnchantmentBook.PotionSharing,伙伴药剂,CA04,True,Core_Quests.json#CA04_BR
CA00,逃离鱿鱼海岸,任务完成,SW.Item.EnchantmentBook.PotionSharing,伙伴药剂,,False,Core_Quests.json#CA00
CA02_B,林中腐化,任务完成,SW.Item.EnchantmentBook.PotionSharing,伙伴药剂,CA02_C,False,Core_Quests.json#CA02_B
CA08,消失的和声,任务完成,SW.Item.EnchantmentBook.PotionSharing,伙伴药剂,CA06,False,Core_Quests.json#CA08
CA09,幽匿者之怒,任务完成,SW.Item.EnchantmentBook.PotionSharing,伙伴药剂,CA08_B,False,Core_Quests.json#CA09
CA10,最终魂战,任务完成,SW.Item.EnchantmentBook.PotionSharing,伙伴药剂,CA09,False,Core_Quests.json#CA10
CA05_BR,复活的首席附魔师,任务完成,SW.Item.EnchantmentBook.PotionSharing,伙伴药剂,CA05,True,Core_Quests.json#CA05_BR
CA02_B_BR,复活的女巫,任务完成,SW.Item.EnchantmentBook.PotionSharing,伙伴药剂,CA02_B,True,Core_Quests.json#CA02_B_BR
CA03_BR,复活的扭曲监守者,任务完成,SW.Item.EnchantmentBook.PotionSharing,伙伴药剂,CA03,True,Core_Quests.json#CA03_BR
CA07_BR,复活的铜巨兽,任务完成,SW.Item.EnchantmentBook.PotionSharing,伙伴药剂,CA07,True,Core_Quests.json#CA07_BR
CA01_B,失踪的商人,任务完成,SW.Item.EnchantmentBook.PotionSharing,伙伴药剂,CA01,False,Core_Quests.json#CA01_B
CA09_BR,复活的幽匿巨兽,首次完成,SW.Item.EnchantmentBook.PotionSharing,伙伴药剂,CA08_B,True,Core_Quests.json#CA09_BR
CA09_BR,复活的幽匿巨兽,首次完成,SW.Item.EnchantmentBook.PotionSharing,伙伴药剂,CA08_B,True,Core_Quests.json#CA09_BR
CA09_BR,复活的幽匿巨兽,任务完成,SW.Item.EnchantmentBook.PotionSharing,伙伴药剂,CA08_B,True,Core_Quests.json#CA09_BR
CA08_B,草甸巨兽,任务完成,SW.Item.EnchantmentBook.PotionSharing,伙伴药剂,CA08,False,Core_Quests.json#CA08_B
CA10_BR_B,复活的红石巨兽,首次完成,SW.Item.EnchantmentBook.PotionSharing,伙伴药剂,CA10,True,Core_Quests.json#CA10_BR_B
CA10_BR_B,复活的红石巨兽,首次完成,SW.Item.EnchantmentBook.PotionSharing,伙伴药剂,CA10,True,Core_Quests.json#CA10_BR_B
CA10_BR_B,复活的红石巨兽,任务完成,SW.Item.EnchantmentBook.PotionSharing,伙伴药剂,CA10,True,Core_Quests.json#CA10_BR_B
CA10_BR,最终魂战：返场,首次完成,SW.Item.EnchantmentBook.PotionSharing,伙伴药剂,CA10,True,Core_Quests.json#CA10_BR
CA10_BR,最终魂战：返场,首次完成,SW.Item.EnchantmentBook.PotionSharing,伙伴药剂,CA10,True,Core_Quests.json#CA10_BR
CA10_BR,最终魂战：返场,任务完成,SW.Item.EnchantmentBook.PotionSharing,伙伴药剂,CA10,True,Core_Quests.json#CA10_BR
PLa1_S04_A,养蜂人,任务完成,SW.Item.EnchantmentBook.PotionSharing,伙伴药剂,CA01,False,PlainsA1_Quests.json#PLa1_S04_A
TOa1_S01_A,"TextReleaseQuestTrackerLabels.csv,TOa1_S01_A",任务完成,SW.Item.EnchantmentBook.PotionSharing,伙伴药剂,CA03,False,Town_Quests.json#TOa1_S01_A
CA01,来自裂隙的灾厄村民,任务完成,SW.Item.EnchantmentBook.ExpandedQuiver,末影箭袋,CA00,False,Core_Quests.json#CA01
CA02,沉寂的小嚎村,任务完成,SW.Item.EnchantmentBook.ExpandedQuiver,末影箭袋,CA01_B,False,Core_Quests.json#CA02
CA03,探索深暗之域,任务完成,SW.Item.EnchantmentBook.ExpandedQuiver,末影箭袋,CA02_B,False,Core_Quests.json#CA03
CA04,丢失的音符盒,任务完成,SW.Item.EnchantmentBook.ExpandedQuiver,末影箭袋,CA03,False,Core_Quests.json#CA04
CA05,翻越冰封高地,任务完成,SW.Item.EnchantmentBook.ExpandedQuiver,末影箭袋,CA07,False,Core_Quests.json#CA05
CA06,归还音符盒,任务完成,SW.Item.EnchantmentBook.ExpandedQuiver,末影箭袋,CA05,False,Core_Quests.json#CA06
CA07,穿越多雨平原,任务完成,SW.Item.EnchantmentBook.ExpandedQuiver,末影箭袋,CA04,False,Core_Quests.json#CA07
CA04_BR,CA04_BR,任务完成,SW.Item.EnchantmentBook.ExpandedQuiver,末影箭袋,CA04,True,Core_Quests.json#CA04_BR
CA00,逃离鱿鱼海岸,任务完成,SW.Item.EnchantmentBook.ExpandedQuiver,末影箭袋,,False,Core_Quests.json#CA00
CA02_B,林中腐化,任务完成,SW.Item.EnchantmentBook.ExpandedQuiver,末影箭袋,CA02_C,False,Core_Quests.json#CA02_B
CA08,消失的和声,任务完成,SW.Item.EnchantmentBook.ExpandedQuiver,末影箭袋,CA06,False,Core_Quests.json#CA08
CA09,幽匿者之怒,任务完成,SW.Item.EnchantmentBook.ExpandedQuiver,末影箭袋,CA08_B,False,Core_Quests.json#CA09
CA10,最终魂战,任务完成,SW.Item.EnchantmentBook.ExpandedQuiver,末影箭袋,CA09,False,Core_Quests.json#CA10
CA05_BR,复活的首席附魔师,任务完成,SW.Item.EnchantmentBook.ExpandedQuiver,末影箭袋,CA05,True,Core_Quests.json#CA05_BR
CA02_B_BR,复活的女巫,任务完成,SW.Item.EnchantmentBook.ExpandedQuiver,末影箭袋,CA02_B,True,Core_Quests.json#CA02_B_BR
CA03_BR,复活的扭曲监守者,任务完成,SW.Item.EnchantmentBook.ExpandedQuiver,末影箭袋,CA03,True,Core_Quests.json#CA03_BR
CA07_BR,复活的铜巨兽,任务完成,SW.Item.EnchantmentBook.ExpandedQuiver,末影箭袋,CA07,True,Core_Quests.json#CA07_BR
CA01_B,失踪的商人,任务完成,SW.Item.EnchantmentBook.ExpandedQuiver,末影箭袋,CA01,False,Core_Quests.json#CA01_B
CA09_BR,复活的幽匿巨兽,首次完成,SW.Item.EnchantmentBook.ExpandedQuiver,末影箭袋,CA08_B,True,Core_Quests.json#CA09_BR
CA09_BR,复活的幽匿巨兽,首次完成,SW.Item.EnchantmentBook.ExpandedQuiver,末影箭袋,CA08_B,True,Core_Quests.json#CA09_BR
CA09_BR,复活的幽匿巨兽,任务完成,SW.Item.EnchantmentBook.ExpandedQuiver,末影箭袋,CA08_B,True,Core_Quests.json#CA09_BR
CA08_B,草甸巨兽,任务完成,SW.Item.EnchantmentBook.ExpandedQuiver,末影箭袋,CA08,False,Core_Quests.json#CA08_B
CA10_BR_B,复活的红石巨兽,首次完成,SW.Item.EnchantmentBook.ExpandedQuiver,末影箭袋,CA10,True,Core_Quests.json#CA10_BR_B
CA10_BR_B,复活的红石巨兽,首次完成,SW.Item.EnchantmentBook.ExpandedQuiver,末影箭袋,CA10,True,Core_Quests.json#CA10_BR_B
CA10_BR_B,复活的红石巨兽,任务完成,SW.Item.EnchantmentBook.ExpandedQuiver,末影箭袋,CA10,True,Core_Quests.json#CA10_BR_B
CA10_BR,最终魂战：返场,首次完成,SW.Item.EnchantmentBook.ExpandedQuiver,末影箭袋,CA10,True,Core_Quests.json#CA10_BR
CA10_BR,最终魂战：返场,首次完成,SW.Item.EnchantmentBook.ExpandedQuiver,末影箭袋,CA10,True,Core_Quests.json#CA10_BR
CA10_BR,最终魂战：返场,任务完成,SW.Item.EnchantmentBook.ExpandedQuiver,末影箭袋,CA10,True,Core_Quests.json#CA10_BR
PLa1_S04_A,养蜂人,任务完成,SW.Item.EnchantmentBook.ExpandedQuiver,末影箭袋,CA01,False,PlainsA1_Quests.json#PLa1_S04_A
TOa1_S01_A,"TextReleaseQuestTrackerLabels.csv,TOa1_S01_A",任务完成,SW.Item.EnchantmentBook.ExpandedQuiver,末影箭袋,CA03,False,Town_Quests.json#TOa1_S01_A
CA02_C,附魔匠的训练,首次完成,SW.Item.EnchantmentBook.Piercing,穿透,CA02,False,Core_Quests.json#CA02_C
CA04_BR,CA04_BR,任务完成,SW.Item.Talisman.RangedBuff,紫水晶透镜,CA04,True,Core_Quests.json#CA04_BR
CA05_BR,复活的首席附魔师,任务完成,SW.Item.Talisman.RangedBuff,紫水晶透镜,CA05,True,Core_Quests.json#CA05_BR
CA01,来自裂隙的灾厄村民,任务完成,SW.Item.Talisman.HealthBoost,蜂蜡之印,CA00,False,Core_Quests.json#CA01
CA04,丢失的音符盒,任务完成,SW.Item.Talisman.Brawling,铁拳,CA03,False,Core_Quests.json#CA04
CA10,最终魂战,任务完成,SW.Item.Talisman.IronGolem,傀儡工具包,CA09,False,Core_Quests.json#CA10
CA02,沉寂的小嚎村,任务完成,SW.Item.Talisman.Wolf,美味骨头,CA01_B,False,Core_Quests.json#CA02
CA03,探索深暗之域,任务完成,SW.Item.Talisman.SoulGather,扭曲之牙,CA02_B,False,Core_Quests.json#CA03
PLa2_S16_A,野花战士,任务完成,SW.Item.Talisman.Healing,治愈之心,CA07,False,PlainsA2_Quests.json#PLa2_S16_A
DEa1_S14_A,外出钓鱼,任务完成,SW.Item.Talisman.DropChance,寻宝者护符,CA05,False,DesertA1_Quests.json#DEa1_S14_A
CAa1_S03_A,攻破营地,任务完成,SW.Item.Talisman.ArtifactCooldown,效率精华,CA09,False,CarapaceA1_Quests.json#CAa1_S03_A
PLa2_S17_A,灾厄村民的非法试验,任务完成,SW.Item.Talisman.RollingCooldown,犰狳护身符,CA07,False,PlainsA2_Quests.json#PLa2_S17_A
CA04,丢失的音符盒,任务完成,SW.Item.Talisman.AmmoCapacity,深色橡树枝,CA03,False,Core_Quests.json#CA04
DEa1_S12_A,灾厄村民情报,任务完成,SW.Item.Talisman.StatusBuff,幽匿徽章,CA05,False,DesertA1_Quests.json#DEa1_S12_A
CA09,幽匿者之怒,任务完成,SW.Item.Talisman.ExperienceIncrease,经验之眼,CA08_B,False,Core_Quests.json#CA09
CA06,归还音符盒,首次完成,SW.Item.Talisman.HealthyStrike,浮须触手,CA05,False,Core_Quests.json#CA06
MEa2_S02_A,永远的朋友,任务完成,SW.Item.Talisman.Prickle,刺须怪印记,CA10,False,MeadowA2_Quests.json#MEa2_S02_A
MEa1_S06_A,晃墩墩快跑,任务完成,SW.Item.Talisman.Wobble,晃墩墩石,CA08,False,MeadowA1_Quests.json#MEa1_S06_A
