"地图","类型","点位数","底图","固定布局","模板库","ID","出处"
"鱿鱼海岸","world","75","原始高清地图","true","","SW.Region.Camp","DT_WorldRegionMapData.json#Camp"
"主世界","world","2761","原始高清地图","true","","SW.Region.Overworld","DT_WorldRegionMapData.json#Overworld"
"汐浮","world","1914","原始高清地图","true","","SW.Region.Sift","DT_WorldRegionMapData.json#Sift"
"蜜脾谷仓","indoor","15","原始地形图","true","","indoor:Sw.Area.Plains.A1.SpookyBarnBasement","DT_WorldIndoorAreaMapData.json#Sw.Area.Plains.A1.SpookyBarnBasement"
"冰封要塞","indoor","34","原始地形图","true","","indoor:SW.Area.Desert.A1.FortHalls","DT_WorldIndoorAreaMapData.json#SW.Area.Desert.A1.FortHalls"
"SW.Area.Desert.A1.Watchtower","indoor","24","原始地形图","true","","indoor:SW.Area.Desert.A1.Watchtower","DT_WorldIndoorAreaMapData.json#SW.Area.Desert.A1.Watchtower"
"冰封要塞","indoor","34","原始地形图","true","","indoor:SW.Area.Desert.A1.Tower","DT_WorldIndoorAreaMapData.json#SW.Area.Desert.A1.Tower"
"沉船","indoor","70","原始地形图","true","","indoor:SW.Area.Desert.A1.ShipInt","DT_WorldIndoorAreaMapData.json#SW.Area.Desert.A1.ShipInt"
"钓鱼小屋","indoor","34","原始地形图","true","","indoor:SW.Area.Desert.A1.Basement","DT_WorldIndoorAreaMapData.json#SW.Area.Desert.A1.Basement"
"SW.Area.Plains.A2.NatInteriors","indoor","137","原始地形图","true","","indoor:SW.Area.Plains.A2.NatInteriors","DT_WorldIndoorAreaMapData.json#SW.Area.Plains.A2.NatInteriors"
"橙色塔楼","indoor","59","原始地形图","true","","indoor:SW.Area.Plains.A2.CampTower","DT_WorldIndoorAreaMapData.json#SW.Area.Plains.A2.CampTower"
"白色塔楼","indoor","61","原始地形图","true","","indoor:SW.Area.Plains.A2.RavagerTower","DT_WorldIndoorAreaMapData.json#SW.Area.Plains.A2.RavagerTower"
"红色塔楼","indoor","52","原始地形图","true","","indoor:SW.Area.Plains.A2.StorageTower","DT_WorldIndoorAreaMapData.json#SW.Area.Plains.A2.StorageTower"
"蜜脾原野","indoor","8","原始地形图","true","","indoor:SW.Area.Plains.A1.ScoutPoint","DT_WorldIndoorAreaMapData.json#SW.Area.Plains.A1.ScoutPoint"
"至尊唤魔者塔楼","indoor","3","原始地形图","true","","indoor:SW.Area.Plains.A2.NoteblockRoom","DT_WorldIndoorAreaMapData.json#SW.Area.Plains.A2.NoteblockRoom"
"灾厄村民要塞","indoor","309","原始地形图","true","","indoor:SW.Area.Meadow.A2.MeadowFortress","DT_WorldIndoorAreaMapData.json#SW.Area.Meadow.A2.MeadowFortress"
"许愿井","indoor","26","原始地形图","true","","indoor:SW.Area.Forest.A1.Underwell","DT_WorldIndoorAreaMapData.json#SW.Area.Forest.A1.Underwell"
"深暗之域","indoor","14","原始地形图","true","","indoor:SW.Area.DeepDark.A2.PortalEntry","DT_WorldIndoorAreaMapData.json#SW.Area.DeepDark.A2.PortalEntry"
"SW.Area.Meadow.A1.NatInteriors","indoor","150","原始地形图","true","","indoor:SW.Area.Meadow.A1.NatInteriors","DT_WorldIndoorAreaMapData.json#SW.Area.Meadow.A1.NatInteriors"
"至尊唤魔者塔楼","indoor","8","原始地形图","true","","indoor:SW.Area.Plains.A2.BossArena","DT_WorldIndoorAreaMapData.json#SW.Area.Plains.A2.BossArena"
"至尊唤魔者塔楼","indoor","42","原始地形图","true","","indoor:SW.Area.Plains.A2.BossTower","DT_WorldIndoorAreaMapData.json#SW.Area.Plains.A2.BossTower"
"轰鸣虫尸壳","indoor","97","原始地形图","true","","indoor:SW.Area.Carapace.A1.CarapaceInterior","DT_WorldIndoorAreaMapData.json#SW.Area.Carapace.A1.CarapaceInterior"
"女巫小屋","indoor","2","原始地形图","true","","indoor:SW.Area.Forest.A1.WitchInt","DT_WorldIndoorAreaMapData.json#SW.Area.Forest.A1.WitchInt"
"吟唱者草甸","indoor","63","原始地形图","true","","indoor:SW.Area.Meadow.R1","DT_WorldIndoorAreaMapData.json#SW.Area.Meadow.R1"
"吟唱者草甸","indoor","32","原始地形图","true","","indoor:SW.Area.Meadow.R0","DT_WorldIndoorAreaMapData.json#SW.Area.Meadow.R0"
"SW.Area.Desert.A1.QuestTowers","indoor","78","原始地形图","true","","indoor:SW.Area.Desert.A1.QuestTowers","DT_WorldIndoorAreaMapData.json#SW.Area.Desert.A1.QuestTowers"
"DDA1_ANC_001","room","47","原始地形图","false","deepdarka1","room:dda1_anc_001","DT_ProceduralTileMapData.json#DDA1_ANC_001"
"DDA1_ANC_002","room","184","原始地形图","false","deepdarka1","room:dda1_anc_002","DT_ProceduralTileMapData.json#DDA1_ANC_002"
"DDA1_ANC_003","room","282","原始地形图","false","deepdarka1","room:dda1_anc_003","DT_ProceduralTileMapData.json#DDA1_ANC_003"
"DDA1_ST_001","room","55","原始地形图","false","deepdarka1","room:dda1_st_001","DT_ProceduralTileMapData.json#DDA1_ST_001"
"DDA1_ST_002","room","45","原始地形图","false","deepdarka1","room:dda1_st_002","DT_ProceduralTileMapData.json#DDA1_ST_002"
"DDA1_ST_003","room","65","原始地形图","false","deepdarka1","room:dda1_st_003","DT_ProceduralTileMapData.json#DDA1_ST_003"
"DDA1_ST_004","room","42","原始地形图","false","deepdarka1","room:dda1_st_004","DT_ProceduralTileMapData.json#DDA1_ST_004"
"DDA1_DE_001","room","8","原始地形图","false","deepdarka1","room:dda1_de_001","DT_ProceduralTileMapData.json#DDA1_DE_001"
"lg_c_flat_003_dd","room","15","原始地形图","false","deep_dark_pool_3","room:lg_c_flat_003_dd","DT_ProceduralTileMapData.json#lg_c_flat_003_dd"
"lg_cap_001_dd","room","0","原始地形图","false","deep_dark_pool_1","room:lg_cap_001_dd","DT_ProceduralTileMapData.json#lg_cap_001_dd"
"lg_de_flat_001_dd","room","13","原始地形图","false","deep_dark_pool_1","room:lg_de_flat_001_dd","DT_ProceduralTileMapData.json#lg_de_flat_001_dd"
"lg_de_flat_003_dd","room","10","原始地形图","false","deep_dark_pool_3","room:lg_de_flat_003_dd","DT_ProceduralTileMapData.json#lg_de_flat_003_dd"
"lg_de_stair_001_dd","room","15","原始地形图","false","deep_dark_pool_1","room:lg_de_stair_001_dd","DT_ProceduralTileMapData.json#lg_de_stair_001_dd"
"lg_de_stair_003_dd","room","13","原始地形图","false","deep_dark_pool_3","room:lg_de_stair_003_dd","DT_ProceduralTileMapData.json#lg_de_stair_003_dd"
"lg_l_flat_001_dd","room","17","原始地形图","false","deep_dark_pool_1","room:lg_l_flat_001_dd","DT_ProceduralTileMapData.json#lg_l_flat_001_dd"
"lg_l_flat_003_dd","room","9","原始地形图","false","deep_dark_pool_3","room:lg_l_flat_003_dd","DT_ProceduralTileMapData.json#lg_l_flat_003_dd"
"lg_qd_stair_001_dd","room","12","原始地形图","false","deep_dark_pool_1","room:lg_qd_stair_001_dd","DT_ProceduralTileMapData.json#lg_qd_stair_001_dd"
"lg_r_flat_001_dd","room","11","原始地形图","false","deep_dark_pool_1","room:lg_r_flat_001_dd","DT_ProceduralTileMapData.json#lg_r_flat_001_dd"
"lg_r_stair_003_dd","room","5","原始地形图","false","deep_dark_pool_3","room:lg_r_stair_003_dd","DT_ProceduralTileMapData.json#lg_r_stair_003_dd"
"lg_t_flat_001_dd","room","8","原始地形图","false","deep_dark_pool_1","room:lg_t_flat_001_dd","DT_ProceduralTileMapData.json#lg_t_flat_001_dd"
"lg_t_flat_003_dd","room","11","原始地形图","false","deep_dark_pool_3","room:lg_t_flat_003_dd","DT_ProceduralTileMapData.json#lg_t_flat_003_dd"
"lg_t_stair_001_dd","room","9","原始地形图","false","deep_dark_pool_1","room:lg_t_stair_001_dd","DT_ProceduralTileMapData.json#lg_t_stair_001_dd"
"lg_t_stair_003_dd","room","11","原始地形图","false","deep_dark_pool_3","room:lg_t_stair_003_dd","DT_ProceduralTileMapData.json#lg_t_stair_003_dd"
"mc2sm_flat_001_dd","room","2","原始地形图","false","deep_dark_pool_1","room:mc2sm_flat_001_dd","DT_ProceduralTileMapData.json#mc2sm_flat_001_dd"
"mc2sm_flat_003_dd","room","2","原始地形图","false","deep_dark_pool_3","room:mc2sm_flat_003_dd","DT_ProceduralTileMapData.json#mc2sm_flat_003_dd"
"md2lg_flat_001_dd","room","20","原始地形图","false","deep_dark_pool_1","room:md2lg_flat_001_dd","DT_ProceduralTileMapData.json#md2lg_flat_001_dd"
"md2lg_flat_003_dd","room","14","原始地形图","false","deep_dark_pool_3","room:md2lg_flat_003_dd","DT_ProceduralTileMapData.json#md2lg_flat_003_dd"
"md2lg_stair_001_dd","room","17","原始地形图","false","deep_dark_pool_1","room:md2lg_stair_001_dd","DT_ProceduralTileMapData.json#md2lg_stair_001_dd"
"md2lg_stair_003_dd","room","13","原始地形图","false","deep_dark_pool_3","room:md2lg_stair_003_dd","DT_ProceduralTileMapData.json#md2lg_stair_003_dd"
"md_c_stair_003_dd","room","4","原始地形图","false","deep_dark_pool_3","room:md_c_stair_003_dd","DT_ProceduralTileMapData.json#md_c_stair_003_dd"
"md_de_flat_001_dd","room","2","原始地形图","false","deep_dark_pool_1","room:md_de_flat_001_dd","DT_ProceduralTileMapData.json#md_de_flat_001_dd"
"md_l_flat_003_dd","room","5","原始地形图","false","deep_dark_pool_3","room:md_l_flat_003_dd","DT_ProceduralTileMapData.json#md_l_flat_003_dd"
"md_l_stair_001_dd","room","8","原始地形图","false","deep_dark_pool_1","room:md_l_stair_001_dd","DT_ProceduralTileMapData.json#md_l_stair_001_dd"
"md_t_stair_001_dd","room","6","原始地形图","false","deep_dark_pool_1","room:md_t_stair_001_dd","DT_ProceduralTileMapData.json#md_t_stair_001_dd"
"sm_c_flat_001_dd","room","2","原始地形图","false","deep_dark_pool_1","room:sm_c_flat_001_dd","DT_ProceduralTileMapData.json#sm_c_flat_001_dd"
"sm_c_flat_003_dd","room","2","原始地形图","false","deep_dark_pool_3","room:sm_c_flat_003_dd","DT_ProceduralTileMapData.json#sm_c_flat_003_dd"
"sm_c_stair_001_dd","room","2","原始地形图","false","deep_dark_pool_1","room:sm_c_stair_001_dd","DT_ProceduralTileMapData.json#sm_c_stair_001_dd"
"DD_ANC_002","room","59","原始地形图","false","deep_dark_anchor_001","room:dd_anc_002","DT_ProceduralTileMapData.json#DD_ANC_002"
"DD_ANC_003","room","70","原始地形图","false","deep_dark_anchor_001","room:dd_anc_003","DT_ProceduralTileMapData.json#DD_ANC_003"
"DD_ANC_006","room","37","原始地形图","false","deep_dark_anchor_001","room:dd_anc_006","DT_ProceduralTileMapData.json#DD_ANC_006"
"DD_ANC_008","room","24","原始地形图","false","deep_dark_anchor_001","room:dd_anc_008","DT_ProceduralTileMapData.json#DD_ANC_008"
"DD_ANC_001","room","68","原始地形图","false","deep_dark_anchor_001","room:dd_anc_001","DT_ProceduralTileMapData.json#DD_ANC_001"
"DD_ANC_010","room","17","原始地形图","false","deep_dark_anchor_001","room:dd_anc_010","DT_ProceduralTileMapData.json#DD_ANC_010"
"DD_ANC_011","room","33","原始地形图","false","deep_dark_anchor_001","room:dd_anc_011","DT_ProceduralTileMapData.json#DD_ANC_011"
"DD_ANC_012","room","45","原始地形图","false","deep_dark_anchor_001","room:dd_anc_012","DT_ProceduralTileMapData.json#DD_ANC_012"
"dd_anc_016","room","20","原始地形图","false","deep_dark_anchor_002","room:dd_anc_016","DT_ProceduralTileMapData.json#dd_anc_016"
"dd_anc_017","room","65","原始地形图","false","deep_dark_anchor_002","room:dd_anc_017","DT_ProceduralTileMapData.json#dd_anc_017"
"dd_anc_019","room","22","原始地形图","false","deep_dark_anchor_002","room:dd_anc_019","DT_ProceduralTileMapData.json#dd_anc_019"
"dd_anc_022","room","32","原始地形图","false","deep_dark_anchor_002","room:dd_anc_022","DT_ProceduralTileMapData.json#dd_anc_022"
"xl_004_dd_p1","room","36","原始地形图","false","deep_dark_pool_1","room:xl_004_dd_p1","DT_ProceduralTileMapData.json#xl_004_dd_p1"
"xl_007_dd_p1","room","18","原始地形图","false","deep_dark_pool_1","room:xl_007_dd_p1","DT_ProceduralTileMapData.json#xl_007_dd_p1"
"xl_008_dd_p1","room","24","原始地形图","false","deep_dark_pool_1","room:xl_008_dd_p1","DT_ProceduralTileMapData.json#xl_008_dd_p1"
"xl_011_dd_p1","room","7","原始地形图","false","deep_dark_pool_1","room:xl_011_dd_p1","DT_ProceduralTileMapData.json#xl_011_dd_p1"
"xl_012_dd_p1","room","27","原始地形图","false","deep_dark_pool_1","room:xl_012_dd_p1","DT_ProceduralTileMapData.json#xl_012_dd_p1"
"SpiderCaveV1","room","37","原始地形图","false","foresta1_spidercaves","room:spidercavev1","DT_ProceduralTileMapData.json#SpiderCaveV1"
"spidercavev2","room","31","原始地形图","false","foresta1_spidercaves","room:spidercavev2","DT_ProceduralTileMapData.json#spidercavev2"
"spidercavev3","room","38","原始地形图","false","foresta1_spidercaves","room:spidercavev3","DT_ProceduralTileMapData.json#spidercavev3"
"FortTrap_Int","room","65","原始地形图","false","deserta1secretintssm","room:forttrap_int","DT_ProceduralTileMapData.json#FortTrap_Int"
"Iceberg_Int","room","9","原始地形图","false","deserta1secretintssm","room:iceberg_int","DT_ProceduralTileMapData.json#Iceberg_Int"
"IcedCavern1_Int","room","26","原始地形图","false","deserta1secretintssm","room:icedcavern1_int","DT_ProceduralTileMapData.json#IcedCavern1_Int"
"IcedCavern2_Int","room","34","原始地形图","false","deserta1secretintssm","room:icedcavern2_int","DT_ProceduralTileMapData.json#IcedCavern2_Int"
"IcedCavern3_Int","room","30","原始地形图","false","deserta1secretintssm","room:icedcavern3_int","DT_ProceduralTileMapData.json#IcedCavern3_Int"
"IceCaveV1","room","275","原始地形图","false","deserta1_icecaves","room:icecavev1","DT_ProceduralTileMapData.json#IceCaveV1"
"IceCaveV2","room","260","原始地形图","false","deserta1_icecaves","room:icecavev2","DT_ProceduralTileMapData.json#IceCaveV2"
"proc_fortress_entrance","room","2","原始地形图","false","deserta1_fortressint","room:proc_fortress_entrance","DT_ProceduralTileMapData.json#proc_fortress_entrance"
"proc_fortress_trap_intro","room","3","原始地形图","false","deserta1_fortressint","room:proc_fortress_trap_intro","DT_ProceduralTileMapData.json#proc_fortress_trap_intro"
"proc_fort_fork_01","room","10","原始地形图","false","deserta1_fortressint","room:proc_fort_fork_01","DT_ProceduralTileMapData.json#proc_fort_fork_01"
"proc_fort_staircase_03","room","7","原始地形图","false","deserta1_fortressint","room:proc_fort_staircase_03","DT_ProceduralTileMapData.json#proc_fort_staircase_03"
"proc_fort_fork_04","room","7","原始地形图","false","deserta1_fortressint","room:proc_fort_fork_04","DT_ProceduralTileMapData.json#proc_fort_fork_04"
"proc_fort_straight_05","room","7","原始地形图","false","deserta1_fortressint","room:proc_fort_straight_05","DT_ProceduralTileMapData.json#proc_fort_straight_05"
"proc_fort_staircase_04","room","8","原始地形图","false","deserta1_fortressint","room:proc_fort_staircase_04","DT_ProceduralTileMapData.json#proc_fort_staircase_04"
"proc_fort_t_03","room","8","原始地形图","false","deserta1_fortressint","room:proc_fort_t_03","DT_ProceduralTileMapData.json#proc_fort_t_03"
"anchor_sentinelroom_02","room","22","原始地形图","false","deserta1_fortressint","room:anchor_sentinelroom_02","DT_ProceduralTileMapData.json#anchor_sentinelroom_02"
"proc_arena_mech_01","room","7","原始地形图","false","deserta1_fortressint","room:proc_arena_mech_01","DT_ProceduralTileMapData.json#proc_arena_mech_01"
"proc_arena_mech_03","room","10","原始地形图","false","deserta1_fortressint","room:proc_arena_mech_03","DT_ProceduralTileMapData.json#proc_arena_mech_03"
"proc_fortress_breather","room","4","原始地形图","false","deserta1_fortressint","room:proc_fortress_breather","DT_ProceduralTileMapData.json#proc_fortress_breather"
"anchor_study_03","room","5","原始地形图","false","deserta1_fortressint","room:anchor_study_03","DT_ProceduralTileMapData.json#anchor_study_03"
"DesertA1_Anchor_Bossroom_002","room","17","原始地形图","false","deserta1_bossarena","room:deserta1_anchor_bossroom_002","DT_ProceduralTileMapData.json#DesertA1_Anchor_Bossroom_002"
"OS_MW_ANC_001","room","44","原始地形图","false","meadow_anchor_001","room:os_mw_anc_001","DT_ProceduralTileMapData.json#OS_MW_ANC_001"
"OS_MW_ANC_002","room","30","原始地形图","false","meadow_anchor_001","room:os_mw_anc_002","DT_ProceduralTileMapData.json#OS_MW_ANC_002"
"OS_MW_ANC_003","room","51","原始地形图","false","meadow_anchor_001","room:os_mw_anc_003","DT_ProceduralTileMapData.json#OS_MW_ANC_003"
"OS_MW_ANC_005","room","44","原始地形图","false","meadow_anchor_001","room:os_mw_anc_005","DT_ProceduralTileMapData.json#OS_MW_ANC_005"
"OS_MW_ANC_013","room","35","原始地形图","false","meadow_anchor_001","room:os_mw_anc_013","DT_ProceduralTileMapData.json#OS_MW_ANC_013"
"MW_ANC_006","room","6","原始地形图","false","meadow_anchor_002","room:mw_anc_006","DT_ProceduralTileMapData.json#MW_ANC_006"
"MW_ANC_008","room","5","原始地形图","false","meadow_anchor_002","room:mw_anc_008","DT_ProceduralTileMapData.json#MW_ANC_008"
"MW_ANC_010","room","5","原始地形图","false","meadow_anchor_002","room:mw_anc_010","DT_ProceduralTileMapData.json#MW_ANC_010"
"MW_END_001","room","9","原始地形图","false","meadow_anchor_002","room:mw_end_001","DT_ProceduralTileMapData.json#MW_END_001"
"MW_END_002","room","9","原始地形图","false","meadow_anchor_002","room:mw_end_002","DT_ProceduralTileMapData.json#MW_END_002"
"MW_END_003","room","9","原始地形图","false","meadow_anchor_002","room:mw_end_003","DT_ProceduralTileMapData.json#MW_END_003"
"MW_ANC_009","room","4","原始地形图","false","meadow_anchor_002","room:mw_anc_009","DT_ProceduralTileMapData.json#MW_ANC_009"
"MW_ANC_011","room","11","原始地形图","false","meadow_anchor_002","room:mw_anc_011","DT_ProceduralTileMapData.json#MW_ANC_011"
"MW_FIGHT_003","room","2","原始地形图","false","meadow_anchor_002","room:mw_fight_003","DT_ProceduralTileMapData.json#MW_FIGHT_003"
"MW_FIGHT_001","room","2","原始地形图","false","meadow_anchor_002","room:mw_fight_001","DT_ProceduralTileMapData.json#MW_FIGHT_001"
"LG_R_FLAT_001_MW","room","18","原始地形图","false","meadow_pool_1","room:lg_r_flat_001_mw","DT_ProceduralTileMapData.json#LG_R_FLAT_001_MW"
"LG_C_FLAT_002_MW","room","15","原始地形图","false","meadow_pool_2","room:lg_c_flat_002_mw","DT_ProceduralTileMapData.json#LG_C_FLAT_002_MW"
"LG_T_FLAT_001_MW","room","173","原始地形图","false","meadow_pool_1","room:lg_t_flat_001_mw","DT_ProceduralTileMapData.json#LG_T_FLAT_001_MW"
"LG_C_FLAT_001_MW","room","18","原始地形图","false","meadow_pool_1","room:lg_c_flat_001_mw","DT_ProceduralTileMapData.json#LG_C_FLAT_001_MW"
"LG_L_STAIR_001_MW","room","17","原始地形图","false","meadow_pool_1","room:lg_l_stair_001_mw","DT_ProceduralTileMapData.json#LG_L_STAIR_001_MW"
"MD_L_FLAT_001_MW","room","12","原始地形图","false","meadow_pool_1","room:md_l_flat_001_mw","DT_ProceduralTileMapData.json#MD_L_FLAT_001_MW"
"MD_C_STAIR_001_MW","room","21","原始地形图","false","meadow_pool_1","room:md_c_stair_001_mw","DT_ProceduralTileMapData.json#MD_C_STAIR_001_MW"
"MD_R_STAIR_001_MW","room","11","原始地形图","false","meadow_pool_1","room:md_r_stair_001_mw","DT_ProceduralTileMapData.json#MD_R_STAIR_001_MW"
"SM2MD_FLAT_001_MW","room","15","原始地形图","false","meadow_pool_1","room:sm2md_flat_001_mw","DT_ProceduralTileMapData.json#SM2MD_FLAT_001_MW"
"XL_009_MW_P1","room","14","原始地形图","false","meadow_pool_1","room:xl_009_mw_p1","DT_ProceduralTileMapData.json#XL_009_MW_P1"
"MD2LG_STAIR_001_MW","room","18","原始地形图","false","meadow_pool_1","room:md2lg_stair_001_mw","DT_ProceduralTileMapData.json#MD2LG_STAIR_001_MW"
"LG_QD_FLAT_002_MW","room","19","原始地形图","false","meadow_pool_2","room:lg_qd_flat_002_mw","DT_ProceduralTileMapData.json#LG_QD_FLAT_002_MW"
"LG_R_FLAT_002_MW","room","23","原始地形图","false","meadow_pool_2","room:lg_r_flat_002_mw","DT_ProceduralTileMapData.json#LG_R_FLAT_002_MW"
"LG_QD_STAIR_002_MW","room","18","原始地形图","false","meadow_pool_2","room:lg_qd_stair_002_mw","DT_ProceduralTileMapData.json#LG_QD_STAIR_002_MW"
"MD_T_FLAT_002_MW","room","15","原始地形图","false","meadow_pool_2","room:md_t_flat_002_mw","DT_ProceduralTileMapData.json#MD_T_FLAT_002_MW"
"XL_003_MW_P1","room","16","原始地形图","false","meadow_pool_1","room:xl_003_mw_p1","DT_ProceduralTileMapData.json#XL_003_MW_P1"
"XL_004_MW_P1","room","18","原始地形图","false","meadow_pool_1","room:xl_004_mw_p1","DT_ProceduralTileMapData.json#XL_004_MW_P1"
"XL_005_MW_P1","room","27","原始地形图","false","meadow_pool_1","room:xl_005_mw_p1","DT_ProceduralTileMapData.json#XL_005_MW_P1"
"XL_006_MW_P1","room","14","原始地形图","false","meadow_pool_1","room:xl_006_mw_p1","DT_ProceduralTileMapData.json#XL_006_MW_P1"
"XL_007_MW_P1","room","24","原始地形图","false","meadow_pool_1","room:xl_007_mw_p1","DT_ProceduralTileMapData.json#XL_007_MW_P1"
"XL_008_MW_P1","room","18","原始地形图","false","meadow_pool_1","room:xl_008_mw_p1","DT_ProceduralTileMapData.json#XL_008_MW_P1"
"XL_010_MW_P1","room","23","原始地形图","false","meadow_pool_1","room:xl_010_mw_p1","DT_ProceduralTileMapData.json#XL_010_MW_P1"
"XL_011_MW_P1","room","19","原始地形图","false","meadow_pool_1","room:xl_011_mw_p1","DT_ProceduralTileMapData.json#XL_011_MW_P1"
"XL_001_MW_P2","room","0","原始地形图","false","meadow_pool_2","room:xl_001_mw_p2","DT_ProceduralTileMapData.json#XL_001_MW_P2"
"XL_002_MW_P2","room","20","原始地形图","false","meadow_pool_2","room:xl_002_mw_p2","DT_ProceduralTileMapData.json#XL_002_MW_P2"
"XL_003_MW_P2","room","0","原始地形图","false","meadow_pool_2","room:xl_003_mw_p2","DT_ProceduralTileMapData.json#XL_003_MW_P2"
"MD_L_STAIR_001_MW","room","12","原始地形图","false","meadow_pool_1","room:md_l_stair_001_mw","DT_ProceduralTileMapData.json#MD_L_STAIR_001_MW"
"XL_002_MW_P1","room","20","原始地形图","false","meadow_pool_1","room:xl_002_mw_p1","DT_ProceduralTileMapData.json#XL_002_MW_P1"
"LG_C_STAIR_001_MW","room","15","原始地形图","false","meadow_pool_1","room:lg_c_stair_001_mw","DT_ProceduralTileMapData.json#LG_C_STAIR_001_MW"
"MD_L_STAIR_002_MW","room","0","原始地形图","false","meadow_pool_2","room:md_l_stair_002_mw","DT_ProceduralTileMapData.json#MD_L_STAIR_002_MW"
"MC2SM_STAIR_002_MW","room","9","原始地形图","false","meadow_pool_2","room:mc2sm_stair_002_mw","DT_ProceduralTileMapData.json#MC2SM_STAIR_002_MW"
"SM2MD_STAIR_001_MW","room","16","原始地形图","false","meadow_pool_1","room:sm2md_stair_001_mw","DT_ProceduralTileMapData.json#SM2MD_STAIR_001_MW"
"MD_DE_STAIR_001_MW","room","11","原始地形图","false","meadow_pool_1","room:md_de_stair_001_mw","DT_ProceduralTileMapData.json#MD_DE_STAIR_001_MW"
"MD_DE_FLAT_001_MW","room","14","原始地形图","false","meadow_pool_1","room:md_de_flat_001_mw","DT_ProceduralTileMapData.json#MD_DE_FLAT_001_MW"
"LG_DE_FLAT_001_MW","room","18","原始地形图","false","meadow_pool_1","room:lg_de_flat_001_mw","DT_ProceduralTileMapData.json#LG_DE_FLAT_001_MW"
"MD_DE_FLAT_002_MW","room","0","原始地形图","false","meadow_pool_2","room:md_de_flat_002_mw","DT_ProceduralTileMapData.json#MD_DE_FLAT_002_MW"
"lg_cap_002_mw","room","0","原始地形图","false","meadow_pool_2","room:lg_cap_002_mw","DT_ProceduralTileMapData.json#lg_cap_002_mw"
"lg_de_flat_002_mw","room","4","原始地形图","false","meadow_pool_2","room:lg_de_flat_002_mw","DT_ProceduralTileMapData.json#lg_de_flat_002_mw"
"lg_de_stair_002_mw","room","19","原始地形图","false","meadow_pool_2","room:lg_de_stair_002_mw","DT_ProceduralTileMapData.json#lg_de_stair_002_mw"
"sm_l_stair_001_mw","room","0","原始地形图","false","meadow_pool_1","room:sm_l_stair_001_mw","DT_ProceduralTileMapData.json#sm_l_stair_001_mw"
"OS_RA_START_001","room","16","原始地形图","false","ravines_anchor_001","room:os_ra_start_001","DT_ProceduralTileMapData.json#OS_RA_START_001"
"OS_RA_ANC_002","room","19","原始地形图","false","ravines_anchor_001","room:os_ra_anc_002","DT_ProceduralTileMapData.json#OS_RA_ANC_002"
"OS_RA_ANC_003","room","16","原始地形图","false","ravines_anchor_001","room:os_ra_anc_003","DT_ProceduralTileMapData.json#OS_RA_ANC_003"
"OS_RA_END_001","room","1","原始地形图","false","ravines_anchor_001","room:os_ra_end_001","DT_ProceduralTileMapData.json#OS_RA_END_001"
"OS_RA_END_002","room","1","原始地形图","false","ravines_anchor_001","room:os_ra_end_002","DT_ProceduralTileMapData.json#OS_RA_END_002"
"Meadow_Anchor_Boss","room","20","原始地形图","false","meadow_anchor_boss","room:meadow_anchor_boss","DT_ProceduralTileMapData.json#Meadow_Anchor_Boss"
"Lush_Anchor_Boss","room","8","原始地形图","false","lush_anchor_boss","room:lush_anchor_boss","DT_ProceduralTileMapData.json#Lush_Anchor_Boss"
"DeepDark_Anchor_Boss","room","6","原始地形图","false","deepdark_anchor_boss","room:deepdark_anchor_boss","DT_ProceduralTileMapData.json#DeepDark_Anchor_Boss"
"OS_RA_END_003","room","2","原始地形图","false","ravines_anchor_001","room:os_ra_end_003","DT_ProceduralTileMapData.json#OS_RA_END_003"
"OS_RA_FIGHT_001","room","15","原始地形图","false","ravines_anchor_001","room:os_ra_fight_001","DT_ProceduralTileMapData.json#OS_RA_FIGHT_001"
"OS_RA_FIGHT_002","room","23","原始地形图","false","ravines_anchor_001","room:os_ra_fight_002","DT_ProceduralTileMapData.json#OS_RA_FIGHT_002"
"OS_RA_FIGHT_003","room","16","原始地形图","false","ravines_anchor_001","room:os_ra_fight_003","DT_ProceduralTileMapData.json#OS_RA_FIGHT_003"
"OS_RA_ANC_006","room","77","原始地形图","false","ravines_anchor_001","room:os_ra_anc_006","DT_ProceduralTileMapData.json#OS_RA_ANC_006"
"OS_RA_ANC_012","room","63","原始地形图","false","ravines_anchor_001","room:os_ra_anc_012","DT_ProceduralTileMapData.json#OS_RA_ANC_012"
"OS_RA_ANC_013","room","58","原始地形图","false","ravines_anchor_001","room:os_ra_anc_013","DT_ProceduralTileMapData.json#OS_RA_ANC_013"
"XL_002_RA_P1","room","45","原始地形图","false","Ravines_Pool_1","room:xl_002_ra_p1","DT_ProceduralTileMapData.json#XL_002_RA_P1"
"XL_003_RA_P1","room","42","原始地形图","false","Ravines_Pool_1","room:xl_003_ra_p1","DT_ProceduralTileMapData.json#XL_003_RA_P1"
"XL_004_RA_P1","room","30","原始地形图","false","Ravines_Pool_1","room:xl_004_ra_p1","DT_ProceduralTileMapData.json#XL_004_RA_P1"
"XL_005_RA_P1","room","42","原始地形图","false","Ravines_Pool_1","room:xl_005_ra_p1","DT_ProceduralTileMapData.json#XL_005_RA_P1"
"OS_RA_ANC_009","room","33","原始地形图","false","ravines_anchor_001","room:os_ra_anc_009","DT_ProceduralTileMapData.json#OS_RA_ANC_009"
"OS_RA_ANC_010","room","34","原始地形图","false","ravines_anchor_001","room:os_ra_anc_010","DT_ProceduralTileMapData.json#OS_RA_ANC_010"
"XL_001_RA_P1","room","35","原始地形图","false","Ravines_Pool_1","room:xl_001_ra_p1","DT_ProceduralTileMapData.json#XL_001_RA_P1"
"XL_006_RA_P1","room","36","原始地形图","false","Ravines_Pool_1","room:xl_006_ra_p1","DT_ProceduralTileMapData.json#XL_006_RA_P1"
"lg_c_flat_003_ra","room","18","原始地形图","false","ravines_pool_3","room:lg_c_flat_003_ra","DT_ProceduralTileMapData.json#lg_c_flat_003_ra"
"lg_c_stair_003_ra","room","15","原始地形图","false","ravines_pool_3","room:lg_c_stair_003_ra","DT_ProceduralTileMapData.json#lg_c_stair_003_ra"
"lg_cap_002_ra","room","0","原始地形图","false","ravines_pool_2","room:lg_cap_002_ra","DT_ProceduralTileMapData.json#lg_cap_002_ra"
"lg_de_flat_002_ra","room","15","原始地形图","false","ravines_pool_2","room:lg_de_flat_002_ra","DT_ProceduralTileMapData.json#lg_de_flat_002_ra"
"lg_de_flat_003_ra","room","21","原始地形图","false","ravines_pool_3","room:lg_de_flat_003_ra","DT_ProceduralTileMapData.json#lg_de_flat_003_ra"
"lg_de_stair_002_ra","room","21","原始地形图","false","ravines_pool_2","room:lg_de_stair_002_ra","DT_ProceduralTileMapData.json#lg_de_stair_002_ra"
"lg_de_stair_003_ra","room","16","原始地形图","false","ravines_pool_3","room:lg_de_stair_003_ra","DT_ProceduralTileMapData.json#lg_de_stair_003_ra"
"lg_l_flat_002_ra","room","13","原始地形图","false","ravines_pool_2","room:lg_l_flat_002_ra","DT_ProceduralTileMapData.json#lg_l_flat_002_ra"
"lg_l_stair_002_ra","room","15","原始地形图","false","ravines_pool_2","room:lg_l_stair_002_ra","DT_ProceduralTileMapData.json#lg_l_stair_002_ra"
"lg_l_stair_003_ra","room","15","原始地形图","false","ravines_pool_3","room:lg_l_stair_003_ra","DT_ProceduralTileMapData.json#lg_l_stair_003_ra"
"lg_qd_flat_002_ra","room","17","原始地形图","false","ravines_pool_2","room:lg_qd_flat_002_ra","DT_ProceduralTileMapData.json#lg_qd_flat_002_ra"
"lg_qd_flat_003_ra","room","12","原始地形图","false","ravines_pool_3","room:lg_qd_flat_003_ra","DT_ProceduralTileMapData.json#lg_qd_flat_003_ra"
"lg_qd_stair_003_ra","room","9","原始地形图","false","ravines_pool_3","room:lg_qd_stair_003_ra","DT_ProceduralTileMapData.json#lg_qd_stair_003_ra"
"lg_r_flat_002_ra","room","21","原始地形图","false","ravines_pool_2","room:lg_r_flat_002_ra","DT_ProceduralTileMapData.json#lg_r_flat_002_ra"
"lg_r_stair_002_ra","room","13","原始地形图","false","ravines_pool_2","room:lg_r_stair_002_ra","DT_ProceduralTileMapData.json#lg_r_stair_002_ra"
"lg_t_flat_002_ra","room","20","原始地形图","false","ravines_pool_2","room:lg_t_flat_002_ra","DT_ProceduralTileMapData.json#lg_t_flat_002_ra"
"lg_t_flat_003_ra","room","15","原始地形图","false","ravines_pool_3","room:lg_t_flat_003_ra","DT_ProceduralTileMapData.json#lg_t_flat_003_ra"
"lg_t_stair_003_ra","room","13","原始地形图","false","ravines_pool_3","room:lg_t_stair_003_ra","DT_ProceduralTileMapData.json#lg_t_stair_003_ra"
"mc2sm_flat_003_ra","room","3","原始地形图","false","ravines_pool_3","room:mc2sm_flat_003_ra","DT_ProceduralTileMapData.json#mc2sm_flat_003_ra"
"mc2sm_stair_002_ra","room","2","原始地形图","false","ravines_pool_2","room:mc2sm_stair_002_ra","DT_ProceduralTileMapData.json#mc2sm_stair_002_ra"
"md2lg_flat_002_ra","room","18","原始地形图","false","ravines_pool_2","room:md2lg_flat_002_ra","DT_ProceduralTileMapData.json#md2lg_flat_002_ra"
"md2lg_flat_003_ra","room","18","原始地形图","false","ravines_pool_3","room:md2lg_flat_003_ra","DT_ProceduralTileMapData.json#md2lg_flat_003_ra"
"md2lg_stair_003_ra","room","18","原始地形图","false","ravines_pool_3","room:md2lg_stair_003_ra","DT_ProceduralTileMapData.json#md2lg_stair_003_ra"
"md_c_stair_002_ra","room","9","原始地形图","false","ravines_pool_2","room:md_c_stair_002_ra","DT_ProceduralTileMapData.json#md_c_stair_002_ra"
"sm_l_stair_002_ra","room","0","原始地形图","false","ravines_pool_2","room:sm_l_stair_002_ra","DT_ProceduralTileMapData.json#sm_l_stair_002_ra"
"sm_t_stair_003_ra","room","2","原始地形图","false","ravines_pool_3","room:sm_t_stair_003_ra","DT_ProceduralTileMapData.json#sm_t_stair_003_ra"
"BOSS_ANC_RA","room","13","原始地形图","false","ravines_anchor_boss","room:boss_anc_ra","DT_ProceduralTileMapData.json#BOSS_ANC_RA"
"TwoEndTower2","room","17","原始地形图","false","deserta1_twoendtower","room:twoendtower2","DT_ProceduralTileMapData.json#TwoEndTower2"
"Deep_Dark_Anchor_001_Tiles","room","0","点位示意","false","Deep_Dark_Anchor_001_Tiles.umap","room:deep_dark_anchor_001_tiles","Dungeons/Content/Spicewood/Maps/Procedural/Deep_Dark_Anchor_001_Tiles.umap"
"DD_ANC_004","room","0","点位示意","false","deep_dark_anchor_001","room:dd_anc_004","Dungeons/Content/Spicewood/Maps/Procedural/deep_dark_anchor_001/DD_ANC_004.umap"
"DD_ANC_005","room","5","点位示意","false","deep_dark_anchor_001","room:dd_anc_005","Dungeons/Content/Spicewood/Maps/Procedural/deep_dark_anchor_001/DD_ANC_005.umap"
"DD_ANC_007","room","7","点位示意","false","deep_dark_anchor_001","room:dd_anc_007","Dungeons/Content/Spicewood/Maps/Procedural/deep_dark_anchor_001/DD_ANC_007.umap"
"DD_ANC_009","room","70","点位示意","false","deep_dark_anchor_001","room:dd_anc_009","Dungeons/Content/Spicewood/Maps/Procedural/deep_dark_anchor_001/DD_ANC_009.umap"
"Deep_Dark_Anchor_002_Tiles","room","0","点位示意","false","Deep_Dark_Anchor_002_Tiles.umap","room:deep_dark_anchor_002_tiles","Dungeons/Content/Spicewood/Maps/Procedural/Deep_Dark_Anchor_002_Tiles.umap"
"DD_ANC_013","room","0","点位示意","false","deep_dark_anchor_002","room:dd_anc_013","Dungeons/Content/Spicewood/Maps/Procedural/deep_dark_anchor_002/DD_ANC_013.umap"
"DD_ANC_014","room","0","点位示意","false","deep_dark_anchor_002","room:dd_anc_014","Dungeons/Content/Spicewood/Maps/Procedural/deep_dark_anchor_002/DD_ANC_014.umap"
"DD_ANC_015","room","8","点位示意","false","deep_dark_anchor_002","room:dd_anc_015","Dungeons/Content/Spicewood/Maps/Procedural/deep_dark_anchor_002/DD_ANC_015.umap"
"DD_ANC_018","room","10","点位示意","false","deep_dark_anchor_002","room:dd_anc_018","Dungeons/Content/Spicewood/Maps/Procedural/deep_dark_anchor_002/DD_ANC_018.umap"
"DD_ANC_020","room","4","点位示意","false","deep_dark_anchor_002","room:dd_anc_020","Dungeons/Content/Spicewood/Maps/Procedural/deep_dark_anchor_002/DD_ANC_020.umap"
"DD_ANC_021","room","6","点位示意","false","deep_dark_anchor_002","room:dd_anc_021","Dungeons/Content/Spicewood/Maps/Procedural/deep_dark_anchor_002/DD_ANC_021.umap"
"DD_LOOT_001","room","0","点位示意","false","deep_dark_anchor_002","room:dd_loot_001","Dungeons/Content/Spicewood/Maps/Procedural/deep_dark_anchor_002/DD_LOOT_001.umap"
"Deep_Dark_Pool_1_Tiles","room","0","点位示意","false","Deep_Dark_Pool_1_Tiles.umap","room:deep_dark_pool_1_tiles","Dungeons/Content/Spicewood/Maps/Procedural/Deep_Dark_Pool_1_Tiles.umap"
"LG_C_FLAT_001_DD","room","4","点位示意","false","deep_dark_pool_1","room:lg_c_flat_001_dd","Dungeons/Content/Spicewood/Maps/Procedural/deep_dark_pool_1/LG_C_FLAT_001_DD.umap"
"LG_C_STAIR_001_DD","room","7","点位示意","false","deep_dark_pool_1","room:lg_c_stair_001_dd","Dungeons/Content/Spicewood/Maps/Procedural/deep_dark_pool_1/LG_C_STAIR_001_DD.umap"
"LG_L_STAIR_001_DD","room","5","点位示意","false","deep_dark_pool_1","room:lg_l_stair_001_dd","Dungeons/Content/Spicewood/Maps/Procedural/deep_dark_pool_1/LG_L_STAIR_001_DD.umap"
"LG_QD_FLAT_001_DD","room","5","点位示意","false","deep_dark_pool_1","room:lg_qd_flat_001_dd","Dungeons/Content/Spicewood/Maps/Procedural/deep_dark_pool_1/LG_QD_FLAT_001_DD.umap"
"LG_R_STAIR_001_DD","room","4","点位示意","false","deep_dark_pool_1","room:lg_r_stair_001_dd","Dungeons/Content/Spicewood/Maps/Procedural/deep_dark_pool_1/LG_R_STAIR_001_DD.umap"
"MC_C_FLAT_001_DD","room","0","点位示意","false","deep_dark_pool_1","room:mc_c_flat_001_dd","Dungeons/Content/Spicewood/Maps/Procedural/deep_dark_pool_1/MC_C_FLAT_001_DD.umap"
"MC_DE_FLAT_001_DD","room","0","点位示意","false","deep_dark_pool_1","room:mc_de_flat_001_dd","Dungeons/Content/Spicewood/Maps/Procedural/deep_dark_pool_1/MC_DE_FLAT_001_DD.umap"
"MC_L_FLAT_001_DD","room","0","点位示意","false","deep_dark_pool_1","room:mc_l_flat_001_dd","Dungeons/Content/Spicewood/Maps/Procedural/deep_dark_pool_1/MC_L_FLAT_001_DD.umap"
"MC_QD_FLAT_001_DD","room","0","点位示意","false","deep_dark_pool_1","room:mc_qd_flat_001_dd","Dungeons/Content/Spicewood/Maps/Procedural/deep_dark_pool_1/MC_QD_FLAT_001_DD.umap"
"MC_R_FLAT_001_DD","room","0","点位示意","false","deep_dark_pool_1","room:mc_r_flat_001_dd","Dungeons/Content/Spicewood/Maps/Procedural/deep_dark_pool_1/MC_R_FLAT_001_DD.umap"
"MC_T_FLAT_001_DD","room","0","点位示意","false","deep_dark_pool_1","room:mc_t_flat_001_dd","Dungeons/Content/Spicewood/Maps/Procedural/deep_dark_pool_1/MC_T_FLAT_001_DD.umap"
"MC2SM_STAIR_001_DD","room","1","点位示意","false","deep_dark_pool_1","room:mc2sm_stair_001_dd","Dungeons/Content/Spicewood/Maps/Procedural/deep_dark_pool_1/MC2SM_STAIR_001_DD.umap"
"MD_C_FLAT_001_DD","room","6","点位示意","false","deep_dark_pool_1","room:md_c_flat_001_dd","Dungeons/Content/Spicewood/Maps/Procedural/deep_dark_pool_1/MD_C_FLAT_001_DD.umap"
"MD_C_STAIR_001_DD","room","6","点位示意","false","deep_dark_pool_1","room:md_c_stair_001_dd","Dungeons/Content/Spicewood/Maps/Procedural/deep_dark_pool_1/MD_C_STAIR_001_DD.umap"
"MD_CAP_001_DD","room","0","点位示意","false","deep_dark_pool_1","room:md_cap_001_dd","Dungeons/Content/Spicewood/Maps/Procedural/deep_dark_pool_1/MD_CAP_001_DD.umap"
"MD_DE_STAIR_001_DD","room","1","点位示意","false","deep_dark_pool_1","room:md_de_stair_001_dd","Dungeons/Content/Spicewood/Maps/Procedural/deep_dark_pool_1/MD_DE_STAIR_001_DD.umap"
"MD_L_FLAT_001_DD","room","6","点位示意","false","deep_dark_pool_1","room:md_l_flat_001_dd","Dungeons/Content/Spicewood/Maps/Procedural/deep_dark_pool_1/MD_L_FLAT_001_DD.umap"
"MD_QD_FLAT_001_DD","room","5","点位示意","false","deep_dark_pool_1","room:md_qd_flat_001_dd","Dungeons/Content/Spicewood/Maps/Procedural/deep_dark_pool_1/MD_QD_FLAT_001_DD.umap"
"MD_QD_STAIR_001_DD","room","6","点位示意","false","deep_dark_pool_1","room:md_qd_stair_001_dd","Dungeons/Content/Spicewood/Maps/Procedural/deep_dark_pool_1/MD_QD_STAIR_001_DD.umap"
"MD_R_FLAT_001_DD","room","5","点位示意","false","deep_dark_pool_1","room:md_r_flat_001_dd","Dungeons/Content/Spicewood/Maps/Procedural/deep_dark_pool_1/MD_R_FLAT_001_DD.umap"
"MD_R_STAIR_001_DD","room","6","点位示意","false","deep_dark_pool_1","room:md_r_stair_001_dd","Dungeons/Content/Spicewood/Maps/Procedural/deep_dark_pool_1/MD_R_STAIR_001_DD.umap"
"MD_T_FLAT_001_DD","room","6","点位示意","false","deep_dark_pool_1","room:md_t_flat_001_dd","Dungeons/Content/Spicewood/Maps/Procedural/deep_dark_pool_1/MD_T_FLAT_001_DD.umap"
"SM_DE_FLAT_001_DD","room","2","点位示意","false","deep_dark_pool_1","room:sm_de_flat_001_dd","Dungeons/Content/Spicewood/Maps/Procedural/deep_dark_pool_1/SM_DE_FLAT_001_DD.umap"
"SM_DE_STAIR_001_DD","room","3","点位示意","false","deep_dark_pool_1","room:sm_de_stair_001_dd","Dungeons/Content/Spicewood/Maps/Procedural/deep_dark_pool_1/SM_DE_STAIR_001_DD.umap"
"SM_L_FLAT_001_DD","room","0","点位示意","false","deep_dark_pool_1","room:sm_l_flat_001_dd","Dungeons/Content/Spicewood/Maps/Procedural/deep_dark_pool_1/SM_L_FLAT_001_DD.umap"
"SM_L_STAIR_001_DD","room","2","点位示意","false","deep_dark_pool_1","room:sm_l_stair_001_dd","Dungeons/Content/Spicewood/Maps/Procedural/deep_dark_pool_1/SM_L_STAIR_001_DD.umap"
"SM_QD_FLAT_001_DD","room","2","点位示意","false","deep_dark_pool_1","room:sm_qd_flat_001_dd","Dungeons/Content/Spicewood/Maps/Procedural/deep_dark_pool_1/SM_QD_FLAT_001_DD.umap"
"SM_QD_STAIR_001_DD","room","1","点位示意","false","deep_dark_pool_1","room:sm_qd_stair_001_dd","Dungeons/Content/Spicewood/Maps/Procedural/deep_dark_pool_1/SM_QD_STAIR_001_DD.umap"
"SM_R_FLAT_001_DD","room","2","点位示意","false","deep_dark_pool_1","room:sm_r_flat_001_dd","Dungeons/Content/Spicewood/Maps/Procedural/deep_dark_pool_1/SM_R_FLAT_001_DD.umap"
"SM_R_STAIR_001_DD","room","1","点位示意","false","deep_dark_pool_1","room:sm_r_stair_001_dd","Dungeons/Content/Spicewood/Maps/Procedural/deep_dark_pool_1/SM_R_STAIR_001_DD.umap"
"SM_T_FLAT_001_DD","room","0","点位示意","false","deep_dark_pool_1","room:sm_t_flat_001_dd","Dungeons/Content/Spicewood/Maps/Procedural/deep_dark_pool_1/SM_T_FLAT_001_DD.umap"
"SM_T_STAIR_001_DD","room","1","点位示意","false","deep_dark_pool_1","room:sm_t_stair_001_dd","Dungeons/Content/Spicewood/Maps/Procedural/deep_dark_pool_1/SM_T_STAIR_001_DD.umap"
"SM2MD_FLAT_001_DD","room","6","点位示意","false","deep_dark_pool_1","room:sm2md_flat_001_dd","Dungeons/Content/Spicewood/Maps/Procedural/deep_dark_pool_1/SM2MD_FLAT_001_DD.umap"
"SM2MD_STAIR_001_DD","room","6","点位示意","false","deep_dark_pool_1","room:sm2md_stair_001_dd","Dungeons/Content/Spicewood/Maps/Procedural/deep_dark_pool_1/SM2MD_STAIR_001_DD.umap"
"XL_001_DD_P1","room","6","点位示意","false","deep_dark_pool_1","room:xl_001_dd_p1","Dungeons/Content/Spicewood/Maps/Procedural/deep_dark_pool_1/XL_001_DD_P1.umap"
"XL_002_DD_P1","room","12","点位示意","false","deep_dark_pool_1","room:xl_002_dd_p1","Dungeons/Content/Spicewood/Maps/Procedural/deep_dark_pool_1/XL_002_DD_P1.umap"
"XL_003_DD_P1","room","8","点位示意","false","deep_dark_pool_1","room:xl_003_dd_p1","Dungeons/Content/Spicewood/Maps/Procedural/deep_dark_pool_1/XL_003_DD_P1.umap"
"XL_005_DD_P1","room","9","点位示意","false","deep_dark_pool_1","room:xl_005_dd_p1","Dungeons/Content/Spicewood/Maps/Procedural/deep_dark_pool_1/XL_005_DD_P1.umap"
"XL_006_DD_P1","room","4","点位示意","false","deep_dark_pool_1","room:xl_006_dd_p1","Dungeons/Content/Spicewood/Maps/Procedural/deep_dark_pool_1/XL_006_DD_P1.umap"
"XL_009_DD_P1","room","5","点位示意","false","deep_dark_pool_1","room:xl_009_dd_p1","Dungeons/Content/Spicewood/Maps/Procedural/deep_dark_pool_1/XL_009_DD_P1.umap"
"XL_010_DD_P1","room","7","点位示意","false","deep_dark_pool_1","room:xl_010_dd_p1","Dungeons/Content/Spicewood/Maps/Procedural/deep_dark_pool_1/XL_010_DD_P1.umap"
"XL_013_DD_P1","room","3","点位示意","false","deep_dark_pool_1","room:xl_013_dd_p1","Dungeons/Content/Spicewood/Maps/Procedural/deep_dark_pool_1/XL_013_DD_P1.umap"
"XL_014_DD_P1","room","6","点位示意","false","deep_dark_pool_1","room:xl_014_dd_p1","Dungeons/Content/Spicewood/Maps/Procedural/deep_dark_pool_1/XL_014_DD_P1.umap"
"Deep_Dark_Pool_3_Tiles","room","0","点位示意","false","Deep_Dark_Pool_3_Tiles.umap","room:deep_dark_pool_3_tiles","Dungeons/Content/Spicewood/Maps/Procedural/Deep_Dark_Pool_3_Tiles.umap"
"LG_C_STAIR_003_DD","room","6","点位示意","false","deep_dark_pool_3","room:lg_c_stair_003_dd","Dungeons/Content/Spicewood/Maps/Procedural/deep_dark_pool_3/LG_C_STAIR_003_DD.umap"
"LG_L_STAIR_003_DD","room","5","点位示意","false","deep_dark_pool_3","room:lg_l_stair_003_dd","Dungeons/Content/Spicewood/Maps/Procedural/deep_dark_pool_3/LG_L_STAIR_003_DD.umap"
"LG_QD_FLAT_003_DD","room","5","点位示意","false","deep_dark_pool_3","room:lg_qd_flat_003_dd","Dungeons/Content/Spicewood/Maps/Procedural/deep_dark_pool_3/LG_QD_FLAT_003_DD.umap"
"LG_QD_STAIR_003_DD","room","5","点位示意","false","deep_dark_pool_3","room:lg_qd_stair_003_dd","Dungeons/Content/Spicewood/Maps/Procedural/deep_dark_pool_3/LG_QD_STAIR_003_DD.umap"
"LG_R_FLAT_003_DD","room","5","点位示意","false","deep_dark_pool_3","room:lg_r_flat_003_dd","Dungeons/Content/Spicewood/Maps/Procedural/deep_dark_pool_3/LG_R_FLAT_003_DD.umap"
"MC2SM_STAIR_003_DD","room","2","点位示意","false","deep_dark_pool_3","room:mc2sm_stair_003_dd","Dungeons/Content/Spicewood/Maps/Procedural/deep_dark_pool_3/MC2SM_STAIR_003_DD.umap"
"MD_C_FLAT_003_DD","room","4","点位示意","false","deep_dark_pool_3","room:md_c_flat_003_dd","Dungeons/Content/Spicewood/Maps/Procedural/deep_dark_pool_3/MD_C_FLAT_003_DD.umap"
"MD_DE_FLAT_003_DD","room","2","点位示意","false","deep_dark_pool_3","room:md_de_flat_003_dd","Dungeons/Content/Spicewood/Maps/Procedural/deep_dark_pool_3/MD_DE_FLAT_003_DD.umap"
"MD_DE_STAIR_003_DD","room","4","点位示意","false","deep_dark_pool_3","room:md_de_stair_003_dd","Dungeons/Content/Spicewood/Maps/Procedural/deep_dark_pool_3/MD_DE_STAIR_003_DD.umap"
"MD_L_STAIR_003_DD","room","4","点位示意","false","deep_dark_pool_3","room:md_l_stair_003_dd","Dungeons/Content/Spicewood/Maps/Procedural/deep_dark_pool_3/MD_L_STAIR_003_DD.umap"
"MD_QD_FLAT_003_DD","room","5","点位示意","false","deep_dark_pool_3","room:md_qd_flat_003_dd","Dungeons/Content/Spicewood/Maps/Procedural/deep_dark_pool_3/MD_QD_FLAT_003_DD.umap"
"MD_QD_STAIR_003_DD","room","4","点位示意","false","deep_dark_pool_3","room:md_qd_stair_003_dd","Dungeons/Content/Spicewood/Maps/Procedural/deep_dark_pool_3/MD_QD_STAIR_003_DD.umap"
"MD_R_FLAT_003_DD","room","5","点位示意","false","deep_dark_pool_3","room:md_r_flat_003_dd","Dungeons/Content/Spicewood/Maps/Procedural/deep_dark_pool_3/MD_R_FLAT_003_DD.umap"
"MD_R_STAIR_003_DD","room","4","点位示意","false","deep_dark_pool_3","room:md_r_stair_003_dd","Dungeons/Content/Spicewood/Maps/Procedural/deep_dark_pool_3/MD_R_STAIR_003_DD.umap"
"MD_T_FLAT_003_DD","room","4","点位示意","false","deep_dark_pool_3","room:md_t_flat_003_dd","Dungeons/Content/Spicewood/Maps/Procedural/deep_dark_pool_3/MD_T_FLAT_003_DD.umap"
"MD_T_STAIR_003_DD","room","4","点位示意","false","deep_dark_pool_3","room:md_t_stair_003_dd","Dungeons/Content/Spicewood/Maps/Procedural/deep_dark_pool_3/MD_T_STAIR_003_DD.umap"
"SM_C_STAIR_003_DD","room","1","点位示意","false","deep_dark_pool_3","room:sm_c_stair_003_dd","Dungeons/Content/Spicewood/Maps/Procedural/deep_dark_pool_3/SM_C_STAIR_003_DD.umap"
"SM_DE_FLAT_003_DD","room","1","点位示意","false","deep_dark_pool_3","room:sm_de_flat_003_dd","Dungeons/Content/Spicewood/Maps/Procedural/deep_dark_pool_3/SM_DE_FLAT_003_DD.umap"
"SM_DE_STAIR_003_DD","room","2","点位示意","false","deep_dark_pool_3","room:sm_de_stair_003_dd","Dungeons/Content/Spicewood/Maps/Procedural/deep_dark_pool_3/SM_DE_STAIR_003_DD.umap"
"SM_L_FLAT_003_DD","room","1","点位示意","false","deep_dark_pool_3","room:sm_l_flat_003_dd","Dungeons/Content/Spicewood/Maps/Procedural/deep_dark_pool_3/SM_L_FLAT_003_DD.umap"
"SM_L_STAIR_003_DD","room","1","点位示意","false","deep_dark_pool_3","room:sm_l_stair_003_dd","Dungeons/Content/Spicewood/Maps/Procedural/deep_dark_pool_3/SM_L_STAIR_003_DD.umap"
"SM_QD_FLAT_003_DD","room","2","点位示意","false","deep_dark_pool_3","room:sm_qd_flat_003_dd","Dungeons/Content/Spicewood/Maps/Procedural/deep_dark_pool_3/SM_QD_FLAT_003_DD.umap"
"SM_QD_STAIR_003_DD","room","1","点位示意","false","deep_dark_pool_3","room:sm_qd_stair_003_dd","Dungeons/Content/Spicewood/Maps/Procedural/deep_dark_pool_3/SM_QD_STAIR_003_DD.umap"
"SM_R_FLAT_003_DD","room","1","点位示意","false","deep_dark_pool_3","room:sm_r_flat_003_dd","Dungeons/Content/Spicewood/Maps/Procedural/deep_dark_pool_3/SM_R_FLAT_003_DD.umap"
"SM_R_STAIR_003_DD","room","2","点位示意","false","deep_dark_pool_3","room:sm_r_stair_003_dd","Dungeons/Content/Spicewood/Maps/Procedural/deep_dark_pool_3/SM_R_STAIR_003_DD.umap"
"SM_T_FLAT_003_DD","room","2","点位示意","false","deep_dark_pool_3","room:sm_t_flat_003_dd","Dungeons/Content/Spicewood/Maps/Procedural/deep_dark_pool_3/SM_T_FLAT_003_DD.umap"
"SM_T_STAIR_003_DD","room","1","点位示意","false","deep_dark_pool_3","room:sm_t_stair_003_dd","Dungeons/Content/Spicewood/Maps/Procedural/deep_dark_pool_3/SM_T_STAIR_003_DD.umap"
"SM2MD_FLAT_003_DD","room","4","点位示意","false","deep_dark_pool_3","room:sm2md_flat_003_dd","Dungeons/Content/Spicewood/Maps/Procedural/deep_dark_pool_3/SM2MD_FLAT_003_DD.umap"
"SM2MD_STAIR_003_DD","room","5","点位示意","false","deep_dark_pool_3","room:sm2md_stair_003_dd","Dungeons/Content/Spicewood/Maps/Procedural/deep_dark_pool_3/SM2MD_STAIR_003_DD.umap"
"DeepDark_Anchor_Boss_Tiles","room","0","点位示意","false","DeepDark_Anchor_Boss_Tiles.umap","room:deepdark_anchor_boss_tiles","Dungeons/Content/Spicewood/Maps/Procedural/DeepDark_Anchor_Boss_Tiles.umap"
"DeepDark_Leftover_Tiles","room","0","点位示意","false","DeepDark_Leftover_Tiles.umap","room:deepdark_leftover_tiles","Dungeons/Content/Spicewood/Maps/Procedural/DeepDark_Leftover_Tiles.umap"
"DeepDarkA1_Tiles","room","1","点位示意","false","DeepDarkA1_Tiles.umap","room:deepdarka1_tiles","Dungeons/Content/Spicewood/Maps/Procedural/DeepDarkA1_Tiles.umap"
"DDA1_ST_005","room","0","点位示意","false","deepdarka1","room:dda1_st_005","Dungeons/Content/Spicewood/Maps/Procedural/deepdarka1/DDA1_ST_005.umap"
"DeepDarkA2_Tiles","room","0","点位示意","false","DeepDarkA2_Tiles.umap","room:deepdarka2_tiles","Dungeons/Content/Spicewood/Maps/Procedural/DeepDarkA2_Tiles.umap"
"DDA2_ANC_001","room","54","点位示意","false","DeepDarkA2","room:dda2_anc_001","Dungeons/Content/Spicewood/Maps/Procedural/DeepDarkA2/DDA2_ANC_001.umap"
"DDA2_ANC_002","room","26","点位示意","false","DeepDarkA2","room:dda2_anc_002","Dungeons/Content/Spicewood/Maps/Procedural/DeepDarkA2/DDA2_ANC_002.umap"
"DDA2_ANC_003","room","10","点位示意","false","DeepDarkA2","room:dda2_anc_003","Dungeons/Content/Spicewood/Maps/Procedural/DeepDarkA2/DDA2_ANC_003.umap"
"DDA2_ST_001","room","9","点位示意","false","DeepDarkA2","room:dda2_st_001","Dungeons/Content/Spicewood/Maps/Procedural/DeepDarkA2/DDA2_ST_001.umap"
"DDA2_ST_002","room","7","点位示意","false","DeepDarkA2","room:dda2_st_002","Dungeons/Content/Spicewood/Maps/Procedural/DeepDarkA2/DDA2_ST_002.umap"
"DDA2_ST_003","room","4","点位示意","false","DeepDarkA2","room:dda2_st_003","Dungeons/Content/Spicewood/Maps/Procedural/DeepDarkA2/DDA2_ST_003.umap"
"Desert_Towers_Pool_Tiles","room","0","点位示意","false","Desert_Towers_Pool_Tiles.umap","room:desert_towers_pool_tiles","Dungeons/Content/Spicewood/Maps/Procedural/Desert_Towers_Pool_Tiles.umap"
"TOWER_001_DS","room","4","点位示意","false","desert_towers_pool","room:tower_001_ds","Dungeons/Content/Spicewood/Maps/Procedural/desert_towers_pool/TOWER_001_DS.umap"
"TOWER_002_DS","room","6","点位示意","false","desert_towers_pool","room:tower_002_ds","Dungeons/Content/Spicewood/Maps/Procedural/desert_towers_pool/TOWER_002_DS.umap"
"TOWER_003_DS","room","5","点位示意","false","desert_towers_pool","room:tower_003_ds","Dungeons/Content/Spicewood/Maps/Procedural/desert_towers_pool/TOWER_003_DS.umap"
"TOWER_004_DS","room","5","点位示意","false","desert_towers_pool","room:tower_004_ds","Dungeons/Content/Spicewood/Maps/Procedural/desert_towers_pool/TOWER_004_DS.umap"
"TOWER_005_DS","room","5","点位示意","false","desert_towers_pool","room:tower_005_ds","Dungeons/Content/Spicewood/Maps/Procedural/desert_towers_pool/TOWER_005_DS.umap"
"TOWER_006_DS","room","6","点位示意","false","desert_towers_pool","room:tower_006_ds","Dungeons/Content/Spicewood/Maps/Procedural/desert_towers_pool/TOWER_006_DS.umap"
"TOWER_007_DS","room","6","点位示意","false","desert_towers_pool","room:tower_007_ds","Dungeons/Content/Spicewood/Maps/Procedural/desert_towers_pool/TOWER_007_DS.umap"
"TOWER_008_DS","room","6","点位示意","false","desert_towers_pool","room:tower_008_ds","Dungeons/Content/Spicewood/Maps/Procedural/desert_towers_pool/TOWER_008_DS.umap"
"TOWER_009_DS","room","5","点位示意","false","desert_towers_pool","room:tower_009_ds","Dungeons/Content/Spicewood/Maps/Procedural/desert_towers_pool/TOWER_009_DS.umap"
"TOWER_010_DS","room","6","点位示意","false","desert_towers_pool","room:tower_010_ds","Dungeons/Content/Spicewood/Maps/Procedural/desert_towers_pool/TOWER_010_DS.umap"
"TOWER_011_DS","room","4","点位示意","false","desert_towers_pool","room:tower_011_ds","Dungeons/Content/Spicewood/Maps/Procedural/desert_towers_pool/TOWER_011_DS.umap"
"TOWER_012_DS","room","6","点位示意","false","desert_towers_pool","room:tower_012_ds","Dungeons/Content/Spicewood/Maps/Procedural/desert_towers_pool/TOWER_012_DS.umap"
"TOWER_013_DS","room","5","点位示意","false","desert_towers_pool","room:tower_013_ds","Dungeons/Content/Spicewood/Maps/Procedural/desert_towers_pool/TOWER_013_DS.umap"
"TOWER_014_DS","room","5","点位示意","false","desert_towers_pool","room:tower_014_ds","Dungeons/Content/Spicewood/Maps/Procedural/desert_towers_pool/TOWER_014_DS.umap"
"TOWER_015_DS","room","6","点位示意","false","desert_towers_pool","room:tower_015_ds","Dungeons/Content/Spicewood/Maps/Procedural/desert_towers_pool/TOWER_015_DS.umap"
"DesertA1_BossArena_Tiles","room","0","点位示意","false","DesertA1_BossArena_Tiles.umap","room:deserta1_bossarena_tiles","Dungeons/Content/Spicewood/Maps/Procedural/DesertA1_BossArena_Tiles.umap"
"DesertA1_FortressInt_Tiles","room","0","点位示意","false","DesertA1_FortressInt_Tiles.umap","room:deserta1_fortressint_tiles","Dungeons/Content/Spicewood/Maps/Procedural/DesertA1_FortressInt_Tiles.umap"
"anchor_sentinelroom","room","4","点位示意","false","deserta1_fortressint","room:anchor_sentinelroom","Dungeons/Content/Spicewood/Maps/Procedural/deserta1_fortressint/anchor_sentinelroom.umap"
"anchor_study_01","room","0","点位示意","false","deserta1_fortressint","room:anchor_study_01","Dungeons/Content/Spicewood/Maps/Procedural/deserta1_fortressint/anchor_study_01.umap"
"anchor_study_02","room","0","点位示意","false","deserta1_fortressint","room:anchor_study_02","Dungeons/Content/Spicewood/Maps/Procedural/deserta1_fortressint/anchor_study_02.umap"
"anchor_study_04","room","0","点位示意","false","deserta1_fortressint","room:anchor_study_04","Dungeons/Content/Spicewood/Maps/Procedural/deserta1_fortressint/anchor_study_04.umap"
"anchor_thestudy","room","0","点位示意","false","deserta1_fortressint","room:anchor_thestudy","Dungeons/Content/Spicewood/Maps/Procedural/deserta1_fortressint/anchor_thestudy.umap"
"bosstile","room","0","点位示意","false","deserta1_fortressint","room:bosstile","Dungeons/Content/Spicewood/Maps/Procedural/deserta1_fortressint/bosstile.umap"
"deserta1_anchor_bossroom","room","1","点位示意","false","deserta1_fortressint","room:deserta1_anchor_bossroom","Dungeons/Content/Spicewood/Maps/Procedural/deserta1_fortressint/deserta1_anchor_bossroom.umap"
"proc_arena_mech_02","room","2","点位示意","false","deserta1_fortressint","room:proc_arena_mech_02","Dungeons/Content/Spicewood/Maps/Procedural/deserta1_fortressint/proc_arena_mech_02.umap"
"proc_deadend_mech_01","room","0","点位示意","false","deserta1_fortressint","room:proc_deadend_mech_01","Dungeons/Content/Spicewood/Maps/Procedural/deserta1_fortressint/proc_deadend_mech_01.umap"
"proc_deadend_mech_02","room","0","点位示意","false","deserta1_fortressint","room:proc_deadend_mech_02","Dungeons/Content/Spicewood/Maps/Procedural/deserta1_fortressint/proc_deadend_mech_02.umap"
"proc_deadend_mech_03","room","1","点位示意","false","deserta1_fortressint","room:proc_deadend_mech_03","Dungeons/Content/Spicewood/Maps/Procedural/deserta1_fortressint/proc_deadend_mech_03.umap"
"proc_fork_mech_01","room","2","点位示意","false","deserta1_fortressint","room:proc_fork_mech_01","Dungeons/Content/Spicewood/Maps/Procedural/deserta1_fortressint/proc_fork_mech_01.umap"
"proc_fort_deadend_01","room","0","点位示意","false","deserta1_fortressint","room:proc_fort_deadend_01","Dungeons/Content/Spicewood/Maps/Procedural/deserta1_fortressint/proc_fort_deadend_01.umap"
"proc_fort_deadend_02","room","0","点位示意","false","deserta1_fortressint","room:proc_fort_deadend_02","Dungeons/Content/Spicewood/Maps/Procedural/deserta1_fortressint/proc_fort_deadend_02.umap"
"proc_fort_deadend_03","room","0","点位示意","false","deserta1_fortressint","room:proc_fort_deadend_03","Dungeons/Content/Spicewood/Maps/Procedural/deserta1_fortressint/proc_fort_deadend_03.umap"
"proc_fort_deadend_04","room","0","点位示意","false","deserta1_fortressint","room:proc_fort_deadend_04","Dungeons/Content/Spicewood/Maps/Procedural/deserta1_fortressint/proc_fort_deadend_04.umap"
"proc_fort_deadend_05","room","0","点位示意","false","deserta1_fortressint","room:proc_fort_deadend_05","Dungeons/Content/Spicewood/Maps/Procedural/deserta1_fortressint/proc_fort_deadend_05.umap"
"proc_fort_deadend_06","room","1","点位示意","false","deserta1_fortressint","room:proc_fort_deadend_06","Dungeons/Content/Spicewood/Maps/Procedural/deserta1_fortressint/proc_fort_deadend_06.umap"
"proc_fort_deadend_07","room","0","点位示意","false","deserta1_fortressint","room:proc_fort_deadend_07","Dungeons/Content/Spicewood/Maps/Procedural/deserta1_fortressint/proc_fort_deadend_07.umap"
"proc_fort_deadend_08","room","1","点位示意","false","deserta1_fortressint","room:proc_fort_deadend_08","Dungeons/Content/Spicewood/Maps/Procedural/deserta1_fortressint/proc_fort_deadend_08.umap"
"proc_fort_deadend_09","room","0","点位示意","false","deserta1_fortressint","room:proc_fort_deadend_09","Dungeons/Content/Spicewood/Maps/Procedural/deserta1_fortressint/proc_fort_deadend_09.umap"
"proc_fort_deadend_10","room","0","点位示意","false","deserta1_fortressint","room:proc_fort_deadend_10","Dungeons/Content/Spicewood/Maps/Procedural/deserta1_fortressint/proc_fort_deadend_10.umap"
"proc_fort_deadend_11","room","0","点位示意","false","deserta1_fortressint","room:proc_fort_deadend_11","Dungeons/Content/Spicewood/Maps/Procedural/deserta1_fortressint/proc_fort_deadend_11.umap"
"proc_fort_deadend_12","room","0","点位示意","false","deserta1_fortressint","room:proc_fort_deadend_12","Dungeons/Content/Spicewood/Maps/Procedural/deserta1_fortressint/proc_fort_deadend_12.umap"
"proc_fort_deadend_13","room","0","点位示意","false","deserta1_fortressint","room:proc_fort_deadend_13","Dungeons/Content/Spicewood/Maps/Procedural/deserta1_fortressint/proc_fort_deadend_13.umap"
"proc_fort_deadend_14","room","0","点位示意","false","deserta1_fortressint","room:proc_fort_deadend_14","Dungeons/Content/Spicewood/Maps/Procedural/deserta1_fortressint/proc_fort_deadend_14.umap"
"proc_fort_deadend_15","room","0","点位示意","false","deserta1_fortressint","room:proc_fort_deadend_15","Dungeons/Content/Spicewood/Maps/Procedural/deserta1_fortressint/proc_fort_deadend_15.umap"
"proc_fort_fork_02","room","0","点位示意","false","deserta1_fortressint","room:proc_fort_fork_02","Dungeons/Content/Spicewood/Maps/Procedural/deserta1_fortressint/proc_fort_fork_02.umap"
"proc_fort_fork_03","room","0","点位示意","false","deserta1_fortressint","room:proc_fort_fork_03","Dungeons/Content/Spicewood/Maps/Procedural/deserta1_fortressint/proc_fort_fork_03.umap"
"proc_fort_fork_05","room","3","点位示意","false","deserta1_fortressint","room:proc_fort_fork_05","Dungeons/Content/Spicewood/Maps/Procedural/deserta1_fortressint/proc_fort_fork_05.umap"
"proc_fort_staircase_01","room","3","点位示意","false","deserta1_fortressint","room:proc_fort_staircase_01","Dungeons/Content/Spicewood/Maps/Procedural/deserta1_fortressint/proc_fort_staircase_01.umap"
"proc_fort_staircase_02","room","3","点位示意","false","deserta1_fortressint","room:proc_fort_staircase_02","Dungeons/Content/Spicewood/Maps/Procedural/deserta1_fortressint/proc_fort_staircase_02.umap"
"proc_fort_staircase","room","0","点位示意","false","deserta1_fortressint","room:proc_fort_staircase","Dungeons/Content/Spicewood/Maps/Procedural/deserta1_fortressint/proc_fort_staircase.umap"
"proc_fort_straight_01","room","2","点位示意","false","deserta1_fortressint","room:proc_fort_straight_01","Dungeons/Content/Spicewood/Maps/Procedural/deserta1_fortressint/proc_fort_straight_01.umap"
"proc_fort_straight_02","room","2","点位示意","false","deserta1_fortressint","room:proc_fort_straight_02","Dungeons/Content/Spicewood/Maps/Procedural/deserta1_fortressint/proc_fort_straight_02.umap"
"proc_fort_straight_04","room","2","点位示意","false","deserta1_fortressint","room:proc_fort_straight_04","Dungeons/Content/Spicewood/Maps/Procedural/deserta1_fortressint/proc_fort_straight_04.umap"
"proc_fort_t_01","room","1","点位示意","false","deserta1_fortressint","room:proc_fort_t_01","Dungeons/Content/Spicewood/Maps/Procedural/deserta1_fortressint/proc_fort_t_01.umap"
"proc_fort_t_02","room","3","点位示意","false","deserta1_fortressint","room:proc_fort_t_02","Dungeons/Content/Spicewood/Maps/Procedural/deserta1_fortressint/proc_fort_t_02.umap"
"proc_fort_t_04","room","3","点位示意","false","deserta1_fortressint","room:proc_fort_t_04","Dungeons/Content/Spicewood/Maps/Procedural/deserta1_fortressint/proc_fort_t_04.umap"
"proc_fort_turn_01","room","0","点位示意","false","deserta1_fortressint","room:proc_fort_turn_01","Dungeons/Content/Spicewood/Maps/Procedural/deserta1_fortressint/proc_fort_turn_01.umap"
"proc_fort_turn_02","room","2","点位示意","false","deserta1_fortressint","room:proc_fort_turn_02","Dungeons/Content/Spicewood/Maps/Procedural/deserta1_fortressint/proc_fort_turn_02.umap"
"proc_fort_turn_03","room","0","点位示意","false","deserta1_fortressint","room:proc_fort_turn_03","Dungeons/Content/Spicewood/Maps/Procedural/deserta1_fortressint/proc_fort_turn_03.umap"
"proc_fort_turn_04","room","2","点位示意","false","deserta1_fortressint","room:proc_fort_turn_04","Dungeons/Content/Spicewood/Maps/Procedural/deserta1_fortressint/proc_fort_turn_04.umap"
"proc_fortress_big_straight_01","room","0","点位示意","false","deserta1_fortressint","room:proc_fortress_big_straight_01","Dungeons/Content/Spicewood/Maps/Procedural/deserta1_fortressint/proc_fortress_big_straight_01.umap"
"proc_fortress_big_turn_01","room","4","点位示意","false","deserta1_fortressint","room:proc_fortress_big_turn_01","Dungeons/Content/Spicewood/Maps/Procedural/deserta1_fortressint/proc_fortress_big_turn_01.umap"
"proc_straight_mech_01","room","0","点位示意","false","deserta1_fortressint","room:proc_straight_mech_01","Dungeons/Content/Spicewood/Maps/Procedural/deserta1_fortressint/proc_straight_mech_01.umap"
"DesertA1_IceCaves_Tiles","room","2","点位示意","false","DesertA1_IceCaves_Tiles.umap","room:deserta1_icecaves_tiles","Dungeons/Content/Spicewood/Maps/Procedural/DesertA1_IceCaves_Tiles.umap"
"DesertA1_TwoEndTower_Tiles","room","1","点位示意","false","DesertA1_TwoEndTower_Tiles.umap","room:deserta1_twoendtower_tiles","Dungeons/Content/Spicewood/Maps/Procedural/DesertA1_TwoEndTower_Tiles.umap"
"TwoEndTower1","room","12","点位示意","false","deserta1_twoendtower","room:twoendtower1","Dungeons/Content/Spicewood/Maps/Procedural/deserta1_twoendtower/TwoEndTower1.umap"
"DesertA1SecretIntsSM_Tiles","room","0","点位示意","false","DesertA1SecretIntsSM_Tiles.umap","room:deserta1secretintssm_tiles","Dungeons/Content/Spicewood/Maps/Procedural/DesertA1SecretIntsSM_Tiles.umap"
"ForestA1_SpiderCaves_Tiles","room","0","点位示意","false","ForestA1_SpiderCaves_Tiles.umap","room:foresta1_spidercaves_tiles","Dungeons/Content/Spicewood/Maps/Procedural/ForestA1_SpiderCaves_Tiles.umap"
"LU_ANC_001","room","0","点位示意","false","lush_anchor_001","room:lu_anc_001","Dungeons/Content/Spicewood/Maps/Procedural/lush_anchor_001/LU_ANC_001.umap"
"LU_ANC_002","room","0","点位示意","false","lush_anchor_001","room:lu_anc_002","Dungeons/Content/Spicewood/Maps/Procedural/lush_anchor_001/LU_ANC_002.umap"
"LU_ANC_003","room","0","点位示意","false","lush_anchor_001","room:lu_anc_003","Dungeons/Content/Spicewood/Maps/Procedural/lush_anchor_001/LU_ANC_003.umap"
"LU_ANC_004","room","0","点位示意","false","lush_anchor_001","room:lu_anc_004","Dungeons/Content/Spicewood/Maps/Procedural/lush_anchor_001/LU_ANC_004.umap"
"LU_ANC_005","room","1","点位示意","false","lush_anchor_001","room:lu_anc_005","Dungeons/Content/Spicewood/Maps/Procedural/lush_anchor_001/LU_ANC_005.umap"
"LU_ANC_006","room","1","点位示意","false","lush_anchor_001","room:lu_anc_006","Dungeons/Content/Spicewood/Maps/Procedural/lush_anchor_001/LU_ANC_006.umap"
"LU_ANC_007","room","0","点位示意","false","lush_anchor_001","room:lu_anc_007","Dungeons/Content/Spicewood/Maps/Procedural/lush_anchor_001/LU_ANC_007.umap"
"LU_ANC_008","room","1","点位示意","false","lush_anchor_001","room:lu_anc_008","Dungeons/Content/Spicewood/Maps/Procedural/lush_anchor_001/LU_ANC_008.umap"
"LU_ANC_009","room","0","点位示意","false","lush_anchor_001","room:lu_anc_009","Dungeons/Content/Spicewood/Maps/Procedural/lush_anchor_001/LU_ANC_009.umap"
"LU_ANC_010","room","1","点位示意","false","lush_anchor_001","room:lu_anc_010","Dungeons/Content/Spicewood/Maps/Procedural/lush_anchor_001/LU_ANC_010.umap"
"LU_ANC_011","room","1","点位示意","false","lush_anchor_001","room:lu_anc_011","Dungeons/Content/Spicewood/Maps/Procedural/lush_anchor_001/LU_ANC_011.umap"
"LU_ANC_012","room","0","点位示意","false","lush_anchor_001","room:lu_anc_012","Dungeons/Content/Spicewood/Maps/Procedural/lush_anchor_001/LU_ANC_012.umap"
"LU_ANC_013_014","room","0","点位示意","false","lush_anchor_001","room:lu_anc_013_014","Dungeons/Content/Spicewood/Maps/Procedural/lush_anchor_001/LU_ANC_013_014.umap"
"LU_ANC_013","room","0","点位示意","false","lush_anchor_001","room:lu_anc_013","Dungeons/Content/Spicewood/Maps/Procedural/lush_anchor_001/LU_ANC_013.umap"
"LU_ANC_014","room","0","点位示意","false","lush_anchor_001","room:lu_anc_014","Dungeons/Content/Spicewood/Maps/Procedural/lush_anchor_001/LU_ANC_014.umap"
"OS_LU_ANC_001","room","5","点位示意","false","lush_anchor_001","room:os_lu_anc_001","Dungeons/Content/Spicewood/Maps/Procedural/lush_anchor_001/OS_LU_ANC_001.umap"
"OS_LU_ANC_002","room","8","点位示意","false","lush_anchor_001","room:os_lu_anc_002","Dungeons/Content/Spicewood/Maps/Procedural/lush_anchor_001/OS_LU_ANC_002.umap"
"OS_LU_ANC_003","room","7","点位示意","false","lush_anchor_001","room:os_lu_anc_003","Dungeons/Content/Spicewood/Maps/Procedural/lush_anchor_001/OS_LU_ANC_003.umap"
"OS_LU_ANC_004","room","0","点位示意","false","lush_anchor_001","room:os_lu_anc_004","Dungeons/Content/Spicewood/Maps/Procedural/lush_anchor_001/OS_LU_ANC_004.umap"
"OS_LU_ANC_005","room","0","点位示意","false","lush_anchor_001","room:os_lu_anc_005","Dungeons/Content/Spicewood/Maps/Procedural/lush_anchor_001/OS_LU_ANC_005.umap"
"OS_LU_ANC_006","room","0","点位示意","false","lush_anchor_001","room:os_lu_anc_006","Dungeons/Content/Spicewood/Maps/Procedural/lush_anchor_001/OS_LU_ANC_006.umap"
"OS_LU_ANC_007","room","0","点位示意","false","lush_anchor_001","room:os_lu_anc_007","Dungeons/Content/Spicewood/Maps/Procedural/lush_anchor_001/OS_LU_ANC_007.umap"
"OS_LU_ANC_008","room","0","点位示意","false","lush_anchor_001","room:os_lu_anc_008","Dungeons/Content/Spicewood/Maps/Procedural/lush_anchor_001/OS_LU_ANC_008.umap"
"OS_LU_ANC_009","room","0","点位示意","false","lush_anchor_001","room:os_lu_anc_009","Dungeons/Content/Spicewood/Maps/Procedural/lush_anchor_001/OS_LU_ANC_009.umap"
"OS_LU_ANC_010","room","0","点位示意","false","lush_anchor_001","room:os_lu_anc_010","Dungeons/Content/Spicewood/Maps/Procedural/lush_anchor_001/OS_LU_ANC_010.umap"
"OS_LU_ANC_011","room","0","点位示意","false","lush_anchor_001","room:os_lu_anc_011","Dungeons/Content/Spicewood/Maps/Procedural/lush_anchor_001/OS_LU_ANC_011.umap"
"OS_LU_ANC_012","room","0","点位示意","false","lush_anchor_001","room:os_lu_anc_012","Dungeons/Content/Spicewood/Maps/Procedural/lush_anchor_001/OS_LU_ANC_012.umap"
"OS_LU_ANC_013","room","0","点位示意","false","lush_anchor_001","room:os_lu_anc_013","Dungeons/Content/Spicewood/Maps/Procedural/lush_anchor_001/OS_LU_ANC_013.umap"
"OS_LU_ANC_014","room","0","点位示意","false","lush_anchor_001","room:os_lu_anc_014","Dungeons/Content/Spicewood/Maps/Procedural/lush_anchor_001/OS_LU_ANC_014.umap"
"LU_ANC_015","room","0","点位示意","false","lush_anchor_002","room:lu_anc_015","Dungeons/Content/Spicewood/Maps/Procedural/lush_anchor_002/LU_ANC_015.umap"
"LU_ANC_016","room","0","点位示意","false","lush_anchor_002","room:lu_anc_016","Dungeons/Content/Spicewood/Maps/Procedural/lush_anchor_002/LU_ANC_016.umap"
"LU_ANC_017","room","0","点位示意","false","lush_anchor_002","room:lu_anc_017","Dungeons/Content/Spicewood/Maps/Procedural/lush_anchor_002/LU_ANC_017.umap"
"LU_ANC_018","room","1","点位示意","false","lush_anchor_002","room:lu_anc_018","Dungeons/Content/Spicewood/Maps/Procedural/lush_anchor_002/LU_ANC_018.umap"
"LU_ANC_019","room","0","点位示意","false","lush_anchor_002","room:lu_anc_019","Dungeons/Content/Spicewood/Maps/Procedural/lush_anchor_002/LU_ANC_019.umap"
"LU_ANC_020","room","0","点位示意","false","lush_anchor_002","room:lu_anc_020","Dungeons/Content/Spicewood/Maps/Procedural/lush_anchor_002/LU_ANC_020.umap"
"LU_ANC_021","room","0","点位示意","false","lush_anchor_002","room:lu_anc_021","Dungeons/Content/Spicewood/Maps/Procedural/lush_anchor_002/LU_ANC_021.umap"
"Lush_Anchor_Boss_Tiles","room","0","点位示意","false","Lush_Anchor_Boss_Tiles.umap","room:lush_anchor_boss_tiles","Dungeons/Content/Spicewood/Maps/Procedural/Lush_Anchor_Boss_Tiles.umap"
"LG_C_FLAT_001_LU","room","2","点位示意","false","lush_pool_1","room:lg_c_flat_001_lu","Dungeons/Content/Spicewood/Maps/Procedural/lush_pool_1/LG_C_FLAT_001_LU.umap"
"LG_C_STAIR_001_LU","room","13","点位示意","false","lush_pool_1","room:lg_c_stair_001_lu","Dungeons/Content/Spicewood/Maps/Procedural/lush_pool_1/LG_C_STAIR_001_LU.umap"
"LG_CAP_002_LU","room","0","点位示意","false","lush_pool_1","room:lg_cap_002_lu","Dungeons/Content/Spicewood/Maps/Procedural/lush_pool_1/LG_CAP_002_LU.umap"
"LG_DE_FLAT_001_LU","room","10","点位示意","false","lush_pool_1","room:lg_de_flat_001_lu","Dungeons/Content/Spicewood/Maps/Procedural/lush_pool_1/LG_DE_FLAT_001_LU.umap"
"LG_DE_STAIR_001_LU","room","10","点位示意","false","lush_pool_1","room:lg_de_stair_001_lu","Dungeons/Content/Spicewood/Maps/Procedural/lush_pool_1/LG_DE_STAIR_001_LU.umap"
"LG_L_FLAT_001_LU","room","10","点位示意","false","lush_pool_1","room:lg_l_flat_001_lu","Dungeons/Content/Spicewood/Maps/Procedural/lush_pool_1/LG_L_FLAT_001_LU.umap"
"LG_L_STAIR_001_LU","room","8","点位示意","false","lush_pool_1","room:lg_l_stair_001_lu","Dungeons/Content/Spicewood/Maps/Procedural/lush_pool_1/LG_L_STAIR_001_LU.umap"
"LG_QD_FLAT_001_LU","room","10","点位示意","false","lush_pool_1","room:lg_qd_flat_001_lu","Dungeons/Content/Spicewood/Maps/Procedural/lush_pool_1/LG_QD_FLAT_001_LU.umap"
"LG_QD_STAIR_001_LU","room","7","点位示意","false","lush_pool_1","room:lg_qd_stair_001_lu","Dungeons/Content/Spicewood/Maps/Procedural/lush_pool_1/LG_QD_STAIR_001_LU.umap"
"LG_R_FLAT_001_LU","room","5","点位示意","false","lush_pool_1","room:lg_r_flat_001_lu","Dungeons/Content/Spicewood/Maps/Procedural/lush_pool_1/LG_R_FLAT_001_LU.umap"
"LG_R_STAIR_001_LU","room","11","点位示意","false","lush_pool_1","room:lg_r_stair_001_lu","Dungeons/Content/Spicewood/Maps/Procedural/lush_pool_1/LG_R_STAIR_001_LU.umap"
"LG_T_FLAT_001_LU","room","10","点位示意","false","lush_pool_1","room:lg_t_flat_001_lu","Dungeons/Content/Spicewood/Maps/Procedural/lush_pool_1/LG_T_FLAT_001_LU.umap"
"LG_T_STAIR_001_LU","room","6","点位示意","false","lush_pool_1","room:lg_t_stair_001_lu","Dungeons/Content/Spicewood/Maps/Procedural/lush_pool_1/LG_T_STAIR_001_LU.umap"
"MC_C_FLAT_001_LU","room","0","点位示意","false","lush_pool_1","room:mc_c_flat_001_lu","Dungeons/Content/Spicewood/Maps/Procedural/lush_pool_1/MC_C_FLAT_001_LU.umap"
"MC_CAP_002_LU","room","0","点位示意","false","lush_pool_1","room:mc_cap_002_lu","Dungeons/Content/Spicewood/Maps/Procedural/lush_pool_1/MC_CAP_002_LU.umap"
"MC_DE_FLAT_001_LU","room","0","点位示意","false","lush_pool_1","room:mc_de_flat_001_lu","Dungeons/Content/Spicewood/Maps/Procedural/lush_pool_1/MC_DE_FLAT_001_LU.umap"
"MC_L_FLAT_001_LU","room","0","点位示意","false","lush_pool_1","room:mc_l_flat_001_lu","Dungeons/Content/Spicewood/Maps/Procedural/lush_pool_1/MC_L_FLAT_001_LU.umap"
"MC_QD_FLAT_001_LU","room","0","点位示意","false","lush_pool_1","room:mc_qd_flat_001_lu","Dungeons/Content/Spicewood/Maps/Procedural/lush_pool_1/MC_QD_FLAT_001_LU.umap"
"MC_R_FLAT_001_LU","room","0","点位示意","false","lush_pool_1","room:mc_r_flat_001_lu","Dungeons/Content/Spicewood/Maps/Procedural/lush_pool_1/MC_R_FLAT_001_LU.umap"
"MC_T_FLAT_001_LU","room","0","点位示意","false","lush_pool_1","room:mc_t_flat_001_lu","Dungeons/Content/Spicewood/Maps/Procedural/lush_pool_1/MC_T_FLAT_001_LU.umap"
"MC2SM_FLAT_001_LU","room","2","点位示意","false","lush_pool_1","room:mc2sm_flat_001_lu","Dungeons/Content/Spicewood/Maps/Procedural/lush_pool_1/MC2SM_FLAT_001_LU.umap"
"MC2SM_STAIR_001_LU","room","2","点位示意","false","lush_pool_1","room:mc2sm_stair_001_lu","Dungeons/Content/Spicewood/Maps/Procedural/lush_pool_1/MC2SM_STAIR_001_LU.umap"
"MD_C_FLAT_001_LU","room","2","点位示意","false","lush_pool_1","room:md_c_flat_001_lu","Dungeons/Content/Spicewood/Maps/Procedural/lush_pool_1/MD_C_FLAT_001_LU.umap"
"MD_C_STAIR_001_LU","room","2","点位示意","false","lush_pool_1","room:md_c_stair_001_lu","Dungeons/Content/Spicewood/Maps/Procedural/lush_pool_1/MD_C_STAIR_001_LU.umap"
"MD_CAP_002_LU","room","0","点位示意","false","lush_pool_1","room:md_cap_002_lu","Dungeons/Content/Spicewood/Maps/Procedural/lush_pool_1/MD_CAP_002_LU.umap"
"MD_DE_FLAT_001_LU","room","1","点位示意","false","lush_pool_1","room:md_de_flat_001_lu","Dungeons/Content/Spicewood/Maps/Procedural/lush_pool_1/MD_DE_FLAT_001_LU.umap"
"MD_DE_STAIR_001_LU","room","1","点位示意","false","lush_pool_1","room:md_de_stair_001_lu","Dungeons/Content/Spicewood/Maps/Procedural/lush_pool_1/MD_DE_STAIR_001_LU.umap"
"MD_L_FLAT_001_LU","room","2","点位示意","false","lush_pool_1","room:md_l_flat_001_lu","Dungeons/Content/Spicewood/Maps/Procedural/lush_pool_1/MD_L_FLAT_001_LU.umap"
"MD_L_STAIR_001_LU","room","2","点位示意","false","lush_pool_1","room:md_l_stair_001_lu","Dungeons/Content/Spicewood/Maps/Procedural/lush_pool_1/MD_L_STAIR_001_LU.umap"
"MD_QD_FLAT_001_LU","room","4","点位示意","false","lush_pool_1","room:md_qd_flat_001_lu","Dungeons/Content/Spicewood/Maps/Procedural/lush_pool_1/MD_QD_FLAT_001_LU.umap"
"MD_QD_STAIR_001_LU","room","4","点位示意","false","lush_pool_1","room:md_qd_stair_001_lu","Dungeons/Content/Spicewood/Maps/Procedural/lush_pool_1/MD_QD_STAIR_001_LU.umap"
"MD_R_FLAT_001_LU","room","2","点位示意","false","lush_pool_1","room:md_r_flat_001_lu","Dungeons/Content/Spicewood/Maps/Procedural/lush_pool_1/MD_R_FLAT_001_LU.umap"
"MD_R_STAIR_001_LU","room","2","点位示意","false","lush_pool_1","room:md_r_stair_001_lu","Dungeons/Content/Spicewood/Maps/Procedural/lush_pool_1/MD_R_STAIR_001_LU.umap"
"MD_T_FLAT_001_LU","room","6","点位示意","false","lush_pool_1","room:md_t_flat_001_lu","Dungeons/Content/Spicewood/Maps/Procedural/lush_pool_1/MD_T_FLAT_001_LU.umap"
"MD_T_STAIR_001_LU","room","6","点位示意","false","lush_pool_1","room:md_t_stair_001_lu","Dungeons/Content/Spicewood/Maps/Procedural/lush_pool_1/MD_T_STAIR_001_LU.umap"
"MD2LG_FLAT_001_LU","room","13","点位示意","false","lush_pool_1","room:md2lg_flat_001_lu","Dungeons/Content/Spicewood/Maps/Procedural/lush_pool_1/MD2LG_FLAT_001_LU.umap"
"MD2LG_STAIR_001_LU","room","5","点位示意","false","lush_pool_1","room:md2lg_stair_001_lu","Dungeons/Content/Spicewood/Maps/Procedural/lush_pool_1/MD2LG_STAIR_001_LU.umap"
"SM_C_FLAT_001_LU","room","2","点位示意","false","lush_pool_1","room:sm_c_flat_001_lu","Dungeons/Content/Spicewood/Maps/Procedural/lush_pool_1/SM_C_FLAT_001_LU.umap"
"SM_C_STAIR_001_LU","room","2","点位示意","false","lush_pool_1","room:sm_c_stair_001_lu","Dungeons/Content/Spicewood/Maps/Procedural/lush_pool_1/SM_C_STAIR_001_LU.umap"
"SM_CAP_002_LU","room","0","点位示意","false","lush_pool_1","room:sm_cap_002_lu","Dungeons/Content/Spicewood/Maps/Procedural/lush_pool_1/SM_CAP_002_LU.umap"
"SM_DE_FLAT_001_LU","room","1","点位示意","false","lush_pool_1","room:sm_de_flat_001_lu","Dungeons/Content/Spicewood/Maps/Procedural/lush_pool_1/SM_DE_FLAT_001_LU.umap"
"SM_DE_STAIR_001_LU","room","1","点位示意","false","lush_pool_1","room:sm_de_stair_001_lu","Dungeons/Content/Spicewood/Maps/Procedural/lush_pool_1/SM_DE_STAIR_001_LU.umap"
"SM_L_FLAT_001_LU","room","2","点位示意","false","lush_pool_1","room:sm_l_flat_001_lu","Dungeons/Content/Spicewood/Maps/Procedural/lush_pool_1/SM_L_FLAT_001_LU.umap"
"SM_L_STAIR_001_LU","room","2","点位示意","false","lush_pool_1","room:sm_l_stair_001_lu","Dungeons/Content/Spicewood/Maps/Procedural/lush_pool_1/SM_L_STAIR_001_LU.umap"
"SM_QD_FLAT_001_LU","room","4","点位示意","false","lush_pool_1","room:sm_qd_flat_001_lu","Dungeons/Content/Spicewood/Maps/Procedural/lush_pool_1/SM_QD_FLAT_001_LU.umap"
"SM_QD_STAIR_001_LU","room","4","点位示意","false","lush_pool_1","room:sm_qd_stair_001_lu","Dungeons/Content/Spicewood/Maps/Procedural/lush_pool_1/SM_QD_STAIR_001_LU.umap"
"SM_R_FLAT_001_LU","room","2","点位示意","false","lush_pool_1","room:sm_r_flat_001_lu","Dungeons/Content/Spicewood/Maps/Procedural/lush_pool_1/SM_R_FLAT_001_LU.umap"
"SM_R_STAIR_001_LU","room","2","点位示意","false","lush_pool_1","room:sm_r_stair_001_lu","Dungeons/Content/Spicewood/Maps/Procedural/lush_pool_1/SM_R_STAIR_001_LU.umap"
"SM_T_FLAT_001_LU","room","3","点位示意","false","lush_pool_1","room:sm_t_flat_001_lu","Dungeons/Content/Spicewood/Maps/Procedural/lush_pool_1/SM_T_FLAT_001_LU.umap"
"SM_T_STAIR_001_LU","room","3","点位示意","false","lush_pool_1","room:sm_t_stair_001_lu","Dungeons/Content/Spicewood/Maps/Procedural/lush_pool_1/SM_T_STAIR_001_LU.umap"
"SM2MD_FLAT_001_LU","room","2","点位示意","false","lush_pool_1","room:sm2md_flat_001_lu","Dungeons/Content/Spicewood/Maps/Procedural/lush_pool_1/SM2MD_FLAT_001_LU.umap"
"SM2MD_STAIR_001_LU","room","2","点位示意","false","lush_pool_1","room:sm2md_stair_001_lu","Dungeons/Content/Spicewood/Maps/Procedural/lush_pool_1/SM2MD_STAIR_001_LU.umap"
"Lush_Pool_2_Tiles","room","0","点位示意","false","Lush_Pool_2_Tiles.umap","room:lush_pool_2_tiles","Dungeons/Content/Spicewood/Maps/Procedural/Lush_Pool_2_Tiles.umap"
"LG_C_FLAT_002_LU","room","15","点位示意","false","lush_pool_2","room:lg_c_flat_002_lu","Dungeons/Content/Spicewood/Maps/Procedural/lush_pool_2/LG_C_FLAT_002_LU.umap"
"LG_C_STAIR_002_LU","room","5","点位示意","false","lush_pool_2","room:lg_c_stair_002_lu","Dungeons/Content/Spicewood/Maps/Procedural/lush_pool_2/LG_C_STAIR_002_LU.umap"
"LG_DE_FLAT_002_LU","room","3","点位示意","false","lush_pool_2","room:lg_de_flat_002_lu","Dungeons/Content/Spicewood/Maps/Procedural/lush_pool_2/LG_DE_FLAT_002_LU.umap"
"LG_DE_STAIR_002_LU","room","8","点位示意","false","lush_pool_2","room:lg_de_stair_002_lu","Dungeons/Content/Spicewood/Maps/Procedural/lush_pool_2/LG_DE_STAIR_002_LU.umap"
"LG_L_FLAT_002_LU","room","4","点位示意","false","lush_pool_2","room:lg_l_flat_002_lu","Dungeons/Content/Spicewood/Maps/Procedural/lush_pool_2/LG_L_FLAT_002_LU.umap"
"LG_L_STAIR_002_LU","room","5","点位示意","false","lush_pool_2","room:lg_l_stair_002_lu","Dungeons/Content/Spicewood/Maps/Procedural/lush_pool_2/LG_L_STAIR_002_LU.umap"
"LG_QD_FLAT_002_LU","room","15","点位示意","false","lush_pool_2","room:lg_qd_flat_002_lu","Dungeons/Content/Spicewood/Maps/Procedural/lush_pool_2/LG_QD_FLAT_002_LU.umap"
"LG_QD_STAIR_002_LU","room","10","点位示意","false","lush_pool_2","room:lg_qd_stair_002_lu","Dungeons/Content/Spicewood/Maps/Procedural/lush_pool_2/LG_QD_STAIR_002_LU.umap"
"LG_R_FLAT_002_LU","room","5","点位示意","false","lush_pool_2","room:lg_r_flat_002_lu","Dungeons/Content/Spicewood/Maps/Procedural/lush_pool_2/LG_R_FLAT_002_LU.umap"
"LG_R_STAIR_002_LU","room","5","点位示意","false","lush_pool_2","room:lg_r_stair_002_lu","Dungeons/Content/Spicewood/Maps/Procedural/lush_pool_2/LG_R_STAIR_002_LU.umap"
"LG_T_FLAT_002_LU","room","5","点位示意","false","lush_pool_2","room:lg_t_flat_002_lu","Dungeons/Content/Spicewood/Maps/Procedural/lush_pool_2/LG_T_FLAT_002_LU.umap"
"LG_T_STAIR_002_LU","room","5","点位示意","false","lush_pool_2","room:lg_t_stair_002_lu","Dungeons/Content/Spicewood/Maps/Procedural/lush_pool_2/LG_T_STAIR_002_LU.umap"
"MC_C_FLAT_002_LU","room","2","点位示意","false","lush_pool_2","room:mc_c_flat_002_lu","Dungeons/Content/Spicewood/Maps/Procedural/lush_pool_2/MC_C_FLAT_002_LU.umap"
"MC_DE_FLAT_002_LU","room","1","点位示意","false","lush_pool_2","room:mc_de_flat_002_lu","Dungeons/Content/Spicewood/Maps/Procedural/lush_pool_2/MC_DE_FLAT_002_LU.umap"
"MC_L_FLAT_002_LU","room","2","点位示意","false","lush_pool_2","room:mc_l_flat_002_lu","Dungeons/Content/Spicewood/Maps/Procedural/lush_pool_2/MC_L_FLAT_002_LU.umap"
"MC_QD_FLAT_002_LU","room","4","点位示意","false","lush_pool_2","room:mc_qd_flat_002_lu","Dungeons/Content/Spicewood/Maps/Procedural/lush_pool_2/MC_QD_FLAT_002_LU.umap"
"MC_R_FLAT_002_LU","room","2","点位示意","false","lush_pool_2","room:mc_r_flat_002_lu","Dungeons/Content/Spicewood/Maps/Procedural/lush_pool_2/MC_R_FLAT_002_LU.umap"
"MC_T_FLAT_002_LU","room","3","点位示意","false","lush_pool_2","room:mc_t_flat_002_lu","Dungeons/Content/Spicewood/Maps/Procedural/lush_pool_2/MC_T_FLAT_002_LU.umap"
"MC2SM_FLAT_002_LU","room","3","点位示意","false","lush_pool_2","room:mc2sm_flat_002_lu","Dungeons/Content/Spicewood/Maps/Procedural/lush_pool_2/MC2SM_FLAT_002_LU.umap"
"MC2SM_STAIR_002_LU","room","3","点位示意","false","lush_pool_2","room:mc2sm_stair_002_lu","Dungeons/Content/Spicewood/Maps/Procedural/lush_pool_2/MC2SM_STAIR_002_LU.umap"
"MD_C_FLAT_002_LU","room","4","点位示意","false","lush_pool_2","room:md_c_flat_002_lu","Dungeons/Content/Spicewood/Maps/Procedural/lush_pool_2/MD_C_FLAT_002_LU.umap"
"MD_C_STAIR_002_LU","room","3","点位示意","false","lush_pool_2","room:md_c_stair_002_lu","Dungeons/Content/Spicewood/Maps/Procedural/lush_pool_2/MD_C_STAIR_002_LU.umap"
"MD_DE_FLAT_002_LU","room","3","点位示意","false","lush_pool_2","room:md_de_flat_002_lu","Dungeons/Content/Spicewood/Maps/Procedural/lush_pool_2/MD_DE_FLAT_002_LU.umap"
"MD_DE_STAIR_002_LU","room","3","点位示意","false","lush_pool_2","room:md_de_stair_002_lu","Dungeons/Content/Spicewood/Maps/Procedural/lush_pool_2/MD_DE_STAIR_002_LU.umap"
"MD_L_FLAT_002_LU","room","4","点位示意","false","lush_pool_2","room:md_l_flat_002_lu","Dungeons/Content/Spicewood/Maps/Procedural/lush_pool_2/MD_L_FLAT_002_LU.umap"
"MD_L_STAIR_002_LU","room","4","点位示意","false","lush_pool_2","room:md_l_stair_002_lu","Dungeons/Content/Spicewood/Maps/Procedural/lush_pool_2/MD_L_STAIR_002_LU.umap"
"MD_QD_FLAT_002_LU","room","6","点位示意","false","lush_pool_2","room:md_qd_flat_002_lu","Dungeons/Content/Spicewood/Maps/Procedural/lush_pool_2/MD_QD_FLAT_002_LU.umap"
"MD_QD_STAIR_002_LU","room","6","点位示意","false","lush_pool_2","room:md_qd_stair_002_lu","Dungeons/Content/Spicewood/Maps/Procedural/lush_pool_2/MD_QD_STAIR_002_LU.umap"
"MD_R_FLAT_002_LU","room","4","点位示意","false","lush_pool_2","room:md_r_flat_002_lu","Dungeons/Content/Spicewood/Maps/Procedural/lush_pool_2/MD_R_FLAT_002_LU.umap"
"MD_R_STAIR_002_LU","room","6","点位示意","false","lush_pool_2","room:md_r_stair_002_lu","Dungeons/Content/Spicewood/Maps/Procedural/lush_pool_2/MD_R_STAIR_002_LU.umap"
"MD_T_FLAT_002_LU","room","5","点位示意","false","lush_pool_2","room:md_t_flat_002_lu","Dungeons/Content/Spicewood/Maps/Procedural/lush_pool_2/MD_T_FLAT_002_LU.umap"
"MD_T_STAIR_002_LU","room","5","点位示意","false","lush_pool_2","room:md_t_stair_002_lu","Dungeons/Content/Spicewood/Maps/Procedural/lush_pool_2/MD_T_STAIR_002_LU.umap"
"MD2LG_FLAT_002_LU","room","5","点位示意","false","lush_pool_2","room:md2lg_flat_002_lu","Dungeons/Content/Spicewood/Maps/Procedural/lush_pool_2/MD2LG_FLAT_002_LU.umap"
"MD2LG_STAIR_002_LU","room","10","点位示意","false","lush_pool_2","room:md2lg_stair_002_lu","Dungeons/Content/Spicewood/Maps/Procedural/lush_pool_2/MD2LG_STAIR_002_LU.umap"
"SM_C_FLAT_002_LU","room","3","点位示意","false","lush_pool_2","room:sm_c_flat_002_lu","Dungeons/Content/Spicewood/Maps/Procedural/lush_pool_2/SM_C_FLAT_002_LU.umap"
"SM_C_STAIR_002_LU","room","3","点位示意","false","lush_pool_2","room:sm_c_stair_002_lu","Dungeons/Content/Spicewood/Maps/Procedural/lush_pool_2/SM_C_STAIR_002_LU.umap"
"SM_DE_FLAT_002_LU","room","1","点位示意","false","lush_pool_2","room:sm_de_flat_002_lu","Dungeons/Content/Spicewood/Maps/Procedural/lush_pool_2/SM_DE_FLAT_002_LU.umap"
"SM_DE_STAIR_002_LU","room","2","点位示意","false","lush_pool_2","room:sm_de_stair_002_lu","Dungeons/Content/Spicewood/Maps/Procedural/lush_pool_2/SM_DE_STAIR_002_LU.umap"
"SM_L_FLAT_002_LU","room","3","点位示意","false","lush_pool_2","room:sm_l_flat_002_lu","Dungeons/Content/Spicewood/Maps/Procedural/lush_pool_2/SM_L_FLAT_002_LU.umap"
"SM_L_STAIR_002_LU","room","3","点位示意","false","lush_pool_2","room:sm_l_stair_002_lu","Dungeons/Content/Spicewood/Maps/Procedural/lush_pool_2/SM_L_STAIR_002_LU.umap"
"SM_QD_FLAT_002_LU","room","5","点位示意","false","lush_pool_2","room:sm_qd_flat_002_lu","Dungeons/Content/Spicewood/Maps/Procedural/lush_pool_2/SM_QD_FLAT_002_LU.umap"
"SM_QD_STAIR_002_LU","room","5","点位示意","false","lush_pool_2","room:sm_qd_stair_002_lu","Dungeons/Content/Spicewood/Maps/Procedural/lush_pool_2/SM_QD_STAIR_002_LU.umap"
"SM_R_FLAT_002_LU","room","3","点位示意","false","lush_pool_2","room:sm_r_flat_002_lu","Dungeons/Content/Spicewood/Maps/Procedural/lush_pool_2/SM_R_FLAT_002_LU.umap"
"SM_R_STAIR_002_LU","room","3","点位示意","false","lush_pool_2","room:sm_r_stair_002_lu","Dungeons/Content/Spicewood/Maps/Procedural/lush_pool_2/SM_R_STAIR_002_LU.umap"
"SM_T_FLAT_002_LU","room","4","点位示意","false","lush_pool_2","room:sm_t_flat_002_lu","Dungeons/Content/Spicewood/Maps/Procedural/lush_pool_2/SM_T_FLAT_002_LU.umap"
"SM_T_STAIR_002_LU","room","4","点位示意","false","lush_pool_2","room:sm_t_stair_002_lu","Dungeons/Content/Spicewood/Maps/Procedural/lush_pool_2/SM_T_STAIR_002_LU.umap"
"SM2MD_FLAT_002_LU","room","4","点位示意","false","lush_pool_2","room:sm2md_flat_002_lu","Dungeons/Content/Spicewood/Maps/Procedural/lush_pool_2/SM2MD_FLAT_002_LU.umap"
"SM2MD_STAIR_002_LU","room","3","点位示意","false","lush_pool_2","room:sm2md_stair_002_lu","Dungeons/Content/Spicewood/Maps/Procedural/lush_pool_2/SM2MD_STAIR_002_LU.umap"
"LG_C_FLAT_003_LU","room","5","点位示意","false","lush_pool_3","room:lg_c_flat_003_lu","Dungeons/Content/Spicewood/Maps/Procedural/lush_pool_3/LG_C_FLAT_003_LU.umap"
"LG_C_STAIR_003_LU","room","8","点位示意","false","lush_pool_3","room:lg_c_stair_003_lu","Dungeons/Content/Spicewood/Maps/Procedural/lush_pool_3/LG_C_STAIR_003_LU.umap"
"LG_DE_FLAT_003_LU","room","10","点位示意","false","lush_pool_3","room:lg_de_flat_003_lu","Dungeons/Content/Spicewood/Maps/Procedural/lush_pool_3/LG_DE_FLAT_003_LU.umap"
"LG_DE_STAIR_003_LU","room","4","点位示意","false","lush_pool_3","room:lg_de_stair_003_lu","Dungeons/Content/Spicewood/Maps/Procedural/lush_pool_3/LG_DE_STAIR_003_LU.umap"
"LG_L_FLAT_003_LU","room","4","点位示意","false","lush_pool_3","room:lg_l_flat_003_lu","Dungeons/Content/Spicewood/Maps/Procedural/lush_pool_3/LG_L_FLAT_003_LU.umap"
"LG_L_STAIR_003_LU","room","4","点位示意","false","lush_pool_3","room:lg_l_stair_003_lu","Dungeons/Content/Spicewood/Maps/Procedural/lush_pool_3/LG_L_STAIR_003_LU.umap"
"LG_QD_FLAT_003_LU","room","23","点位示意","false","lush_pool_3","room:lg_qd_flat_003_lu","Dungeons/Content/Spicewood/Maps/Procedural/lush_pool_3/LG_QD_FLAT_003_LU.umap"
"LG_QD_STAIR_003_LU","room","7","点位示意","false","lush_pool_3","room:lg_qd_stair_003_lu","Dungeons/Content/Spicewood/Maps/Procedural/lush_pool_3/LG_QD_STAIR_003_LU.umap"
"LG_R_FLAT_003_LU","room","5","点位示意","false","lush_pool_3","room:lg_r_flat_003_lu","Dungeons/Content/Spicewood/Maps/Procedural/lush_pool_3/LG_R_FLAT_003_LU.umap"
"LG_R_STAIR_003_LU","room","5","点位示意","false","lush_pool_3","room:lg_r_stair_003_lu","Dungeons/Content/Spicewood/Maps/Procedural/lush_pool_3/LG_R_STAIR_003_LU.umap"
"LG_T_FLAT_003_LU","room","6","点位示意","false","lush_pool_3","room:lg_t_flat_003_lu","Dungeons/Content/Spicewood/Maps/Procedural/lush_pool_3/LG_T_FLAT_003_LU.umap"
"LG_T_STAIR_003_LU","room","8","点位示意","false","lush_pool_3","room:lg_t_stair_003_lu","Dungeons/Content/Spicewood/Maps/Procedural/lush_pool_3/LG_T_STAIR_003_LU.umap"
"MC2SM_FLAT_003_LU","room","3","点位示意","false","lush_pool_3","room:mc2sm_flat_003_lu","Dungeons/Content/Spicewood/Maps/Procedural/lush_pool_3/MC2SM_FLAT_003_LU.umap"
"MC2SM_STAIR_003_LU","room","3","点位示意","false","lush_pool_3","room:mc2sm_stair_003_lu","Dungeons/Content/Spicewood/Maps/Procedural/lush_pool_3/MC2SM_STAIR_003_LU.umap"
"MD_C_FLAT_003_LU","room","4","点位示意","false","lush_pool_3","room:md_c_flat_003_lu","Dungeons/Content/Spicewood/Maps/Procedural/lush_pool_3/MD_C_FLAT_003_LU.umap"
"MD_C_STAIR_003_LU","room","7","点位示意","false","lush_pool_3","room:md_c_stair_003_lu","Dungeons/Content/Spicewood/Maps/Procedural/lush_pool_3/MD_C_STAIR_003_LU.umap"
"MD_DE_FLAT_003_LU","room","3","点位示意","false","lush_pool_3","room:md_de_flat_003_lu","Dungeons/Content/Spicewood/Maps/Procedural/lush_pool_3/MD_DE_FLAT_003_LU.umap"
"MD_DE_STAIR_003_LU","room","3","点位示意","false","lush_pool_3","room:md_de_stair_003_lu","Dungeons/Content/Spicewood/Maps/Procedural/lush_pool_3/MD_DE_STAIR_003_LU.umap"
"MD_L_FLAT_003_LU","room","4","点位示意","false","lush_pool_3","room:md_l_flat_003_lu","Dungeons/Content/Spicewood/Maps/Procedural/lush_pool_3/MD_L_FLAT_003_LU.umap"
"MD_L_STAIR_003_LU","room","10","点位示意","false","lush_pool_3","room:md_l_stair_003_lu","Dungeons/Content/Spicewood/Maps/Procedural/lush_pool_3/MD_L_STAIR_003_LU.umap"
"MD_QD_FLAT_003_LU","room","6","点位示意","false","lush_pool_3","room:md_qd_flat_003_lu","Dungeons/Content/Spicewood/Maps/Procedural/lush_pool_3/MD_QD_FLAT_003_LU.umap"
"MD_QD_STAIR_003_LU","room","6","点位示意","false","lush_pool_3","room:md_qd_stair_003_lu","Dungeons/Content/Spicewood/Maps/Procedural/lush_pool_3/MD_QD_STAIR_003_LU.umap"
"MD_R_FLAT_003_LU","room","4","点位示意","false","lush_pool_3","room:md_r_flat_003_lu","Dungeons/Content/Spicewood/Maps/Procedural/lush_pool_3/MD_R_FLAT_003_LU.umap"
"MD_R_STAIR_003_LU","room","4","点位示意","false","lush_pool_3","room:md_r_stair_003_lu","Dungeons/Content/Spicewood/Maps/Procedural/lush_pool_3/MD_R_STAIR_003_LU.umap"
"MD_T_FLAT_003_LU","room","5","点位示意","false","lush_pool_3","room:md_t_flat_003_lu","Dungeons/Content/Spicewood/Maps/Procedural/lush_pool_3/MD_T_FLAT_003_LU.umap"
"MD_T_STAIR_003_LU","room","12","点位示意","false","lush_pool_3","room:md_t_stair_003_lu","Dungeons/Content/Spicewood/Maps/Procedural/lush_pool_3/MD_T_STAIR_003_LU.umap"
"MD2LG_FLAT_003_LU","room","11","点位示意","false","lush_pool_3","room:md2lg_flat_003_lu","Dungeons/Content/Spicewood/Maps/Procedural/lush_pool_3/MD2LG_FLAT_003_LU.umap"
"MD2LG_STAIR_003_LU","room","12","点位示意","false","lush_pool_3","room:md2lg_stair_003_lu","Dungeons/Content/Spicewood/Maps/Procedural/lush_pool_3/MD2LG_STAIR_003_LU.umap"
"SM_C_FLAT_003_LU","room","3","点位示意","false","lush_pool_3","room:sm_c_flat_003_lu","Dungeons/Content/Spicewood/Maps/Procedural/lush_pool_3/SM_C_FLAT_003_LU.umap"
"SM_C_STAIR_003_LU","room","3","点位示意","false","lush_pool_3","room:sm_c_stair_003_lu","Dungeons/Content/Spicewood/Maps/Procedural/lush_pool_3/SM_C_STAIR_003_LU.umap"
"SM_DE_FLAT_003_LU","room","2","点位示意","false","lush_pool_3","room:sm_de_flat_003_lu","Dungeons/Content/Spicewood/Maps/Procedural/lush_pool_3/SM_DE_FLAT_003_LU.umap"
"SM_DE_STAIR_003_LU","room","2","点位示意","false","lush_pool_3","room:sm_de_stair_003_lu","Dungeons/Content/Spicewood/Maps/Procedural/lush_pool_3/SM_DE_STAIR_003_LU.umap"
"SM_L_FLAT_003_LU","room","3","点位示意","false","lush_pool_3","room:sm_l_flat_003_lu","Dungeons/Content/Spicewood/Maps/Procedural/lush_pool_3/SM_L_FLAT_003_LU.umap"
"SM_L_STAIR_003_LU","room","3","点位示意","false","lush_pool_3","room:sm_l_stair_003_lu","Dungeons/Content/Spicewood/Maps/Procedural/lush_pool_3/SM_L_STAIR_003_LU.umap"
"SM_QD_FLAT_003_LU","room","5","点位示意","false","lush_pool_3","room:sm_qd_flat_003_lu","Dungeons/Content/Spicewood/Maps/Procedural/lush_pool_3/SM_QD_FLAT_003_LU.umap"
"SM_QD_STAIR_003_LU","room","5","点位示意","false","lush_pool_3","room:sm_qd_stair_003_lu","Dungeons/Content/Spicewood/Maps/Procedural/lush_pool_3/SM_QD_STAIR_003_LU.umap"
"SM_R_FLAT_003_LU","room","3","点位示意","false","lush_pool_3","room:sm_r_flat_003_lu","Dungeons/Content/Spicewood/Maps/Procedural/lush_pool_3/SM_R_FLAT_003_LU.umap"
"SM_R_STAIR_003_LU","room","3","点位示意","false","lush_pool_3","room:sm_r_stair_003_lu","Dungeons/Content/Spicewood/Maps/Procedural/lush_pool_3/SM_R_STAIR_003_LU.umap"
"SM_T_FLAT_003_LU","room","4","点位示意","false","lush_pool_3","room:sm_t_flat_003_lu","Dungeons/Content/Spicewood/Maps/Procedural/lush_pool_3/SM_T_FLAT_003_LU.umap"
"SM_T_STAIR_003_LU","room","4","点位示意","false","lush_pool_3","room:sm_t_stair_003_lu","Dungeons/Content/Spicewood/Maps/Procedural/lush_pool_3/SM_T_STAIR_003_LU.umap"
"SM2MD_FLAT_003_LU","room","4","点位示意","false","lush_pool_3","room:sm2md_flat_003_lu","Dungeons/Content/Spicewood/Maps/Procedural/lush_pool_3/SM2MD_FLAT_003_LU.umap"
"SM2MD_STAIR_003_LU","room","4","点位示意","false","lush_pool_3","room:sm2md_stair_003_lu","Dungeons/Content/Spicewood/Maps/Procedural/lush_pool_3/SM2MD_STAIR_003_LU.umap"
"Mansion_Anchors_001_Tiles","room","0","点位示意","false","Mansion_Anchors_001_Tiles.umap","room:mansion_anchors_001_tiles","Dungeons/Content/Spicewood/Maps/Procedural/Mansion_Anchors_001_Tiles.umap"
"WM_ANC_001","room","24","点位示意","false","Mansion_Anchors_001","room:wm_anc_001","Dungeons/Content/Spicewood/Maps/Procedural/Mansion_Anchors_001/WM_ANC_001.umap"
"WM_ANC_002-1","room","5","点位示意","false","Mansion_Anchors_001","room:wm_anc_002-1","Dungeons/Content/Spicewood/Maps/Procedural/Mansion_Anchors_001/WM_ANC_002-1.umap"
"WM_ANC_002-2","room","1","点位示意","false","Mansion_Anchors_001","room:wm_anc_002-2","Dungeons/Content/Spicewood/Maps/Procedural/Mansion_Anchors_001/WM_ANC_002-2.umap"
"WM_ANC_002-3","room","1","点位示意","false","Mansion_Anchors_001","room:wm_anc_002-3","Dungeons/Content/Spicewood/Maps/Procedural/Mansion_Anchors_001/WM_ANC_002-3.umap"
"WM_ANC_002-4","room","3","点位示意","false","Mansion_Anchors_001","room:wm_anc_002-4","Dungeons/Content/Spicewood/Maps/Procedural/Mansion_Anchors_001/WM_ANC_002-4.umap"
"WM_ANC_002-5","room","0","点位示意","false","Mansion_Anchors_001","room:wm_anc_002-5","Dungeons/Content/Spicewood/Maps/Procedural/Mansion_Anchors_001/WM_ANC_002-5.umap"
"WM_ANC_002-6","room","1","点位示意","false","Mansion_Anchors_001","room:wm_anc_002-6","Dungeons/Content/Spicewood/Maps/Procedural/Mansion_Anchors_001/WM_ANC_002-6.umap"
"WM_ANC_003","room","8","点位示意","false","Mansion_Anchors_001","room:wm_anc_003","Dungeons/Content/Spicewood/Maps/Procedural/Mansion_Anchors_001/WM_ANC_003.umap"
"Anc_DE_L_WM_001","room","1","点位示意","false","Mansion_Pool_1","room:anc_de_l_wm_001","Dungeons/Content/Spicewood/Maps/Procedural/Mansion_Pool_1/Anc_DE_L_WM_001.umap"
"Anc_DE_L_WM_002","room","1","点位示意","false","Mansion_Pool_1","room:anc_de_l_wm_002","Dungeons/Content/Spicewood/Maps/Procedural/Mansion_Pool_1/Anc_DE_L_WM_002.umap"
"Anc_DE_L_WM_003","room","1","点位示意","false","Mansion_Pool_1","room:anc_de_l_wm_003","Dungeons/Content/Spicewood/Maps/Procedural/Mansion_Pool_1/Anc_DE_L_WM_003.umap"
"Anc_DE_L_WM_004","room","0","点位示意","false","Mansion_Pool_1","room:anc_de_l_wm_004","Dungeons/Content/Spicewood/Maps/Procedural/Mansion_Pool_1/Anc_DE_L_WM_004.umap"
"Anc_DE_R_WM_001","room","1","点位示意","false","Mansion_Pool_1","room:anc_de_r_wm_001","Dungeons/Content/Spicewood/Maps/Procedural/Mansion_Pool_1/Anc_DE_R_WM_001.umap"
"Anc_DE_R_WM_002","room","1","点位示意","false","Mansion_Pool_1","room:anc_de_r_wm_002","Dungeons/Content/Spicewood/Maps/Procedural/Mansion_Pool_1/Anc_DE_R_WM_002.umap"
"Anc_DE_R_WM_003","room","0","点位示意","false","Mansion_Pool_1","room:anc_de_r_wm_003","Dungeons/Content/Spicewood/Maps/Procedural/Mansion_Pool_1/Anc_DE_R_WM_003.umap"
"Anc_DE_R_WM_004","room","1","点位示意","false","Mansion_Pool_1","room:anc_de_r_wm_004","Dungeons/Content/Spicewood/Maps/Procedural/Mansion_Pool_1/Anc_DE_R_WM_004.umap"
"Anc_DE_Secret_WM_001","room","2","点位示意","false","Mansion_Pool_1","room:anc_de_secret_wm_001","Dungeons/Content/Spicewood/Maps/Procedural/Mansion_Pool_1/Anc_DE_Secret_WM_001.umap"
"Anc_DE_Secret_WM_002","room","1","点位示意","false","Mansion_Pool_1","room:anc_de_secret_wm_002","Dungeons/Content/Spicewood/Maps/Procedural/Mansion_Pool_1/Anc_DE_Secret_WM_002.umap"
"Anc_DE_Secret_WM_003","room","1","点位示意","false","Mansion_Pool_1","room:anc_de_secret_wm_003","Dungeons/Content/Spicewood/Maps/Procedural/Mansion_Pool_1/Anc_DE_Secret_WM_003.umap"
"Anc_DE_Secret_WM_004","room","1","点位示意","false","Mansion_Pool_1","room:anc_de_secret_wm_004","Dungeons/Content/Spicewood/Maps/Procedural/Mansion_Pool_1/Anc_DE_Secret_WM_004.umap"
"Anc_DE_Side_WM_001","room","1","点位示意","false","Mansion_Pool_1","room:anc_de_side_wm_001","Dungeons/Content/Spicewood/Maps/Procedural/Mansion_Pool_1/Anc_DE_Side_WM_001.umap"
"Anc_DE_Side_WM_002","room","1","点位示意","false","Mansion_Pool_1","room:anc_de_side_wm_002","Dungeons/Content/Spicewood/Maps/Procedural/Mansion_Pool_1/Anc_DE_Side_WM_002.umap"
"Anc_DE_Side_WM_003","room","2","点位示意","false","Mansion_Pool_1","room:anc_de_side_wm_003","Dungeons/Content/Spicewood/Maps/Procedural/Mansion_Pool_1/Anc_DE_Side_WM_003.umap"
"Anc_DE_Side_WM_004","room","1","点位示意","false","Mansion_Pool_1","room:anc_de_side_wm_004","Dungeons/Content/Spicewood/Maps/Procedural/Mansion_Pool_1/Anc_DE_Side_WM_004.umap"
"Anc_SP_C_Flat_WM_001","room","2","点位示意","false","Mansion_Pool_1","room:anc_sp_c_flat_wm_001","Dungeons/Content/Spicewood/Maps/Procedural/Mansion_Pool_1/Anc_SP_C_Flat_WM_001.umap"
"Anc_SP_C_Flat_WM_002","room","2","点位示意","false","Mansion_Pool_1","room:anc_sp_c_flat_wm_002","Dungeons/Content/Spicewood/Maps/Procedural/Mansion_Pool_1/Anc_SP_C_Flat_WM_002.umap"
"Anc_SP_C_Flat_WM_003","room","2","点位示意","false","Mansion_Pool_1","room:anc_sp_c_flat_wm_003","Dungeons/Content/Spicewood/Maps/Procedural/Mansion_Pool_1/Anc_SP_C_Flat_WM_003.umap"
"Anc_SP_C_Flat_WM_004","room","2","点位示意","false","Mansion_Pool_1","room:anc_sp_c_flat_wm_004","Dungeons/Content/Spicewood/Maps/Procedural/Mansion_Pool_1/Anc_SP_C_Flat_WM_004.umap"
"Anc_SP_U_Stair_WM_001","room","3","点位示意","false","Mansion_Pool_1","room:anc_sp_u_stair_wm_001","Dungeons/Content/Spicewood/Maps/Procedural/Mansion_Pool_1/Anc_SP_U_Stair_WM_001.umap"
"Anc_SP_U_Stair_WM_002","room","4","点位示意","false","Mansion_Pool_1","room:anc_sp_u_stair_wm_002","Dungeons/Content/Spicewood/Maps/Procedural/Mansion_Pool_1/Anc_SP_U_Stair_WM_002.umap"
"MD_C_Flat_WM_001","room","0","点位示意","false","Mansion_Pool_1","room:md_c_flat_wm_001","Dungeons/Content/Spicewood/Maps/Procedural/Mansion_Pool_1/MD_C_Flat_WM_001.umap"
"MD_DE_Arena_001_WM","room","0","点位示意","false","Mansion_Pool_1","room:md_de_arena_001_wm","Dungeons/Content/Spicewood/Maps/Procedural/Mansion_Pool_1/MD_DE_Arena_001_WM.umap"
"MD_DE_Armoury_001_WM","room","1","点位示意","false","Mansion_Pool_1","room:md_de_armoury_001_wm","Dungeons/Content/Spicewood/Maps/Procedural/Mansion_Pool_1/MD_DE_Armoury_001_WM.umap"
"MD_DE_Armoury_002_WM","room","2","点位示意","false","Mansion_Pool_1","room:md_de_armoury_002_wm","Dungeons/Content/Spicewood/Maps/Procedural/Mansion_Pool_1/MD_DE_Armoury_002_WM.umap"
"MD_DE_Blacksmith_001_WM","room","2","点位示意","false","Mansion_Pool_1","room:md_de_blacksmith_001_wm","Dungeons/Content/Spicewood/Maps/Procedural/Mansion_Pool_1/MD_DE_Blacksmith_001_WM.umap"
"MD_DE_Blacksmith_002_WM","room","2","点位示意","false","Mansion_Pool_1","room:md_de_blacksmith_002_wm","Dungeons/Content/Spicewood/Maps/Procedural/Mansion_Pool_1/MD_DE_Blacksmith_002_WM.umap"
"MD_DE_DiningRoom_001_WM","room","2","点位示意","false","Mansion_Pool_1","room:md_de_diningroom_001_wm","Dungeons/Content/Spicewood/Maps/Procedural/Mansion_Pool_1/MD_DE_DiningRoom_001_WM.umap"
"MD_DE_DiningRoom_002_WM","room","1","点位示意","false","Mansion_Pool_1","room:md_de_diningroom_002_wm","Dungeons/Content/Spicewood/Maps/Procedural/Mansion_Pool_1/MD_DE_DiningRoom_002_WM.umap"
"MD_DE_DiningRoom_003_WM","room","1","点位示意","false","Mansion_Pool_1","room:md_de_diningroom_003_wm","Dungeons/Content/Spicewood/Maps/Procedural/Mansion_Pool_1/MD_DE_DiningRoom_003_WM.umap"
"MD_DE_FakePortal_001_WM","room","0","点位示意","false","Mansion_Pool_1","room:md_de_fakeportal_001_wm","Dungeons/Content/Spicewood/Maps/Procedural/Mansion_Pool_1/MD_DE_FakePortal_001_WM.umap"
"MD_DE_Farm_001_WM","room","2","点位示意","false","Mansion_Pool_1","room:md_de_farm_001_wm","Dungeons/Content/Spicewood/Maps/Procedural/Mansion_Pool_1/MD_DE_Farm_001_WM.umap"
"MD_DE_Farm_002_WM","room","1","点位示意","false","Mansion_Pool_1","room:md_de_farm_002_wm","Dungeons/Content/Spicewood/Maps/Procedural/Mansion_Pool_1/MD_DE_Farm_002_WM.umap"
"MD_DE_Farm_003_WM","room","0","点位示意","false","Mansion_Pool_1","room:md_de_farm_003_wm","Dungeons/Content/Spicewood/Maps/Procedural/Mansion_Pool_1/MD_DE_Farm_003_WM.umap"
"MD_DE_Jail_001_WM","room","2","点位示意","false","Mansion_Pool_1","room:md_de_jail_001_wm","Dungeons/Content/Spicewood/Maps/Procedural/Mansion_Pool_1/MD_DE_Jail_001_WM.umap"
"MD_DE_Jail_002_WM","room","2","点位示意","false","Mansion_Pool_1","room:md_de_jail_002_wm","Dungeons/Content/Spicewood/Maps/Procedural/Mansion_Pool_1/MD_DE_Jail_002_WM.umap"
"MD_DE_LavaRoom_001_WM","room","2","点位示意","false","Mansion_Pool_1","room:md_de_lavaroom_001_wm","Dungeons/Content/Spicewood/Maps/Procedural/Mansion_Pool_1/MD_DE_LavaRoom_001_WM.umap"
"MD_DE_LavaRoom_002_WM","room","0","点位示意","false","Mansion_Pool_1","room:md_de_lavaroom_002_wm","Dungeons/Content/Spicewood/Maps/Procedural/Mansion_Pool_1/MD_DE_LavaRoom_002_WM.umap"
"MD_DE_Library_001_WM","room","2","点位示意","false","Mansion_Pool_1","room:md_de_library_001_wm","Dungeons/Content/Spicewood/Maps/Procedural/Mansion_Pool_1/MD_DE_Library_001_WM.umap"
"MD_DE_Library_002_WM","room","2","点位示意","false","Mansion_Pool_1","room:md_de_library_002_wm","Dungeons/Content/Spicewood/Maps/Procedural/Mansion_Pool_1/MD_DE_Library_002_WM.umap"
"MD_DE_Library_003_WM","room","2","点位示意","false","Mansion_Pool_1","room:md_de_library_003_wm","Dungeons/Content/Spicewood/Maps/Procedural/Mansion_Pool_1/MD_DE_Library_003_WM.umap"
"MD_DE_Library_004_WM","room","1","点位示意","false","Mansion_Pool_1","room:md_de_library_004_wm","Dungeons/Content/Spicewood/Maps/Procedural/Mansion_Pool_1/MD_DE_Library_004_WM.umap"
"MD_DE_Library_005_WM","room","2","点位示意","false","Mansion_Pool_1","room:md_de_library_005_wm","Dungeons/Content/Spicewood/Maps/Procedural/Mansion_Pool_1/MD_DE_Library_005_WM.umap"
"MD_DE_Library_006_WM","room","2","点位示意","false","Mansion_Pool_1","room:md_de_library_006_wm","Dungeons/Content/Spicewood/Maps/Procedural/Mansion_Pool_1/MD_DE_Library_006_WM.umap"
"MD_DE_MapRoom_001_WM","room","2","点位示意","false","Mansion_Pool_1","room:md_de_maproom_001_wm","Dungeons/Content/Spicewood/Maps/Procedural/Mansion_Pool_1/MD_DE_MapRoom_001_WM.umap"
"MD_DE_MapRoom_002_WM","room","1","点位示意","false","Mansion_Pool_1","room:md_de_maproom_002_wm","Dungeons/Content/Spicewood/Maps/Procedural/Mansion_Pool_1/MD_DE_MapRoom_002_WM.umap"
"MD_DE_Statue_001_WM","room","0","点位示意","false","Mansion_Pool_1","room:md_de_statue_001_wm","Dungeons/Content/Spicewood/Maps/Procedural/Mansion_Pool_1/MD_DE_Statue_001_WM.umap"
"MD_DE_Statue_002_WM","room","1","点位示意","false","Mansion_Pool_1","room:md_de_statue_002_wm","Dungeons/Content/Spicewood/Maps/Procedural/Mansion_Pool_1/MD_DE_Statue_002_WM.umap"
"MD_DE_Statue_003_WM","room","0","点位示意","false","Mansion_Pool_1","room:md_de_statue_003_wm","Dungeons/Content/Spicewood/Maps/Procedural/Mansion_Pool_1/MD_DE_Statue_003_WM.umap"
"MD_DE_Storage_001_WM","room","2","点位示意","false","Mansion_Pool_1","room:md_de_storage_001_wm","Dungeons/Content/Spicewood/Maps/Procedural/Mansion_Pool_1/MD_DE_Storage_001_WM.umap"
"MD_DE_Storage_002_WM","room","2","点位示意","false","Mansion_Pool_1","room:md_de_storage_002_wm","Dungeons/Content/Spicewood/Maps/Procedural/Mansion_Pool_1/MD_DE_Storage_002_WM.umap"
"MD_DE_Storage_003_WM","room","2","点位示意","false","Mansion_Pool_1","room:md_de_storage_003_wm","Dungeons/Content/Spicewood/Maps/Procedural/Mansion_Pool_1/MD_DE_Storage_003_WM.umap"
"MD_DE_Storage_004_WM","room","2","点位示意","false","Mansion_Pool_1","room:md_de_storage_004_wm","Dungeons/Content/Spicewood/Maps/Procedural/Mansion_Pool_1/MD_DE_Storage_004_WM.umap"
"MD_DE_Storage_005_WM","room","2","点位示意","false","Mansion_Pool_1","room:md_de_storage_005_wm","Dungeons/Content/Spicewood/Maps/Procedural/Mansion_Pool_1/MD_DE_Storage_005_WM.umap"
"MD_QD_Flat_WM_001","room","0","点位示意","false","Mansion_Pool_1","room:md_qd_flat_wm_001","Dungeons/Content/Spicewood/Maps/Procedural/Mansion_Pool_1/MD_QD_Flat_WM_001.umap"
"MD_T_Flat_WM_001","room","0","点位示意","false","Mansion_Pool_1","room:md_t_flat_wm_001","Dungeons/Content/Spicewood/Maps/Procedural/Mansion_Pool_1/MD_T_Flat_WM_001.umap"
"Mansion_Pool_2","room","0","点位示意","false","Mansion_Pool_2.umap","room:mansion_pool_2","Dungeons/Content/Spicewood/Maps/Procedural/Mansion_Pool_2.umap"
"LG_C_STAIR_001_WM","room","7","点位示意","false","Mansion_Pool_2","room:lg_c_stair_001_wm","Dungeons/Content/Spicewood/Maps/Procedural/Mansion_Pool_2/LG_C_STAIR_001_WM.umap"
"LG_C_STAIR_002_WM","room","7","点位示意","false","Mansion_Pool_2","room:lg_c_stair_002_wm","Dungeons/Content/Spicewood/Maps/Procedural/Mansion_Pool_2/LG_C_STAIR_002_WM.umap"
"LG_C_STAIR_003_WM","room","7","点位示意","false","Mansion_Pool_2","room:lg_c_stair_003_wm","Dungeons/Content/Spicewood/Maps/Procedural/Mansion_Pool_2/LG_C_STAIR_003_WM.umap"
"LG_C_STAIR_004_WM","room","6","点位示意","false","Mansion_Pool_2","room:lg_c_stair_004_wm","Dungeons/Content/Spicewood/Maps/Procedural/Mansion_Pool_2/LG_C_STAIR_004_WM.umap"
"LG_C_STAIR_005_WM","room","9","点位示意","false","Mansion_Pool_2","room:lg_c_stair_005_wm","Dungeons/Content/Spicewood/Maps/Procedural/Mansion_Pool_2/LG_C_STAIR_005_WM.umap"
"LG_C_STAIR_006_WM","room","7","点位示意","false","Mansion_Pool_2","room:lg_c_stair_006_wm","Dungeons/Content/Spicewood/Maps/Procedural/Mansion_Pool_2/LG_C_STAIR_006_WM.umap"
"LG_C_STAIR_007_WM","room","5","点位示意","false","Mansion_Pool_2","room:lg_c_stair_007_wm","Dungeons/Content/Spicewood/Maps/Procedural/Mansion_Pool_2/LG_C_STAIR_007_WM.umap"
"LG_C_STAIR_008_WM","room","5","点位示意","false","Mansion_Pool_2","room:lg_c_stair_008_wm","Dungeons/Content/Spicewood/Maps/Procedural/Mansion_Pool_2/LG_C_STAIR_008_WM.umap"
"LG_C_STAIR_009_WM","room","2","点位示意","false","Mansion_Pool_2","room:lg_c_stair_009_wm","Dungeons/Content/Spicewood/Maps/Procedural/Mansion_Pool_2/LG_C_STAIR_009_WM.umap"
"LG_C_STAIR_010_WM","room","2","点位示意","false","Mansion_Pool_2","room:lg_c_stair_010_wm","Dungeons/Content/Spicewood/Maps/Procedural/Mansion_Pool_2/LG_C_STAIR_010_WM.umap"
"LG_C_STAIR_011_WM","room","2","点位示意","false","Mansion_Pool_2","room:lg_c_stair_011_wm","Dungeons/Content/Spicewood/Maps/Procedural/Mansion_Pool_2/LG_C_STAIR_011_WM.umap"
"LG_C_STAIR_012_WM","room","2","点位示意","false","Mansion_Pool_2","room:lg_c_stair_012_wm","Dungeons/Content/Spicewood/Maps/Procedural/Mansion_Pool_2/LG_C_STAIR_012_WM.umap"
"LG_R_STAIR_001_WM","room","5","点位示意","false","Mansion_Pool_2","room:lg_r_stair_001_wm","Dungeons/Content/Spicewood/Maps/Procedural/Mansion_Pool_2/LG_R_STAIR_001_WM.umap"
"LG_R_STAIR_002_WM","room","7","点位示意","false","Mansion_Pool_2","room:lg_r_stair_002_wm","Dungeons/Content/Spicewood/Maps/Procedural/Mansion_Pool_2/LG_R_STAIR_002_WM.umap"
"LG_R_STAIR_003_WM","room","7","点位示意","false","Mansion_Pool_2","room:lg_r_stair_003_wm","Dungeons/Content/Spicewood/Maps/Procedural/Mansion_Pool_2/LG_R_STAIR_003_WM.umap"
"LG_R_STAIR_004_WM","room","8","点位示意","false","Mansion_Pool_2","room:lg_r_stair_004_wm","Dungeons/Content/Spicewood/Maps/Procedural/Mansion_Pool_2/LG_R_STAIR_004_WM.umap"
"LG_R_STAIR_005_WM","room","6","点位示意","false","Mansion_Pool_2","room:lg_r_stair_005_wm","Dungeons/Content/Spicewood/Maps/Procedural/Mansion_Pool_2/LG_R_STAIR_005_WM.umap"
"LG_R_STAIR_006_WM","room","6","点位示意","false","Mansion_Pool_2","room:lg_r_stair_006_wm","Dungeons/Content/Spicewood/Maps/Procedural/Mansion_Pool_2/LG_R_STAIR_006_WM.umap"
"LG_R_STAIR_007_WM","room","5","点位示意","false","Mansion_Pool_2","room:lg_r_stair_007_wm","Dungeons/Content/Spicewood/Maps/Procedural/Mansion_Pool_2/LG_R_STAIR_007_WM.umap"
"LG_R_STAIR_008_WM","room","5","点位示意","false","Mansion_Pool_2","room:lg_r_stair_008_wm","Dungeons/Content/Spicewood/Maps/Procedural/Mansion_Pool_2/LG_R_STAIR_008_WM.umap"
"SM_DE_FLAT_001_WM","room","1","点位示意","false","Mansion_Pool_2","room:sm_de_flat_001_wm","Dungeons/Content/Spicewood/Maps/Procedural/Mansion_Pool_2/SM_DE_FLAT_001_WM.umap"
"SM_DE_FLAT_002_WM","room","1","点位示意","false","Mansion_Pool_2","room:sm_de_flat_002_wm","Dungeons/Content/Spicewood/Maps/Procedural/Mansion_Pool_2/SM_DE_FLAT_002_WM.umap"
"SM_DE_FLAT_003_WM","room","1","点位示意","false","Mansion_Pool_2","room:sm_de_flat_003_wm","Dungeons/Content/Spicewood/Maps/Procedural/Mansion_Pool_2/SM_DE_FLAT_003_WM.umap"
"SM_DE_FLAT_004_WM","room","1","点位示意","false","Mansion_Pool_2","room:sm_de_flat_004_wm","Dungeons/Content/Spicewood/Maps/Procedural/Mansion_Pool_2/SM_DE_FLAT_004_WM.umap"
"SM_DE_FLAT_005_WM","room","1","点位示意","false","Mansion_Pool_2","room:sm_de_flat_005_wm","Dungeons/Content/Spicewood/Maps/Procedural/Mansion_Pool_2/SM_DE_FLAT_005_WM.umap"
"SM_DE_FLAT_006_WM","room","1","点位示意","false","Mansion_Pool_2","room:sm_de_flat_006_wm","Dungeons/Content/Spicewood/Maps/Procedural/Mansion_Pool_2/SM_DE_FLAT_006_WM.umap"
"SM_DE_FLAT_007_WM","room","1","点位示意","false","Mansion_Pool_2","room:sm_de_flat_007_wm","Dungeons/Content/Spicewood/Maps/Procedural/Mansion_Pool_2/SM_DE_FLAT_007_WM.umap"
"SM_DE_FLAT_008_WM","room","0","点位示意","false","Mansion_Pool_2","room:sm_de_flat_008_wm","Dungeons/Content/Spicewood/Maps/Procedural/Mansion_Pool_2/SM_DE_FLAT_008_WM.umap"
"Meadow_Anchor_001_Tiles","room","0","点位示意","false","Meadow_Anchor_001_Tiles.umap","room:meadow_anchor_001_tiles","Dungeons/Content/Spicewood/Maps/Procedural/Meadow_Anchor_001_Tiles.umap"
"OS_MW_ANC_004","room","0","点位示意","false","meadow_anchor_001","room:os_mw_anc_004","Dungeons/Content/Spicewood/Maps/Procedural/meadow_anchor_001/OS_MW_ANC_004.umap"
"OS_MW_ANC_014","room","0","点位示意","false","meadow_anchor_001","room:os_mw_anc_014","Dungeons/Content/Spicewood/Maps/Procedural/meadow_anchor_001/OS_MW_ANC_014.umap"
"Meadow_Anchor_002_Tiles","room","0","点位示意","false","Meadow_Anchor_002_Tiles.umap","room:meadow_anchor_002_tiles","Dungeons/Content/Spicewood/Maps/Procedural/Meadow_Anchor_002_Tiles.umap"
"MW_ANC_007","room","4","点位示意","false","meadow_anchor_002","room:mw_anc_007","Dungeons/Content/Spicewood/Maps/Procedural/meadow_anchor_002/MW_ANC_007.umap"
"MW_ANC_012","room","2","点位示意","false","meadow_anchor_002","room:mw_anc_012","Dungeons/Content/Spicewood/Maps/Procedural/meadow_anchor_002/MW_ANC_012.umap"
"MW_LM_001","room","2","点位示意","false","meadow_anchor_002","room:mw_lm_001","Dungeons/Content/Spicewood/Maps/Procedural/meadow_anchor_002/MW_LM_001.umap"
"MW_LOOT_001","room","0","点位示意","false","meadow_anchor_002","room:mw_loot_001","Dungeons/Content/Spicewood/Maps/Procedural/meadow_anchor_002/MW_LOOT_001.umap"
"Meadow_Anchor_Boss_Tiles","room","0","点位示意","false","Meadow_Anchor_Boss_Tiles.umap","room:meadow_anchor_boss_tiles","Dungeons/Content/Spicewood/Maps/Procedural/Meadow_Anchor_Boss_Tiles.umap"
"Meadow_Pool_1_Tiles","room","0","点位示意","false","Meadow_Pool_1_Tiles.umap","room:meadow_pool_1_tiles","Dungeons/Content/Spicewood/Maps/Procedural/Meadow_Pool_1_Tiles.umap"
"LG_DE_STAIR_001_MW","room","8","点位示意","false","meadow_pool_1","room:lg_de_stair_001_mw","Dungeons/Content/Spicewood/Maps/Procedural/meadow_pool_1/LG_DE_STAIR_001_MW.umap"
"LG_L_FLAT_001_MW","room","7","点位示意","false","meadow_pool_1","room:lg_l_flat_001_mw","Dungeons/Content/Spicewood/Maps/Procedural/meadow_pool_1/LG_L_FLAT_001_MW.umap"
"LG_L_STAIR_GMK_001_MW","room","5","点位示意","false","meadow_pool_1","room:lg_l_stair_gmk_001_mw","Dungeons/Content/Spicewood/Maps/Procedural/meadow_pool_1/LG_L_STAIR_GMK_001_MW.umap"
"LG_L_STAIR_GMK_002_MW","room","7","点位示意","false","meadow_pool_1","room:lg_l_stair_gmk_002_mw","Dungeons/Content/Spicewood/Maps/Procedural/meadow_pool_1/LG_L_STAIR_GMK_002_MW.umap"
"LG_L_STAIR_GMK_003_MW","room","6","点位示意","false","meadow_pool_1","room:lg_l_stair_gmk_003_mw","Dungeons/Content/Spicewood/Maps/Procedural/meadow_pool_1/LG_L_STAIR_GMK_003_MW.umap"
"LG_L_STAIR_GMK_004_MW","room","4","点位示意","false","meadow_pool_1","room:lg_l_stair_gmk_004_mw","Dungeons/Content/Spicewood/Maps/Procedural/meadow_pool_1/LG_L_STAIR_GMK_004_MW.umap"
"LG_QD_FLAT_001_MW","room","5","点位示意","false","meadow_pool_1","room:lg_qd_flat_001_mw","Dungeons/Content/Spicewood/Maps/Procedural/meadow_pool_1/LG_QD_FLAT_001_MW.umap"
"LG_QD_STAIR_001_MW","room","5","点位示意","false","meadow_pool_1","room:lg_qd_stair_001_mw","Dungeons/Content/Spicewood/Maps/Procedural/meadow_pool_1/LG_QD_STAIR_001_MW.umap"
"LG_R_STAIR_001_MW","room","3","点位示意","false","meadow_pool_1","room:lg_r_stair_001_mw","Dungeons/Content/Spicewood/Maps/Procedural/meadow_pool_1/LG_R_STAIR_001_MW.umap"
"LG_R_STAIR_GMK_001_MW","room","6","点位示意","false","meadow_pool_1","room:lg_r_stair_gmk_001_mw","Dungeons/Content/Spicewood/Maps/Procedural/meadow_pool_1/LG_R_STAIR_GMK_001_MW.umap"
"LG_R_STAIR_GMK_002_MW","room","4","点位示意","false","meadow_pool_1","room:lg_r_stair_gmk_002_mw","Dungeons/Content/Spicewood/Maps/Procedural/meadow_pool_1/LG_R_STAIR_GMK_002_MW.umap"
"LG_S_STAIR_GMK_001_MW","room","5","点位示意","false","meadow_pool_1","room:lg_s_stair_gmk_001_mw","Dungeons/Content/Spicewood/Maps/Procedural/meadow_pool_1/LG_S_STAIR_GMK_001_MW.umap"
"LG_T_STAIR_001_MW","room","5","点位示意","false","meadow_pool_1","room:lg_t_stair_001_mw","Dungeons/Content/Spicewood/Maps/Procedural/meadow_pool_1/LG_T_STAIR_001_MW.umap"
"MC_C_FLAT_001_MW","room","0","点位示意","false","meadow_pool_1","room:mc_c_flat_001_mw","Dungeons/Content/Spicewood/Maps/Procedural/meadow_pool_1/MC_C_FLAT_001_MW.umap"
"MC_DE_FLAT_001_MW","room","0","点位示意","false","meadow_pool_1","room:mc_de_flat_001_mw","Dungeons/Content/Spicewood/Maps/Procedural/meadow_pool_1/MC_DE_FLAT_001_MW.umap"
"MC_L_FLAT_001_MW","room","0","点位示意","false","meadow_pool_1","room:mc_l_flat_001_mw","Dungeons/Content/Spicewood/Maps/Procedural/meadow_pool_1/MC_L_FLAT_001_MW.umap"
"MC_QD_FLAT_001_MW","room","0","点位示意","false","meadow_pool_1","room:mc_qd_flat_001_mw","Dungeons/Content/Spicewood/Maps/Procedural/meadow_pool_1/MC_QD_FLAT_001_MW.umap"
"MC_R_FLAT_001_MW","room","0","点位示意","false","meadow_pool_1","room:mc_r_flat_001_mw","Dungeons/Content/Spicewood/Maps/Procedural/meadow_pool_1/MC_R_FLAT_001_MW.umap"
"MC_T_FLAT_001_MW","room","0","点位示意","false","meadow_pool_1","room:mc_t_flat_001_mw","Dungeons/Content/Spicewood/Maps/Procedural/meadow_pool_1/MC_T_FLAT_001_MW.umap"
"MC2SM_FLAT_001_MW","room","0","点位示意","false","meadow_pool_1","room:mc2sm_flat_001_mw","Dungeons/Content/Spicewood/Maps/Procedural/meadow_pool_1/MC2SM_FLAT_001_MW.umap"
"MC2SM_STAIR_001_MW","room","0","点位示意","false","meadow_pool_1","room:mc2sm_stair_001_mw","Dungeons/Content/Spicewood/Maps/Procedural/meadow_pool_1/MC2SM_STAIR_001_MW.umap"
"MD_C_FLAT_001_MW","room","2","点位示意","false","meadow_pool_1","room:md_c_flat_001_mw","Dungeons/Content/Spicewood/Maps/Procedural/meadow_pool_1/MD_C_FLAT_001_MW.umap"
"MD_QD_FLAT_001_MW","room","7","点位示意","false","meadow_pool_1","room:md_qd_flat_001_mw","Dungeons/Content/Spicewood/Maps/Procedural/meadow_pool_1/MD_QD_FLAT_001_MW.umap"
"MD_QD_STAIR_001_MW","room","2","点位示意","false","meadow_pool_1","room:md_qd_stair_001_mw","Dungeons/Content/Spicewood/Maps/Procedural/meadow_pool_1/MD_QD_STAIR_001_MW.umap"
"MD_R_FLAT_001_MW","room","0","点位示意","false","meadow_pool_1","room:md_r_flat_001_mw","Dungeons/Content/Spicewood/Maps/Procedural/meadow_pool_1/MD_R_FLAT_001_MW.umap"
"MD_T_FLAT_001_MW","room","0","点位示意","false","meadow_pool_1","room:md_t_flat_001_mw","Dungeons/Content/Spicewood/Maps/Procedural/meadow_pool_1/MD_T_FLAT_001_MW.umap"
"MD_T_STAIR_001_MW","room","3","点位示意","false","meadow_pool_1","room:md_t_stair_001_mw","Dungeons/Content/Spicewood/Maps/Procedural/meadow_pool_1/MD_T_STAIR_001_MW.umap"
"MD2LG_FLAT_001_MW","room","2","点位示意","false","meadow_pool_1","room:md2lg_flat_001_mw","Dungeons/Content/Spicewood/Maps/Procedural/meadow_pool_1/MD2LG_FLAT_001_MW.umap"
"SM_C_FLAT_001_MW","room","0","点位示意","false","meadow_pool_1","room:sm_c_flat_001_mw","Dungeons/Content/Spicewood/Maps/Procedural/meadow_pool_1/SM_C_FLAT_001_MW.umap"
"SM_C_STAIR_001_MW","room","0","点位示意","false","meadow_pool_1","room:sm_c_stair_001_mw","Dungeons/Content/Spicewood/Maps/Procedural/meadow_pool_1/SM_C_STAIR_001_MW.umap"
"SM_DE_FLAT_001_MW","room","1","点位示意","false","meadow_pool_1","room:sm_de_flat_001_mw","Dungeons/Content/Spicewood/Maps/Procedural/meadow_pool_1/SM_DE_FLAT_001_MW.umap"
"SM_DE_STAIR_001_MW","room","1","点位示意","false","meadow_pool_1","room:sm_de_stair_001_mw","Dungeons/Content/Spicewood/Maps/Procedural/meadow_pool_1/SM_DE_STAIR_001_MW.umap"
"SM_L_FLAT_001_MW","room","1","点位示意","false","meadow_pool_1","room:sm_l_flat_001_mw","Dungeons/Content/Spicewood/Maps/Procedural/meadow_pool_1/SM_L_FLAT_001_MW.umap"
"SM_QD_FLAT_001_MW","room","0","点位示意","false","meadow_pool_1","room:sm_qd_flat_001_mw","Dungeons/Content/Spicewood/Maps/Procedural/meadow_pool_1/SM_QD_FLAT_001_MW.umap"
"SM_QD_STAIR_001_MW","room","0","点位示意","false","meadow_pool_1","room:sm_qd_stair_001_mw","Dungeons/Content/Spicewood/Maps/Procedural/meadow_pool_1/SM_QD_STAIR_001_MW.umap"
"SM_R_FLAT_001_MW","room","0","点位示意","false","meadow_pool_1","room:sm_r_flat_001_mw","Dungeons/Content/Spicewood/Maps/Procedural/meadow_pool_1/SM_R_FLAT_001_MW.umap"
"SM_R_STAIR_001_MW","room","0","点位示意","false","meadow_pool_1","room:sm_r_stair_001_mw","Dungeons/Content/Spicewood/Maps/Procedural/meadow_pool_1/SM_R_STAIR_001_MW.umap"
"SM_T_FLAT_001_MW","room","1","点位示意","false","meadow_pool_1","room:sm_t_flat_001_mw","Dungeons/Content/Spicewood/Maps/Procedural/meadow_pool_1/SM_T_FLAT_001_MW.umap"
"SM_T_STAIR_001_MW","room","0","点位示意","false","meadow_pool_1","room:sm_t_stair_001_mw","Dungeons/Content/Spicewood/Maps/Procedural/meadow_pool_1/SM_T_STAIR_001_MW.umap"
"XL_001_MW_P1","room","0","点位示意","false","meadow_pool_1","room:xl_001_mw_p1","Dungeons/Content/Spicewood/Maps/Procedural/meadow_pool_1/XL_001_MW_P1.umap"
"Meadow_Pool_2_Tiles","room","0","点位示意","false","Meadow_Pool_2_Tiles.umap","room:meadow_pool_2_tiles","Dungeons/Content/Spicewood/Maps/Procedural/Meadow_Pool_2_Tiles.umap"
"LG_C_STAIR_002_MW","room","0","点位示意","false","meadow_pool_2","room:lg_c_stair_002_mw","Dungeons/Content/Spicewood/Maps/Procedural/meadow_pool_2/LG_C_STAIR_002_MW.umap"
"LG_L_FLAT_002_MW","room","0","点位示意","false","meadow_pool_2","room:lg_l_flat_002_mw","Dungeons/Content/Spicewood/Maps/Procedural/meadow_pool_2/LG_L_FLAT_002_MW.umap"
"LG_L_STAIR_002_MW","room","0","点位示意","false","meadow_pool_2","room:lg_l_stair_002_mw","Dungeons/Content/Spicewood/Maps/Procedural/meadow_pool_2/LG_L_STAIR_002_MW.umap"
"LG_R_STAIR_002_MW","room","0","点位示意","false","meadow_pool_2","room:lg_r_stair_002_mw","Dungeons/Content/Spicewood/Maps/Procedural/meadow_pool_2/LG_R_STAIR_002_MW.umap"
"LG_T_FLAT_002_MW","room","0","点位示意","false","meadow_pool_2","room:lg_t_flat_002_mw","Dungeons/Content/Spicewood/Maps/Procedural/meadow_pool_2/LG_T_FLAT_002_MW.umap"
"LG_T_STAIR_002_MW","room","0","点位示意","false","meadow_pool_2","room:lg_t_stair_002_mw","Dungeons/Content/Spicewood/Maps/Procedural/meadow_pool_2/LG_T_STAIR_002_MW.umap"
"MC_C_FLAT_002_MW","room","0","点位示意","false","meadow_pool_2","room:mc_c_flat_002_mw","Dungeons/Content/Spicewood/Maps/Procedural/meadow_pool_2/MC_C_FLAT_002_MW.umap"
"MC_CAP_002_MW","room","0","点位示意","false","meadow_pool_2","room:mc_cap_002_mw","Dungeons/Content/Spicewood/Maps/Procedural/meadow_pool_2/MC_CAP_002_MW.umap"
"MC_DE_FLAT_002_MW","room","0","点位示意","false","meadow_pool_2","room:mc_de_flat_002_mw","Dungeons/Content/Spicewood/Maps/Procedural/meadow_pool_2/MC_DE_FLAT_002_MW.umap"
"MC_L_FLAT_002_MW","room","0","点位示意","false","meadow_pool_2","room:mc_l_flat_002_mw","Dungeons/Content/Spicewood/Maps/Procedural/meadow_pool_2/MC_L_FLAT_002_MW.umap"
"MC_QD_FLAT_002_MW","room","0","点位示意","false","meadow_pool_2","room:mc_qd_flat_002_mw","Dungeons/Content/Spicewood/Maps/Procedural/meadow_pool_2/MC_QD_FLAT_002_MW.umap"
"MC_R_FLAT_002_MW","room","0","点位示意","false","meadow_pool_2","room:mc_r_flat_002_mw","Dungeons/Content/Spicewood/Maps/Procedural/meadow_pool_2/MC_R_FLAT_002_MW.umap"
"MC_T_FLAT_002_MW","room","0","点位示意","false","meadow_pool_2","room:mc_t_flat_002_mw","Dungeons/Content/Spicewood/Maps/Procedural/meadow_pool_2/MC_T_FLAT_002_MW.umap"
"MC2SM_FLAT_002_MW","room","0","点位示意","false","meadow_pool_2","room:mc2sm_flat_002_mw","Dungeons/Content/Spicewood/Maps/Procedural/meadow_pool_2/MC2SM_FLAT_002_MW.umap"
"MD_C_FLAT_002_MW","room","0","点位示意","false","meadow_pool_2","room:md_c_flat_002_mw","Dungeons/Content/Spicewood/Maps/Procedural/meadow_pool_2/MD_C_FLAT_002_MW.umap"
"MD_C_STAIR_002_MW","room","0","点位示意","false","meadow_pool_2","room:md_c_stair_002_mw","Dungeons/Content/Spicewood/Maps/Procedural/meadow_pool_2/MD_C_STAIR_002_MW.umap"
"MD_CAP_002_MW","room","0","点位示意","false","meadow_pool_2","room:md_cap_002_mw","Dungeons/Content/Spicewood/Maps/Procedural/meadow_pool_2/MD_CAP_002_MW.umap"
"MD_DE_STAIR_002_MW","room","0","点位示意","false","meadow_pool_2","room:md_de_stair_002_mw","Dungeons/Content/Spicewood/Maps/Procedural/meadow_pool_2/MD_DE_STAIR_002_MW.umap"
"MD_L_FLAT_002_MW","room","0","点位示意","false","meadow_pool_2","room:md_l_flat_002_mw","Dungeons/Content/Spicewood/Maps/Procedural/meadow_pool_2/MD_L_FLAT_002_MW.umap"
"MD_QD_FLAT_002_MW","room","0","点位示意","false","meadow_pool_2","room:md_qd_flat_002_mw","Dungeons/Content/Spicewood/Maps/Procedural/meadow_pool_2/MD_QD_FLAT_002_MW.umap"
"MD_QD_STAIR_002_MW","room","12","点位示意","false","meadow_pool_2","room:md_qd_stair_002_mw","Dungeons/Content/Spicewood/Maps/Procedural/meadow_pool_2/MD_QD_STAIR_002_MW.umap"
"MD_R_FLAT_002_MW","room","0","点位示意","false","meadow_pool_2","room:md_r_flat_002_mw","Dungeons/Content/Spicewood/Maps/Procedural/meadow_pool_2/MD_R_FLAT_002_MW.umap"
"MD_R_STAIR_002_MW","room","0","点位示意","false","meadow_pool_2","room:md_r_stair_002_mw","Dungeons/Content/Spicewood/Maps/Procedural/meadow_pool_2/MD_R_STAIR_002_MW.umap"
"MD_T_STAIR_002_MW","room","14","点位示意","false","meadow_pool_2","room:md_t_stair_002_mw","Dungeons/Content/Spicewood/Maps/Procedural/meadow_pool_2/MD_T_STAIR_002_MW.umap"
"MD2LG_FLAT_002_MW","room","0","点位示意","false","meadow_pool_2","room:md2lg_flat_002_mw","Dungeons/Content/Spicewood/Maps/Procedural/meadow_pool_2/MD2LG_FLAT_002_MW.umap"
"MD2LG_STAIR_002_MW","room","0","点位示意","false","meadow_pool_2","room:md2lg_stair_002_mw","Dungeons/Content/Spicewood/Maps/Procedural/meadow_pool_2/MD2LG_STAIR_002_MW.umap"
"SM_C_FLAT_002_MW","room","0","点位示意","false","meadow_pool_2","room:sm_c_flat_002_mw","Dungeons/Content/Spicewood/Maps/Procedural/meadow_pool_2/SM_C_FLAT_002_MW.umap"
"SM_C_STAIR_002_MW","room","0","点位示意","false","meadow_pool_2","room:sm_c_stair_002_mw","Dungeons/Content/Spicewood/Maps/Procedural/meadow_pool_2/SM_C_STAIR_002_MW.umap"
"SM_CAP_002_MW","room","0","点位示意","false","meadow_pool_2","room:sm_cap_002_mw","Dungeons/Content/Spicewood/Maps/Procedural/meadow_pool_2/SM_CAP_002_MW.umap"
"SM_DE_FLAT_002_MW","room","0","点位示意","false","meadow_pool_2","room:sm_de_flat_002_mw","Dungeons/Content/Spicewood/Maps/Procedural/meadow_pool_2/SM_DE_FLAT_002_MW.umap"
"SM_DE_STAIR_002_MW","room","0","点位示意","false","meadow_pool_2","room:sm_de_stair_002_mw","Dungeons/Content/Spicewood/Maps/Procedural/meadow_pool_2/SM_DE_STAIR_002_MW.umap"
"SM_L_FLAT_002_MW","room","0","点位示意","false","meadow_pool_2","room:sm_l_flat_002_mw","Dungeons/Content/Spicewood/Maps/Procedural/meadow_pool_2/SM_L_FLAT_002_MW.umap"
"SM_L_STAIR_002_MW","room","0","点位示意","false","meadow_pool_2","room:sm_l_stair_002_mw","Dungeons/Content/Spicewood/Maps/Procedural/meadow_pool_2/SM_L_STAIR_002_MW.umap"
"SM_QD_FLAT_002_MW","room","0","点位示意","false","meadow_pool_2","room:sm_qd_flat_002_mw","Dungeons/Content/Spicewood/Maps/Procedural/meadow_pool_2/SM_QD_FLAT_002_MW.umap"
"SM_QD_STAIR_002_MW","room","0","点位示意","false","meadow_pool_2","room:sm_qd_stair_002_mw","Dungeons/Content/Spicewood/Maps/Procedural/meadow_pool_2/SM_QD_STAIR_002_MW.umap"
"SM_R_FLAT_002_MW","room","0","点位示意","false","meadow_pool_2","room:sm_r_flat_002_mw","Dungeons/Content/Spicewood/Maps/Procedural/meadow_pool_2/SM_R_FLAT_002_MW.umap"
"SM_R_STAIR_002_MW","room","0","点位示意","false","meadow_pool_2","room:sm_r_stair_002_mw","Dungeons/Content/Spicewood/Maps/Procedural/meadow_pool_2/SM_R_STAIR_002_MW.umap"
"SM_T_FLAT_002_MW","room","0","点位示意","false","meadow_pool_2","room:sm_t_flat_002_mw","Dungeons/Content/Spicewood/Maps/Procedural/meadow_pool_2/SM_T_FLAT_002_MW.umap"
"SM_T_STAIR_002_MW","room","0","点位示意","false","meadow_pool_2","room:sm_t_stair_002_mw","Dungeons/Content/Spicewood/Maps/Procedural/meadow_pool_2/SM_T_STAIR_002_MW.umap"
"SM2MD_FLAT_002_MW","room","0","点位示意","false","meadow_pool_2","room:sm2md_flat_002_mw","Dungeons/Content/Spicewood/Maps/Procedural/meadow_pool_2/SM2MD_FLAT_002_MW.umap"
"SM2MD_STAIR_002_MW","room","0","点位示意","false","meadow_pool_2","room:sm2md_stair_002_mw","Dungeons/Content/Spicewood/Maps/Procedural/meadow_pool_2/SM2MD_STAIR_002_MW.umap"
"Meadow_Pool_3_Tiles","room","0","点位示意","false","Meadow_Pool_3_Tiles.umap","room:meadow_pool_3_tiles","Dungeons/Content/Spicewood/Maps/Procedural/Meadow_Pool_3_Tiles.umap"
"LG_C_FLAT_003_MW","room","4","点位示意","false","meadow_pool_3","room:lg_c_flat_003_mw","Dungeons/Content/Spicewood/Maps/Procedural/meadow_pool_3/LG_C_FLAT_003_MW.umap"
"LG_C_STAIR_003_MW","room","4","点位示意","false","meadow_pool_3","room:lg_c_stair_003_mw","Dungeons/Content/Spicewood/Maps/Procedural/meadow_pool_3/LG_C_STAIR_003_MW.umap"
"LG_DE_FLAT_003_MW","room","3","点位示意","false","meadow_pool_3","room:lg_de_flat_003_mw","Dungeons/Content/Spicewood/Maps/Procedural/meadow_pool_3/LG_DE_FLAT_003_MW.umap"
"LG_DE_STAIR_003_MW","room","3","点位示意","false","meadow_pool_3","room:lg_de_stair_003_mw","Dungeons/Content/Spicewood/Maps/Procedural/meadow_pool_3/LG_DE_STAIR_003_MW.umap"
"LG_L_FLAT_003_MW","room","4","点位示意","false","meadow_pool_3","room:lg_l_flat_003_mw","Dungeons/Content/Spicewood/Maps/Procedural/meadow_pool_3/LG_L_FLAT_003_MW.umap"
"LG_L_STAIR_003_MW","room","4","点位示意","false","meadow_pool_3","room:lg_l_stair_003_mw","Dungeons/Content/Spicewood/Maps/Procedural/meadow_pool_3/LG_L_STAIR_003_MW.umap"
"LG_QD_FLAT_003_MW","room","6","点位示意","false","meadow_pool_3","room:lg_qd_flat_003_mw","Dungeons/Content/Spicewood/Maps/Procedural/meadow_pool_3/LG_QD_FLAT_003_MW.umap"
"LG_QD_STAIR_003_MW","room","6","点位示意","false","meadow_pool_3","room:lg_qd_stair_003_mw","Dungeons/Content/Spicewood/Maps/Procedural/meadow_pool_3/LG_QD_STAIR_003_MW.umap"
"LG_R_FLAT_003_MW","room","4","点位示意","false","meadow_pool_3","room:lg_r_flat_003_mw","Dungeons/Content/Spicewood/Maps/Procedural/meadow_pool_3/LG_R_FLAT_003_MW.umap"
"LG_R_STAIR_003_MW","room","5","点位示意","false","meadow_pool_3","room:lg_r_stair_003_mw","Dungeons/Content/Spicewood/Maps/Procedural/meadow_pool_3/LG_R_STAIR_003_MW.umap"
"LG_T_FLAT_003_MW","room","5","点位示意","false","meadow_pool_3","room:lg_t_flat_003_mw","Dungeons/Content/Spicewood/Maps/Procedural/meadow_pool_3/LG_T_FLAT_003_MW.umap"
"LG_T_STAIR_003_MW","room","5","点位示意","false","meadow_pool_3","room:lg_t_stair_003_mw","Dungeons/Content/Spicewood/Maps/Procedural/meadow_pool_3/LG_T_STAIR_003_MW.umap"
"MC_C_FLAT_003_MW","room","2","点位示意","false","meadow_pool_3","room:mc_c_flat_003_mw","Dungeons/Content/Spicewood/Maps/Procedural/meadow_pool_3/MC_C_FLAT_003_MW.umap"
"MC_DE_FLAT_003_MW","room","1","点位示意","false","meadow_pool_3","room:mc_de_flat_003_mw","Dungeons/Content/Spicewood/Maps/Procedural/meadow_pool_3/MC_DE_FLAT_003_MW.umap"
"MC_L_FLAT_003_MW","room","2","点位示意","false","meadow_pool_3","room:mc_l_flat_003_mw","Dungeons/Content/Spicewood/Maps/Procedural/meadow_pool_3/MC_L_FLAT_003_MW.umap"
"MC_QD_FLAT_003_MW","room","4","点位示意","false","meadow_pool_3","room:mc_qd_flat_003_mw","Dungeons/Content/Spicewood/Maps/Procedural/meadow_pool_3/MC_QD_FLAT_003_MW.umap"
"MC_R_FLAT_003_MW","room","2","点位示意","false","meadow_pool_3","room:mc_r_flat_003_mw","Dungeons/Content/Spicewood/Maps/Procedural/meadow_pool_3/MC_R_FLAT_003_MW.umap"
"MC_T_FLAT_003_MW","room","3","点位示意","false","meadow_pool_3","room:mc_t_flat_003_mw","Dungeons/Content/Spicewood/Maps/Procedural/meadow_pool_3/MC_T_FLAT_003_MW.umap"
"MC2SM_FLAT_003_MW","room","3","点位示意","false","meadow_pool_3","room:mc2sm_flat_003_mw","Dungeons/Content/Spicewood/Maps/Procedural/meadow_pool_3/MC2SM_FLAT_003_MW.umap"
"MC2SM_STAIR_003_MW","room","3","点位示意","false","meadow_pool_3","room:mc2sm_stair_003_mw","Dungeons/Content/Spicewood/Maps/Procedural/meadow_pool_3/MC2SM_STAIR_003_MW.umap"
"MD_C_FLAT_003_MW","room","4","点位示意","false","meadow_pool_3","room:md_c_flat_003_mw","Dungeons/Content/Spicewood/Maps/Procedural/meadow_pool_3/MD_C_FLAT_003_MW.umap"
"MD_C_STAIR_003_MW","room","3","点位示意","false","meadow_pool_3","room:md_c_stair_003_mw","Dungeons/Content/Spicewood/Maps/Procedural/meadow_pool_3/MD_C_STAIR_003_MW.umap"
"MD_DE_FLAT_003_MW","room","2","点位示意","false","meadow_pool_3","room:md_de_flat_003_mw","Dungeons/Content/Spicewood/Maps/Procedural/meadow_pool_3/MD_DE_FLAT_003_MW.umap"
"MD_DE_STAIR_003_MW","room","2","点位示意","false","meadow_pool_3","room:md_de_stair_003_mw","Dungeons/Content/Spicewood/Maps/Procedural/meadow_pool_3/MD_DE_STAIR_003_MW.umap"
"MD_L_FLAT_003_MW","room","4","点位示意","false","meadow_pool_3","room:md_l_flat_003_mw","Dungeons/Content/Spicewood/Maps/Procedural/meadow_pool_3/MD_L_FLAT_003_MW.umap"
"MD_L_STAIR_003_MW","room","4","点位示意","false","meadow_pool_3","room:md_l_stair_003_mw","Dungeons/Content/Spicewood/Maps/Procedural/meadow_pool_3/MD_L_STAIR_003_MW.umap"
"MD_QD_FLAT_003_MW","room","6","点位示意","false","meadow_pool_3","room:md_qd_flat_003_mw","Dungeons/Content/Spicewood/Maps/Procedural/meadow_pool_3/MD_QD_FLAT_003_MW.umap"
"MD_QD_STAIR_003_MW","room","6","点位示意","false","meadow_pool_3","room:md_qd_stair_003_mw","Dungeons/Content/Spicewood/Maps/Procedural/meadow_pool_3/MD_QD_STAIR_003_MW.umap"
"MD_R_FLAT_003_MW","room","4","点位示意","false","meadow_pool_3","room:md_r_flat_003_mw","Dungeons/Content/Spicewood/Maps/Procedural/meadow_pool_3/MD_R_FLAT_003_MW.umap"
"MD_R_STAIR_003_MW","room","4","点位示意","false","meadow_pool_3","room:md_r_stair_003_mw","Dungeons/Content/Spicewood/Maps/Procedural/meadow_pool_3/MD_R_STAIR_003_MW.umap"
"MD_T_FLAT_003_MW","room","4","点位示意","false","meadow_pool_3","room:md_t_flat_003_mw","Dungeons/Content/Spicewood/Maps/Procedural/meadow_pool_3/MD_T_FLAT_003_MW.umap"
"MD_T_STAIR_003_MW","room","4","点位示意","false","meadow_pool_3","room:md_t_stair_003_mw","Dungeons/Content/Spicewood/Maps/Procedural/meadow_pool_3/MD_T_STAIR_003_MW.umap"
"MD2LG_FLAT_003_MW","room","4","点位示意","false","meadow_pool_3","room:md2lg_flat_003_mw","Dungeons/Content/Spicewood/Maps/Procedural/meadow_pool_3/MD2LG_FLAT_003_MW.umap"
"MD2LG_STAIR_003_MW","room","4","点位示意","false","meadow_pool_3","room:md2lg_stair_003_mw","Dungeons/Content/Spicewood/Maps/Procedural/meadow_pool_3/MD2LG_STAIR_003_MW.umap"
"SM_C_FLAT_003_MW","room","3","点位示意","false","meadow_pool_3","room:sm_c_flat_003_mw","Dungeons/Content/Spicewood/Maps/Procedural/meadow_pool_3/SM_C_FLAT_003_MW.umap"
"SM_C_STAIR_003_MW","room","3","点位示意","false","meadow_pool_3","room:sm_c_stair_003_mw","Dungeons/Content/Spicewood/Maps/Procedural/meadow_pool_3/SM_C_STAIR_003_MW.umap"
"SM_DE_FLAT_003_MW","room","1","点位示意","false","meadow_pool_3","room:sm_de_flat_003_mw","Dungeons/Content/Spicewood/Maps/Procedural/meadow_pool_3/SM_DE_FLAT_003_MW.umap"
"SM_DE_STAIR_003_MW","room","1","点位示意","false","meadow_pool_3","room:sm_de_stair_003_mw","Dungeons/Content/Spicewood/Maps/Procedural/meadow_pool_3/SM_DE_STAIR_003_MW.umap"
"SM_L_FLAT_003_MW","room","3","点位示意","false","meadow_pool_3","room:sm_l_flat_003_mw","Dungeons/Content/Spicewood/Maps/Procedural/meadow_pool_3/SM_L_FLAT_003_MW.umap"
"SM_L_STAIR_003_MW","room","3","点位示意","false","meadow_pool_3","room:sm_l_stair_003_mw","Dungeons/Content/Spicewood/Maps/Procedural/meadow_pool_3/SM_L_STAIR_003_MW.umap"
"SM_QD_FLAT_003_MW","room","5","点位示意","false","meadow_pool_3","room:sm_qd_flat_003_mw","Dungeons/Content/Spicewood/Maps/Procedural/meadow_pool_3/SM_QD_FLAT_003_MW.umap"
"SM_QD_STAIR_003_MW","room","5","点位示意","false","meadow_pool_3","room:sm_qd_stair_003_mw","Dungeons/Content/Spicewood/Maps/Procedural/meadow_pool_3/SM_QD_STAIR_003_MW.umap"
"SM_R_FLAT_003_MW","room","3","点位示意","false","meadow_pool_3","room:sm_r_flat_003_mw","Dungeons/Content/Spicewood/Maps/Procedural/meadow_pool_3/SM_R_FLAT_003_MW.umap"
"SM_R_STAIR_003_MW","room","3","点位示意","false","meadow_pool_3","room:sm_r_stair_003_mw","Dungeons/Content/Spicewood/Maps/Procedural/meadow_pool_3/SM_R_STAIR_003_MW.umap"
"SM_T_FLAT_003_MW","room","4","点位示意","false","meadow_pool_3","room:sm_t_flat_003_mw","Dungeons/Content/Spicewood/Maps/Procedural/meadow_pool_3/SM_T_FLAT_003_MW.umap"
"SM_T_STAIR_003_MW","room","4","点位示意","false","meadow_pool_3","room:sm_t_stair_003_mw","Dungeons/Content/Spicewood/Maps/Procedural/meadow_pool_3/SM_T_STAIR_003_MW.umap"
"SM2MD_FLAT_003_MW","room","4","点位示意","false","meadow_pool_3","room:sm2md_flat_003_mw","Dungeons/Content/Spicewood/Maps/Procedural/meadow_pool_3/SM2MD_FLAT_003_MW.umap"
"SM2MD_STAIR_003_MW","room","3","点位示意","false","meadow_pool_3","room:sm2md_stair_003_mw","Dungeons/Content/Spicewood/Maps/Procedural/meadow_pool_3/SM2MD_STAIR_003_MW.umap"
"Undermill_Anc_001","room","1","点位示意","false","plainsa1_undermill","room:undermill_anc_001","Dungeons/Content/Spicewood/Maps/Procedural/plainsa1_undermill/Undermill_Anc_001.umap"
"Undermill_Anc_002","room","1","点位示意","false","plainsa1_undermill","room:undermill_anc_002","Dungeons/Content/Spicewood/Maps/Procedural/plainsa1_undermill/Undermill_Anc_002.umap"
"Undermill_Anc_003","room","1","点位示意","false","plainsa1_undermill","room:undermill_anc_003","Dungeons/Content/Spicewood/Maps/Procedural/plainsa1_undermill/Undermill_Anc_003.umap"
"Undermill_Anc_004","room","1","点位示意","false","plainsa1_undermill","room:undermill_anc_004","Dungeons/Content/Spicewood/Maps/Procedural/plainsa1_undermill/Undermill_Anc_004.umap"
"Ravines_Anchor_001_Tiles","room","0","点位示意","false","Ravines_Anchor_001_Tiles.umap","room:ravines_anchor_001_tiles","Dungeons/Content/Spicewood/Maps/Procedural/Ravines_Anchor_001_Tiles.umap"
"OS_RA_ANC_001","room","0","点位示意","false","ravines_anchor_001","room:os_ra_anc_001","Dungeons/Content/Spicewood/Maps/Procedural/ravines_anchor_001/OS_RA_ANC_001.umap"
"OS_RA_ANC_004","room","68","点位示意","false","ravines_anchor_001","room:os_ra_anc_004","Dungeons/Content/Spicewood/Maps/Procedural/ravines_anchor_001/OS_RA_ANC_004.umap"
"OS_RA_ANC_005","room","162","点位示意","false","ravines_anchor_001","room:os_ra_anc_005","Dungeons/Content/Spicewood/Maps/Procedural/ravines_anchor_001/OS_RA_ANC_005.umap"
"OS_RA_ANC_007","room","83","点位示意","false","ravines_anchor_001","room:os_ra_anc_007","Dungeons/Content/Spicewood/Maps/Procedural/ravines_anchor_001/OS_RA_ANC_007.umap"
"OS_RA_ANC_008","room","0","点位示意","false","ravines_anchor_001","room:os_ra_anc_008","Dungeons/Content/Spicewood/Maps/Procedural/ravines_anchor_001/OS_RA_ANC_008.umap"
"Ravines_Anchor_Boss_Tiles","room","0","点位示意","false","Ravines_Anchor_Boss_Tiles.umap","room:ravines_anchor_boss_tiles","Dungeons/Content/Spicewood/Maps/Procedural/Ravines_Anchor_Boss_Tiles.umap"
"Ravines_Pool_1_Tiles","room","0","点位示意","false","Ravines_Pool_1_Tiles.umap","room:ravines_pool_1_tiles","Dungeons/Content/Spicewood/Maps/Procedural/Ravines_Pool_1_Tiles.umap"
"LG_C_FLAT_001_RA","room","0","点位示意","false","Ravines_Pool_1","room:lg_c_flat_001_ra","Dungeons/Content/Spicewood/Maps/Procedural/Ravines_Pool_1/LG_C_FLAT_001_RA.umap"
"LG_C_STAIR_001_RA","room","0","点位示意","false","Ravines_Pool_1","room:lg_c_stair_001_ra","Dungeons/Content/Spicewood/Maps/Procedural/Ravines_Pool_1/LG_C_STAIR_001_RA.umap"
"LG_DE_FLAT_001_RA","room","0","点位示意","false","Ravines_Pool_1","room:lg_de_flat_001_ra","Dungeons/Content/Spicewood/Maps/Procedural/Ravines_Pool_1/LG_DE_FLAT_001_RA.umap"
"LG_DE_STAIR_001_RA","room","0","点位示意","false","Ravines_Pool_1","room:lg_de_stair_001_ra","Dungeons/Content/Spicewood/Maps/Procedural/Ravines_Pool_1/LG_DE_STAIR_001_RA.umap"
"LG_L_FLAT_001_RA","room","0","点位示意","false","Ravines_Pool_1","room:lg_l_flat_001_ra","Dungeons/Content/Spicewood/Maps/Procedural/Ravines_Pool_1/LG_L_FLAT_001_RA.umap"
"LG_L_STAIR_001_RA","room","0","点位示意","false","Ravines_Pool_1","room:lg_l_stair_001_ra","Dungeons/Content/Spicewood/Maps/Procedural/Ravines_Pool_1/LG_L_STAIR_001_RA.umap"
"LG_QD_FLAT_001_RA","room","0","点位示意","false","Ravines_Pool_1","room:lg_qd_flat_001_ra","Dungeons/Content/Spicewood/Maps/Procedural/Ravines_Pool_1/LG_QD_FLAT_001_RA.umap"
"LG_QD_STAIR_001_RA","room","0","点位示意","false","Ravines_Pool_1","room:lg_qd_stair_001_ra","Dungeons/Content/Spicewood/Maps/Procedural/Ravines_Pool_1/LG_QD_STAIR_001_RA.umap"
"LG_R_FLAT_001_RA","room","0","点位示意","false","Ravines_Pool_1","room:lg_r_flat_001_ra","Dungeons/Content/Spicewood/Maps/Procedural/Ravines_Pool_1/LG_R_FLAT_001_RA.umap"
"LG_R_STAIR_001_RA","room","0","点位示意","false","Ravines_Pool_1","room:lg_r_stair_001_ra","Dungeons/Content/Spicewood/Maps/Procedural/Ravines_Pool_1/LG_R_STAIR_001_RA.umap"
"LG_T_FLAT_001_RA","room","0","点位示意","false","Ravines_Pool_1","room:lg_t_flat_001_ra","Dungeons/Content/Spicewood/Maps/Procedural/Ravines_Pool_1/LG_T_FLAT_001_RA.umap"
"LG_T_STAIR_001_RA","room","0","点位示意","false","Ravines_Pool_1","room:lg_t_stair_001_ra","Dungeons/Content/Spicewood/Maps/Procedural/Ravines_Pool_1/LG_T_STAIR_001_RA.umap"
"MD_C_FLAT_001_RA","room","0","点位示意","false","Ravines_Pool_1","room:md_c_flat_001_ra","Dungeons/Content/Spicewood/Maps/Procedural/Ravines_Pool_1/MD_C_FLAT_001_RA.umap"
"MD_C_STAIR_001_RA","room","0","点位示意","false","Ravines_Pool_1","room:md_c_stair_001_ra","Dungeons/Content/Spicewood/Maps/Procedural/Ravines_Pool_1/MD_C_STAIR_001_RA.umap"
"MD_DE_FLAT_001_RA","room","2","点位示意","false","Ravines_Pool_1","room:md_de_flat_001_ra","Dungeons/Content/Spicewood/Maps/Procedural/Ravines_Pool_1/MD_DE_FLAT_001_RA.umap"
"MD_DE_STAIR_001_RA","room","0","点位示意","false","Ravines_Pool_1","room:md_de_stair_001_ra","Dungeons/Content/Spicewood/Maps/Procedural/Ravines_Pool_1/MD_DE_STAIR_001_RA.umap"
"MD_L_FLAT_001_RA","room","0","点位示意","false","Ravines_Pool_1","room:md_l_flat_001_ra","Dungeons/Content/Spicewood/Maps/Procedural/Ravines_Pool_1/MD_L_FLAT_001_RA.umap"
"MD_L_STAIR_001_RA","room","0","点位示意","false","Ravines_Pool_1","room:md_l_stair_001_ra","Dungeons/Content/Spicewood/Maps/Procedural/Ravines_Pool_1/MD_L_STAIR_001_RA.umap"
"MD_QD_FLAT_001_RA","room","0","点位示意","false","Ravines_Pool_1","room:md_qd_flat_001_ra","Dungeons/Content/Spicewood/Maps/Procedural/Ravines_Pool_1/MD_QD_FLAT_001_RA.umap"
"MD_QD_STAIR_001_RA","room","0","点位示意","false","Ravines_Pool_1","room:md_qd_stair_001_ra","Dungeons/Content/Spicewood/Maps/Procedural/Ravines_Pool_1/MD_QD_STAIR_001_RA.umap"
"MD_R_FLAT_001_RA","room","0","点位示意","false","Ravines_Pool_1","room:md_r_flat_001_ra","Dungeons/Content/Spicewood/Maps/Procedural/Ravines_Pool_1/MD_R_FLAT_001_RA.umap"
"MD_R_STAIR_001_RA","room","0","点位示意","false","Ravines_Pool_1","room:md_r_stair_001_ra","Dungeons/Content/Spicewood/Maps/Procedural/Ravines_Pool_1/MD_R_STAIR_001_RA.umap"
"MD_T_FLAT_001_RA","room","0","点位示意","false","Ravines_Pool_1","room:md_t_flat_001_ra","Dungeons/Content/Spicewood/Maps/Procedural/Ravines_Pool_1/MD_T_FLAT_001_RA.umap"
"MD_T_STAIR_001_RA","room","0","点位示意","false","Ravines_Pool_1","room:md_t_stair_001_ra","Dungeons/Content/Spicewood/Maps/Procedural/Ravines_Pool_1/MD_T_STAIR_001_RA.umap"
"MD2LG_FLAT_001_RA","room","0","点位示意","false","Ravines_Pool_1","room:md2lg_flat_001_ra","Dungeons/Content/Spicewood/Maps/Procedural/Ravines_Pool_1/MD2LG_FLAT_001_RA.umap"
"MD2LG_STAIR_001_RA","room","0","点位示意","false","Ravines_Pool_1","room:md2lg_stair_001_ra","Dungeons/Content/Spicewood/Maps/Procedural/Ravines_Pool_1/MD2LG_STAIR_001_RA.umap"
"RA_LOOT_001","room","0","点位示意","false","Ravines_Pool_1","room:ra_loot_001","Dungeons/Content/Spicewood/Maps/Procedural/Ravines_Pool_1/RA_LOOT_001.umap"
"SM2MD_FLAT_001_RA","room","0","点位示意","false","Ravines_Pool_1","room:sm2md_flat_001_ra","Dungeons/Content/Spicewood/Maps/Procedural/Ravines_Pool_1/SM2MD_FLAT_001_RA.umap"
"SM2MD_STAIR_001_RA","room","0","点位示意","false","Ravines_Pool_1","room:sm2md_stair_001_ra","Dungeons/Content/Spicewood/Maps/Procedural/Ravines_Pool_1/SM2MD_STAIR_001_RA.umap"
"Ravines_Pool_2_Tiles","room","0","点位示意","false","Ravines_Pool_2_Tiles.umap","room:ravines_pool_2_tiles","Dungeons/Content/Spicewood/Maps/Procedural/Ravines_Pool_2_Tiles.umap"
"LG_C_FLAT_002_RA","room","0","点位示意","false","ravines_pool_2","room:lg_c_flat_002_ra","Dungeons/Content/Spicewood/Maps/Procedural/ravines_pool_2/LG_C_FLAT_002_RA.umap"
"LG_C_STAIR_002_RA","room","0","点位示意","false","ravines_pool_2","room:lg_c_stair_002_ra","Dungeons/Content/Spicewood/Maps/Procedural/ravines_pool_2/LG_C_STAIR_002_RA.umap"
"LG_QD_STAIR_002_RA","room","0","点位示意","false","ravines_pool_2","room:lg_qd_stair_002_ra","Dungeons/Content/Spicewood/Maps/Procedural/ravines_pool_2/LG_QD_STAIR_002_RA.umap"
"LG_T_STAIR_002_RA","room","0","点位示意","false","ravines_pool_2","room:lg_t_stair_002_ra","Dungeons/Content/Spicewood/Maps/Procedural/ravines_pool_2/LG_T_STAIR_002_RA.umap"
"MD_C_FLAT_002_RA","room","0","点位示意","false","ravines_pool_2","room:md_c_flat_002_ra","Dungeons/Content/Spicewood/Maps/Procedural/ravines_pool_2/MD_C_FLAT_002_RA.umap"
"MD_DE_FLAT_002_RA","room","0","点位示意","false","ravines_pool_2","room:md_de_flat_002_ra","Dungeons/Content/Spicewood/Maps/Procedural/ravines_pool_2/MD_DE_FLAT_002_RA.umap"
"MD_DE_STAIR_002_RA","room","0","点位示意","false","ravines_pool_2","room:md_de_stair_002_ra","Dungeons/Content/Spicewood/Maps/Procedural/ravines_pool_2/MD_DE_STAIR_002_RA.umap"
"MD_L_FLAT_002_RA","room","0","点位示意","false","ravines_pool_2","room:md_l_flat_002_ra","Dungeons/Content/Spicewood/Maps/Procedural/ravines_pool_2/MD_L_FLAT_002_RA.umap"
"MD_L_STAIR_002_RA","room","0","点位示意","false","ravines_pool_2","room:md_l_stair_002_ra","Dungeons/Content/Spicewood/Maps/Procedural/ravines_pool_2/MD_L_STAIR_002_RA.umap"
"MD_QD_FLAT_002_RA","room","0","点位示意","false","ravines_pool_2","room:md_qd_flat_002_ra","Dungeons/Content/Spicewood/Maps/Procedural/ravines_pool_2/MD_QD_FLAT_002_RA.umap"
"MD_QD_STAIR_002_RA","room","0","点位示意","false","ravines_pool_2","room:md_qd_stair_002_ra","Dungeons/Content/Spicewood/Maps/Procedural/ravines_pool_2/MD_QD_STAIR_002_RA.umap"
"MD_R_FLAT_002_RA","room","0","点位示意","false","ravines_pool_2","room:md_r_flat_002_ra","Dungeons/Content/Spicewood/Maps/Procedural/ravines_pool_2/MD_R_FLAT_002_RA.umap"
"MD_R_STAIR_002_RA","room","0","点位示意","false","ravines_pool_2","room:md_r_stair_002_ra","Dungeons/Content/Spicewood/Maps/Procedural/ravines_pool_2/MD_R_STAIR_002_RA.umap"
"MD_T_FLAT_002_RA","room","0","点位示意","false","ravines_pool_2","room:md_t_flat_002_ra","Dungeons/Content/Spicewood/Maps/Procedural/ravines_pool_2/MD_T_FLAT_002_RA.umap"
"MD_T_STAIR_002_RA","room","0","点位示意","false","ravines_pool_2","room:md_t_stair_002_ra","Dungeons/Content/Spicewood/Maps/Procedural/ravines_pool_2/MD_T_STAIR_002_RA.umap"
"MD2LG_STAIR_002_RA","room","0","点位示意","false","ravines_pool_2","room:md2lg_stair_002_ra","Dungeons/Content/Spicewood/Maps/Procedural/ravines_pool_2/MD2LG_STAIR_002_RA.umap"
"SM2MD_FLAT_002_RA","room","0","点位示意","false","ravines_pool_2","room:sm2md_flat_002_ra","Dungeons/Content/Spicewood/Maps/Procedural/ravines_pool_2/SM2MD_FLAT_002_RA.umap"
"SM2MD_STAIR_002_RA","room","0","点位示意","false","ravines_pool_2","room:sm2md_stair_002_ra","Dungeons/Content/Spicewood/Maps/Procedural/ravines_pool_2/SM2MD_STAIR_002_RA.umap"
"Ravines_Pool_3_Tiles","room","0","点位示意","false","Ravines_Pool_3_Tiles.umap","room:ravines_pool_3_tiles","Dungeons/Content/Spicewood/Maps/Procedural/Ravines_Pool_3_Tiles.umap"
"LG_L_FLAT_003_RA","room","2","点位示意","false","ravines_pool_3","room:lg_l_flat_003_ra","Dungeons/Content/Spicewood/Maps/Procedural/ravines_pool_3/LG_L_FLAT_003_RA.umap"
"LG_R_FLAT_003_RA","room","2","点位示意","false","ravines_pool_3","room:lg_r_flat_003_ra","Dungeons/Content/Spicewood/Maps/Procedural/ravines_pool_3/LG_R_FLAT_003_RA.umap"
"LG_R_STAIR_003_RA","room","2","点位示意","false","ravines_pool_3","room:lg_r_stair_003_ra","Dungeons/Content/Spicewood/Maps/Procedural/ravines_pool_3/LG_R_STAIR_003_RA.umap"
"MD_C_FLAT_003_RA","room","0","点位示意","false","ravines_pool_3","room:md_c_flat_003_ra","Dungeons/Content/Spicewood/Maps/Procedural/ravines_pool_3/MD_C_FLAT_003_RA.umap"
"MD_C_STAIR_003_RA","room","0","点位示意","false","ravines_pool_3","room:md_c_stair_003_ra","Dungeons/Content/Spicewood/Maps/Procedural/ravines_pool_3/MD_C_STAIR_003_RA.umap"
"MD_DE_FLAT_003_RA","room","1","点位示意","false","ravines_pool_3","room:md_de_flat_003_ra","Dungeons/Content/Spicewood/Maps/Procedural/ravines_pool_3/MD_DE_FLAT_003_RA.umap"
"MD_DE_STAIR_003_RA","room","2","点位示意","false","ravines_pool_3","room:md_de_stair_003_ra","Dungeons/Content/Spicewood/Maps/Procedural/ravines_pool_3/MD_DE_STAIR_003_RA.umap"
"MD_L_FLAT_003_RA","room","1","点位示意","false","ravines_pool_3","room:md_l_flat_003_ra","Dungeons/Content/Spicewood/Maps/Procedural/ravines_pool_3/MD_L_FLAT_003_RA.umap"
"MD_L_STAIR_003_RA","room","0","点位示意","false","ravines_pool_3","room:md_l_stair_003_ra","Dungeons/Content/Spicewood/Maps/Procedural/ravines_pool_3/MD_L_STAIR_003_RA.umap"
"MD_QD_FLAT_003_RA","room","0","点位示意","false","ravines_pool_3","room:md_qd_flat_003_ra","Dungeons/Content/Spicewood/Maps/Procedural/ravines_pool_3/MD_QD_FLAT_003_RA.umap"
"MD_QD_STAIR_003_RA","room","0","点位示意","false","ravines_pool_3","room:md_qd_stair_003_ra","Dungeons/Content/Spicewood/Maps/Procedural/ravines_pool_3/MD_QD_STAIR_003_RA.umap"
"MD_R_FLAT_003_RA","room","1","点位示意","false","ravines_pool_3","room:md_r_flat_003_ra","Dungeons/Content/Spicewood/Maps/Procedural/ravines_pool_3/MD_R_FLAT_003_RA.umap"
"MD_R_STAIR_003_RA","room","2","点位示意","false","ravines_pool_3","room:md_r_stair_003_ra","Dungeons/Content/Spicewood/Maps/Procedural/ravines_pool_3/MD_R_STAIR_003_RA.umap"
"MD_T_FLAT_003_RA","room","1","点位示意","false","ravines_pool_3","room:md_t_flat_003_ra","Dungeons/Content/Spicewood/Maps/Procedural/ravines_pool_3/MD_T_FLAT_003_RA.umap"
"MD_T_STAIR_003_RA","room","0","点位示意","false","ravines_pool_3","room:md_t_stair_003_ra","Dungeons/Content/Spicewood/Maps/Procedural/ravines_pool_3/MD_T_STAIR_003_RA.umap"
"SM2MD_FLAT_003_RA","room","0","点位示意","false","ravines_pool_3","room:sm2md_flat_003_ra","Dungeons/Content/Spicewood/Maps/Procedural/ravines_pool_3/SM2MD_FLAT_003_RA.umap"
"SM2MD_STAIR_003_RA","room","1","点位示意","false","ravines_pool_3","room:sm2md_stair_003_ra","Dungeons/Content/Spicewood/Maps/Procedural/ravines_pool_3/SM2MD_STAIR_003_RA.umap"
"WorldTilesBuilder","room","0","点位示意","false","WorldTilesBuilder.umap","room:worldtilesbuilder","Dungeons/Content/Spicewood/Maps/Procedural/WorldTilesBuilder.umap"