词条,关系,独特装备,装备ID,词条模板
防护,必带,怪物粉碎者,SW.Item.GiantMallet_Unique1,SW.Effecttemplate.Protection.Unique
防护,必带,轰鸣虫触角,SW.Item.StalwartHelmet_Unique,SW.Effecttemplate.Protection.Unique
防护,可随机出现,无畏角盔,SW.Item.UndauntedHelmet_Unique,SW.EffectTemplate.Protection.I；SW.EffectTemplate.Protection.II；SW.EffectTemplate.Protection.III
防护,可随机出现,无畏肩甲,SW.Item.UndauntedChest_Unique,SW.EffectTemplate.Protection.I；SW.EffectTemplate.Protection.II；SW.EffectTemplate.Protection.III
防护,可随机出现,无畏胫甲,SW.Item.UndauntedLeggings_Unique,SW.EffectTemplate.Protection.I；SW.EffectTemplate.Protection.II；SW.EffectTemplate.Protection.III
防护,可随机出现,无畏足甲,SW.Item.UndauntedBoots_Unique,SW.EffectTemplate.Protection.I；SW.EffectTemplate.Protection.II；SW.EffectTemplate.Protection.III
防护,可随机出现,寒霜护甲,SW.Item.FrostRimeChest_Unique,SW.EffectTemplate.Protection.I；SW.EffectTemplate.Protection.II；SW.EffectTemplate.Protection.III
防护,可随机出现,寒霜长衬裤,SW.Item.FrostRimeLeggings_Unique,SW.EffectTemplate.Protection.I；SW.EffectTemplate.Protection.II；SW.EffectTemplate.Protection.III
防护,可随机出现,寒霜踏雪靴,SW.Item.FrostRimeBoots_Unique,SW.EffectTemplate.Protection.I；SW.EffectTemplate.Protection.II；SW.EffectTemplate.Protection.III
防护,可随机出现,寒霜冰帽,SW.Item.FrostRimeHelmet_Unique,SW.EffectTemplate.Protection.I；SW.EffectTemplate.Protection.II；SW.EffectTemplate.Protection.III
防护,可随机出现,漫游者足甲,SW.Item.VoyagerBoots_Unique,SW.EffectTemplate.Protection.I；SW.EffectTemplate.Protection.II；SW.EffectTemplate.Protection.III
防护,可随机出现,漫游者肩甲,SW.Item.VoyagerChest_Unique,SW.EffectTemplate.Protection.I；SW.EffectTemplate.Protection.II；SW.EffectTemplate.Protection.III
防护,可随机出现,漫游者面甲,SW.Item.VoyagerHelmet_Unique,SW.EffectTemplate.Protection.I；SW.EffectTemplate.Protection.II；SW.EffectTemplate.Protection.III
防护,可随机出现,漫游者绑腿,SW.Item.VoyagerLeggings_Unique,SW.EffectTemplate.Protection.I；SW.EffectTemplate.Protection.II；SW.EffectTemplate.Protection.III
防护,可随机出现,扭曲监守者轻靴,SW.Item.CaveCrawlerBoots_Unique,SW.EffectTemplate.Protection.I；SW.EffectTemplate.Protection.II；SW.EffectTemplate.Protection.III
防护,可随机出现,扭曲监守者背心,SW.Item.CaveCrawlerChest_Unique,SW.EffectTemplate.Protection.I；SW.EffectTemplate.Protection.II；SW.EffectTemplate.Protection.III
防护,可随机出现,扭曲监守者眼罩,SW.Item.CaveCrawlerHelmet_Unique,SW.EffectTemplate.Protection.I；SW.EffectTemplate.Protection.II；SW.EffectTemplate.Protection.III
防护,可随机出现,扭曲监守者紧身裤,SW.Item.CaveCrawlerLeggings_Unique,SW.EffectTemplate.Protection.I；SW.EffectTemplate.Protection.II；SW.EffectTemplate.Protection.III
防护,可随机出现,轰鸣虫甲壳,SW.Item.StalwartChest_Unique,SW.EffectTemplate.Protection.I；SW.EffectTemplate.Protection.II；SW.EffectTemplate.Protection.III
防护,可随机出现,轰鸣虫胫甲,SW.Item.StalwartLeggings_Unique,SW.EffectTemplate.Protection.I；SW.EffectTemplate.Protection.II；SW.EffectTemplate.Protection.III
防护,可随机出现,轰鸣虫跗靴,SW.Item.StalwartBoots_Unique,SW.EffectTemplate.Protection.I；SW.EffectTemplate.Protection.II；SW.EffectTemplate.Protection.III
防护,可随机出现,毒蝇伞帽,SW.Item.MushroomHelmet_Unique,SW.EffectTemplate.Protection.I；SW.EffectTemplate.Protection.II；SW.EffectTemplate.Protection.III
防护,可随机出现,毒蝇伞外套,SW.Item.MushroomChest_Unique,SW.EffectTemplate.Protection.I；SW.EffectTemplate.Protection.II；SW.EffectTemplate.Protection.III
防护,可随机出现,毒蝇伞长裤,SW.Item.MushroomLeggings_Unique,SW.EffectTemplate.Protection.I；SW.EffectTemplate.Protection.II；SW.EffectTemplate.Protection.III
防护,可随机出现,毒蝇伞雨鞋,SW.Item.MushroomBoots_Unique,SW.EffectTemplate.Protection.I；SW.EffectTemplate.Protection.II；SW.EffectTemplate.Protection.III
防护,可随机出现,贤者头带,SW.Item.DiscipleHelmet_Unique,SW.EffectTemplate.Protection.I；SW.EffectTemplate.Protection.II；SW.EffectTemplate.Protection.III
防护,可随机出现,贤者束衣,SW.Item.DiscipleChest_Unique,SW.EffectTemplate.Protection.I；SW.EffectTemplate.Protection.II；SW.EffectTemplate.Protection.III
防护,可随机出现,贤者腰带,SW.Item.DiscipleLeggings_Unique,SW.EffectTemplate.Protection.I；SW.EffectTemplate.Protection.II；SW.EffectTemplate.Protection.III
防护,可随机出现,贤者裹足布,SW.Item.DiscipleBoots_Unique,SW.EffectTemplate.Protection.I；SW.EffectTemplate.Protection.II；SW.EffectTemplate.Protection.III
防护,可随机出现,巨兽角盔,SW.Item.RedstoneHelmet_Unique,SW.EffectTemplate.Protection.I；SW.EffectTemplate.Protection.II；SW.EffectTemplate.Protection.III
防护,可随机出现,巨兽盔甲,SW.Item.RedstoneChest_Unique,SW.EffectTemplate.Protection.I；SW.EffectTemplate.Protection.II；SW.EffectTemplate.Protection.III
防护,可随机出现,巨兽胫甲,SW.Item.RedstoneLeggings_Unique,SW.EffectTemplate.Protection.I；SW.EffectTemplate.Protection.II；SW.EffectTemplate.Protection.III
防护,可随机出现,巨兽战靴,SW.Item.RedstoneBoots_Unique,SW.EffectTemplate.Protection.I；SW.EffectTemplate.Protection.II；SW.EffectTemplate.Protection.III
锋利,可随机出现,碎心锤,SW.Item.WarHammer_Unique1,SW.EffectTemplate.Sharpness.I；SW.EffectTemplate.Sharpness.II；SW.EffectTemplate.Sharpness.III
锋利,可随机出现,风暴召唤者,SW.Item.Pike_Unique1,SW.EffectTemplate.Sharpness.I；SW.EffectTemplate.Sharpness.II；SW.EffectTemplate.Sharpness.III
锋利,可随机出现,烈焰之刃,SW.Item.Sword_Unique1,SW.EffectTemplate.Sharpness.I；SW.EffectTemplate.Sharpness.II；SW.EffectTemplate.Sharpness.III
锋利,可随机出现,首席附魔师护手,SW.Item.Gauntlet_Unique1,SW.EffectTemplate.Sharpness.I；SW.EffectTemplate.Sharpness.II；SW.EffectTemplate.Sharpness.III
锋利,可随机出现,毒牙,SW.Item.Daggers_Unique1,SW.EffectTemplate.Sharpness.I；SW.EffectTemplate.Sharpness.II；SW.EffectTemplate.Sharpness.III
锋利,可随机出现,猎人手斧,SW.Item.Axe_Unique1,SW.EffectTemplate.Sharpness.I；SW.EffectTemplate.Sharpness.II；SW.EffectTemplate.Sharpness.III
锋利,可随机出现,幽魂长矛,SW.Item.ShortSpear_Unique1,SW.EffectTemplate.Sharpness.I；SW.EffectTemplate.Sharpness.II；SW.EffectTemplate.Sharpness.III
锋利,可随机出现,红石破坏者,SW.Item.GiantClub_Unique1,SW.EffectTemplate.Sharpness.I；SW.EffectTemplate.Sharpness.II；SW.EffectTemplate.Sharpness.III
锋利,可随机出现,探勘者之镐,SW.Item.Pickaxe_Unique1,SW.EffectTemplate.Sharpness.I；SW.EffectTemplate.Sharpness.II；SW.EffectTemplate.Sharpness.III
锋利,可随机出现,千刃,SW.Item.Rapier_Unique1,SW.EffectTemplate.Sharpness.I；SW.EffectTemplate.Sharpness.II；SW.EffectTemplate.Sharpness.III
锋利,可随机出现,斩杀大剑,SW.Item.Claymore_Unique1,SW.EffectTemplate.Sharpness.I；SW.EffectTemplate.Sharpness.II；SW.EffectTemplate.Sharpness.III
锋利,可随机出现,暗晶剑,SW.Item.Greatsword_Unique1,SW.EffectTemplate.Sharpness.I；SW.EffectTemplate.Sharpness.II；SW.EffectTemplate.Sharpness.III
锋利,可随机出现,幽匿者之爪,SW.Item.Claws_Unique1,SW.EffectTemplate.Sharpness.I；SW.EffectTemplate.Sharpness.II；SW.EffectTemplate.Sharpness.III
锋利,可随机出现,黄金长柄刀,SW.Item.Glaive_Unique1,SW.EffectTemplate.Sharpness.I；SW.EffectTemplate.Sharpness.II；SW.EffectTemplate.Sharpness.III
锋利,可随机出现,元素权杖,SW.Item.Battlestaff_Unique1,SW.EffectTemplate.Sharpness.I；SW.EffectTemplate.Sharpness.II；SW.EffectTemplate.Sharpness.III
锋利,可随机出现,剁魂刀,SW.Item.Cleaver_Unique1,SW.EffectTemplate.Sharpness.I；SW.EffectTemplate.Sharpness.II；SW.EffectTemplate.Sharpness.III
锋利,可随机出现,汐浮镰刀,SW.Item.Sickles_Unique1,SW.EffectTemplate.Sharpness.I；SW.EffectTemplate.Sharpness.II；SW.EffectTemplate.Sharpness.III
锋利,可随机出现,摄魂者,SW.Item.Scythe_Unique1,SW.EffectTemplate.Sharpness.I；SW.EffectTemplate.Sharpness.II；SW.EffectTemplate.Sharpness.III
锋利,可随机出现,安眠之刃,SW.Item.CurvedGreatsword_Unique1,SW.EffectTemplate.Sharpness.I；SW.EffectTemplate.Sharpness.II；SW.EffectTemplate.Sharpness.III
锋利,可随机出现,怪物粉碎者,SW.Item.GiantMallet_Unique1,SW.EffectTemplate.Sharpness.I；SW.EffectTemplate.Sharpness.II；SW.EffectTemplate.Sharpness.III
锋利,可随机出现,霜冻剑,SW.Item.StraightSword_Unique1,SW.EffectTemplate.Sharpness.I；SW.EffectTemplate.Sharpness.II；SW.EffectTemplate.Sharpness.III
锋利,可随机出现,平原之傲,SW.Item.CurvedLongsword_Unique1,SW.EffectTemplate.Sharpness.I；SW.EffectTemplate.Sharpness.II；SW.EffectTemplate.Sharpness.III
锋利,可随机出现,钻石锹,SW.Item.Shovel_Unique1,SW.EffectTemplate.Sharpness.I；SW.EffectTemplate.Sharpness.II；SW.EffectTemplate.Sharpness.III
锋利,可随机出现,甲壳重锤,SW.Item.Mace_Unique1,SW.EffectTemplate.Sharpness.I；SW.EffectTemplate.Sharpness.II；SW.EffectTemplate.Sharpness.III
锋利,可随机出现,幽匿者克星,SW.Item.Dagger_Unique1,SW.EffectTemplate.Sharpness.I；SW.EffectTemplate.Sharpness.II；SW.EffectTemplate.Sharpness.III
锋利,可随机出现,调皮鬼军刀,SW.Item.Sabre_Unique1,SW.EffectTemplate.Sharpness.I；SW.EffectTemplate.Sharpness.II；SW.EffectTemplate.Sharpness.III
锋利,可随机出现,绿宝石锤,SW.Item.Hammer_Unique1,SW.EffectTemplate.Sharpness.I；SW.EffectTemplate.Sharpness.II；SW.EffectTemplate.Sharpness.III
锋利,可随机出现,弯月镰刀,SW.Item.MoonSword_Unique1,SW.EffectTemplate.Sharpness.I；SW.EffectTemplate.Sharpness.II；SW.EffectTemplate.Sharpness.III
锋利,可随机出现,神威巨斧,SW.Item.GreatAxe_Unique1,SW.EffectTemplate.Sharpness.I；SW.EffectTemplate.Sharpness.II；SW.EffectTemplate.Sharpness.III
迅捷,必带,千刃,SW.Item.Rapier_Unique1,SW.EffectTemplate.RapidStrike.Unique
迅捷,必带,贤者裹足布,SW.Item.DiscipleBoots_Unique,SW.EffectTemplate.RapidStrike.Unique
迅捷,可随机出现,漫游者足甲,SW.Item.VoyagerBoots_Unique,SW.EffectTemplate.RapidStrike.I；SW.EffectTemplate.RapidStrike.II；SW.EffectTemplate.RapidStrike.III
迅捷,可随机出现,漫游者肩甲,SW.Item.VoyagerChest_Unique,SW.EffectTemplate.RapidStrike.I；SW.EffectTemplate.RapidStrike.II；SW.EffectTemplate.RapidStrike.III
迅捷,可随机出现,漫游者面甲,SW.Item.VoyagerHelmet_Unique,SW.EffectTemplate.RapidStrike.I；SW.EffectTemplate.RapidStrike.II；SW.EffectTemplate.RapidStrike.III
迅捷,可随机出现,漫游者绑腿,SW.Item.VoyagerLeggings_Unique,SW.EffectTemplate.RapidStrike.I；SW.EffectTemplate.RapidStrike.II；SW.EffectTemplate.RapidStrike.III
迅捷,可随机出现,贤者头带,SW.Item.DiscipleHelmet_Unique,SW.EffectTemplate.RapidStrike.I；SW.EffectTemplate.RapidStrike.II；SW.EffectTemplate.RapidStrike.III
迅捷,可随机出现,贤者束衣,SW.Item.DiscipleChest_Unique,SW.EffectTemplate.RapidStrike.I；SW.EffectTemplate.RapidStrike.II；SW.EffectTemplate.RapidStrike.III
迅捷,可随机出现,贤者腰带,SW.Item.DiscipleLeggings_Unique,SW.EffectTemplate.RapidStrike.I；SW.EffectTemplate.RapidStrike.II；SW.EffectTemplate.RapidStrike.III
速度,可随机出现,神射手风衣,SW.Item.RealmreacherChest_Unique,SW.EffectTemplate.SpeedBoost.I；SW.EffectTemplate.SpeedBoost.II；SW.EffectTemplate.SpeedBoost.III
速度,可随机出现,神射手套裤,SW.Item.RealmreacherLeggings_Unique,SW.EffectTemplate.SpeedBoost.I；SW.EffectTemplate.SpeedBoost.II；SW.EffectTemplate.SpeedBoost.III
速度,可随机出现,神射手马刺靴,SW.Item.RealmreacherBoots_Unique,SW.EffectTemplate.SpeedBoost.I；SW.EffectTemplate.SpeedBoost.II；SW.EffectTemplate.SpeedBoost.III
速度,可随机出现,神射手软呢帽,SW.Item.RealmreacherHelmet_Unique,SW.EffectTemplate.SpeedBoost.I；SW.EffectTemplate.SpeedBoost.II；SW.EffectTemplate.SpeedBoost.III
速度,可随机出现,驭梦者王冠,SW.Item.PhantomHelmet_Unique,SW.EffectTemplate.SpeedBoost.I；SW.EffectTemplate.SpeedBoost.II；SW.EffectTemplate.SpeedBoost.III
速度,可随机出现,驭梦者外袍,SW.Item.PhantomChest_Unique,SW.EffectTemplate.SpeedBoost.I；SW.EffectTemplate.SpeedBoost.II；SW.EffectTemplate.SpeedBoost.III
速度,可随机出现,驭梦者睡裤,SW.Item.PhantomLeggings_Unique,SW.EffectTemplate.SpeedBoost.I；SW.EffectTemplate.SpeedBoost.II；SW.EffectTemplate.SpeedBoost.III
速度,可随机出现,驭梦者拖鞋,SW.Item.PhantomBoots_Unique,SW.EffectTemplate.SpeedBoost.I；SW.EffectTemplate.SpeedBoost.II；SW.EffectTemplate.SpeedBoost.III
速度,可随机出现,灵魂腐化者面具,SW.Item.TimewornHelmet_Unique,SW.EffectTemplate.SpeedBoost.I；SW.EffectTemplate.SpeedBoost.II；SW.EffectTemplate.SpeedBoost.III
速度,可随机出现,灵魂腐化者风衣,SW.Item.TimewornChest_Unique,SW.EffectTemplate.SpeedBoost.I；SW.EffectTemplate.SpeedBoost.II；SW.EffectTemplate.SpeedBoost.III
速度,可随机出现,灵魂腐化者腰带,SW.Item.TimewornLeggings_Unique,SW.EffectTemplate.SpeedBoost.I；SW.EffectTemplate.SpeedBoost.II；SW.EffectTemplate.SpeedBoost.III
速度,可随机出现,灵魂腐化者凉鞋,SW.Item.TimewornBoots_Unique,SW.EffectTemplate.SpeedBoost.I；SW.EffectTemplate.SpeedBoost.II；SW.EffectTemplate.SpeedBoost.III
暴击,可随机出现,碎心锤,SW.Item.WarHammer_Unique1,SW.EffectTemplate.CriticalHit.I；SW.EffectTemplate.CriticalHit.II；SW.EffectTemplate.CriticalHit.III
暴击,可随机出现,风暴召唤者,SW.Item.Pike_Unique1,SW.EffectTemplate.CriticalHit.I；SW.EffectTemplate.CriticalHit.II；SW.EffectTemplate.CriticalHit.III
暴击,可随机出现,烈焰之刃,SW.Item.Sword_Unique1,SW.EffectTemplate.CriticalHit.I；SW.EffectTemplate.CriticalHit.II；SW.EffectTemplate.CriticalHit.III
暴击,可随机出现,首席附魔师护手,SW.Item.Gauntlet_Unique1,SW.EffectTemplate.CriticalHit.I；SW.EffectTemplate.CriticalHit.II；SW.EffectTemplate.CriticalHit.III
暴击,可随机出现,毒牙,SW.Item.Daggers_Unique1,SW.EffectTemplate.CriticalHit.I；SW.EffectTemplate.CriticalHit.II；SW.EffectTemplate.CriticalHit.III
暴击,可随机出现,猎人手斧,SW.Item.Axe_Unique1,SW.EffectTemplate.CriticalHit.I；SW.EffectTemplate.CriticalHit.II；SW.EffectTemplate.CriticalHit.III
暴击,可随机出现,幽魂长矛,SW.Item.ShortSpear_Unique1,SW.EffectTemplate.CriticalHit.I；SW.EffectTemplate.CriticalHit.II；SW.EffectTemplate.CriticalHit.III
暴击,可随机出现,红石破坏者,SW.Item.GiantClub_Unique1,SW.EffectTemplate.CriticalHit.I；SW.EffectTemplate.CriticalHit.II；SW.EffectTemplate.CriticalHit.III
暴击,可随机出现,探勘者之镐,SW.Item.Pickaxe_Unique1,SW.EffectTemplate.CriticalHit.I；SW.EffectTemplate.CriticalHit.II；SW.EffectTemplate.CriticalHit.III
暴击,可随机出现,千刃,SW.Item.Rapier_Unique1,SW.EffectTemplate.CriticalHit.I；SW.EffectTemplate.CriticalHit.II；SW.EffectTemplate.CriticalHit.III
暴击,可随机出现,斩杀大剑,SW.Item.Claymore_Unique1,SW.EffectTemplate.CriticalHit.I；SW.EffectTemplate.CriticalHit.II；SW.EffectTemplate.CriticalHit.III
暴击,可随机出现,暗晶剑,SW.Item.Greatsword_Unique1,SW.EffectTemplate.CriticalHit.I；SW.EffectTemplate.CriticalHit.II；SW.EffectTemplate.CriticalHit.III
暴击,可随机出现,幽匿者之爪,SW.Item.Claws_Unique1,SW.EffectTemplate.CriticalHit.I；SW.EffectTemplate.CriticalHit.II；SW.EffectTemplate.CriticalHit.III
暴击,可随机出现,黄金长柄刀,SW.Item.Glaive_Unique1,SW.EffectTemplate.CriticalHit.I；SW.EffectTemplate.CriticalHit.II；SW.EffectTemplate.CriticalHit.III
暴击,可随机出现,元素权杖,SW.Item.Battlestaff_Unique1,SW.EffectTemplate.CriticalHit.I；SW.EffectTemplate.CriticalHit.II；SW.EffectTemplate.CriticalHit.III
暴击,可随机出现,剁魂刀,SW.Item.Cleaver_Unique1,SW.EffectTemplate.CriticalHit.I；SW.EffectTemplate.CriticalHit.II；SW.EffectTemplate.CriticalHit.III
暴击,可随机出现,汐浮镰刀,SW.Item.Sickles_Unique1,SW.EffectTemplate.CriticalHit.I；SW.EffectTemplate.CriticalHit.II；SW.EffectTemplate.CriticalHit.III
暴击,可随机出现,摄魂者,SW.Item.Scythe_Unique1,SW.EffectTemplate.CriticalHit.I；SW.EffectTemplate.CriticalHit.II；SW.EffectTemplate.CriticalHit.III
暴击,可随机出现,安眠之刃,SW.Item.CurvedGreatsword_Unique1,SW.EffectTemplate.CriticalHit.I；SW.EffectTemplate.CriticalHit.II；SW.EffectTemplate.CriticalHit.III
暴击,可随机出现,怪物粉碎者,SW.Item.GiantMallet_Unique1,SW.EffectTemplate.CriticalHit.I；SW.EffectTemplate.CriticalHit.II；SW.EffectTemplate.CriticalHit.III
暴击,可随机出现,霜冻剑,SW.Item.StraightSword_Unique1,SW.EffectTemplate.CriticalHit.I；SW.EffectTemplate.CriticalHit.II；SW.EffectTemplate.CriticalHit.III
暴击,可随机出现,平原之傲,SW.Item.CurvedLongsword_Unique1,SW.EffectTemplate.CriticalHit.I；SW.EffectTemplate.CriticalHit.II；SW.EffectTemplate.CriticalHit.III
暴击,可随机出现,钻石锹,SW.Item.Shovel_Unique1,SW.EffectTemplate.CriticalHit.I；SW.EffectTemplate.CriticalHit.II；SW.EffectTemplate.CriticalHit.III
暴击,可随机出现,甲壳重锤,SW.Item.Mace_Unique1,SW.EffectTemplate.CriticalHit.I；SW.EffectTemplate.CriticalHit.II；SW.EffectTemplate.CriticalHit.III
暴击,可随机出现,幽匿者克星,SW.Item.Dagger_Unique1,SW.EffectTemplate.CriticalHit.I；SW.EffectTemplate.CriticalHit.II；SW.EffectTemplate.CriticalHit.III
暴击,可随机出现,调皮鬼军刀,SW.Item.Sabre_Unique1,SW.EffectTemplate.CriticalHit.I；SW.EffectTemplate.CriticalHit.II；SW.EffectTemplate.CriticalHit.III
暴击,可随机出现,绿宝石锤,SW.Item.Hammer_Unique1,SW.EffectTemplate.CriticalHit.I；SW.EffectTemplate.CriticalHit.II；SW.EffectTemplate.CriticalHit.III
暴击,可随机出现,弯月镰刀,SW.Item.MoonSword_Unique1,SW.EffectTemplate.CriticalHit.I；SW.EffectTemplate.CriticalHit.II；SW.EffectTemplate.CriticalHit.III
暴击,可随机出现,神威巨斧,SW.Item.GreatAxe_Unique1,SW.EffectTemplate.CriticalHit.I；SW.EffectTemplate.CriticalHit.II；SW.EffectTemplate.CriticalHit.III
暴击,可随机出现,游侠之誓,SW.Item.Bow_Unique1,SW.EffectTemplate.CriticalHit.I；SW.EffectTemplate.CriticalHit.II；SW.EffectTemplate.CriticalHit.III
暴击,可随机出现,定身弩,SW.Item.Crossbow_Unique1,SW.EffectTemplate.CriticalHit.I；SW.EffectTemplate.CriticalHit.II；SW.EffectTemplate.CriticalHit.III
暴击,可随机出现,流星弓,SW.Item.Shortbow_Unique1,SW.EffectTemplate.CriticalHit.I；SW.EffectTemplate.CriticalHit.II；SW.EffectTemplate.CriticalHit.III
暴击,可随机出现,幻翼弓,SW.Item.Trickbow_Unique1,SW.EffectTemplate.CriticalHit.I；SW.EffectTemplate.CriticalHit.II；SW.EffectTemplate.CriticalHit.III
暴击,可随机出现,嘎枝之触,SW.Item.Longbow_Unique1,SW.EffectTemplate.CriticalHit.I；SW.EffectTemplate.CriticalHit.II；SW.EffectTemplate.CriticalHit.III
暴击,可随机出现,典范弓,SW.Item.Powerbow_Unique1,SW.EffectTemplate.CriticalHit.I；SW.EffectTemplate.CriticalHit.II；SW.EffectTemplate.CriticalHit.III
暴击,可随机出现,竖琴弩,SW.Item.ScatterCrossbow_Unique1,SW.EffectTemplate.CriticalHit.I；SW.EffectTemplate.CriticalHit.II；SW.EffectTemplate.CriticalHit.III
暴击,可随机出现,近战游侠弩,SW.Item.HeavyCrossbow_Unique1,SW.EffectTemplate.CriticalHit.I；SW.EffectTemplate.CriticalHit.II；SW.EffectTemplate.CriticalHit.III
暴击,可随机出现,授粉快弩,SW.Item.RapidCrossbow_Unique1,SW.EffectTemplate.CriticalHit.I；SW.EffectTemplate.CriticalHit.II；SW.EffectTemplate.CriticalHit.III
暴击,可随机出现,背叛者双弩,SW.Item.DualCrossbow_Unique1,SW.EffectTemplate.CriticalHit.I；SW.EffectTemplate.CriticalHit.II；SW.EffectTemplate.CriticalHit.III
暴击,可随机出现,轰鸣虫心弦,SW.Item.Greatbow_Unique1,SW.EffectTemplate.CriticalHit.I；SW.EffectTemplate.CriticalHit.II；SW.EffectTemplate.CriticalHit.III
冷却时间,必带,神谕紧身裤,SW.Item.MysticLeggings_Unique,SW.EffectTemplate.Cooldown.Unique
冷却时间,必带,蜂群意识刺靴,SW.Item.HoneyBoots_Unique,SW.EffectTemplate.Cooldown.Unique
冷却时间,可随机出现,寒霜护甲,SW.Item.FrostRimeChest_Unique,SW.EffectTemplate.Cooldown.I；SW.EffectTemplate.Cooldown.II；SW.EffectTemplate.Cooldown.III
冷却时间,可随机出现,寒霜长衬裤,SW.Item.FrostRimeLeggings_Unique,SW.EffectTemplate.Cooldown.I；SW.EffectTemplate.Cooldown.II；SW.EffectTemplate.Cooldown.III
冷却时间,可随机出现,寒霜踏雪靴,SW.Item.FrostRimeBoots_Unique,SW.EffectTemplate.Cooldown.I；SW.EffectTemplate.Cooldown.II；SW.EffectTemplate.Cooldown.III
冷却时间,可随机出现,寒霜冰帽,SW.Item.FrostRimeHelmet_Unique,SW.EffectTemplate.Cooldown.I；SW.EffectTemplate.Cooldown.II；SW.EffectTemplate.Cooldown.III
冷却时间,可随机出现,神谕王冠,SW.Item.MysticHelmet_Unique,SW.EffectTemplate.Cooldown.I；SW.EffectTemplate.Cooldown.II；SW.EffectTemplate.Cooldown.III
冷却时间,可随机出现,神谕披风,SW.Item.MysticChest_Unique,SW.EffectTemplate.Cooldown.I；SW.EffectTemplate.Cooldown.II；SW.EffectTemplate.Cooldown.III
冷却时间,可随机出现,神谕凉鞋,SW.Item.MysticBoots_Unique,SW.EffectTemplate.Cooldown.I；SW.EffectTemplate.Cooldown.II；SW.EffectTemplate.Cooldown.III
冷却时间,可随机出现,灵魂腐化者面具,SW.Item.TimewornHelmet_Unique,SW.EffectTemplate.Cooldown.I；SW.EffectTemplate.Cooldown.II；SW.EffectTemplate.Cooldown.III
冷却时间,可随机出现,灵魂腐化者风衣,SW.Item.TimewornChest_Unique,SW.EffectTemplate.Cooldown.I；SW.EffectTemplate.Cooldown.II；SW.EffectTemplate.Cooldown.III
冷却时间,可随机出现,灵魂腐化者腰带,SW.Item.TimewornLeggings_Unique,SW.EffectTemplate.Cooldown.I；SW.EffectTemplate.Cooldown.II；SW.EffectTemplate.Cooldown.III
冷却时间,可随机出现,灵魂腐化者凉鞋,SW.Item.TimewornBoots_Unique,SW.EffectTemplate.Cooldown.I；SW.EffectTemplate.Cooldown.II；SW.EffectTemplate.Cooldown.III
冷却时间,可随机出现,毒蝇伞帽,SW.Item.MushroomHelmet_Unique,SW.EffectTemplate.Cooldown.I；SW.EffectTemplate.Cooldown.II；SW.EffectTemplate.Cooldown.III
冷却时间,可随机出现,毒蝇伞外套,SW.Item.MushroomChest_Unique,SW.EffectTemplate.Cooldown.I；SW.EffectTemplate.Cooldown.II；SW.EffectTemplate.Cooldown.III
冷却时间,可随机出现,毒蝇伞长裤,SW.Item.MushroomLeggings_Unique,SW.EffectTemplate.Cooldown.I；SW.EffectTemplate.Cooldown.II；SW.EffectTemplate.Cooldown.III
冷却时间,可随机出现,毒蝇伞雨鞋,SW.Item.MushroomBoots_Unique,SW.EffectTemplate.Cooldown.I；SW.EffectTemplate.Cooldown.II；SW.EffectTemplate.Cooldown.III
冷却时间,可随机出现,狂怒汐浮特面具,SW.Item.WellspringHelmet_Unique,SW.EffectTemplate.Cooldown.I；SW.EffectTemplate.Cooldown.II；SW.EffectTemplate.Cooldown.III
冷却时间,可随机出现,狂怒汐浮特背心,SW.Item.WellspringChest_Unique,SW.EffectTemplate.Cooldown.I；SW.EffectTemplate.Cooldown.II；SW.EffectTemplate.Cooldown.III
冷却时间,可随机出现,狂怒汐浮特便裤,SW.Item.WellspringLeggings_Unique,SW.EffectTemplate.Cooldown.I；SW.EffectTemplate.Cooldown.II；SW.EffectTemplate.Cooldown.III
冷却时间,可随机出现,狂怒汐浮特之爪,SW.Item.WellspringBoots_Unique,SW.EffectTemplate.Cooldown.I；SW.EffectTemplate.Cooldown.II；SW.EffectTemplate.Cooldown.III
冷却时间,可随机出现,巨兽角盔,SW.Item.RedstoneHelmet_Unique,SW.EffectTemplate.Cooldown.I；SW.EffectTemplate.Cooldown.II；SW.EffectTemplate.Cooldown.III
冷却时间,可随机出现,巨兽盔甲,SW.Item.RedstoneChest_Unique,SW.EffectTemplate.Cooldown.I；SW.EffectTemplate.Cooldown.II；SW.EffectTemplate.Cooldown.III
冷却时间,可随机出现,巨兽胫甲,SW.Item.RedstoneLeggings_Unique,SW.EffectTemplate.Cooldown.I；SW.EffectTemplate.Cooldown.II；SW.EffectTemplate.Cooldown.III
冷却时间,可随机出现,巨兽战靴,SW.Item.RedstoneBoots_Unique,SW.EffectTemplate.Cooldown.I；SW.EffectTemplate.Cooldown.II；SW.EffectTemplate.Cooldown.III
冷却时间,可随机出现,炼金术士礼帽,SW.Item.EvocationHelmet_Unique,SW.EffectTemplate.Cooldown.I；SW.EffectTemplate.Cooldown.II；SW.EffectTemplate.Cooldown.III
冷却时间,可随机出现,炼金术士大衣,SW.Item.EvocationChest_Unique,SW.EffectTemplate.Cooldown.I；SW.EffectTemplate.Cooldown.II；SW.EffectTemplate.Cooldown.III
冷却时间,可随机出现,炼金术士长裤,SW.Item.EvocationLeggings_Unique,SW.EffectTemplate.Cooldown.I；SW.EffectTemplate.Cooldown.II；SW.EffectTemplate.Cooldown.III
冷却时间,可随机出现,炼金术士便鞋,SW.Item.EvocationBoots_Unique,SW.EffectTemplate.Cooldown.I；SW.EffectTemplate.Cooldown.II；SW.EffectTemplate.Cooldown.III
冷却时间,可随机出现,君主王冠,SW.Item.ScavengerHelmet_Unique,SW.EffectTemplate.Cooldown.I；SW.EffectTemplate.Cooldown.II；SW.EffectTemplate.Cooldown.III
冷却时间,可随机出现,君主披风,SW.Item.ScavengerChest_Unique,SW.EffectTemplate.Cooldown.I；SW.EffectTemplate.Cooldown.II；SW.EffectTemplate.Cooldown.III
冷却时间,可随机出现,君主腰带,SW.Item.ScavengerLeggings_Unique,SW.EffectTemplate.Cooldown.I；SW.EffectTemplate.Cooldown.II；SW.EffectTemplate.Cooldown.III
冷却时间,可随机出现,君主利爪,SW.Item.ScavengerBoots_Unique,SW.EffectTemplate.Cooldown.I；SW.EffectTemplate.Cooldown.II；SW.EffectTemplate.Cooldown.III
冲击,必带,典范弓,SW.Item.Powerbow_Unique1,SW.EffectTemplate.Power.Unique
冲击,必带,神射手风衣,SW.Item.RealmreacherChest_Unique,SW.EffectTemplate.Power.Unique
冲击,可随机出现,游侠之誓,SW.Item.Bow_Unique1,SW.EffectTemplate.Power.I；SW.EffectTemplate.Power.II；SW.EffectTemplate.Power.III
冲击,可随机出现,定身弩,SW.Item.Crossbow_Unique1,SW.EffectTemplate.Power.I；SW.EffectTemplate.Power.II；SW.EffectTemplate.Power.III
冲击,可随机出现,流星弓,SW.Item.Shortbow_Unique1,SW.EffectTemplate.Power.I；SW.EffectTemplate.Power.II；SW.EffectTemplate.Power.III
冲击,可随机出现,幻翼弓,SW.Item.Trickbow_Unique1,SW.EffectTemplate.Power.I；SW.EffectTemplate.Power.II；SW.EffectTemplate.Power.III
冲击,可随机出现,嘎枝之触,SW.Item.Longbow_Unique1,SW.EffectTemplate.Power.I；SW.EffectTemplate.Power.II；SW.EffectTemplate.Power.III
冲击,可随机出现,竖琴弩,SW.Item.ScatterCrossbow_Unique1,SW.EffectTemplate.Power.I；SW.EffectTemplate.Power.II；SW.EffectTemplate.Power.III
冲击,可随机出现,近战游侠弩,SW.Item.HeavyCrossbow_Unique1,SW.EffectTemplate.Power.I；SW.EffectTemplate.Power.II；SW.EffectTemplate.Power.III
冲击,可随机出现,授粉快弩,SW.Item.RapidCrossbow_Unique1,SW.EffectTemplate.Power.I；SW.EffectTemplate.Power.II；SW.EffectTemplate.Power.III
冲击,可随机出现,背叛者双弩,SW.Item.DualCrossbow_Unique1,SW.EffectTemplate.Power.I；SW.EffectTemplate.Power.II；SW.EffectTemplate.Power.III
冲击,可随机出现,轰鸣虫心弦,SW.Item.Greatbow_Unique1,SW.EffectTemplate.Power.I；SW.EffectTemplate.Power.II；SW.EffectTemplate.Power.III
恢复,必带,轰鸣虫甲壳,SW.Item.StalwartChest_Unique,SW.EffectTemplate.Constitution.Unique
恢复,可随机出现,无畏角盔,SW.Item.UndauntedHelmet_Unique,SW.EffectTemplate.Constitution.I；SW.EffectTemplate.Constitution.II；SW.EffectTemplate.Constitution.III
恢复,可随机出现,无畏肩甲,SW.Item.UndauntedChest_Unique,SW.EffectTemplate.Constitution.I；SW.EffectTemplate.Constitution.II；SW.EffectTemplate.Constitution.III
恢复,可随机出现,无畏胫甲,SW.Item.UndauntedLeggings_Unique,SW.EffectTemplate.Constitution.I；SW.EffectTemplate.Constitution.II；SW.EffectTemplate.Constitution.III
恢复,可随机出现,无畏足甲,SW.Item.UndauntedBoots_Unique,SW.EffectTemplate.Constitution.I；SW.EffectTemplate.Constitution.II；SW.EffectTemplate.Constitution.III
恢复,可随机出现,寒霜护甲,SW.Item.FrostRimeChest_Unique,SW.EffectTemplate.Constitution.I；SW.EffectTemplate.Constitution.II；SW.EffectTemplate.Constitution.III
恢复,可随机出现,寒霜长衬裤,SW.Item.FrostRimeLeggings_Unique,SW.EffectTemplate.Constitution.I；SW.EffectTemplate.Constitution.II；SW.EffectTemplate.Constitution.III
恢复,可随机出现,寒霜踏雪靴,SW.Item.FrostRimeBoots_Unique,SW.EffectTemplate.Constitution.I；SW.EffectTemplate.Constitution.II；SW.EffectTemplate.Constitution.III
恢复,可随机出现,寒霜冰帽,SW.Item.FrostRimeHelmet_Unique,SW.EffectTemplate.Constitution.I；SW.EffectTemplate.Constitution.II；SW.EffectTemplate.Constitution.III
恢复,可随机出现,扭曲监守者轻靴,SW.Item.CaveCrawlerBoots_Unique,SW.EffectTemplate.Constitution.I；SW.EffectTemplate.Constitution.II；SW.EffectTemplate.Constitution.III
恢复,可随机出现,扭曲监守者背心,SW.Item.CaveCrawlerChest_Unique,SW.EffectTemplate.Constitution.I；SW.EffectTemplate.Constitution.II；SW.EffectTemplate.Constitution.III
恢复,可随机出现,扭曲监守者眼罩,SW.Item.CaveCrawlerHelmet_Unique,SW.EffectTemplate.Constitution.I；SW.EffectTemplate.Constitution.II；SW.EffectTemplate.Constitution.III
恢复,可随机出现,扭曲监守者紧身裤,SW.Item.CaveCrawlerLeggings_Unique,SW.EffectTemplate.Constitution.I；SW.EffectTemplate.Constitution.II；SW.EffectTemplate.Constitution.III
恢复,可随机出现,轰鸣虫触角,SW.Item.StalwartHelmet_Unique,SW.EffectTemplate.Constitution.I；SW.EffectTemplate.Constitution.II；SW.EffectTemplate.Constitution.III
恢复,可随机出现,轰鸣虫胫甲,SW.Item.StalwartLeggings_Unique,SW.EffectTemplate.Constitution.I；SW.EffectTemplate.Constitution.II；SW.EffectTemplate.Constitution.III
恢复,可随机出现,轰鸣虫跗靴,SW.Item.StalwartBoots_Unique,SW.EffectTemplate.Constitution.I；SW.EffectTemplate.Constitution.II；SW.EffectTemplate.Constitution.III
恢复,可随机出现,毒蝇伞帽,SW.Item.MushroomHelmet_Unique,SW.EffectTemplate.Constitution.I；SW.EffectTemplate.Constitution.II；SW.EffectTemplate.Constitution.III
恢复,可随机出现,毒蝇伞外套,SW.Item.MushroomChest_Unique,SW.EffectTemplate.Constitution.I；SW.EffectTemplate.Constitution.II；SW.EffectTemplate.Constitution.III
恢复,可随机出现,毒蝇伞长裤,SW.Item.MushroomLeggings_Unique,SW.EffectTemplate.Constitution.I；SW.EffectTemplate.Constitution.II；SW.EffectTemplate.Constitution.III
恢复,可随机出现,毒蝇伞雨鞋,SW.Item.MushroomBoots_Unique,SW.EffectTemplate.Constitution.I；SW.EffectTemplate.Constitution.II；SW.EffectTemplate.Constitution.III
恢复,可随机出现,巨兽角盔,SW.Item.RedstoneHelmet_Unique,SW.EffectTemplate.Constitution.I；SW.EffectTemplate.Constitution.II；SW.EffectTemplate.Constitution.III
恢复,可随机出现,巨兽盔甲,SW.Item.RedstoneChest_Unique,SW.EffectTemplate.Constitution.I；SW.EffectTemplate.Constitution.II；SW.EffectTemplate.Constitution.III
恢复,可随机出现,巨兽胫甲,SW.Item.RedstoneLeggings_Unique,SW.EffectTemplate.Constitution.I；SW.EffectTemplate.Constitution.II；SW.EffectTemplate.Constitution.III
恢复,可随机出现,巨兽战靴,SW.Item.RedstoneBoots_Unique,SW.EffectTemplate.Constitution.I；SW.EffectTemplate.Constitution.II；SW.EffectTemplate.Constitution.III
快速装填,必带,授粉快弩,SW.Item.RapidCrossbow_Unique1,SW.EffectTemplate.Hairtrigger.Unique
快速装填,必带,无赖套裤,SW.Item.ScampLeggings_Unique,SW.EffectTemplate.Hairtrigger.Unique
躲避,必带,流星弓,SW.Item.Shortbow_Unique1,SW.EffectTemplate.Sidestep.Unique
躲避,必带,扭曲监守者背心,SW.Item.CaveCrawlerChest_Unique,SW.EffectTemplate.Sidestep.Unique
躲避,必带,轰鸣虫跗靴,SW.Item.StalwartBoots_Unique,SW.EffectTemplate.Sidestep.Unique
躲避,可随机出现,无赖轻靴,SW.Item.ScampBoots_Unique,SW.EffectTemplate.Sidestep.I；SW.EffectTemplate.Sidestep.II；SW.EffectTemplate.Sidestep.III
躲避,可随机出现,无赖兜帽,SW.Item.ScampHelmet_Unique,SW.EffectTemplate.Sidestep.I；SW.EffectTemplate.Sidestep.II；SW.EffectTemplate.Sidestep.III
躲避,可随机出现,无赖西装外套,SW.Item.ScampChest_Unique,SW.EffectTemplate.Sidestep.I；SW.EffectTemplate.Sidestep.II；SW.EffectTemplate.Sidestep.III
躲避,可随机出现,无赖套裤,SW.Item.ScampLeggings_Unique,SW.EffectTemplate.Sidestep.I；SW.EffectTemplate.Sidestep.II；SW.EffectTemplate.Sidestep.III
躲避,可随机出现,扭曲监守者轻靴,SW.Item.CaveCrawlerBoots_Unique,SW.EffectTemplate.Sidestep.I；SW.EffectTemplate.Sidestep.II；SW.EffectTemplate.Sidestep.III
躲避,可随机出现,扭曲监守者眼罩,SW.Item.CaveCrawlerHelmet_Unique,SW.EffectTemplate.Sidestep.I；SW.EffectTemplate.Sidestep.II；SW.EffectTemplate.Sidestep.III
躲避,可随机出现,扭曲监守者紧身裤,SW.Item.CaveCrawlerLeggings_Unique,SW.EffectTemplate.Sidestep.I；SW.EffectTemplate.Sidestep.II；SW.EffectTemplate.Sidestep.III
躲避,可随机出现,神射手风衣,SW.Item.RealmreacherChest_Unique,SW.EffectTemplate.Sidestep.I；SW.EffectTemplate.Sidestep.II；SW.EffectTemplate.Sidestep.III
躲避,可随机出现,神射手套裤,SW.Item.RealmreacherLeggings_Unique,SW.EffectTemplate.Sidestep.I；SW.EffectTemplate.Sidestep.II；SW.EffectTemplate.Sidestep.III
躲避,可随机出现,神射手马刺靴,SW.Item.RealmreacherBoots_Unique,SW.EffectTemplate.Sidestep.I；SW.EffectTemplate.Sidestep.II；SW.EffectTemplate.Sidestep.III
躲避,可随机出现,神射手软呢帽,SW.Item.RealmreacherHelmet_Unique,SW.EffectTemplate.Sidestep.I；SW.EffectTemplate.Sidestep.II；SW.EffectTemplate.Sidestep.III
躲避,可随机出现,驭梦者王冠,SW.Item.PhantomHelmet_Unique,SW.EffectTemplate.Sidestep.I；SW.EffectTemplate.Sidestep.II；SW.EffectTemplate.Sidestep.III
躲避,可随机出现,驭梦者外袍,SW.Item.PhantomChest_Unique,SW.EffectTemplate.Sidestep.I；SW.EffectTemplate.Sidestep.II；SW.EffectTemplate.Sidestep.III
躲避,可随机出现,驭梦者睡裤,SW.Item.PhantomLeggings_Unique,SW.EffectTemplate.Sidestep.I；SW.EffectTemplate.Sidestep.II；SW.EffectTemplate.Sidestep.III
躲避,可随机出现,驭梦者拖鞋,SW.Item.PhantomBoots_Unique,SW.EffectTemplate.Sidestep.I；SW.EffectTemplate.Sidestep.II；SW.EffectTemplate.Sidestep.III
躲避,可随机出现,灵魂腐化者面具,SW.Item.TimewornHelmet_Unique,SW.EffectTemplate.Sidestep.I；SW.EffectTemplate.Sidestep.II；SW.EffectTemplate.Sidestep.III
躲避,可随机出现,灵魂腐化者风衣,SW.Item.TimewornChest_Unique,SW.EffectTemplate.Sidestep.I；SW.EffectTemplate.Sidestep.II；SW.EffectTemplate.Sidestep.III
躲避,可随机出现,灵魂腐化者腰带,SW.Item.TimewornLeggings_Unique,SW.EffectTemplate.Sidestep.I；SW.EffectTemplate.Sidestep.II；SW.EffectTemplate.Sidestep.III
躲避,可随机出现,灵魂腐化者凉鞋,SW.Item.TimewornBoots_Unique,SW.EffectTemplate.Sidestep.I；SW.EffectTemplate.Sidestep.II；SW.EffectTemplate.Sidestep.III
躲避,可随机出现,贤者头带,SW.Item.DiscipleHelmet_Unique,SW.EffectTemplate.Sidestep.I；SW.EffectTemplate.Sidestep.II；SW.EffectTemplate.Sidestep.III
躲避,可随机出现,贤者束衣,SW.Item.DiscipleChest_Unique,SW.EffectTemplate.Sidestep.I；SW.EffectTemplate.Sidestep.II；SW.EffectTemplate.Sidestep.III
躲避,可随机出现,贤者腰带,SW.Item.DiscipleLeggings_Unique,SW.EffectTemplate.Sidestep.I；SW.EffectTemplate.Sidestep.II；SW.EffectTemplate.Sidestep.III
躲避,可随机出现,贤者裹足布,SW.Item.DiscipleBoots_Unique,SW.EffectTemplate.Sidestep.I；SW.EffectTemplate.Sidestep.II；SW.EffectTemplate.Sidestep.III
躲避,可随机出现,君主王冠,SW.Item.ScavengerHelmet_Unique,SW.EffectTemplate.Sidestep.I；SW.EffectTemplate.Sidestep.II；SW.EffectTemplate.Sidestep.III
躲避,可随机出现,君主披风,SW.Item.ScavengerChest_Unique,SW.EffectTemplate.Sidestep.I；SW.EffectTemplate.Sidestep.II；SW.EffectTemplate.Sidestep.III
躲避,可随机出现,君主腰带,SW.Item.ScavengerLeggings_Unique,SW.EffectTemplate.Sidestep.I；SW.EffectTemplate.Sidestep.II；SW.EffectTemplate.Sidestep.III
躲避,可随机出现,君主利爪,SW.Item.ScavengerBoots_Unique,SW.EffectTemplate.Sidestep.I；SW.EffectTemplate.Sidestep.II；SW.EffectTemplate.Sidestep.III
生命回复,必带,毒蝇伞外套,SW.Item.MushroomChest_Unique,SW.EffectTemplate.Regeneration.Unique
生命回复,可随机出现,无畏角盔,SW.Item.UndauntedHelmet_Unique,SW.EffectTemplate.Regeneration.I；SW.EffectTemplate.Regeneration.II；SW.EffectTemplate.Regeneration.III
生命回复,可随机出现,无畏肩甲,SW.Item.UndauntedChest_Unique,SW.EffectTemplate.Regeneration.I；SW.EffectTemplate.Regeneration.II；SW.EffectTemplate.Regeneration.III
生命回复,可随机出现,无畏胫甲,SW.Item.UndauntedLeggings_Unique,SW.EffectTemplate.Regeneration.I；SW.EffectTemplate.Regeneration.II；SW.EffectTemplate.Regeneration.III
生命回复,可随机出现,无畏足甲,SW.Item.UndauntedBoots_Unique,SW.EffectTemplate.Regeneration.I；SW.EffectTemplate.Regeneration.II；SW.EffectTemplate.Regeneration.III
生命回复,可随机出现,寒霜护甲,SW.Item.FrostRimeChest_Unique,SW.EffectTemplate.Regeneration.I；SW.EffectTemplate.Regeneration.II；SW.EffectTemplate.Regeneration.III
生命回复,可随机出现,寒霜长衬裤,SW.Item.FrostRimeLeggings_Unique,SW.EffectTemplate.Regeneration.I；SW.EffectTemplate.Regeneration.II；SW.EffectTemplate.Regeneration.III
生命回复,可随机出现,寒霜踏雪靴,SW.Item.FrostRimeBoots_Unique,SW.EffectTemplate.Regeneration.I；SW.EffectTemplate.Regeneration.II；SW.EffectTemplate.Regeneration.III
生命回复,可随机出现,寒霜冰帽,SW.Item.FrostRimeHelmet_Unique,SW.EffectTemplate.Regeneration.I；SW.EffectTemplate.Regeneration.II；SW.EffectTemplate.Regeneration.III
生命回复,可随机出现,扭曲监守者轻靴,SW.Item.CaveCrawlerBoots_Unique,SW.EffectTemplate.Regeneration.I；SW.EffectTemplate.Regeneration.II；SW.EffectTemplate.Regeneration.III
生命回复,可随机出现,扭曲监守者背心,SW.Item.CaveCrawlerChest_Unique,SW.EffectTemplate.Regeneration.I；SW.EffectTemplate.Regeneration.II；SW.EffectTemplate.Regeneration.III
生命回复,可随机出现,扭曲监守者眼罩,SW.Item.CaveCrawlerHelmet_Unique,SW.EffectTemplate.Regeneration.I；SW.EffectTemplate.Regeneration.II；SW.EffectTemplate.Regeneration.III
生命回复,可随机出现,扭曲监守者紧身裤,SW.Item.CaveCrawlerLeggings_Unique,SW.EffectTemplate.Regeneration.I；SW.EffectTemplate.Regeneration.II；SW.EffectTemplate.Regeneration.III
生命回复,可随机出现,轰鸣虫触角,SW.Item.StalwartHelmet_Unique,SW.EffectTemplate.Regeneration.I；SW.EffectTemplate.Regeneration.II；SW.EffectTemplate.Regeneration.III
生命回复,可随机出现,轰鸣虫甲壳,SW.Item.StalwartChest_Unique,SW.EffectTemplate.Regeneration.I；SW.EffectTemplate.Regeneration.II；SW.EffectTemplate.Regeneration.III
生命回复,可随机出现,轰鸣虫胫甲,SW.Item.StalwartLeggings_Unique,SW.EffectTemplate.Regeneration.I；SW.EffectTemplate.Regeneration.II；SW.EffectTemplate.Regeneration.III
生命回复,可随机出现,轰鸣虫跗靴,SW.Item.StalwartBoots_Unique,SW.EffectTemplate.Regeneration.I；SW.EffectTemplate.Regeneration.II；SW.EffectTemplate.Regeneration.III
生命回复,可随机出现,毒蝇伞帽,SW.Item.MushroomHelmet_Unique,SW.EffectTemplate.Regeneration.I；SW.EffectTemplate.Regeneration.II；SW.EffectTemplate.Regeneration.III
生命回复,可随机出现,毒蝇伞长裤,SW.Item.MushroomLeggings_Unique,SW.EffectTemplate.Regeneration.I；SW.EffectTemplate.Regeneration.II；SW.EffectTemplate.Regeneration.III
生命回复,可随机出现,毒蝇伞雨鞋,SW.Item.MushroomBoots_Unique,SW.EffectTemplate.Regeneration.I；SW.EffectTemplate.Regeneration.II；SW.EffectTemplate.Regeneration.III
生命回复,可随机出现,巨兽角盔,SW.Item.RedstoneHelmet_Unique,SW.EffectTemplate.Regeneration.I；SW.EffectTemplate.Regeneration.II；SW.EffectTemplate.Regeneration.III
生命回复,可随机出现,巨兽盔甲,SW.Item.RedstoneChest_Unique,SW.EffectTemplate.Regeneration.I；SW.EffectTemplate.Regeneration.II；SW.EffectTemplate.Regeneration.III
生命回复,可随机出现,巨兽胫甲,SW.Item.RedstoneLeggings_Unique,SW.EffectTemplate.Regeneration.I；SW.EffectTemplate.Regeneration.II；SW.EffectTemplate.Regeneration.III
生命回复,可随机出现,巨兽战靴,SW.Item.RedstoneBoots_Unique,SW.EffectTemplate.Regeneration.I；SW.EffectTemplate.Regeneration.II；SW.EffectTemplate.Regeneration.III
灵巧,必带,甲壳重锤,SW.Item.Mace_Unique1,SW.EffectTemplate.Finesse.Unique
灵巧,必带,驭梦者拖鞋,SW.Item.PhantomBoots_Unique,SW.EffectTemplate.Finesse.Unique
灵巧,可随机出现,烈焰之刃,SW.Item.Sword_Unique1,SW.EffectTemplate.Finesse.I；SW.EffectTemplate.Finesse.II；SW.EffectTemplate.Finesse.III
灵巧,可随机出现,首席附魔师护手,SW.Item.Gauntlet_Unique1,SW.EffectTemplate.Finesse.I；SW.EffectTemplate.Finesse.II；SW.EffectTemplate.Finesse.III
灵巧,可随机出现,毒牙,SW.Item.Daggers_Unique1,SW.EffectTemplate.Finesse.I；SW.EffectTemplate.Finesse.II；SW.EffectTemplate.Finesse.III
灵巧,可随机出现,千刃,SW.Item.Rapier_Unique1,SW.EffectTemplate.Finesse.I；SW.EffectTemplate.Finesse.II；SW.EffectTemplate.Finesse.III
灵巧,可随机出现,斩杀大剑,SW.Item.Claymore_Unique1,SW.EffectTemplate.Finesse.I；SW.EffectTemplate.Finesse.II；SW.EffectTemplate.Finesse.III
灵巧,可随机出现,暗晶剑,SW.Item.Greatsword_Unique1,SW.EffectTemplate.Finesse.I；SW.EffectTemplate.Finesse.II；SW.EffectTemplate.Finesse.III
灵巧,可随机出现,幽匿者之爪,SW.Item.Claws_Unique1,SW.EffectTemplate.Finesse.I；SW.EffectTemplate.Finesse.II；SW.EffectTemplate.Finesse.III
灵巧,可随机出现,汐浮镰刀,SW.Item.Sickles_Unique1,SW.EffectTemplate.Finesse.I；SW.EffectTemplate.Finesse.II；SW.EffectTemplate.Finesse.III
灵巧,可随机出现,平原之傲,SW.Item.CurvedLongsword_Unique1,SW.EffectTemplate.Finesse.I；SW.EffectTemplate.Finesse.II；SW.EffectTemplate.Finesse.III
灵巧,可随机出现,幽匿者克星,SW.Item.Dagger_Unique1,SW.EffectTemplate.Finesse.I；SW.EffectTemplate.Finesse.II；SW.EffectTemplate.Finesse.III
灵巧,可随机出现,调皮鬼军刀,SW.Item.Sabre_Unique1,SW.EffectTemplate.Finesse.I；SW.EffectTemplate.Finesse.II；SW.EffectTemplate.Finesse.III
灵巧,可随机出现,神威巨斧,SW.Item.GreatAxe_Unique1,SW.EffectTemplate.Finesse.I；SW.EffectTemplate.Finesse.II；SW.EffectTemplate.Finesse.III
火焰法师,必带,烈焰之刃,SW.Item.Sword_Unique1,SW.EffectTemplate.FireFocus.Unique
火焰法师,必带,巨兽角盔,SW.Item.RedstoneHelmet_Unique,SW.EffectTemplate.FireFocus.Unique
火焰法师,可随机出现,寒霜护甲,SW.Item.FrostRimeChest_Unique,SW.EffectTemplate.FireFocus.I；SW.EffectTemplate.FireFocus.II；SW.EffectTemplate.FireFocus.III
火焰法师,可随机出现,寒霜长衬裤,SW.Item.FrostRimeLeggings_Unique,SW.EffectTemplate.FireFocus.I；SW.EffectTemplate.FireFocus.II；SW.EffectTemplate.FireFocus.III
火焰法师,可随机出现,寒霜踏雪靴,SW.Item.FrostRimeBoots_Unique,SW.EffectTemplate.FireFocus.I；SW.EffectTemplate.FireFocus.II；SW.EffectTemplate.FireFocus.III
火焰法师,可随机出现,寒霜冰帽,SW.Item.FrostRimeHelmet_Unique,SW.EffectTemplate.FireFocus.I；SW.EffectTemplate.FireFocus.II；SW.EffectTemplate.FireFocus.III
火焰法师,可随机出现,神谕王冠,SW.Item.MysticHelmet_Unique,SW.EffectTemplate.FireFocus.I；SW.EffectTemplate.FireFocus.II；SW.EffectTemplate.FireFocus.III
火焰法师,可随机出现,神谕披风,SW.Item.MysticChest_Unique,SW.EffectTemplate.FireFocus.I；SW.EffectTemplate.FireFocus.II；SW.EffectTemplate.FireFocus.III
火焰法师,可随机出现,神谕紧身裤,SW.Item.MysticLeggings_Unique,SW.EffectTemplate.FireFocus.I；SW.EffectTemplate.FireFocus.II；SW.EffectTemplate.FireFocus.III
火焰法师,可随机出现,神谕凉鞋,SW.Item.MysticBoots_Unique,SW.EffectTemplate.FireFocus.I；SW.EffectTemplate.FireFocus.II；SW.EffectTemplate.FireFocus.III
火焰法师,可随机出现,灵魂腐化者面具,SW.Item.TimewornHelmet_Unique,SW.EffectTemplate.FireFocus.I；SW.EffectTemplate.FireFocus.II；SW.EffectTemplate.FireFocus.III
火焰法师,可随机出现,灵魂腐化者风衣,SW.Item.TimewornChest_Unique,SW.EffectTemplate.FireFocus.I；SW.EffectTemplate.FireFocus.II；SW.EffectTemplate.FireFocus.III
火焰法师,可随机出现,灵魂腐化者腰带,SW.Item.TimewornLeggings_Unique,SW.EffectTemplate.FireFocus.I；SW.EffectTemplate.FireFocus.II；SW.EffectTemplate.FireFocus.III
火焰法师,可随机出现,灵魂腐化者凉鞋,SW.Item.TimewornBoots_Unique,SW.EffectTemplate.FireFocus.I；SW.EffectTemplate.FireFocus.II；SW.EffectTemplate.FireFocus.III
火焰法师,可随机出现,毒蝇伞帽,SW.Item.MushroomHelmet_Unique,SW.EffectTemplate.FireFocus.I；SW.EffectTemplate.FireFocus.II；SW.EffectTemplate.FireFocus.III
火焰法师,可随机出现,毒蝇伞外套,SW.Item.MushroomChest_Unique,SW.EffectTemplate.FireFocus.I；SW.EffectTemplate.FireFocus.II；SW.EffectTemplate.FireFocus.III
火焰法师,可随机出现,毒蝇伞长裤,SW.Item.MushroomLeggings_Unique,SW.EffectTemplate.FireFocus.I；SW.EffectTemplate.FireFocus.II；SW.EffectTemplate.FireFocus.III
火焰法师,可随机出现,毒蝇伞雨鞋,SW.Item.MushroomBoots_Unique,SW.EffectTemplate.FireFocus.I；SW.EffectTemplate.FireFocus.II；SW.EffectTemplate.FireFocus.III
火焰法师,可随机出现,狂怒汐浮特面具,SW.Item.WellspringHelmet_Unique,SW.EffectTemplate.FireFocus.I；SW.EffectTemplate.FireFocus.II；SW.EffectTemplate.FireFocus.III
火焰法师,可随机出现,狂怒汐浮特背心,SW.Item.WellspringChest_Unique,SW.EffectTemplate.FireFocus.I；SW.EffectTemplate.FireFocus.II；SW.EffectTemplate.FireFocus.III
火焰法师,可随机出现,狂怒汐浮特便裤,SW.Item.WellspringLeggings_Unique,SW.EffectTemplate.FireFocus.I；SW.EffectTemplate.FireFocus.II；SW.EffectTemplate.FireFocus.III
火焰法师,可随机出现,狂怒汐浮特之爪,SW.Item.WellspringBoots_Unique,SW.EffectTemplate.FireFocus.I；SW.EffectTemplate.FireFocus.II；SW.EffectTemplate.FireFocus.III
火焰法师,可随机出现,巨兽盔甲,SW.Item.RedstoneChest_Unique,SW.EffectTemplate.FireFocus.I；SW.EffectTemplate.FireFocus.II；SW.EffectTemplate.FireFocus.III
火焰法师,可随机出现,巨兽胫甲,SW.Item.RedstoneLeggings_Unique,SW.EffectTemplate.FireFocus.I；SW.EffectTemplate.FireFocus.II；SW.EffectTemplate.FireFocus.III
火焰法师,可随机出现,巨兽战靴,SW.Item.RedstoneBoots_Unique,SW.EffectTemplate.FireFocus.I；SW.EffectTemplate.FireFocus.II；SW.EffectTemplate.FireFocus.III
火焰法师,可随机出现,炼金术士礼帽,SW.Item.EvocationHelmet_Unique,SW.EffectTemplate.FireFocus.I；SW.EffectTemplate.FireFocus.II；SW.EffectTemplate.FireFocus.III
火焰法师,可随机出现,炼金术士大衣,SW.Item.EvocationChest_Unique,SW.EffectTemplate.FireFocus.I；SW.EffectTemplate.FireFocus.II；SW.EffectTemplate.FireFocus.III
火焰法师,可随机出现,炼金术士长裤,SW.Item.EvocationLeggings_Unique,SW.EffectTemplate.FireFocus.I；SW.EffectTemplate.FireFocus.II；SW.EffectTemplate.FireFocus.III
火焰法师,可随机出现,炼金术士便鞋,SW.Item.EvocationBoots_Unique,SW.EffectTemplate.FireFocus.I；SW.EffectTemplate.FireFocus.II；SW.EffectTemplate.FireFocus.III
火焰法师,可随机出现,君主王冠,SW.Item.ScavengerHelmet_Unique,SW.EffectTemplate.FireFocus.I；SW.EffectTemplate.FireFocus.II；SW.EffectTemplate.FireFocus.III
火焰法师,可随机出现,君主披风,SW.Item.ScavengerChest_Unique,SW.EffectTemplate.FireFocus.I；SW.EffectTemplate.FireFocus.II；SW.EffectTemplate.FireFocus.III
火焰法师,可随机出现,君主腰带,SW.Item.ScavengerLeggings_Unique,SW.EffectTemplate.FireFocus.I；SW.EffectTemplate.FireFocus.II；SW.EffectTemplate.FireFocus.III
火焰法师,可随机出现,君主利爪,SW.Item.ScavengerBoots_Unique,SW.EffectTemplate.FireFocus.I；SW.EffectTemplate.FireFocus.II；SW.EffectTemplate.FireFocus.III
弹射物防护,必带,无畏肩甲,SW.Item.UndauntedChest_Unique,SW.EffectTemplate.ProjectileProtection.Unique
弹射物防护,必带,贤者头带,SW.Item.DiscipleHelmet_Unique,SW.EffectTemplate.ProjectileProtection.Unique
弹射物防护,可随机出现,无畏角盔,SW.Item.UndauntedHelmet_Unique,SW.EffectTemplate.ProjectileProtection.I；SW.EffectTemplate.ProjectileProtection.II；SW.EffectTemplate.ProjectileProtection.III
弹射物防护,可随机出现,无畏胫甲,SW.Item.UndauntedLeggings_Unique,SW.EffectTemplate.ProjectileProtection.I；SW.EffectTemplate.ProjectileProtection.II；SW.EffectTemplate.ProjectileProtection.III
弹射物防护,可随机出现,无畏足甲,SW.Item.UndauntedBoots_Unique,SW.EffectTemplate.ProjectileProtection.I；SW.EffectTemplate.ProjectileProtection.II；SW.EffectTemplate.ProjectileProtection.III
弹射物防护,可随机出现,寒霜护甲,SW.Item.FrostRimeChest_Unique,SW.EffectTemplate.ProjectileProtection.I；SW.EffectTemplate.ProjectileProtection.II；SW.EffectTemplate.ProjectileProtection.III
弹射物防护,可随机出现,寒霜长衬裤,SW.Item.FrostRimeLeggings_Unique,SW.EffectTemplate.ProjectileProtection.I；SW.EffectTemplate.ProjectileProtection.II；SW.EffectTemplate.ProjectileProtection.III
弹射物防护,可随机出现,寒霜踏雪靴,SW.Item.FrostRimeBoots_Unique,SW.EffectTemplate.ProjectileProtection.I；SW.EffectTemplate.ProjectileProtection.II；SW.EffectTemplate.ProjectileProtection.III
弹射物防护,可随机出现,寒霜冰帽,SW.Item.FrostRimeHelmet_Unique,SW.EffectTemplate.ProjectileProtection.I；SW.EffectTemplate.ProjectileProtection.II；SW.EffectTemplate.ProjectileProtection.III
弹射物防护,可随机出现,漫游者足甲,SW.Item.VoyagerBoots_Unique,SW.EffectTemplate.ProjectileProtection.I；SW.EffectTemplate.ProjectileProtection.II；SW.EffectTemplate.ProjectileProtection.III
弹射物防护,可随机出现,漫游者肩甲,SW.Item.VoyagerChest_Unique,SW.EffectTemplate.ProjectileProtection.I；SW.EffectTemplate.ProjectileProtection.II；SW.EffectTemplate.ProjectileProtection.III
弹射物防护,可随机出现,漫游者面甲,SW.Item.VoyagerHelmet_Unique,SW.EffectTemplate.ProjectileProtection.I；SW.EffectTemplate.ProjectileProtection.II；SW.EffectTemplate.ProjectileProtection.III
弹射物防护,可随机出现,漫游者绑腿,SW.Item.VoyagerLeggings_Unique,SW.EffectTemplate.ProjectileProtection.I；SW.EffectTemplate.ProjectileProtection.II；SW.EffectTemplate.ProjectileProtection.III
弹射物防护,可随机出现,扭曲监守者轻靴,SW.Item.CaveCrawlerBoots_Unique,SW.EffectTemplate.ProjectileProtection.I；SW.EffectTemplate.ProjectileProtection.II；SW.EffectTemplate.ProjectileProtection.III
弹射物防护,可随机出现,扭曲监守者背心,SW.Item.CaveCrawlerChest_Unique,SW.EffectTemplate.ProjectileProtection.I；SW.EffectTemplate.ProjectileProtection.II；SW.EffectTemplate.ProjectileProtection.III
弹射物防护,可随机出现,扭曲监守者眼罩,SW.Item.CaveCrawlerHelmet_Unique,SW.EffectTemplate.ProjectileProtection.I；SW.EffectTemplate.ProjectileProtection.II；SW.EffectTemplate.ProjectileProtection.III
弹射物防护,可随机出现,扭曲监守者紧身裤,SW.Item.CaveCrawlerLeggings_Unique,SW.EffectTemplate.ProjectileProtection.I；SW.EffectTemplate.ProjectileProtection.II；SW.EffectTemplate.ProjectileProtection.III
弹射物防护,可随机出现,神射手风衣,SW.Item.RealmreacherChest_Unique,SW.EffectTemplate.ProjectileProtection.I；SW.EffectTemplate.ProjectileProtection.II；SW.EffectTemplate.ProjectileProtection.III
弹射物防护,可随机出现,神射手套裤,SW.Item.RealmreacherLeggings_Unique,SW.EffectTemplate.ProjectileProtection.I；SW.EffectTemplate.ProjectileProtection.II；SW.EffectTemplate.ProjectileProtection.III
弹射物防护,可随机出现,神射手马刺靴,SW.Item.RealmreacherBoots_Unique,SW.EffectTemplate.ProjectileProtection.I；SW.EffectTemplate.ProjectileProtection.II；SW.EffectTemplate.ProjectileProtection.III
弹射物防护,可随机出现,神射手软呢帽,SW.Item.RealmreacherHelmet_Unique,SW.EffectTemplate.ProjectileProtection.I；SW.EffectTemplate.ProjectileProtection.II；SW.EffectTemplate.ProjectileProtection.III
弹射物防护,可随机出现,轰鸣虫触角,SW.Item.StalwartHelmet_Unique,SW.EffectTemplate.ProjectileProtection.I；SW.EffectTemplate.ProjectileProtection.II；SW.EffectTemplate.ProjectileProtection.III
弹射物防护,可随机出现,轰鸣虫甲壳,SW.Item.StalwartChest_Unique,SW.EffectTemplate.ProjectileProtection.I；SW.EffectTemplate.ProjectileProtection.II；SW.EffectTemplate.ProjectileProtection.III
弹射物防护,可随机出现,轰鸣虫胫甲,SW.Item.StalwartLeggings_Unique,SW.EffectTemplate.ProjectileProtection.I；SW.EffectTemplate.ProjectileProtection.II；SW.EffectTemplate.ProjectileProtection.III
弹射物防护,可随机出现,轰鸣虫跗靴,SW.Item.StalwartBoots_Unique,SW.EffectTemplate.ProjectileProtection.I；SW.EffectTemplate.ProjectileProtection.II；SW.EffectTemplate.ProjectileProtection.III
弹射物防护,可随机出现,驭梦者王冠,SW.Item.PhantomHelmet_Unique,SW.EffectTemplate.ProjectileProtection.I；SW.EffectTemplate.ProjectileProtection.II；SW.EffectTemplate.ProjectileProtection.III
弹射物防护,可随机出现,驭梦者外袍,SW.Item.PhantomChest_Unique,SW.EffectTemplate.ProjectileProtection.I；SW.EffectTemplate.ProjectileProtection.II；SW.EffectTemplate.ProjectileProtection.III
弹射物防护,可随机出现,驭梦者睡裤,SW.Item.PhantomLeggings_Unique,SW.EffectTemplate.ProjectileProtection.I；SW.EffectTemplate.ProjectileProtection.II；SW.EffectTemplate.ProjectileProtection.III
弹射物防护,可随机出现,驭梦者拖鞋,SW.Item.PhantomBoots_Unique,SW.EffectTemplate.ProjectileProtection.I；SW.EffectTemplate.ProjectileProtection.II；SW.EffectTemplate.ProjectileProtection.III
弹射物防护,可随机出现,灵魂腐化者面具,SW.Item.TimewornHelmet_Unique,SW.EffectTemplate.ProjectileProtection.I；SW.EffectTemplate.ProjectileProtection.II；SW.EffectTemplate.ProjectileProtection.III
弹射物防护,可随机出现,灵魂腐化者风衣,SW.Item.TimewornChest_Unique,SW.EffectTemplate.ProjectileProtection.I；SW.EffectTemplate.ProjectileProtection.II；SW.EffectTemplate.ProjectileProtection.III
弹射物防护,可随机出现,灵魂腐化者腰带,SW.Item.TimewornLeggings_Unique,SW.EffectTemplate.ProjectileProtection.I；SW.EffectTemplate.ProjectileProtection.II；SW.EffectTemplate.ProjectileProtection.III
弹射物防护,可随机出现,灵魂腐化者凉鞋,SW.Item.TimewornBoots_Unique,SW.EffectTemplate.ProjectileProtection.I；SW.EffectTemplate.ProjectileProtection.II；SW.EffectTemplate.ProjectileProtection.III
弹射物防护,可随机出现,毒蝇伞帽,SW.Item.MushroomHelmet_Unique,SW.EffectTemplate.ProjectileProtection.I；SW.EffectTemplate.ProjectileProtection.II；SW.EffectTemplate.ProjectileProtection.III
弹射物防护,可随机出现,毒蝇伞外套,SW.Item.MushroomChest_Unique,SW.EffectTemplate.ProjectileProtection.I；SW.EffectTemplate.ProjectileProtection.II；SW.EffectTemplate.ProjectileProtection.III
弹射物防护,可随机出现,毒蝇伞长裤,SW.Item.MushroomLeggings_Unique,SW.EffectTemplate.ProjectileProtection.I；SW.EffectTemplate.ProjectileProtection.II；SW.EffectTemplate.ProjectileProtection.III
弹射物防护,可随机出现,毒蝇伞雨鞋,SW.Item.MushroomBoots_Unique,SW.EffectTemplate.ProjectileProtection.I；SW.EffectTemplate.ProjectileProtection.II；SW.EffectTemplate.ProjectileProtection.III
弹射物防护,可随机出现,贤者束衣,SW.Item.DiscipleChest_Unique,SW.EffectTemplate.ProjectileProtection.I；SW.EffectTemplate.ProjectileProtection.II；SW.EffectTemplate.ProjectileProtection.III
弹射物防护,可随机出现,贤者腰带,SW.Item.DiscipleLeggings_Unique,SW.EffectTemplate.ProjectileProtection.I；SW.EffectTemplate.ProjectileProtection.II；SW.EffectTemplate.ProjectileProtection.III
弹射物防护,可随机出现,贤者裹足布,SW.Item.DiscipleBoots_Unique,SW.EffectTemplate.ProjectileProtection.I；SW.EffectTemplate.ProjectileProtection.II；SW.EffectTemplate.ProjectileProtection.III
弹射物防护,可随机出现,巨兽角盔,SW.Item.RedstoneHelmet_Unique,SW.EffectTemplate.ProjectileProtection.I；SW.EffectTemplate.ProjectileProtection.II；SW.EffectTemplate.ProjectileProtection.III
弹射物防护,可随机出现,巨兽盔甲,SW.Item.RedstoneChest_Unique,SW.EffectTemplate.ProjectileProtection.I；SW.EffectTemplate.ProjectileProtection.II；SW.EffectTemplate.ProjectileProtection.III
弹射物防护,可随机出现,巨兽胫甲,SW.Item.RedstoneLeggings_Unique,SW.EffectTemplate.ProjectileProtection.I；SW.EffectTemplate.ProjectileProtection.II；SW.EffectTemplate.ProjectileProtection.III
弹射物防护,可随机出现,巨兽战靴,SW.Item.RedstoneBoots_Unique,SW.EffectTemplate.ProjectileProtection.I；SW.EffectTemplate.ProjectileProtection.II；SW.EffectTemplate.ProjectileProtection.III
巫师,必带,狂怒汐浮特背心,SW.Item.WellspringChest_Unique,SW.EffectTemplate.Vestige.Unique
巫师,必带,炼金术士大衣,SW.Item.EvocationChest_Unique,SW.EffectTemplate.Vestige.Unique
巫师,可随机出现,寒霜护甲,SW.Item.FrostRimeChest_Unique,SW.EffectTemplate.Vestige.I；SW.EffectTemplate.Vestige.II；SW.EffectTemplate.Vestige.III
巫师,可随机出现,寒霜长衬裤,SW.Item.FrostRimeLeggings_Unique,SW.EffectTemplate.Vestige.I；SW.EffectTemplate.Vestige.II；SW.EffectTemplate.Vestige.III
巫师,可随机出现,寒霜踏雪靴,SW.Item.FrostRimeBoots_Unique,SW.EffectTemplate.Vestige.I；SW.EffectTemplate.Vestige.II；SW.EffectTemplate.Vestige.III
巫师,可随机出现,寒霜冰帽,SW.Item.FrostRimeHelmet_Unique,SW.EffectTemplate.Vestige.I；SW.EffectTemplate.Vestige.II；SW.EffectTemplate.Vestige.III
巫师,可随机出现,神谕王冠,SW.Item.MysticHelmet_Unique,SW.EffectTemplate.Vestige.I；SW.EffectTemplate.Vestige.II；SW.EffectTemplate.Vestige.III
巫师,可随机出现,神谕披风,SW.Item.MysticChest_Unique,SW.EffectTemplate.Vestige.I；SW.EffectTemplate.Vestige.II；SW.EffectTemplate.Vestige.III
巫师,可随机出现,神谕紧身裤,SW.Item.MysticLeggings_Unique,SW.EffectTemplate.Vestige.I；SW.EffectTemplate.Vestige.II；SW.EffectTemplate.Vestige.III
巫师,可随机出现,神谕凉鞋,SW.Item.MysticBoots_Unique,SW.EffectTemplate.Vestige.I；SW.EffectTemplate.Vestige.II；SW.EffectTemplate.Vestige.III
巫师,可随机出现,灵魂腐化者面具,SW.Item.TimewornHelmet_Unique,SW.EffectTemplate.Vestige.I；SW.EffectTemplate.Vestige.II；SW.EffectTemplate.Vestige.III
巫师,可随机出现,灵魂腐化者风衣,SW.Item.TimewornChest_Unique,SW.EffectTemplate.Vestige.I；SW.EffectTemplate.Vestige.II；SW.EffectTemplate.Vestige.III
巫师,可随机出现,灵魂腐化者腰带,SW.Item.TimewornLeggings_Unique,SW.EffectTemplate.Vestige.I；SW.EffectTemplate.Vestige.II；SW.EffectTemplate.Vestige.III
巫师,可随机出现,灵魂腐化者凉鞋,SW.Item.TimewornBoots_Unique,SW.EffectTemplate.Vestige.I；SW.EffectTemplate.Vestige.II；SW.EffectTemplate.Vestige.III
巫师,可随机出现,毒蝇伞帽,SW.Item.MushroomHelmet_Unique,SW.EffectTemplate.Vestige.I；SW.EffectTemplate.Vestige.II；SW.EffectTemplate.Vestige.III
巫师,可随机出现,毒蝇伞外套,SW.Item.MushroomChest_Unique,SW.EffectTemplate.Vestige.I；SW.EffectTemplate.Vestige.II；SW.EffectTemplate.Vestige.III
巫师,可随机出现,毒蝇伞长裤,SW.Item.MushroomLeggings_Unique,SW.EffectTemplate.Vestige.I；SW.EffectTemplate.Vestige.II；SW.EffectTemplate.Vestige.III
巫师,可随机出现,毒蝇伞雨鞋,SW.Item.MushroomBoots_Unique,SW.EffectTemplate.Vestige.I；SW.EffectTemplate.Vestige.II；SW.EffectTemplate.Vestige.III
巫师,可随机出现,狂怒汐浮特面具,SW.Item.WellspringHelmet_Unique,SW.EffectTemplate.Vestige.I；SW.EffectTemplate.Vestige.II；SW.EffectTemplate.Vestige.III
巫师,可随机出现,狂怒汐浮特便裤,SW.Item.WellspringLeggings_Unique,SW.EffectTemplate.Vestige.I；SW.EffectTemplate.Vestige.II；SW.EffectTemplate.Vestige.III
巫师,可随机出现,狂怒汐浮特之爪,SW.Item.WellspringBoots_Unique,SW.EffectTemplate.Vestige.I；SW.EffectTemplate.Vestige.II；SW.EffectTemplate.Vestige.III
巫师,可随机出现,巨兽角盔,SW.Item.RedstoneHelmet_Unique,SW.EffectTemplate.Vestige.I；SW.EffectTemplate.Vestige.II；SW.EffectTemplate.Vestige.III
巫师,可随机出现,巨兽盔甲,SW.Item.RedstoneChest_Unique,SW.EffectTemplate.Vestige.I；SW.EffectTemplate.Vestige.II；SW.EffectTemplate.Vestige.III
巫师,可随机出现,巨兽胫甲,SW.Item.RedstoneLeggings_Unique,SW.EffectTemplate.Vestige.I；SW.EffectTemplate.Vestige.II；SW.EffectTemplate.Vestige.III
巫师,可随机出现,巨兽战靴,SW.Item.RedstoneBoots_Unique,SW.EffectTemplate.Vestige.I；SW.EffectTemplate.Vestige.II；SW.EffectTemplate.Vestige.III
巫师,可随机出现,炼金术士礼帽,SW.Item.EvocationHelmet_Unique,SW.EffectTemplate.Vestige.I；SW.EffectTemplate.Vestige.II；SW.EffectTemplate.Vestige.III
巫师,可随机出现,炼金术士长裤,SW.Item.EvocationLeggings_Unique,SW.EffectTemplate.Vestige.I；SW.EffectTemplate.Vestige.II；SW.EffectTemplate.Vestige.III
巫师,可随机出现,炼金术士便鞋,SW.Item.EvocationBoots_Unique,SW.EffectTemplate.Vestige.I；SW.EffectTemplate.Vestige.II；SW.EffectTemplate.Vestige.III
巫师,可随机出现,君主王冠,SW.Item.ScavengerHelmet_Unique,SW.EffectTemplate.Vestige.I；SW.EffectTemplate.Vestige.II；SW.EffectTemplate.Vestige.III
巫师,可随机出现,君主披风,SW.Item.ScavengerChest_Unique,SW.EffectTemplate.Vestige.I；SW.EffectTemplate.Vestige.II；SW.EffectTemplate.Vestige.III
巫师,可随机出现,君主腰带,SW.Item.ScavengerLeggings_Unique,SW.EffectTemplate.Vestige.I；SW.EffectTemplate.Vestige.II；SW.EffectTemplate.Vestige.III
巫师,可随机出现,君主利爪,SW.Item.ScavengerBoots_Unique,SW.EffectTemplate.Vestige.I；SW.EffectTemplate.Vestige.II；SW.EffectTemplate.Vestige.III
闪电法师,必带,风暴召唤者,SW.Item.Pike_Unique1,SW.EffectTemplate.LightningFocus.Unique
闪电法师,必带,神谕王冠,SW.Item.MysticHelmet_Unique,SW.EffectTemplate.LightningFocus.Unique
闪电法师,可随机出现,寒霜护甲,SW.Item.FrostRimeChest_Unique,SW.EffectTemplate.LightningFocus.I；SW.EffectTemplate.LightningFocus.II；SW.EffectTemplate.LightningFocus.III
闪电法师,可随机出现,寒霜长衬裤,SW.Item.FrostRimeLeggings_Unique,SW.EffectTemplate.LightningFocus.I；SW.EffectTemplate.LightningFocus.II；SW.EffectTemplate.LightningFocus.III
闪电法师,可随机出现,寒霜踏雪靴,SW.Item.FrostRimeBoots_Unique,SW.EffectTemplate.LightningFocus.I；SW.EffectTemplate.LightningFocus.II；SW.EffectTemplate.LightningFocus.III
闪电法师,可随机出现,寒霜冰帽,SW.Item.FrostRimeHelmet_Unique,SW.EffectTemplate.LightningFocus.I；SW.EffectTemplate.LightningFocus.II；SW.EffectTemplate.LightningFocus.III
闪电法师,可随机出现,神谕披风,SW.Item.MysticChest_Unique,SW.EffectTemplate.LightningFocus.I；SW.EffectTemplate.LightningFocus.II；SW.EffectTemplate.LightningFocus.III
闪电法师,可随机出现,神谕紧身裤,SW.Item.MysticLeggings_Unique,SW.EffectTemplate.LightningFocus.I；SW.EffectTemplate.LightningFocus.II；SW.EffectTemplate.LightningFocus.III
闪电法师,可随机出现,神谕凉鞋,SW.Item.MysticBoots_Unique,SW.EffectTemplate.LightningFocus.I；SW.EffectTemplate.LightningFocus.II；SW.EffectTemplate.LightningFocus.III
闪电法师,可随机出现,灵魂腐化者面具,SW.Item.TimewornHelmet_Unique,SW.EffectTemplate.LightningFocus.I；SW.EffectTemplate.LightningFocus.II；SW.EffectTemplate.LightningFocus.III
闪电法师,可随机出现,灵魂腐化者风衣,SW.Item.TimewornChest_Unique,SW.EffectTemplate.LightningFocus.I；SW.EffectTemplate.LightningFocus.II；SW.EffectTemplate.LightningFocus.III
闪电法师,可随机出现,灵魂腐化者腰带,SW.Item.TimewornLeggings_Unique,SW.EffectTemplate.LightningFocus.I；SW.EffectTemplate.LightningFocus.II；SW.EffectTemplate.LightningFocus.III
闪电法师,可随机出现,灵魂腐化者凉鞋,SW.Item.TimewornBoots_Unique,SW.EffectTemplate.LightningFocus.I；SW.EffectTemplate.LightningFocus.II；SW.EffectTemplate.LightningFocus.III
闪电法师,可随机出现,毒蝇伞帽,SW.Item.MushroomHelmet_Unique,SW.EffectTemplate.LightningFocus.I；SW.EffectTemplate.LightningFocus.II；SW.EffectTemplate.LightningFocus.III
闪电法师,可随机出现,毒蝇伞外套,SW.Item.MushroomChest_Unique,SW.EffectTemplate.LightningFocus.I；SW.EffectTemplate.LightningFocus.II；SW.EffectTemplate.LightningFocus.III
闪电法师,可随机出现,毒蝇伞长裤,SW.Item.MushroomLeggings_Unique,SW.EffectTemplate.LightningFocus.I；SW.EffectTemplate.LightningFocus.II；SW.EffectTemplate.LightningFocus.III
闪电法师,可随机出现,毒蝇伞雨鞋,SW.Item.MushroomBoots_Unique,SW.EffectTemplate.LightningFocus.I；SW.EffectTemplate.LightningFocus.II；SW.EffectTemplate.LightningFocus.III
闪电法师,可随机出现,狂怒汐浮特面具,SW.Item.WellspringHelmet_Unique,SW.EffectTemplate.LightningFocus.I；SW.EffectTemplate.LightningFocus.II；SW.EffectTemplate.LightningFocus.III
闪电法师,可随机出现,狂怒汐浮特背心,SW.Item.WellspringChest_Unique,SW.EffectTemplate.LightningFocus.I；SW.EffectTemplate.LightningFocus.II；SW.EffectTemplate.LightningFocus.III
闪电法师,可随机出现,狂怒汐浮特便裤,SW.Item.WellspringLeggings_Unique,SW.EffectTemplate.LightningFocus.I；SW.EffectTemplate.LightningFocus.II；SW.EffectTemplate.LightningFocus.III
闪电法师,可随机出现,狂怒汐浮特之爪,SW.Item.WellspringBoots_Unique,SW.EffectTemplate.LightningFocus.I；SW.EffectTemplate.LightningFocus.II；SW.EffectTemplate.LightningFocus.III
闪电法师,可随机出现,巨兽角盔,SW.Item.RedstoneHelmet_Unique,SW.EffectTemplate.LightningFocus.I；SW.EffectTemplate.LightningFocus.II；SW.EffectTemplate.LightningFocus.III
闪电法师,可随机出现,巨兽盔甲,SW.Item.RedstoneChest_Unique,SW.EffectTemplate.LightningFocus.I；SW.EffectTemplate.LightningFocus.II；SW.EffectTemplate.LightningFocus.III
闪电法师,可随机出现,巨兽胫甲,SW.Item.RedstoneLeggings_Unique,SW.EffectTemplate.LightningFocus.I；SW.EffectTemplate.LightningFocus.II；SW.EffectTemplate.LightningFocus.III
闪电法师,可随机出现,巨兽战靴,SW.Item.RedstoneBoots_Unique,SW.EffectTemplate.LightningFocus.I；SW.EffectTemplate.LightningFocus.II；SW.EffectTemplate.LightningFocus.III
闪电法师,可随机出现,炼金术士礼帽,SW.Item.EvocationHelmet_Unique,SW.EffectTemplate.LightningFocus.I；SW.EffectTemplate.LightningFocus.II；SW.EffectTemplate.LightningFocus.III
闪电法师,可随机出现,炼金术士大衣,SW.Item.EvocationChest_Unique,SW.EffectTemplate.LightningFocus.I；SW.EffectTemplate.LightningFocus.II；SW.EffectTemplate.LightningFocus.III
闪电法师,可随机出现,炼金术士长裤,SW.Item.EvocationLeggings_Unique,SW.EffectTemplate.LightningFocus.I；SW.EffectTemplate.LightningFocus.II；SW.EffectTemplate.LightningFocus.III
闪电法师,可随机出现,炼金术士便鞋,SW.Item.EvocationBoots_Unique,SW.EffectTemplate.LightningFocus.I；SW.EffectTemplate.LightningFocus.II；SW.EffectTemplate.LightningFocus.III
闪电法师,可随机出现,君主王冠,SW.Item.ScavengerHelmet_Unique,SW.EffectTemplate.LightningFocus.I；SW.EffectTemplate.LightningFocus.II；SW.EffectTemplate.LightningFocus.III
闪电法师,可随机出现,君主披风,SW.Item.ScavengerChest_Unique,SW.EffectTemplate.LightningFocus.I；SW.EffectTemplate.LightningFocus.II；SW.EffectTemplate.LightningFocus.III
闪电法师,可随机出现,君主腰带,SW.Item.ScavengerLeggings_Unique,SW.EffectTemplate.LightningFocus.I；SW.EffectTemplate.LightningFocus.II；SW.EffectTemplate.LightningFocus.III
闪电法师,可随机出现,君主利爪,SW.Item.ScavengerBoots_Unique,SW.EffectTemplate.LightningFocus.I；SW.EffectTemplate.LightningFocus.II；SW.EffectTemplate.LightningFocus.III
灵魂法师,必带,幽匿者克星,SW.Item.Dagger_Unique1,SW.EffectTemplate.SoulFocus.Unique
灵魂法师,可随机出现,寒霜护甲,SW.Item.FrostRimeChest_Unique,SW.EffectTemplate.SoulFocus.I；SW.EffectTemplate.SoulFocus.II；SW.EffectTemplate.SoulFocus.III
灵魂法师,可随机出现,寒霜长衬裤,SW.Item.FrostRimeLeggings_Unique,SW.EffectTemplate.SoulFocus.I；SW.EffectTemplate.SoulFocus.II；SW.EffectTemplate.SoulFocus.III
灵魂法师,可随机出现,寒霜踏雪靴,SW.Item.FrostRimeBoots_Unique,SW.EffectTemplate.SoulFocus.I；SW.EffectTemplate.SoulFocus.II；SW.EffectTemplate.SoulFocus.III
灵魂法师,可随机出现,寒霜冰帽,SW.Item.FrostRimeHelmet_Unique,SW.EffectTemplate.SoulFocus.I；SW.EffectTemplate.SoulFocus.II；SW.EffectTemplate.SoulFocus.III
灵魂法师,可随机出现,神谕王冠,SW.Item.MysticHelmet_Unique,SW.EffectTemplate.SoulFocus.I；SW.EffectTemplate.SoulFocus.II；SW.EffectTemplate.SoulFocus.III
灵魂法师,可随机出现,神谕披风,SW.Item.MysticChest_Unique,SW.EffectTemplate.SoulFocus.I；SW.EffectTemplate.SoulFocus.II；SW.EffectTemplate.SoulFocus.III
灵魂法师,可随机出现,神谕紧身裤,SW.Item.MysticLeggings_Unique,SW.EffectTemplate.SoulFocus.I；SW.EffectTemplate.SoulFocus.II；SW.EffectTemplate.SoulFocus.III
灵魂法师,可随机出现,神谕凉鞋,SW.Item.MysticBoots_Unique,SW.EffectTemplate.SoulFocus.I；SW.EffectTemplate.SoulFocus.II；SW.EffectTemplate.SoulFocus.III
灵魂法师,可随机出现,灵魂腐化者面具,SW.Item.TimewornHelmet_Unique,SW.EffectTemplate.SoulFocus.I；SW.EffectTemplate.SoulFocus.II；SW.EffectTemplate.SoulFocus.III
灵魂法师,可随机出现,灵魂腐化者风衣,SW.Item.TimewornChest_Unique,SW.EffectTemplate.SoulFocus.I；SW.EffectTemplate.SoulFocus.II；SW.EffectTemplate.SoulFocus.III
灵魂法师,可随机出现,灵魂腐化者腰带,SW.Item.TimewornLeggings_Unique,SW.EffectTemplate.SoulFocus.I；SW.EffectTemplate.SoulFocus.II；SW.EffectTemplate.SoulFocus.III
灵魂法师,可随机出现,灵魂腐化者凉鞋,SW.Item.TimewornBoots_Unique,SW.EffectTemplate.SoulFocus.I；SW.EffectTemplate.SoulFocus.II；SW.EffectTemplate.SoulFocus.III
灵魂法师,可随机出现,毒蝇伞帽,SW.Item.MushroomHelmet_Unique,SW.EffectTemplate.SoulFocus.I；SW.EffectTemplate.SoulFocus.II；SW.EffectTemplate.SoulFocus.III
灵魂法师,可随机出现,毒蝇伞外套,SW.Item.MushroomChest_Unique,SW.EffectTemplate.SoulFocus.I；SW.EffectTemplate.SoulFocus.II；SW.EffectTemplate.SoulFocus.III
灵魂法师,可随机出现,毒蝇伞长裤,SW.Item.MushroomLeggings_Unique,SW.EffectTemplate.SoulFocus.I；SW.EffectTemplate.SoulFocus.II；SW.EffectTemplate.SoulFocus.III
灵魂法师,可随机出现,毒蝇伞雨鞋,SW.Item.MushroomBoots_Unique,SW.EffectTemplate.SoulFocus.I；SW.EffectTemplate.SoulFocus.II；SW.EffectTemplate.SoulFocus.III
灵魂法师,可随机出现,狂怒汐浮特面具,SW.Item.WellspringHelmet_Unique,SW.EffectTemplate.SoulFocus.I；SW.EffectTemplate.SoulFocus.II；SW.EffectTemplate.SoulFocus.III
灵魂法师,可随机出现,狂怒汐浮特背心,SW.Item.WellspringChest_Unique,SW.EffectTemplate.SoulFocus.I；SW.EffectTemplate.SoulFocus.II；SW.EffectTemplate.SoulFocus.III
灵魂法师,可随机出现,狂怒汐浮特便裤,SW.Item.WellspringLeggings_Unique,SW.EffectTemplate.SoulFocus.I；SW.EffectTemplate.SoulFocus.II；SW.EffectTemplate.SoulFocus.III
灵魂法师,可随机出现,狂怒汐浮特之爪,SW.Item.WellspringBoots_Unique,SW.EffectTemplate.SoulFocus.I；SW.EffectTemplate.SoulFocus.II；SW.EffectTemplate.SoulFocus.III
灵魂法师,可随机出现,巨兽角盔,SW.Item.RedstoneHelmet_Unique,SW.EffectTemplate.SoulFocus.I；SW.EffectTemplate.SoulFocus.II；SW.EffectTemplate.SoulFocus.III
灵魂法师,可随机出现,巨兽盔甲,SW.Item.RedstoneChest_Unique,SW.EffectTemplate.SoulFocus.I；SW.EffectTemplate.SoulFocus.II；SW.EffectTemplate.SoulFocus.III
灵魂法师,可随机出现,巨兽胫甲,SW.Item.RedstoneLeggings_Unique,SW.EffectTemplate.SoulFocus.I；SW.EffectTemplate.SoulFocus.II；SW.EffectTemplate.SoulFocus.III
灵魂法师,可随机出现,巨兽战靴,SW.Item.RedstoneBoots_Unique,SW.EffectTemplate.SoulFocus.I；SW.EffectTemplate.SoulFocus.II；SW.EffectTemplate.SoulFocus.III
灵魂法师,可随机出现,炼金术士礼帽,SW.Item.EvocationHelmet_Unique,SW.EffectTemplate.SoulFocus.I；SW.EffectTemplate.SoulFocus.II；SW.EffectTemplate.SoulFocus.III
灵魂法师,可随机出现,炼金术士大衣,SW.Item.EvocationChest_Unique,SW.EffectTemplate.SoulFocus.I；SW.EffectTemplate.SoulFocus.II；SW.EffectTemplate.SoulFocus.III
灵魂法师,可随机出现,炼金术士长裤,SW.Item.EvocationLeggings_Unique,SW.EffectTemplate.SoulFocus.I；SW.EffectTemplate.SoulFocus.II；SW.EffectTemplate.SoulFocus.III
灵魂法师,可随机出现,炼金术士便鞋,SW.Item.EvocationBoots_Unique,SW.EffectTemplate.SoulFocus.I；SW.EffectTemplate.SoulFocus.II；SW.EffectTemplate.SoulFocus.III
灵魂法师,可随机出现,君主王冠,SW.Item.ScavengerHelmet_Unique,SW.EffectTemplate.SoulFocus.I；SW.EffectTemplate.SoulFocus.II；SW.EffectTemplate.SoulFocus.III
灵魂法师,可随机出现,君主披风,SW.Item.ScavengerChest_Unique,SW.EffectTemplate.SoulFocus.I；SW.EffectTemplate.SoulFocus.II；SW.EffectTemplate.SoulFocus.III
灵魂法师,可随机出现,君主腰带,SW.Item.ScavengerLeggings_Unique,SW.EffectTemplate.SoulFocus.I；SW.EffectTemplate.SoulFocus.II；SW.EffectTemplate.SoulFocus.III
灵魂法师,可随机出现,君主利爪,SW.Item.ScavengerBoots_Unique,SW.EffectTemplate.SoulFocus.I；SW.EffectTemplate.SoulFocus.II；SW.EffectTemplate.SoulFocus.III
剧毒法师,必带,毒牙,SW.Item.Daggers_Unique1,SW.EffectTemplate.PoisonFocus.Unique
剧毒法师,必带,毒蝇伞帽,SW.Item.MushroomHelmet_Unique,SW.EffectTemplate.PoisonFocus.Unique
剧毒法师,可随机出现,寒霜护甲,SW.Item.FrostRimeChest_Unique,SW.EffectTemplate.PoisonFocus.I；SW.EffectTemplate.PoisonFocus.II；SW.EffectTemplate.PoisonFocus.III
剧毒法师,可随机出现,寒霜长衬裤,SW.Item.FrostRimeLeggings_Unique,SW.EffectTemplate.PoisonFocus.I；SW.EffectTemplate.PoisonFocus.II；SW.EffectTemplate.PoisonFocus.III
剧毒法师,可随机出现,寒霜踏雪靴,SW.Item.FrostRimeBoots_Unique,SW.EffectTemplate.PoisonFocus.I；SW.EffectTemplate.PoisonFocus.II；SW.EffectTemplate.PoisonFocus.III
剧毒法师,可随机出现,寒霜冰帽,SW.Item.FrostRimeHelmet_Unique,SW.EffectTemplate.PoisonFocus.I；SW.EffectTemplate.PoisonFocus.II；SW.EffectTemplate.PoisonFocus.III
剧毒法师,可随机出现,神谕王冠,SW.Item.MysticHelmet_Unique,SW.EffectTemplate.PoisonFocus.I；SW.EffectTemplate.PoisonFocus.II；SW.EffectTemplate.PoisonFocus.III
剧毒法师,可随机出现,神谕披风,SW.Item.MysticChest_Unique,SW.EffectTemplate.PoisonFocus.I；SW.EffectTemplate.PoisonFocus.II；SW.EffectTemplate.PoisonFocus.III
剧毒法师,可随机出现,神谕紧身裤,SW.Item.MysticLeggings_Unique,SW.EffectTemplate.PoisonFocus.I；SW.EffectTemplate.PoisonFocus.II；SW.EffectTemplate.PoisonFocus.III
剧毒法师,可随机出现,神谕凉鞋,SW.Item.MysticBoots_Unique,SW.EffectTemplate.PoisonFocus.I；SW.EffectTemplate.PoisonFocus.II；SW.EffectTemplate.PoisonFocus.III
剧毒法师,可随机出现,灵魂腐化者面具,SW.Item.TimewornHelmet_Unique,SW.EffectTemplate.PoisonFocus.I；SW.EffectTemplate.PoisonFocus.II；SW.EffectTemplate.PoisonFocus.III
剧毒法师,可随机出现,灵魂腐化者风衣,SW.Item.TimewornChest_Unique,SW.EffectTemplate.PoisonFocus.I；SW.EffectTemplate.PoisonFocus.II；SW.EffectTemplate.PoisonFocus.III
剧毒法师,可随机出现,灵魂腐化者腰带,SW.Item.TimewornLeggings_Unique,SW.EffectTemplate.PoisonFocus.I；SW.EffectTemplate.PoisonFocus.II；SW.EffectTemplate.PoisonFocus.III
剧毒法师,可随机出现,灵魂腐化者凉鞋,SW.Item.TimewornBoots_Unique,SW.EffectTemplate.PoisonFocus.I；SW.EffectTemplate.PoisonFocus.II；SW.EffectTemplate.PoisonFocus.III
剧毒法师,可随机出现,毒蝇伞外套,SW.Item.MushroomChest_Unique,SW.EffectTemplate.PoisonFocus.I；SW.EffectTemplate.PoisonFocus.II；SW.EffectTemplate.PoisonFocus.III
剧毒法师,可随机出现,毒蝇伞长裤,SW.Item.MushroomLeggings_Unique,SW.EffectTemplate.PoisonFocus.I；SW.EffectTemplate.PoisonFocus.II；SW.EffectTemplate.PoisonFocus.III
剧毒法师,可随机出现,毒蝇伞雨鞋,SW.Item.MushroomBoots_Unique,SW.EffectTemplate.PoisonFocus.I；SW.EffectTemplate.PoisonFocus.II；SW.EffectTemplate.PoisonFocus.III
剧毒法师,可随机出现,狂怒汐浮特面具,SW.Item.WellspringHelmet_Unique,SW.EffectTemplate.PoisonFocus.I；SW.EffectTemplate.PoisonFocus.II；SW.EffectTemplate.PoisonFocus.III
剧毒法师,可随机出现,狂怒汐浮特背心,SW.Item.WellspringChest_Unique,SW.EffectTemplate.PoisonFocus.I；SW.EffectTemplate.PoisonFocus.II；SW.EffectTemplate.PoisonFocus.III
剧毒法师,可随机出现,狂怒汐浮特便裤,SW.Item.WellspringLeggings_Unique,SW.EffectTemplate.PoisonFocus.I；SW.EffectTemplate.PoisonFocus.II；SW.EffectTemplate.PoisonFocus.III
剧毒法师,可随机出现,狂怒汐浮特之爪,SW.Item.WellspringBoots_Unique,SW.EffectTemplate.PoisonFocus.I；SW.EffectTemplate.PoisonFocus.II；SW.EffectTemplate.PoisonFocus.III
剧毒法师,可随机出现,巨兽角盔,SW.Item.RedstoneHelmet_Unique,SW.EffectTemplate.PoisonFocus.I；SW.EffectTemplate.PoisonFocus.II；SW.EffectTemplate.PoisonFocus.III
剧毒法师,可随机出现,巨兽盔甲,SW.Item.RedstoneChest_Unique,SW.EffectTemplate.PoisonFocus.I；SW.EffectTemplate.PoisonFocus.II；SW.EffectTemplate.PoisonFocus.III
剧毒法师,可随机出现,巨兽胫甲,SW.Item.RedstoneLeggings_Unique,SW.EffectTemplate.PoisonFocus.I；SW.EffectTemplate.PoisonFocus.II；SW.EffectTemplate.PoisonFocus.III
剧毒法师,可随机出现,巨兽战靴,SW.Item.RedstoneBoots_Unique,SW.EffectTemplate.PoisonFocus.I；SW.EffectTemplate.PoisonFocus.II；SW.EffectTemplate.PoisonFocus.III
剧毒法师,可随机出现,炼金术士礼帽,SW.Item.EvocationHelmet_Unique,SW.EffectTemplate.PoisonFocus.I；SW.EffectTemplate.PoisonFocus.II；SW.EffectTemplate.PoisonFocus.III
剧毒法师,可随机出现,炼金术士大衣,SW.Item.EvocationChest_Unique,SW.EffectTemplate.PoisonFocus.I；SW.EffectTemplate.PoisonFocus.II；SW.EffectTemplate.PoisonFocus.III
剧毒法师,可随机出现,炼金术士长裤,SW.Item.EvocationLeggings_Unique,SW.EffectTemplate.PoisonFocus.I；SW.EffectTemplate.PoisonFocus.II；SW.EffectTemplate.PoisonFocus.III
剧毒法师,可随机出现,炼金术士便鞋,SW.Item.EvocationBoots_Unique,SW.EffectTemplate.PoisonFocus.I；SW.EffectTemplate.PoisonFocus.II；SW.EffectTemplate.PoisonFocus.III
剧毒法师,可随机出现,君主王冠,SW.Item.ScavengerHelmet_Unique,SW.EffectTemplate.PoisonFocus.I；SW.EffectTemplate.PoisonFocus.II；SW.EffectTemplate.PoisonFocus.III
剧毒法师,可随机出现,君主披风,SW.Item.ScavengerChest_Unique,SW.EffectTemplate.PoisonFocus.I；SW.EffectTemplate.PoisonFocus.II；SW.EffectTemplate.PoisonFocus.III
剧毒法师,可随机出现,君主腰带,SW.Item.ScavengerLeggings_Unique,SW.EffectTemplate.PoisonFocus.I；SW.EffectTemplate.PoisonFocus.II；SW.EffectTemplate.PoisonFocus.III
剧毒法师,可随机出现,君主利爪,SW.Item.ScavengerBoots_Unique,SW.EffectTemplate.PoisonFocus.I；SW.EffectTemplate.PoisonFocus.II；SW.EffectTemplate.PoisonFocus.III
暴击锋刃,可随机出现,碎心锤,SW.Item.WarHammer_Unique1,SW.EffectTemplate.CriticalEdge.I；SW.EffectTemplate.CriticalEdge.II；SW.EffectTemplate.CriticalEdge.III
暴击锋刃,可随机出现,风暴召唤者,SW.Item.Pike_Unique1,SW.EffectTemplate.CriticalEdge.I；SW.EffectTemplate.CriticalEdge.II；SW.EffectTemplate.CriticalEdge.III
暴击锋刃,可随机出现,烈焰之刃,SW.Item.Sword_Unique1,SW.EffectTemplate.CriticalEdge.I；SW.EffectTemplate.CriticalEdge.II；SW.EffectTemplate.CriticalEdge.III
暴击锋刃,可随机出现,首席附魔师护手,SW.Item.Gauntlet_Unique1,SW.EffectTemplate.CriticalEdge.I；SW.EffectTemplate.CriticalEdge.II；SW.EffectTemplate.CriticalEdge.III
暴击锋刃,可随机出现,毒牙,SW.Item.Daggers_Unique1,SW.EffectTemplate.CriticalEdge.I；SW.EffectTemplate.CriticalEdge.II；SW.EffectTemplate.CriticalEdge.III
暴击锋刃,可随机出现,猎人手斧,SW.Item.Axe_Unique1,SW.EffectTemplate.CriticalEdge.I；SW.EffectTemplate.CriticalEdge.II；SW.EffectTemplate.CriticalEdge.III
暴击锋刃,可随机出现,幽魂长矛,SW.Item.ShortSpear_Unique1,SW.EffectTemplate.CriticalEdge.I；SW.EffectTemplate.CriticalEdge.II；SW.EffectTemplate.CriticalEdge.III
暴击锋刃,可随机出现,红石破坏者,SW.Item.GiantClub_Unique1,SW.EffectTemplate.CriticalEdge.I；SW.EffectTemplate.CriticalEdge.II；SW.EffectTemplate.CriticalEdge.III
暴击锋刃,可随机出现,探勘者之镐,SW.Item.Pickaxe_Unique1,SW.EffectTemplate.CriticalEdge.I；SW.EffectTemplate.CriticalEdge.II；SW.EffectTemplate.CriticalEdge.III
暴击锋刃,可随机出现,千刃,SW.Item.Rapier_Unique1,SW.EffectTemplate.CriticalEdge.I；SW.EffectTemplate.CriticalEdge.II；SW.EffectTemplate.CriticalEdge.III
暴击锋刃,可随机出现,斩杀大剑,SW.Item.Claymore_Unique1,SW.EffectTemplate.CriticalEdge.I；SW.EffectTemplate.CriticalEdge.II；SW.EffectTemplate.CriticalEdge.III
暴击锋刃,可随机出现,暗晶剑,SW.Item.Greatsword_Unique1,SW.EffectTemplate.CriticalEdge.I；SW.EffectTemplate.CriticalEdge.II；SW.EffectTemplate.CriticalEdge.III
暴击锋刃,可随机出现,幽匿者之爪,SW.Item.Claws_Unique1,SW.EffectTemplate.CriticalEdge.I；SW.EffectTemplate.CriticalEdge.II；SW.EffectTemplate.CriticalEdge.III
暴击锋刃,可随机出现,黄金长柄刀,SW.Item.Glaive_Unique1,SW.EffectTemplate.CriticalEdge.I；SW.EffectTemplate.CriticalEdge.II；SW.EffectTemplate.CriticalEdge.III
暴击锋刃,可随机出现,元素权杖,SW.Item.Battlestaff_Unique1,SW.EffectTemplate.CriticalEdge.I；SW.EffectTemplate.CriticalEdge.II；SW.EffectTemplate.CriticalEdge.III
暴击锋刃,可随机出现,剁魂刀,SW.Item.Cleaver_Unique1,SW.EffectTemplate.CriticalEdge.I；SW.EffectTemplate.CriticalEdge.II；SW.EffectTemplate.CriticalEdge.III
暴击锋刃,可随机出现,汐浮镰刀,SW.Item.Sickles_Unique1,SW.EffectTemplate.CriticalEdge.I；SW.EffectTemplate.CriticalEdge.II；SW.EffectTemplate.CriticalEdge.III
暴击锋刃,可随机出现,摄魂者,SW.Item.Scythe_Unique1,SW.EffectTemplate.CriticalEdge.I；SW.EffectTemplate.CriticalEdge.II；SW.EffectTemplate.CriticalEdge.III
暴击锋刃,可随机出现,安眠之刃,SW.Item.CurvedGreatsword_Unique1,SW.EffectTemplate.CriticalEdge.I；SW.EffectTemplate.CriticalEdge.II；SW.EffectTemplate.CriticalEdge.III
暴击锋刃,可随机出现,怪物粉碎者,SW.Item.GiantMallet_Unique1,SW.EffectTemplate.CriticalEdge.I；SW.EffectTemplate.CriticalEdge.II；SW.EffectTemplate.CriticalEdge.III
暴击锋刃,可随机出现,霜冻剑,SW.Item.StraightSword_Unique1,SW.EffectTemplate.CriticalEdge.I；SW.EffectTemplate.CriticalEdge.II；SW.EffectTemplate.CriticalEdge.III
暴击锋刃,可随机出现,平原之傲,SW.Item.CurvedLongsword_Unique1,SW.EffectTemplate.CriticalEdge.I；SW.EffectTemplate.CriticalEdge.II；SW.EffectTemplate.CriticalEdge.III
暴击锋刃,可随机出现,钻石锹,SW.Item.Shovel_Unique1,SW.EffectTemplate.CriticalEdge.I；SW.EffectTemplate.CriticalEdge.II；SW.EffectTemplate.CriticalEdge.III
暴击锋刃,可随机出现,甲壳重锤,SW.Item.Mace_Unique1,SW.EffectTemplate.CriticalEdge.I；SW.EffectTemplate.CriticalEdge.II；SW.EffectTemplate.CriticalEdge.III
暴击锋刃,可随机出现,幽匿者克星,SW.Item.Dagger_Unique1,SW.EffectTemplate.CriticalEdge.I；SW.EffectTemplate.CriticalEdge.II；SW.EffectTemplate.CriticalEdge.III
暴击锋刃,可随机出现,调皮鬼军刀,SW.Item.Sabre_Unique1,SW.EffectTemplate.CriticalEdge.I；SW.EffectTemplate.CriticalEdge.II；SW.EffectTemplate.CriticalEdge.III
暴击锋刃,可随机出现,绿宝石锤,SW.Item.Hammer_Unique1,SW.EffectTemplate.CriticalEdge.I；SW.EffectTemplate.CriticalEdge.II；SW.EffectTemplate.CriticalEdge.III
暴击锋刃,可随机出现,弯月镰刀,SW.Item.MoonSword_Unique1,SW.EffectTemplate.CriticalEdge.I；SW.EffectTemplate.CriticalEdge.II；SW.EffectTemplate.CriticalEdge.III
暴击锋刃,可随机出现,神威巨斧,SW.Item.GreatAxe_Unique1,SW.EffectTemplate.CriticalEdge.I；SW.EffectTemplate.CriticalEdge.II；SW.EffectTemplate.CriticalEdge.III
暴击锋刃,可随机出现,游侠之誓,SW.Item.Bow_Unique1,SW.EffectTemplate.CriticalEdge.I；SW.EffectTemplate.CriticalEdge.II；SW.EffectTemplate.CriticalEdge.III
暴击锋刃,可随机出现,定身弩,SW.Item.Crossbow_Unique1,SW.EffectTemplate.CriticalEdge.I；SW.EffectTemplate.CriticalEdge.II；SW.EffectTemplate.CriticalEdge.III
暴击锋刃,可随机出现,流星弓,SW.Item.Shortbow_Unique1,SW.EffectTemplate.CriticalEdge.I；SW.EffectTemplate.CriticalEdge.II；SW.EffectTemplate.CriticalEdge.III
暴击锋刃,可随机出现,幻翼弓,SW.Item.Trickbow_Unique1,SW.EffectTemplate.CriticalEdge.I；SW.EffectTemplate.CriticalEdge.II；SW.EffectTemplate.CriticalEdge.III
暴击锋刃,可随机出现,嘎枝之触,SW.Item.Longbow_Unique1,SW.EffectTemplate.CriticalEdge.I；SW.EffectTemplate.CriticalEdge.II；SW.EffectTemplate.CriticalEdge.III
暴击锋刃,可随机出现,典范弓,SW.Item.Powerbow_Unique1,SW.EffectTemplate.CriticalEdge.I；SW.EffectTemplate.CriticalEdge.II；SW.EffectTemplate.CriticalEdge.III
暴击锋刃,可随机出现,竖琴弩,SW.Item.ScatterCrossbow_Unique1,SW.EffectTemplate.CriticalEdge.I；SW.EffectTemplate.CriticalEdge.II；SW.EffectTemplate.CriticalEdge.III
暴击锋刃,可随机出现,近战游侠弩,SW.Item.HeavyCrossbow_Unique1,SW.EffectTemplate.CriticalEdge.I；SW.EffectTemplate.CriticalEdge.II；SW.EffectTemplate.CriticalEdge.III
暴击锋刃,可随机出现,授粉快弩,SW.Item.RapidCrossbow_Unique1,SW.EffectTemplate.CriticalEdge.I；SW.EffectTemplate.CriticalEdge.II；SW.EffectTemplate.CriticalEdge.III
暴击锋刃,可随机出现,背叛者双弩,SW.Item.DualCrossbow_Unique1,SW.EffectTemplate.CriticalEdge.I；SW.EffectTemplate.CriticalEdge.II；SW.EffectTemplate.CriticalEdge.III
暴击锋刃,可随机出现,轰鸣虫心弦,SW.Item.Greatbow_Unique1,SW.EffectTemplate.CriticalEdge.I；SW.EffectTemplate.CriticalEdge.II；SW.EffectTemplate.CriticalEdge.III
精准,必带,漫游者面甲,SW.Item.VoyagerHelmet_Unique,SW.EffectTemplate.Precision.Unique
精准,必带,扭曲监守者轻靴,SW.Item.CaveCrawlerBoots_Unique,SW.EffectTemplate.Precision.Unique
精准,可随机出现,烈焰之刃,SW.Item.Sword_Unique1,SW.EffectTemplate.Precision.I；SW.EffectTemplate.Precision.II；SW.EffectTemplate.Precision.III
精准,可随机出现,首席附魔师护手,SW.Item.Gauntlet_Unique1,SW.EffectTemplate.Precision.I；SW.EffectTemplate.Precision.II；SW.EffectTemplate.Precision.III
精准,可随机出现,斩杀大剑,SW.Item.Claymore_Unique1,SW.EffectTemplate.Precision.I；SW.EffectTemplate.Precision.II；SW.EffectTemplate.Precision.III
精准,可随机出现,暗晶剑,SW.Item.Greatsword_Unique1,SW.EffectTemplate.Precision.I；SW.EffectTemplate.Precision.II；SW.EffectTemplate.Precision.III
精准,可随机出现,平原之傲,SW.Item.CurvedLongsword_Unique1,SW.EffectTemplate.Precision.I；SW.EffectTemplate.Precision.II；SW.EffectTemplate.Precision.III
精准,可随机出现,调皮鬼军刀,SW.Item.Sabre_Unique1,SW.EffectTemplate.Precision.I；SW.EffectTemplate.Precision.II；SW.EffectTemplate.Precision.III
精准,可随机出现,神威巨斧,SW.Item.GreatAxe_Unique1,SW.EffectTemplate.Precision.I；SW.EffectTemplate.Precision.II；SW.EffectTemplate.Precision.III
强力,必带,扭曲监守者眼罩,SW.Item.CaveCrawlerHelmet_Unique,SW.EffectTemplate.MasterStrike.Unique
强力,必带,巨兽战靴,SW.Item.RedstoneBoots_Unique,SW.EffectTemplate.MasterStrike.Unique
强力,可随机出现,烈焰之刃,SW.Item.Sword_Unique1,SW.EffectTemplate.MasterStrike.I；SW.EffectTemplate.MasterStrike.II；SW.EffectTemplate.MasterStrike.III
强力,可随机出现,首席附魔师护手,SW.Item.Gauntlet_Unique1,SW.EffectTemplate.MasterStrike.I；SW.EffectTemplate.MasterStrike.II；SW.EffectTemplate.MasterStrike.III
强力,可随机出现,毒牙,SW.Item.Daggers_Unique1,SW.EffectTemplate.MasterStrike.I；SW.EffectTemplate.MasterStrike.II；SW.EffectTemplate.MasterStrike.III
强力,可随机出现,千刃,SW.Item.Rapier_Unique1,SW.EffectTemplate.MasterStrike.I；SW.EffectTemplate.MasterStrike.II；SW.EffectTemplate.MasterStrike.III
强力,可随机出现,斩杀大剑,SW.Item.Claymore_Unique1,SW.EffectTemplate.MasterStrike.I；SW.EffectTemplate.MasterStrike.II；SW.EffectTemplate.MasterStrike.III
强力,可随机出现,暗晶剑,SW.Item.Greatsword_Unique1,SW.EffectTemplate.MasterStrike.I；SW.EffectTemplate.MasterStrike.II；SW.EffectTemplate.MasterStrike.III
强力,可随机出现,幽匿者之爪,SW.Item.Claws_Unique1,SW.EffectTemplate.MasterStrike.I；SW.EffectTemplate.MasterStrike.II；SW.EffectTemplate.MasterStrike.III
强力,可随机出现,汐浮镰刀,SW.Item.Sickles_Unique1,SW.EffectTemplate.MasterStrike.I；SW.EffectTemplate.MasterStrike.II；SW.EffectTemplate.MasterStrike.III
强力,可随机出现,平原之傲,SW.Item.CurvedLongsword_Unique1,SW.EffectTemplate.MasterStrike.I；SW.EffectTemplate.MasterStrike.II；SW.EffectTemplate.MasterStrike.III
强力,可随机出现,幽匿者克星,SW.Item.Dagger_Unique1,SW.EffectTemplate.MasterStrike.I；SW.EffectTemplate.MasterStrike.II；SW.EffectTemplate.MasterStrike.III
强力,可随机出现,调皮鬼军刀,SW.Item.Sabre_Unique1,SW.EffectTemplate.MasterStrike.I；SW.EffectTemplate.MasterStrike.II；SW.EffectTemplate.MasterStrike.III
强力,可随机出现,神威巨斧,SW.Item.GreatAxe_Unique1,SW.EffectTemplate.MasterStrike.I；SW.EffectTemplate.MasterStrike.II；SW.EffectTemplate.MasterStrike.III
瞄准,必带,游侠之誓,SW.Item.Bow_Unique1,SW.EffectTemplate.EagleEye.Unique
瞄准,必带,灵魂腐化者凉鞋,SW.Item.TimewornBoots_Unique,SW.EffectTemplate.EagleEye.Unique
瞄准,可随机出现,流星弓,SW.Item.Shortbow_Unique1,SW.EffectTemplate.EagleEye.I；SW.EffectTemplate.EagleEye.II；SW.EffectTemplate.EagleEye.III
瞄准,可随机出现,嘎枝之触,SW.Item.Longbow_Unique1,SW.EffectTemplate.EagleEye.I；SW.EffectTemplate.EagleEye.II；SW.EffectTemplate.EagleEye.III
瞄准,可随机出现,典范弓,SW.Item.Powerbow_Unique1,SW.EffectTemplate.EagleEye.I；SW.EffectTemplate.EagleEye.II；SW.EffectTemplate.EagleEye.III
瞄准,可随机出现,授粉快弩,SW.Item.RapidCrossbow_Unique1,SW.EffectTemplate.EagleEye.I；SW.EffectTemplate.EagleEye.II；SW.EffectTemplate.EagleEye.III
瞄准,可随机出现,轰鸣虫心弦,SW.Item.Greatbow_Unique1,SW.EffectTemplate.EagleEye.I；SW.EffectTemplate.EagleEye.II；SW.EffectTemplate.EagleEye.III
精准射手,必带,灵魂腐化者腰带,SW.Item.TimewornLeggings_Unique,SW.EffectTemplate.MasterMarksman.Unique
精准射手,可随机出现,流星弓,SW.Item.Shortbow_Unique1,SW.EffectTemplate.MasterMarksman.I；SW.EffectTemplate.MasterMarksman.II；SW.EffectTemplate.MasterMarksman.III
精准射手,可随机出现,幻翼弓,SW.Item.Trickbow_Unique1,SW.EffectTemplate.MasterMarksman.I；SW.EffectTemplate.MasterMarksman.II；SW.EffectTemplate.MasterMarksman.III
精准射手,可随机出现,嘎枝之触,SW.Item.Longbow_Unique1,SW.EffectTemplate.MasterMarksman.I；SW.EffectTemplate.MasterMarksman.II；SW.EffectTemplate.MasterMarksman.III
精准射手,可随机出现,典范弓,SW.Item.Powerbow_Unique1,SW.EffectTemplate.MasterMarksman.I；SW.EffectTemplate.MasterMarksman.II；SW.EffectTemplate.MasterMarksman.III
精准射手,可随机出现,授粉快弩,SW.Item.RapidCrossbow_Unique1,SW.EffectTemplate.MasterMarksman.I；SW.EffectTemplate.MasterMarksman.II；SW.EffectTemplate.MasterMarksman.III
精准射手,可随机出现,背叛者双弩,SW.Item.DualCrossbow_Unique1,SW.EffectTemplate.MasterMarksman.I；SW.EffectTemplate.MasterMarksman.II；SW.EffectTemplate.MasterMarksman.III
精准射手,可随机出现,轰鸣虫心弦,SW.Item.Greatbow_Unique1,SW.EffectTemplate.MasterMarksman.I；SW.EffectTemplate.MasterMarksman.II；SW.EffectTemplate.MasterMarksman.III
冲力,必带,弯月镰刀,SW.Item.MoonSword_Unique1,SW.EffectTemplate.Reeling.Unique
冲力,必带,漫游者绑腿,SW.Item.VoyagerLeggings_Unique,SW.EffectTemplate.Reeling.Unique
冲力,可随机出现,碎心锤,SW.Item.WarHammer_Unique1,SW.EffectTemplate.Reeling.I；SW.EffectTemplate.Reeling.II；SW.EffectTemplate.Reeling.III
冲力,可随机出现,红石破坏者,SW.Item.GiantClub_Unique1,SW.EffectTemplate.Reeling.I；SW.EffectTemplate.Reeling.II；SW.EffectTemplate.Reeling.III
冲力,可随机出现,斩杀大剑,SW.Item.Claymore_Unique1,SW.EffectTemplate.Reeling.I；SW.EffectTemplate.Reeling.II；SW.EffectTemplate.Reeling.III
冲力,可随机出现,暗晶剑,SW.Item.Greatsword_Unique1,SW.EffectTemplate.Reeling.I；SW.EffectTemplate.Reeling.II；SW.EffectTemplate.Reeling.III
冲力,可随机出现,黄金长柄刀,SW.Item.Glaive_Unique1,SW.EffectTemplate.Reeling.I；SW.EffectTemplate.Reeling.II；SW.EffectTemplate.Reeling.III
冲力,可随机出现,怪物粉碎者,SW.Item.GiantMallet_Unique1,SW.EffectTemplate.Reeling.I；SW.EffectTemplate.Reeling.II；SW.EffectTemplate.Reeling.III
冲力,可随机出现,钻石锹,SW.Item.Shovel_Unique1,SW.EffectTemplate.Reeling.I；SW.EffectTemplate.Reeling.II；SW.EffectTemplate.Reeling.III
冲力,可随机出现,甲壳重锤,SW.Item.Mace_Unique1,SW.EffectTemplate.Reeling.I；SW.EffectTemplate.Reeling.II；SW.EffectTemplate.Reeling.III
冲力,可随机出现,绿宝石锤,SW.Item.Hammer_Unique1,SW.EffectTemplate.Reeling.I；SW.EffectTemplate.Reeling.II；SW.EffectTemplate.Reeling.III
冲力,可随机出现,近战游侠弩,SW.Item.HeavyCrossbow_Unique1,SW.EffectTemplate.Reeling.I；SW.EffectTemplate.Reeling.II；SW.EffectTemplate.Reeling.III
冲力,可随机出现,轰鸣虫心弦,SW.Item.Greatbow_Unique1,SW.EffectTemplate.Reeling.I；SW.EffectTemplate.Reeling.II；SW.EffectTemplate.Reeling.III
制箭师,必带,猎人手斧,SW.Item.Axe_Unique1,SW.EffectTemplate.Reconstruction.Unique
制箭师,必带,神射手套裤,SW.Item.RealmreacherLeggings_Unique,SW.EffectTemplate.Reconstruction.Unique
制箭师,必带,木精灵根须靴,SW.Item.HewnBarkBoots_Unique,SW.EffectTemplate.Reconstruction.Unique
制箭师,可随机出现,神射手风衣,SW.Item.RealmreacherChest_Unique,SW.EffectTemplate.Reconstruction.I；SW.EffectTemplate.Reconstruction.II；SW.EffectTemplate.Reconstruction.III
制箭师,可随机出现,神射手马刺靴,SW.Item.RealmreacherBoots_Unique,SW.EffectTemplate.Reconstruction.I；SW.EffectTemplate.Reconstruction.II；SW.EffectTemplate.Reconstruction.III
制箭师,可随机出现,神射手软呢帽,SW.Item.RealmreacherHelmet_Unique,SW.EffectTemplate.Reconstruction.I；SW.EffectTemplate.Reconstruction.II；SW.EffectTemplate.Reconstruction.III
制箭师,可随机出现,驭梦者王冠,SW.Item.PhantomHelmet_Unique,SW.EffectTemplate.Reconstruction.I；SW.EffectTemplate.Reconstruction.II；SW.EffectTemplate.Reconstruction.III
制箭师,可随机出现,驭梦者外袍,SW.Item.PhantomChest_Unique,SW.EffectTemplate.Reconstruction.I；SW.EffectTemplate.Reconstruction.II；SW.EffectTemplate.Reconstruction.III
制箭师,可随机出现,驭梦者睡裤,SW.Item.PhantomLeggings_Unique,SW.EffectTemplate.Reconstruction.I；SW.EffectTemplate.Reconstruction.II；SW.EffectTemplate.Reconstruction.III
制箭师,可随机出现,驭梦者拖鞋,SW.Item.PhantomBoots_Unique,SW.EffectTemplate.Reconstruction.I；SW.EffectTemplate.Reconstruction.II；SW.EffectTemplate.Reconstruction.III
制箭师,可随机出现,灵魂腐化者面具,SW.Item.TimewornHelmet_Unique,SW.EffectTemplate.Reconstruction.I；SW.EffectTemplate.Reconstruction.II；SW.EffectTemplate.Reconstruction.III
制箭师,可随机出现,灵魂腐化者风衣,SW.Item.TimewornChest_Unique,SW.EffectTemplate.Reconstruction.I；SW.EffectTemplate.Reconstruction.II；SW.EffectTemplate.Reconstruction.III
制箭师,可随机出现,灵魂腐化者腰带,SW.Item.TimewornLeggings_Unique,SW.EffectTemplate.Reconstruction.I；SW.EffectTemplate.Reconstruction.II；SW.EffectTemplate.Reconstruction.III
制箭师,可随机出现,灵魂腐化者凉鞋,SW.Item.TimewornBoots_Unique,SW.EffectTemplate.Reconstruction.I；SW.EffectTemplate.Reconstruction.II；SW.EffectTemplate.Reconstruction.III
不屈,必带,漫游者足甲,SW.Item.VoyagerBoots_Unique,SW.EffectTemplate.Desperation.Unique
不屈,可随机出现,碎心锤,SW.Item.WarHammer_Unique1,SW.EffectTemplate.Desperation.I；SW.EffectTemplate.Desperation.II；SW.EffectTemplate.Desperation.III
不屈,可随机出现,风暴召唤者,SW.Item.Pike_Unique1,SW.EffectTemplate.Desperation.I；SW.EffectTemplate.Desperation.II；SW.EffectTemplate.Desperation.III
不屈,可随机出现,烈焰之刃,SW.Item.Sword_Unique1,SW.EffectTemplate.Desperation.I；SW.EffectTemplate.Desperation.II；SW.EffectTemplate.Desperation.III
不屈,可随机出现,首席附魔师护手,SW.Item.Gauntlet_Unique1,SW.EffectTemplate.Desperation.I；SW.EffectTemplate.Desperation.II；SW.EffectTemplate.Desperation.III
不屈,可随机出现,毒牙,SW.Item.Daggers_Unique1,SW.EffectTemplate.Desperation.I；SW.EffectTemplate.Desperation.II；SW.EffectTemplate.Desperation.III
不屈,可随机出现,猎人手斧,SW.Item.Axe_Unique1,SW.EffectTemplate.Desperation.I；SW.EffectTemplate.Desperation.II；SW.EffectTemplate.Desperation.III
不屈,可随机出现,幽魂长矛,SW.Item.ShortSpear_Unique1,SW.EffectTemplate.Desperation.I；SW.EffectTemplate.Desperation.II；SW.EffectTemplate.Desperation.III
不屈,可随机出现,红石破坏者,SW.Item.GiantClub_Unique1,SW.EffectTemplate.Desperation.I；SW.EffectTemplate.Desperation.II；SW.EffectTemplate.Desperation.III
不屈,可随机出现,探勘者之镐,SW.Item.Pickaxe_Unique1,SW.EffectTemplate.Desperation.I；SW.EffectTemplate.Desperation.II；SW.EffectTemplate.Desperation.III
不屈,可随机出现,千刃,SW.Item.Rapier_Unique1,SW.EffectTemplate.Desperation.I；SW.EffectTemplate.Desperation.II；SW.EffectTemplate.Desperation.III
不屈,可随机出现,斩杀大剑,SW.Item.Claymore_Unique1,SW.EffectTemplate.Desperation.I；SW.EffectTemplate.Desperation.II；SW.EffectTemplate.Desperation.III
不屈,可随机出现,暗晶剑,SW.Item.Greatsword_Unique1,SW.EffectTemplate.Desperation.I；SW.EffectTemplate.Desperation.II；SW.EffectTemplate.Desperation.III
不屈,可随机出现,幽匿者之爪,SW.Item.Claws_Unique1,SW.EffectTemplate.Desperation.I；SW.EffectTemplate.Desperation.II；SW.EffectTemplate.Desperation.III
不屈,可随机出现,黄金长柄刀,SW.Item.Glaive_Unique1,SW.EffectTemplate.Desperation.I；SW.EffectTemplate.Desperation.II；SW.EffectTemplate.Desperation.III
不屈,可随机出现,元素权杖,SW.Item.Battlestaff_Unique1,SW.EffectTemplate.Desperation.I；SW.EffectTemplate.Desperation.II；SW.EffectTemplate.Desperation.III
不屈,可随机出现,剁魂刀,SW.Item.Cleaver_Unique1,SW.EffectTemplate.Desperation.I；SW.EffectTemplate.Desperation.II；SW.EffectTemplate.Desperation.III
不屈,可随机出现,汐浮镰刀,SW.Item.Sickles_Unique1,SW.EffectTemplate.Desperation.I；SW.EffectTemplate.Desperation.II；SW.EffectTemplate.Desperation.III
不屈,可随机出现,摄魂者,SW.Item.Scythe_Unique1,SW.EffectTemplate.Desperation.I；SW.EffectTemplate.Desperation.II；SW.EffectTemplate.Desperation.III
不屈,可随机出现,安眠之刃,SW.Item.CurvedGreatsword_Unique1,SW.EffectTemplate.Desperation.I；SW.EffectTemplate.Desperation.II；SW.EffectTemplate.Desperation.III
不屈,可随机出现,怪物粉碎者,SW.Item.GiantMallet_Unique1,SW.EffectTemplate.Desperation.I；SW.EffectTemplate.Desperation.II；SW.EffectTemplate.Desperation.III
不屈,可随机出现,霜冻剑,SW.Item.StraightSword_Unique1,SW.EffectTemplate.Desperation.I；SW.EffectTemplate.Desperation.II；SW.EffectTemplate.Desperation.III
不屈,可随机出现,平原之傲,SW.Item.CurvedLongsword_Unique1,SW.EffectTemplate.Desperation.I；SW.EffectTemplate.Desperation.II；SW.EffectTemplate.Desperation.III
不屈,可随机出现,钻石锹,SW.Item.Shovel_Unique1,SW.EffectTemplate.Desperation.I；SW.EffectTemplate.Desperation.II；SW.EffectTemplate.Desperation.III
不屈,可随机出现,甲壳重锤,SW.Item.Mace_Unique1,SW.EffectTemplate.Desperation.I；SW.EffectTemplate.Desperation.II；SW.EffectTemplate.Desperation.III
不屈,可随机出现,幽匿者克星,SW.Item.Dagger_Unique1,SW.EffectTemplate.Desperation.I；SW.EffectTemplate.Desperation.II；SW.EffectTemplate.Desperation.III
不屈,可随机出现,调皮鬼军刀,SW.Item.Sabre_Unique1,SW.EffectTemplate.Desperation.I；SW.EffectTemplate.Desperation.II；SW.EffectTemplate.Desperation.III
不屈,可随机出现,绿宝石锤,SW.Item.Hammer_Unique1,SW.EffectTemplate.Desperation.I；SW.EffectTemplate.Desperation.II；SW.EffectTemplate.Desperation.III
不屈,可随机出现,弯月镰刀,SW.Item.MoonSword_Unique1,SW.EffectTemplate.Desperation.I；SW.EffectTemplate.Desperation.II；SW.EffectTemplate.Desperation.III
不屈,可随机出现,神威巨斧,SW.Item.GreatAxe_Unique1,SW.EffectTemplate.Desperation.I；SW.EffectTemplate.Desperation.II；SW.EffectTemplate.Desperation.III
不屈,可随机出现,游侠之誓,SW.Item.Bow_Unique1,SW.EffectTemplate.Desperation.I；SW.EffectTemplate.Desperation.II；SW.EffectTemplate.Desperation.III
不屈,可随机出现,定身弩,SW.Item.Crossbow_Unique1,SW.EffectTemplate.Desperation.I；SW.EffectTemplate.Desperation.II；SW.EffectTemplate.Desperation.III
不屈,可随机出现,流星弓,SW.Item.Shortbow_Unique1,SW.EffectTemplate.Desperation.I；SW.EffectTemplate.Desperation.II；SW.EffectTemplate.Desperation.III
不屈,可随机出现,幻翼弓,SW.Item.Trickbow_Unique1,SW.EffectTemplate.Desperation.I；SW.EffectTemplate.Desperation.II；SW.EffectTemplate.Desperation.III
不屈,可随机出现,嘎枝之触,SW.Item.Longbow_Unique1,SW.EffectTemplate.Desperation.I；SW.EffectTemplate.Desperation.II；SW.EffectTemplate.Desperation.III
不屈,可随机出现,典范弓,SW.Item.Powerbow_Unique1,SW.EffectTemplate.Desperation.I；SW.EffectTemplate.Desperation.II；SW.EffectTemplate.Desperation.III
不屈,可随机出现,竖琴弩,SW.Item.ScatterCrossbow_Unique1,SW.EffectTemplate.Desperation.I；SW.EffectTemplate.Desperation.II；SW.EffectTemplate.Desperation.III
不屈,可随机出现,近战游侠弩,SW.Item.HeavyCrossbow_Unique1,SW.EffectTemplate.Desperation.I；SW.EffectTemplate.Desperation.II；SW.EffectTemplate.Desperation.III
不屈,可随机出现,授粉快弩,SW.Item.RapidCrossbow_Unique1,SW.EffectTemplate.Desperation.I；SW.EffectTemplate.Desperation.II；SW.EffectTemplate.Desperation.III
不屈,可随机出现,背叛者双弩,SW.Item.DualCrossbow_Unique1,SW.EffectTemplate.Desperation.I；SW.EffectTemplate.Desperation.II；SW.EffectTemplate.Desperation.III
不屈,可随机出现,轰鸣虫心弦,SW.Item.Greatbow_Unique1,SW.EffectTemplate.Desperation.I；SW.EffectTemplate.Desperation.II；SW.EffectTemplate.Desperation.III
神射手,必带,灵魂腐化者面具,SW.Item.TimewornHelmet_Unique,SW.EffectTemplate.Supercharge.Unique
神射手,可随机出现,流星弓,SW.Item.Shortbow_Unique1,SW.EffectTemplate.Supercharge.I；SW.EffectTemplate.Supercharge.II；SW.EffectTemplate.Supercharge.III
神射手,可随机出现,嘎枝之触,SW.Item.Longbow_Unique1,SW.EffectTemplate.Supercharge.I；SW.EffectTemplate.Supercharge.II；SW.EffectTemplate.Supercharge.III
神射手,可随机出现,典范弓,SW.Item.Powerbow_Unique1,SW.EffectTemplate.Supercharge.I；SW.EffectTemplate.Supercharge.II；SW.EffectTemplate.Supercharge.III
神射手,可随机出现,轰鸣虫心弦,SW.Item.Greatbow_Unique1,SW.EffectTemplate.Supercharge.I；SW.EffectTemplate.Supercharge.II；SW.EffectTemplate.Supercharge.III
图腾范围,必带,灵魂腐化者风衣,SW.Item.TimewornChest_Unique,SW.EffectTemplate.Expand.Unique
图腾范围,必带,炼金术士礼帽,SW.Item.EvocationHelmet_Unique,SW.EffectTemplate.Expand.Unique
图腾范围,可随机出现,木精灵王冠,SW.Item.HewnBarkHelmet_Unique,SW.EffectTemplate.Expand.I；SW.EffectTemplate.Expand.II；SW.EffectTemplate.Expand.III
图腾范围,可随机出现,木精灵树皮甲,SW.Item.HewnBarkChest_Unique,SW.EffectTemplate.Expand.I；SW.EffectTemplate.Expand.II；SW.EffectTemplate.Expand.III
图腾范围,可随机出现,木精灵树干护腿,SW.Item.HewnBarkLeggings_Unique,SW.EffectTemplate.Expand.I；SW.EffectTemplate.Expand.II；SW.EffectTemplate.Expand.III
图腾范围,可随机出现,木精灵根须靴,SW.Item.HewnBarkBoots_Unique,SW.EffectTemplate.Expand.I；SW.EffectTemplate.Expand.II；SW.EffectTemplate.Expand.III
图腾范围,可随机出现,蜂群意识安全帽,SW.Item.HoneyHelmet_Unique,SW.EffectTemplate.Expand.I；SW.EffectTemplate.Expand.II；SW.EffectTemplate.Expand.III
图腾范围,可随机出现,蜂群意识胸甲,SW.Item.HoneyChest_Unique,SW.EffectTemplate.Expand.I；SW.EffectTemplate.Expand.II；SW.EffectTemplate.Expand.III
图腾范围,可随机出现,蜂群意识长裤,SW.Item.HoneyLeggings_Unique,SW.EffectTemplate.Expand.I；SW.EffectTemplate.Expand.II；SW.EffectTemplate.Expand.III
图腾范围,可随机出现,蜂群意识刺靴,SW.Item.HoneyBoots_Unique,SW.EffectTemplate.Expand.I；SW.EffectTemplate.Expand.II；SW.EffectTemplate.Expand.III
图腾范围,可随机出现,狂怒汐浮特面具,SW.Item.WellspringHelmet_Unique,SW.EffectTemplate.Expand.I；SW.EffectTemplate.Expand.II；SW.EffectTemplate.Expand.III
图腾范围,可随机出现,狂怒汐浮特背心,SW.Item.WellspringChest_Unique,SW.EffectTemplate.Expand.I；SW.EffectTemplate.Expand.II；SW.EffectTemplate.Expand.III
图腾范围,可随机出现,狂怒汐浮特便裤,SW.Item.WellspringLeggings_Unique,SW.EffectTemplate.Expand.I；SW.EffectTemplate.Expand.II；SW.EffectTemplate.Expand.III
图腾范围,可随机出现,狂怒汐浮特之爪,SW.Item.WellspringBoots_Unique,SW.EffectTemplate.Expand.I；SW.EffectTemplate.Expand.II；SW.EffectTemplate.Expand.III
元素防护,必带,寒霜护甲,SW.Item.FrostRimeChest_Unique,SW.EffectTemplate.ElementalProtection.Unique
元素防护,必带,巨兽胫甲,SW.Item.RedstoneLeggings_Unique,SW.EffectTemplate.ElementalProtection.Unique
元素防护,可随机出现,寒霜长衬裤,SW.Item.FrostRimeLeggings_Unique,SW.EffectTemplate.ElementalProtection.I；SW.EffectTemplate.ElementalProtection.II；SW.EffectTemplate.ElementalProtection.III
元素防护,可随机出现,寒霜踏雪靴,SW.Item.FrostRimeBoots_Unique,SW.EffectTemplate.ElementalProtection.I；SW.EffectTemplate.ElementalProtection.II；SW.EffectTemplate.ElementalProtection.III
元素防护,可随机出现,寒霜冰帽,SW.Item.FrostRimeHelmet_Unique,SW.EffectTemplate.ElementalProtection.I；SW.EffectTemplate.ElementalProtection.II；SW.EffectTemplate.ElementalProtection.III
元素防护,可随机出现,神谕王冠,SW.Item.MysticHelmet_Unique,SW.EffectTemplate.ElementalProtection.I；SW.EffectTemplate.ElementalProtection.II；SW.EffectTemplate.ElementalProtection.III
元素防护,可随机出现,神谕披风,SW.Item.MysticChest_Unique,SW.EffectTemplate.ElementalProtection.I；SW.EffectTemplate.ElementalProtection.II；SW.EffectTemplate.ElementalProtection.III
元素防护,可随机出现,神谕紧身裤,SW.Item.MysticLeggings_Unique,SW.EffectTemplate.ElementalProtection.I；SW.EffectTemplate.ElementalProtection.II；SW.EffectTemplate.ElementalProtection.III
元素防护,可随机出现,神谕凉鞋,SW.Item.MysticBoots_Unique,SW.EffectTemplate.ElementalProtection.I；SW.EffectTemplate.ElementalProtection.II；SW.EffectTemplate.ElementalProtection.III
元素防护,可随机出现,灵魂腐化者面具,SW.Item.TimewornHelmet_Unique,SW.EffectTemplate.ElementalProtection.I；SW.EffectTemplate.ElementalProtection.II；SW.EffectTemplate.ElementalProtection.III
元素防护,可随机出现,灵魂腐化者风衣,SW.Item.TimewornChest_Unique,SW.EffectTemplate.ElementalProtection.I；SW.EffectTemplate.ElementalProtection.II；SW.EffectTemplate.ElementalProtection.III
元素防护,可随机出现,灵魂腐化者腰带,SW.Item.TimewornLeggings_Unique,SW.EffectTemplate.ElementalProtection.I；SW.EffectTemplate.ElementalProtection.II；SW.EffectTemplate.ElementalProtection.III
元素防护,可随机出现,灵魂腐化者凉鞋,SW.Item.TimewornBoots_Unique,SW.EffectTemplate.ElementalProtection.I；SW.EffectTemplate.ElementalProtection.II；SW.EffectTemplate.ElementalProtection.III
元素防护,可随机出现,毒蝇伞帽,SW.Item.MushroomHelmet_Unique,SW.EffectTemplate.ElementalProtection.I；SW.EffectTemplate.ElementalProtection.II；SW.EffectTemplate.ElementalProtection.III
元素防护,可随机出现,毒蝇伞外套,SW.Item.MushroomChest_Unique,SW.EffectTemplate.ElementalProtection.I；SW.EffectTemplate.ElementalProtection.II；SW.EffectTemplate.ElementalProtection.III
元素防护,可随机出现,毒蝇伞长裤,SW.Item.MushroomLeggings_Unique,SW.EffectTemplate.ElementalProtection.I；SW.EffectTemplate.ElementalProtection.II；SW.EffectTemplate.ElementalProtection.III
元素防护,可随机出现,毒蝇伞雨鞋,SW.Item.MushroomBoots_Unique,SW.EffectTemplate.ElementalProtection.I；SW.EffectTemplate.ElementalProtection.II；SW.EffectTemplate.ElementalProtection.III
元素防护,可随机出现,狂怒汐浮特面具,SW.Item.WellspringHelmet_Unique,SW.EffectTemplate.ElementalProtection.I；SW.EffectTemplate.ElementalProtection.II；SW.EffectTemplate.ElementalProtection.III
元素防护,可随机出现,狂怒汐浮特背心,SW.Item.WellspringChest_Unique,SW.EffectTemplate.ElementalProtection.I；SW.EffectTemplate.ElementalProtection.II；SW.EffectTemplate.ElementalProtection.III
元素防护,可随机出现,狂怒汐浮特便裤,SW.Item.WellspringLeggings_Unique,SW.EffectTemplate.ElementalProtection.I；SW.EffectTemplate.ElementalProtection.II；SW.EffectTemplate.ElementalProtection.III
元素防护,可随机出现,狂怒汐浮特之爪,SW.Item.WellspringBoots_Unique,SW.EffectTemplate.ElementalProtection.I；SW.EffectTemplate.ElementalProtection.II；SW.EffectTemplate.ElementalProtection.III
元素防护,可随机出现,巨兽角盔,SW.Item.RedstoneHelmet_Unique,SW.EffectTemplate.ElementalProtection.I；SW.EffectTemplate.ElementalProtection.II；SW.EffectTemplate.ElementalProtection.III
元素防护,可随机出现,巨兽盔甲,SW.Item.RedstoneChest_Unique,SW.EffectTemplate.ElementalProtection.I；SW.EffectTemplate.ElementalProtection.II；SW.EffectTemplate.ElementalProtection.III
元素防护,可随机出现,巨兽战靴,SW.Item.RedstoneBoots_Unique,SW.EffectTemplate.ElementalProtection.I；SW.EffectTemplate.ElementalProtection.II；SW.EffectTemplate.ElementalProtection.III
元素防护,可随机出现,炼金术士礼帽,SW.Item.EvocationHelmet_Unique,SW.EffectTemplate.ElementalProtection.I；SW.EffectTemplate.ElementalProtection.II；SW.EffectTemplate.ElementalProtection.III
元素防护,可随机出现,炼金术士大衣,SW.Item.EvocationChest_Unique,SW.EffectTemplate.ElementalProtection.I；SW.EffectTemplate.ElementalProtection.II；SW.EffectTemplate.ElementalProtection.III
元素防护,可随机出现,炼金术士长裤,SW.Item.EvocationLeggings_Unique,SW.EffectTemplate.ElementalProtection.I；SW.EffectTemplate.ElementalProtection.II；SW.EffectTemplate.ElementalProtection.III
元素防护,可随机出现,炼金术士便鞋,SW.Item.EvocationBoots_Unique,SW.EffectTemplate.ElementalProtection.I；SW.EffectTemplate.ElementalProtection.II；SW.EffectTemplate.ElementalProtection.III
元素防护,可随机出现,君主王冠,SW.Item.ScavengerHelmet_Unique,SW.EffectTemplate.ElementalProtection.I；SW.EffectTemplate.ElementalProtection.II；SW.EffectTemplate.ElementalProtection.III
元素防护,可随机出现,君主披风,SW.Item.ScavengerChest_Unique,SW.EffectTemplate.ElementalProtection.I；SW.EffectTemplate.ElementalProtection.II；SW.EffectTemplate.ElementalProtection.III
元素防护,可随机出现,君主腰带,SW.Item.ScavengerLeggings_Unique,SW.EffectTemplate.ElementalProtection.I；SW.EffectTemplate.ElementalProtection.II；SW.EffectTemplate.ElementalProtection.III
元素防护,可随机出现,君主利爪,SW.Item.ScavengerBoots_Unique,SW.EffectTemplate.ElementalProtection.I；SW.EffectTemplate.ElementalProtection.II；SW.EffectTemplate.ElementalProtection.III
恶霸,必带,君主利爪,SW.Item.ScavengerBoots_Unique,SW.EffectTemplate.Opportunist.Unique
恶霸,可随机出现,探勘者之镐,SW.Item.Pickaxe_Unique1,SW.EffectTemplate.Opportunist.I；SW.EffectTemplate.Opportunist.II；SW.EffectTemplate.Opportunist.III
恶霸,可随机出现,剁魂刀,SW.Item.Cleaver_Unique1,SW.EffectTemplate.Opportunist.I；SW.EffectTemplate.Opportunist.II；SW.EffectTemplate.Opportunist.III
恶霸,可随机出现,安眠之刃,SW.Item.CurvedGreatsword_Unique1,SW.EffectTemplate.Opportunist.I；SW.EffectTemplate.Opportunist.II；SW.EffectTemplate.Opportunist.III
恶霸,可随机出现,钻石锹,SW.Item.Shovel_Unique1,SW.EffectTemplate.Opportunist.I；SW.EffectTemplate.Opportunist.II；SW.EffectTemplate.Opportunist.III
恶霸,可随机出现,绿宝石锤,SW.Item.Hammer_Unique1,SW.EffectTemplate.Opportunist.I；SW.EffectTemplate.Opportunist.II；SW.EffectTemplate.Opportunist.III
恶霸,可随机出现,神威巨斧,SW.Item.GreatAxe_Unique1,SW.EffectTemplate.Opportunist.I；SW.EffectTemplate.Opportunist.II；SW.EffectTemplate.Opportunist.III
恶霸,可随机出现,竖琴弩,SW.Item.ScatterCrossbow_Unique1,SW.EffectTemplate.Opportunist.I；SW.EffectTemplate.Opportunist.II；SW.EffectTemplate.Opportunist.III
弹开,必带,漫游者肩甲,SW.Item.VoyagerChest_Unique,SW.EffectTemplate.Deflect.Unique
弹开,必带,狂怒汐浮特之爪,SW.Item.WellspringBoots_Unique,SW.EffectTemplate.Deflect.Unique
弹开,可随机出现,无赖轻靴,SW.Item.ScampBoots_Unique,SW.EffectTemplate.Deflect.I；SW.EffectTemplate.Deflect.II；SW.EffectTemplate.Deflect.III
弹开,可随机出现,无赖兜帽,SW.Item.ScampHelmet_Unique,SW.EffectTemplate.Deflect.I；SW.EffectTemplate.Deflect.II；SW.EffectTemplate.Deflect.III
弹开,可随机出现,无赖西装外套,SW.Item.ScampChest_Unique,SW.EffectTemplate.Deflect.I；SW.EffectTemplate.Deflect.II；SW.EffectTemplate.Deflect.III
弹开,可随机出现,无赖套裤,SW.Item.ScampLeggings_Unique,SW.EffectTemplate.Deflect.I；SW.EffectTemplate.Deflect.II；SW.EffectTemplate.Deflect.III
弹开,可随机出现,扭曲监守者轻靴,SW.Item.CaveCrawlerBoots_Unique,SW.EffectTemplate.Deflect.I；SW.EffectTemplate.Deflect.II；SW.EffectTemplate.Deflect.III
弹开,可随机出现,扭曲监守者背心,SW.Item.CaveCrawlerChest_Unique,SW.EffectTemplate.Deflect.I；SW.EffectTemplate.Deflect.II；SW.EffectTemplate.Deflect.III
弹开,可随机出现,扭曲监守者眼罩,SW.Item.CaveCrawlerHelmet_Unique,SW.EffectTemplate.Deflect.I；SW.EffectTemplate.Deflect.II；SW.EffectTemplate.Deflect.III
弹开,可随机出现,扭曲监守者紧身裤,SW.Item.CaveCrawlerLeggings_Unique,SW.EffectTemplate.Deflect.I；SW.EffectTemplate.Deflect.II；SW.EffectTemplate.Deflect.III
弹开,可随机出现,驭梦者王冠,SW.Item.PhantomHelmet_Unique,SW.EffectTemplate.Deflect.I；SW.EffectTemplate.Deflect.II；SW.EffectTemplate.Deflect.III
弹开,可随机出现,驭梦者外袍,SW.Item.PhantomChest_Unique,SW.EffectTemplate.Deflect.I；SW.EffectTemplate.Deflect.II；SW.EffectTemplate.Deflect.III
弹开,可随机出现,驭梦者睡裤,SW.Item.PhantomLeggings_Unique,SW.EffectTemplate.Deflect.I；SW.EffectTemplate.Deflect.II；SW.EffectTemplate.Deflect.III
弹开,可随机出现,驭梦者拖鞋,SW.Item.PhantomBoots_Unique,SW.EffectTemplate.Deflect.I；SW.EffectTemplate.Deflect.II；SW.EffectTemplate.Deflect.III
弹开,可随机出现,贤者头带,SW.Item.DiscipleHelmet_Unique,SW.EffectTemplate.Deflect.I；SW.EffectTemplate.Deflect.II；SW.EffectTemplate.Deflect.III
弹开,可随机出现,贤者束衣,SW.Item.DiscipleChest_Unique,SW.EffectTemplate.Deflect.I；SW.EffectTemplate.Deflect.II；SW.EffectTemplate.Deflect.III
弹开,可随机出现,贤者腰带,SW.Item.DiscipleLeggings_Unique,SW.EffectTemplate.Deflect.I；SW.EffectTemplate.Deflect.II；SW.EffectTemplate.Deflect.III
弹开,可随机出现,贤者裹足布,SW.Item.DiscipleBoots_Unique,SW.EffectTemplate.Deflect.I；SW.EffectTemplate.Deflect.II；SW.EffectTemplate.Deflect.III
弹开,可随机出现,君主王冠,SW.Item.ScavengerHelmet_Unique,SW.EffectTemplate.Deflect.I；SW.EffectTemplate.Deflect.II；SW.EffectTemplate.Deflect.III
弹开,可随机出现,君主披风,SW.Item.ScavengerChest_Unique,SW.EffectTemplate.Deflect.I；SW.EffectTemplate.Deflect.II；SW.EffectTemplate.Deflect.III
弹开,可随机出现,君主腰带,SW.Item.ScavengerLeggings_Unique,SW.EffectTemplate.Deflect.I；SW.EffectTemplate.Deflect.II；SW.EffectTemplate.Deflect.III
弹开,可随机出现,君主利爪,SW.Item.ScavengerBoots_Unique,SW.EffectTemplate.Deflect.I；SW.EffectTemplate.Deflect.II；SW.EffectTemplate.Deflect.III
搜刮者,必带,君主王冠,SW.Item.ScavengerHelmet_Unique,SW.EffectTemplate.Looting.Unique
搜刮者,可随机出现,碎心锤,SW.Item.WarHammer_Unique1,SW.EffectTemplate.Looting.I；SW.EffectTemplate.Looting.II；SW.EffectTemplate.Looting.III
搜刮者,可随机出现,风暴召唤者,SW.Item.Pike_Unique1,SW.EffectTemplate.Looting.I；SW.EffectTemplate.Looting.II；SW.EffectTemplate.Looting.III
搜刮者,可随机出现,烈焰之刃,SW.Item.Sword_Unique1,SW.EffectTemplate.Looting.I；SW.EffectTemplate.Looting.II；SW.EffectTemplate.Looting.III
搜刮者,可随机出现,首席附魔师护手,SW.Item.Gauntlet_Unique1,SW.EffectTemplate.Looting.I；SW.EffectTemplate.Looting.II；SW.EffectTemplate.Looting.III
搜刮者,可随机出现,毒牙,SW.Item.Daggers_Unique1,SW.EffectTemplate.Looting.I；SW.EffectTemplate.Looting.II；SW.EffectTemplate.Looting.III
搜刮者,可随机出现,猎人手斧,SW.Item.Axe_Unique1,SW.EffectTemplate.Looting.I；SW.EffectTemplate.Looting.II；SW.EffectTemplate.Looting.III
搜刮者,可随机出现,幽魂长矛,SW.Item.ShortSpear_Unique1,SW.EffectTemplate.Looting.I；SW.EffectTemplate.Looting.II；SW.EffectTemplate.Looting.III
搜刮者,可随机出现,红石破坏者,SW.Item.GiantClub_Unique1,SW.EffectTemplate.Looting.I；SW.EffectTemplate.Looting.II；SW.EffectTemplate.Looting.III
搜刮者,可随机出现,探勘者之镐,SW.Item.Pickaxe_Unique1,SW.EffectTemplate.Looting.I；SW.EffectTemplate.Looting.II；SW.EffectTemplate.Looting.III
搜刮者,可随机出现,千刃,SW.Item.Rapier_Unique1,SW.EffectTemplate.Looting.I；SW.EffectTemplate.Looting.II；SW.EffectTemplate.Looting.III
搜刮者,可随机出现,斩杀大剑,SW.Item.Claymore_Unique1,SW.EffectTemplate.Looting.I；SW.EffectTemplate.Looting.II；SW.EffectTemplate.Looting.III
搜刮者,可随机出现,暗晶剑,SW.Item.Greatsword_Unique1,SW.EffectTemplate.Looting.I；SW.EffectTemplate.Looting.II；SW.EffectTemplate.Looting.III
搜刮者,可随机出现,幽匿者之爪,SW.Item.Claws_Unique1,SW.EffectTemplate.Looting.I；SW.EffectTemplate.Looting.II；SW.EffectTemplate.Looting.III
搜刮者,可随机出现,黄金长柄刀,SW.Item.Glaive_Unique1,SW.EffectTemplate.Looting.I；SW.EffectTemplate.Looting.II；SW.EffectTemplate.Looting.III
搜刮者,可随机出现,元素权杖,SW.Item.Battlestaff_Unique1,SW.EffectTemplate.Looting.I；SW.EffectTemplate.Looting.II；SW.EffectTemplate.Looting.III
搜刮者,可随机出现,剁魂刀,SW.Item.Cleaver_Unique1,SW.EffectTemplate.Looting.I；SW.EffectTemplate.Looting.II；SW.EffectTemplate.Looting.III
搜刮者,可随机出现,汐浮镰刀,SW.Item.Sickles_Unique1,SW.EffectTemplate.Looting.I；SW.EffectTemplate.Looting.II；SW.EffectTemplate.Looting.III
搜刮者,可随机出现,摄魂者,SW.Item.Scythe_Unique1,SW.EffectTemplate.Looting.I；SW.EffectTemplate.Looting.II；SW.EffectTemplate.Looting.III
搜刮者,可随机出现,安眠之刃,SW.Item.CurvedGreatsword_Unique1,SW.EffectTemplate.Looting.I；SW.EffectTemplate.Looting.II；SW.EffectTemplate.Looting.III
搜刮者,可随机出现,怪物粉碎者,SW.Item.GiantMallet_Unique1,SW.EffectTemplate.Looting.I；SW.EffectTemplate.Looting.II；SW.EffectTemplate.Looting.III
搜刮者,可随机出现,霜冻剑,SW.Item.StraightSword_Unique1,SW.EffectTemplate.Looting.I；SW.EffectTemplate.Looting.II；SW.EffectTemplate.Looting.III
搜刮者,可随机出现,平原之傲,SW.Item.CurvedLongsword_Unique1,SW.EffectTemplate.Looting.I；SW.EffectTemplate.Looting.II；SW.EffectTemplate.Looting.III
搜刮者,可随机出现,钻石锹,SW.Item.Shovel_Unique1,SW.EffectTemplate.Looting.I；SW.EffectTemplate.Looting.II；SW.EffectTemplate.Looting.III
搜刮者,可随机出现,甲壳重锤,SW.Item.Mace_Unique1,SW.EffectTemplate.Looting.I；SW.EffectTemplate.Looting.II；SW.EffectTemplate.Looting.III
搜刮者,可随机出现,幽匿者克星,SW.Item.Dagger_Unique1,SW.EffectTemplate.Looting.I；SW.EffectTemplate.Looting.II；SW.EffectTemplate.Looting.III
搜刮者,可随机出现,调皮鬼军刀,SW.Item.Sabre_Unique1,SW.EffectTemplate.Looting.I；SW.EffectTemplate.Looting.II；SW.EffectTemplate.Looting.III
搜刮者,可随机出现,绿宝石锤,SW.Item.Hammer_Unique1,SW.EffectTemplate.Looting.I；SW.EffectTemplate.Looting.II；SW.EffectTemplate.Looting.III
搜刮者,可随机出现,弯月镰刀,SW.Item.MoonSword_Unique1,SW.EffectTemplate.Looting.I；SW.EffectTemplate.Looting.II；SW.EffectTemplate.Looting.III
搜刮者,可随机出现,神威巨斧,SW.Item.GreatAxe_Unique1,SW.EffectTemplate.Looting.I；SW.EffectTemplate.Looting.II；SW.EffectTemplate.Looting.III
搜刮者,可随机出现,游侠之誓,SW.Item.Bow_Unique1,SW.EffectTemplate.Looting.I；SW.EffectTemplate.Looting.II；SW.EffectTemplate.Looting.III
搜刮者,可随机出现,定身弩,SW.Item.Crossbow_Unique1,SW.EffectTemplate.Looting.I；SW.EffectTemplate.Looting.II；SW.EffectTemplate.Looting.III
搜刮者,可随机出现,流星弓,SW.Item.Shortbow_Unique1,SW.EffectTemplate.Looting.I；SW.EffectTemplate.Looting.II；SW.EffectTemplate.Looting.III
搜刮者,可随机出现,幻翼弓,SW.Item.Trickbow_Unique1,SW.EffectTemplate.Looting.I；SW.EffectTemplate.Looting.II；SW.EffectTemplate.Looting.III
搜刮者,可随机出现,嘎枝之触,SW.Item.Longbow_Unique1,SW.EffectTemplate.Looting.I；SW.EffectTemplate.Looting.II；SW.EffectTemplate.Looting.III
搜刮者,可随机出现,典范弓,SW.Item.Powerbow_Unique1,SW.EffectTemplate.Looting.I；SW.EffectTemplate.Looting.II；SW.EffectTemplate.Looting.III
搜刮者,可随机出现,竖琴弩,SW.Item.ScatterCrossbow_Unique1,SW.EffectTemplate.Looting.I；SW.EffectTemplate.Looting.II；SW.EffectTemplate.Looting.III
搜刮者,可随机出现,近战游侠弩,SW.Item.HeavyCrossbow_Unique1,SW.EffectTemplate.Looting.I；SW.EffectTemplate.Looting.II；SW.EffectTemplate.Looting.III
搜刮者,可随机出现,授粉快弩,SW.Item.RapidCrossbow_Unique1,SW.EffectTemplate.Looting.I；SW.EffectTemplate.Looting.II；SW.EffectTemplate.Looting.III
搜刮者,可随机出现,背叛者双弩,SW.Item.DualCrossbow_Unique1,SW.EffectTemplate.Looting.I；SW.EffectTemplate.Looting.II；SW.EffectTemplate.Looting.III
搜刮者,可随机出现,轰鸣虫心弦,SW.Item.Greatbow_Unique1,SW.EffectTemplate.Looting.I；SW.EffectTemplate.Looting.II；SW.EffectTemplate.Looting.III
袭击者,必带,绿宝石锤,SW.Item.Hammer_Unique1,SW.EffectTemplate.Opulence.Unique
袭击者,必带,神谕凉鞋,SW.Item.MysticBoots_Unique,SW.EffectTemplate.Opulence.Unique
袭击者,可随机出现,碎心锤,SW.Item.WarHammer_Unique1,SW.EffectTemplate.Opulence.I；SW.EffectTemplate.Opulence.II；SW.EffectTemplate.Opulence.III
袭击者,可随机出现,风暴召唤者,SW.Item.Pike_Unique1,SW.EffectTemplate.Opulence.I；SW.EffectTemplate.Opulence.II；SW.EffectTemplate.Opulence.III
袭击者,可随机出现,烈焰之刃,SW.Item.Sword_Unique1,SW.EffectTemplate.Opulence.I；SW.EffectTemplate.Opulence.II；SW.EffectTemplate.Opulence.III
袭击者,可随机出现,首席附魔师护手,SW.Item.Gauntlet_Unique1,SW.EffectTemplate.Opulence.I；SW.EffectTemplate.Opulence.II；SW.EffectTemplate.Opulence.III
袭击者,可随机出现,毒牙,SW.Item.Daggers_Unique1,SW.EffectTemplate.Opulence.I；SW.EffectTemplate.Opulence.II；SW.EffectTemplate.Opulence.III
袭击者,可随机出现,猎人手斧,SW.Item.Axe_Unique1,SW.EffectTemplate.Opulence.I；SW.EffectTemplate.Opulence.II；SW.EffectTemplate.Opulence.III
袭击者,可随机出现,幽魂长矛,SW.Item.ShortSpear_Unique1,SW.EffectTemplate.Opulence.I；SW.EffectTemplate.Opulence.II；SW.EffectTemplate.Opulence.III
袭击者,可随机出现,红石破坏者,SW.Item.GiantClub_Unique1,SW.EffectTemplate.Opulence.I；SW.EffectTemplate.Opulence.II；SW.EffectTemplate.Opulence.III
袭击者,可随机出现,探勘者之镐,SW.Item.Pickaxe_Unique1,SW.EffectTemplate.Opulence.I；SW.EffectTemplate.Opulence.II；SW.EffectTemplate.Opulence.III
袭击者,可随机出现,千刃,SW.Item.Rapier_Unique1,SW.EffectTemplate.Opulence.I；SW.EffectTemplate.Opulence.II；SW.EffectTemplate.Opulence.III
袭击者,可随机出现,斩杀大剑,SW.Item.Claymore_Unique1,SW.EffectTemplate.Opulence.I；SW.EffectTemplate.Opulence.II；SW.EffectTemplate.Opulence.III
袭击者,可随机出现,暗晶剑,SW.Item.Greatsword_Unique1,SW.EffectTemplate.Opulence.I；SW.EffectTemplate.Opulence.II；SW.EffectTemplate.Opulence.III
袭击者,可随机出现,幽匿者之爪,SW.Item.Claws_Unique1,SW.EffectTemplate.Opulence.I；SW.EffectTemplate.Opulence.II；SW.EffectTemplate.Opulence.III
袭击者,可随机出现,黄金长柄刀,SW.Item.Glaive_Unique1,SW.EffectTemplate.Opulence.I；SW.EffectTemplate.Opulence.II；SW.EffectTemplate.Opulence.III
袭击者,可随机出现,元素权杖,SW.Item.Battlestaff_Unique1,SW.EffectTemplate.Opulence.I；SW.EffectTemplate.Opulence.II；SW.EffectTemplate.Opulence.III
袭击者,可随机出现,剁魂刀,SW.Item.Cleaver_Unique1,SW.EffectTemplate.Opulence.I；SW.EffectTemplate.Opulence.II；SW.EffectTemplate.Opulence.III
袭击者,可随机出现,汐浮镰刀,SW.Item.Sickles_Unique1,SW.EffectTemplate.Opulence.I；SW.EffectTemplate.Opulence.II；SW.EffectTemplate.Opulence.III
袭击者,可随机出现,摄魂者,SW.Item.Scythe_Unique1,SW.EffectTemplate.Opulence.I；SW.EffectTemplate.Opulence.II；SW.EffectTemplate.Opulence.III
袭击者,可随机出现,安眠之刃,SW.Item.CurvedGreatsword_Unique1,SW.EffectTemplate.Opulence.I；SW.EffectTemplate.Opulence.II；SW.EffectTemplate.Opulence.III
袭击者,可随机出现,怪物粉碎者,SW.Item.GiantMallet_Unique1,SW.EffectTemplate.Opulence.I；SW.EffectTemplate.Opulence.II；SW.EffectTemplate.Opulence.III
袭击者,可随机出现,霜冻剑,SW.Item.StraightSword_Unique1,SW.EffectTemplate.Opulence.I；SW.EffectTemplate.Opulence.II；SW.EffectTemplate.Opulence.III
袭击者,可随机出现,平原之傲,SW.Item.CurvedLongsword_Unique1,SW.EffectTemplate.Opulence.I；SW.EffectTemplate.Opulence.II；SW.EffectTemplate.Opulence.III
袭击者,可随机出现,钻石锹,SW.Item.Shovel_Unique1,SW.EffectTemplate.Opulence.I；SW.EffectTemplate.Opulence.II；SW.EffectTemplate.Opulence.III
袭击者,可随机出现,甲壳重锤,SW.Item.Mace_Unique1,SW.EffectTemplate.Opulence.I；SW.EffectTemplate.Opulence.II；SW.EffectTemplate.Opulence.III
袭击者,可随机出现,幽匿者克星,SW.Item.Dagger_Unique1,SW.EffectTemplate.Opulence.I；SW.EffectTemplate.Opulence.II；SW.EffectTemplate.Opulence.III
袭击者,可随机出现,调皮鬼军刀,SW.Item.Sabre_Unique1,SW.EffectTemplate.Opulence.I；SW.EffectTemplate.Opulence.II；SW.EffectTemplate.Opulence.III
袭击者,可随机出现,弯月镰刀,SW.Item.MoonSword_Unique1,SW.EffectTemplate.Opulence.I；SW.EffectTemplate.Opulence.II；SW.EffectTemplate.Opulence.III
袭击者,可随机出现,神威巨斧,SW.Item.GreatAxe_Unique1,SW.EffectTemplate.Opulence.I；SW.EffectTemplate.Opulence.II；SW.EffectTemplate.Opulence.III
袭击者,可随机出现,游侠之誓,SW.Item.Bow_Unique1,SW.EffectTemplate.Opulence.I；SW.EffectTemplate.Opulence.II；SW.EffectTemplate.Opulence.III
袭击者,可随机出现,定身弩,SW.Item.Crossbow_Unique1,SW.EffectTemplate.Opulence.I；SW.EffectTemplate.Opulence.II；SW.EffectTemplate.Opulence.III
袭击者,可随机出现,流星弓,SW.Item.Shortbow_Unique1,SW.EffectTemplate.Opulence.I；SW.EffectTemplate.Opulence.II；SW.EffectTemplate.Opulence.III
袭击者,可随机出现,幻翼弓,SW.Item.Trickbow_Unique1,SW.EffectTemplate.Opulence.I；SW.EffectTemplate.Opulence.II；SW.EffectTemplate.Opulence.III
袭击者,可随机出现,嘎枝之触,SW.Item.Longbow_Unique1,SW.EffectTemplate.Opulence.I；SW.EffectTemplate.Opulence.II；SW.EffectTemplate.Opulence.III
袭击者,可随机出现,典范弓,SW.Item.Powerbow_Unique1,SW.EffectTemplate.Opulence.I；SW.EffectTemplate.Opulence.II；SW.EffectTemplate.Opulence.III
袭击者,可随机出现,竖琴弩,SW.Item.ScatterCrossbow_Unique1,SW.EffectTemplate.Opulence.I；SW.EffectTemplate.Opulence.II；SW.EffectTemplate.Opulence.III
袭击者,可随机出现,近战游侠弩,SW.Item.HeavyCrossbow_Unique1,SW.EffectTemplate.Opulence.I；SW.EffectTemplate.Opulence.II；SW.EffectTemplate.Opulence.III
袭击者,可随机出现,授粉快弩,SW.Item.RapidCrossbow_Unique1,SW.EffectTemplate.Opulence.I；SW.EffectTemplate.Opulence.II；SW.EffectTemplate.Opulence.III
袭击者,可随机出现,背叛者双弩,SW.Item.DualCrossbow_Unique1,SW.EffectTemplate.Opulence.I；SW.EffectTemplate.Opulence.II；SW.EffectTemplate.Opulence.III
袭击者,可随机出现,轰鸣虫心弦,SW.Item.Greatbow_Unique1,SW.EffectTemplate.Opulence.I；SW.EffectTemplate.Opulence.II；SW.EffectTemplate.Opulence.III
神行者,必带,无赖轻靴,SW.Item.ScampBoots_Unique,SW.EffectTemplate.SwiftSneak.Unique
神行者,必带,驭梦者睡裤,SW.Item.PhantomLeggings_Unique,SW.EffectTemplate.SwiftSneak.Unique
神行者,可随机出现,无赖兜帽,SW.Item.ScampHelmet_Unique,SW.EffectTemplate.SwiftSneak.I；SW.EffectTemplate.SwiftSneak.II；SW.EffectTemplate.SwiftSneak.III
神行者,可随机出现,无赖西装外套,SW.Item.ScampChest_Unique,SW.EffectTemplate.SwiftSneak.I；SW.EffectTemplate.SwiftSneak.II；SW.EffectTemplate.SwiftSneak.III
神行者,可随机出现,无赖套裤,SW.Item.ScampLeggings_Unique,SW.EffectTemplate.SwiftSneak.I；SW.EffectTemplate.SwiftSneak.II；SW.EffectTemplate.SwiftSneak.III
神行者,可随机出现,扭曲监守者轻靴,SW.Item.CaveCrawlerBoots_Unique,SW.EffectTemplate.SwiftSneak.I；SW.EffectTemplate.SwiftSneak.II；SW.EffectTemplate.SwiftSneak.III
神行者,可随机出现,扭曲监守者背心,SW.Item.CaveCrawlerChest_Unique,SW.EffectTemplate.SwiftSneak.I；SW.EffectTemplate.SwiftSneak.II；SW.EffectTemplate.SwiftSneak.III
神行者,可随机出现,扭曲监守者眼罩,SW.Item.CaveCrawlerHelmet_Unique,SW.EffectTemplate.SwiftSneak.I；SW.EffectTemplate.SwiftSneak.II；SW.EffectTemplate.SwiftSneak.III
神行者,可随机出现,扭曲监守者紧身裤,SW.Item.CaveCrawlerLeggings_Unique,SW.EffectTemplate.SwiftSneak.I；SW.EffectTemplate.SwiftSneak.II；SW.EffectTemplate.SwiftSneak.III
神行者,可随机出现,驭梦者王冠,SW.Item.PhantomHelmet_Unique,SW.EffectTemplate.SwiftSneak.I；SW.EffectTemplate.SwiftSneak.II；SW.EffectTemplate.SwiftSneak.III
神行者,可随机出现,驭梦者外袍,SW.Item.PhantomChest_Unique,SW.EffectTemplate.SwiftSneak.I；SW.EffectTemplate.SwiftSneak.II；SW.EffectTemplate.SwiftSneak.III
神行者,可随机出现,驭梦者拖鞋,SW.Item.PhantomBoots_Unique,SW.EffectTemplate.SwiftSneak.I；SW.EffectTemplate.SwiftSneak.II；SW.EffectTemplate.SwiftSneak.III
神行者,可随机出现,贤者头带,SW.Item.DiscipleHelmet_Unique,SW.EffectTemplate.SwiftSneak.I；SW.EffectTemplate.SwiftSneak.II；SW.EffectTemplate.SwiftSneak.III
神行者,可随机出现,贤者束衣,SW.Item.DiscipleChest_Unique,SW.EffectTemplate.SwiftSneak.I；SW.EffectTemplate.SwiftSneak.II；SW.EffectTemplate.SwiftSneak.III
神行者,可随机出现,贤者腰带,SW.Item.DiscipleLeggings_Unique,SW.EffectTemplate.SwiftSneak.I；SW.EffectTemplate.SwiftSneak.II；SW.EffectTemplate.SwiftSneak.III
神行者,可随机出现,贤者裹足布,SW.Item.DiscipleBoots_Unique,SW.EffectTemplate.SwiftSneak.I；SW.EffectTemplate.SwiftSneak.II；SW.EffectTemplate.SwiftSneak.III
神行者,可随机出现,君主王冠,SW.Item.ScavengerHelmet_Unique,SW.EffectTemplate.SwiftSneak.I；SW.EffectTemplate.SwiftSneak.II；SW.EffectTemplate.SwiftSneak.III
神行者,可随机出现,君主披风,SW.Item.ScavengerChest_Unique,SW.EffectTemplate.SwiftSneak.I；SW.EffectTemplate.SwiftSneak.II；SW.EffectTemplate.SwiftSneak.III
神行者,可随机出现,君主腰带,SW.Item.ScavengerLeggings_Unique,SW.EffectTemplate.SwiftSneak.I；SW.EffectTemplate.SwiftSneak.II；SW.EffectTemplate.SwiftSneak.III
神行者,可随机出现,君主利爪,SW.Item.ScavengerBoots_Unique,SW.EffectTemplate.SwiftSneak.I；SW.EffectTemplate.SwiftSneak.II；SW.EffectTemplate.SwiftSneak.III
刺客,必带,无赖兜帽,SW.Item.ScampHelmet_Unique,SW.EffectTemplate.Gambler.Unique
刺客,可随机出现,无赖轻靴,SW.Item.ScampBoots_Unique,SW.EffectTemplate.Gambler.I；SW.EffectTemplate.Gambler.II；SW.EffectTemplate.Gambler.III
刺客,可随机出现,无赖西装外套,SW.Item.ScampChest_Unique,SW.EffectTemplate.Gambler.I；SW.EffectTemplate.Gambler.II；SW.EffectTemplate.Gambler.III
刺客,可随机出现,无赖套裤,SW.Item.ScampLeggings_Unique,SW.EffectTemplate.Gambler.I；SW.EffectTemplate.Gambler.II；SW.EffectTemplate.Gambler.III
刺客,可随机出现,扭曲监守者轻靴,SW.Item.CaveCrawlerBoots_Unique,SW.EffectTemplate.Gambler.I；SW.EffectTemplate.Gambler.II；SW.EffectTemplate.Gambler.III
刺客,可随机出现,扭曲监守者背心,SW.Item.CaveCrawlerChest_Unique,SW.EffectTemplate.Gambler.I；SW.EffectTemplate.Gambler.II；SW.EffectTemplate.Gambler.III
刺客,可随机出现,扭曲监守者眼罩,SW.Item.CaveCrawlerHelmet_Unique,SW.EffectTemplate.Gambler.I；SW.EffectTemplate.Gambler.II；SW.EffectTemplate.Gambler.III
刺客,可随机出现,扭曲监守者紧身裤,SW.Item.CaveCrawlerLeggings_Unique,SW.EffectTemplate.Gambler.I；SW.EffectTemplate.Gambler.II；SW.EffectTemplate.Gambler.III
刺客,可随机出现,驭梦者王冠,SW.Item.PhantomHelmet_Unique,SW.EffectTemplate.Gambler.I；SW.EffectTemplate.Gambler.II；SW.EffectTemplate.Gambler.III
刺客,可随机出现,驭梦者外袍,SW.Item.PhantomChest_Unique,SW.EffectTemplate.Gambler.I；SW.EffectTemplate.Gambler.II；SW.EffectTemplate.Gambler.III
刺客,可随机出现,驭梦者睡裤,SW.Item.PhantomLeggings_Unique,SW.EffectTemplate.Gambler.I；SW.EffectTemplate.Gambler.II；SW.EffectTemplate.Gambler.III
刺客,可随机出现,驭梦者拖鞋,SW.Item.PhantomBoots_Unique,SW.EffectTemplate.Gambler.I；SW.EffectTemplate.Gambler.II；SW.EffectTemplate.Gambler.III
刺客,可随机出现,贤者头带,SW.Item.DiscipleHelmet_Unique,SW.EffectTemplate.Gambler.I；SW.EffectTemplate.Gambler.II；SW.EffectTemplate.Gambler.III
刺客,可随机出现,贤者束衣,SW.Item.DiscipleChest_Unique,SW.EffectTemplate.Gambler.I；SW.EffectTemplate.Gambler.II；SW.EffectTemplate.Gambler.III
刺客,可随机出现,贤者腰带,SW.Item.DiscipleLeggings_Unique,SW.EffectTemplate.Gambler.I；SW.EffectTemplate.Gambler.II；SW.EffectTemplate.Gambler.III
刺客,可随机出现,贤者裹足布,SW.Item.DiscipleBoots_Unique,SW.EffectTemplate.Gambler.I；SW.EffectTemplate.Gambler.II；SW.EffectTemplate.Gambler.III
刺客,可随机出现,君主王冠,SW.Item.ScavengerHelmet_Unique,SW.EffectTemplate.Gambler.I；SW.EffectTemplate.Gambler.II；SW.EffectTemplate.Gambler.III
刺客,可随机出现,君主披风,SW.Item.ScavengerChest_Unique,SW.EffectTemplate.Gambler.I；SW.EffectTemplate.Gambler.II；SW.EffectTemplate.Gambler.III
刺客,可随机出现,君主腰带,SW.Item.ScavengerLeggings_Unique,SW.EffectTemplate.Gambler.I；SW.EffectTemplate.Gambler.II；SW.EffectTemplate.Gambler.III
刺客,可随机出现,君主利爪,SW.Item.ScavengerBoots_Unique,SW.EffectTemplate.Gambler.I；SW.EffectTemplate.Gambler.II；SW.EffectTemplate.Gambler.III
斗士,必带,斩杀大剑,SW.Item.Claymore_Unique1,SW.EffectTemplate.SweepingEdge.Unique
斗士,必带,寒霜长衬裤,SW.Item.FrostRimeLeggings_Unique,SW.EffectTemplate.SweepingEdge.Unique
斗士,必带,轰鸣虫胫甲,SW.Item.StalwartLeggings_Unique,SW.EffectTemplate.SweepingEdge.Unique
斗士,可随机出现,碎心锤,SW.Item.WarHammer_Unique1,SW.EffectTemplate.SweepingEdge.I；SW.EffectTemplate.SweepingEdge.II；SW.EffectTemplate.SweepingEdge.III
斗士,可随机出现,红石破坏者,SW.Item.GiantClub_Unique1,SW.EffectTemplate.SweepingEdge.I；SW.EffectTemplate.SweepingEdge.II；SW.EffectTemplate.SweepingEdge.III
斗士,可随机出现,暗晶剑,SW.Item.Greatsword_Unique1,SW.EffectTemplate.SweepingEdge.I；SW.EffectTemplate.SweepingEdge.II；SW.EffectTemplate.SweepingEdge.III
斗士,可随机出现,黄金长柄刀,SW.Item.Glaive_Unique1,SW.EffectTemplate.SweepingEdge.I；SW.EffectTemplate.SweepingEdge.II；SW.EffectTemplate.SweepingEdge.III
斗士,可随机出现,怪物粉碎者,SW.Item.GiantMallet_Unique1,SW.EffectTemplate.SweepingEdge.I；SW.EffectTemplate.SweepingEdge.II；SW.EffectTemplate.SweepingEdge.III
斗士,可随机出现,钻石锹,SW.Item.Shovel_Unique1,SW.EffectTemplate.SweepingEdge.I；SW.EffectTemplate.SweepingEdge.II；SW.EffectTemplate.SweepingEdge.III
斗士,可随机出现,甲壳重锤,SW.Item.Mace_Unique1,SW.EffectTemplate.SweepingEdge.I；SW.EffectTemplate.SweepingEdge.II；SW.EffectTemplate.SweepingEdge.III
斗士,可随机出现,绿宝石锤,SW.Item.Hammer_Unique1,SW.EffectTemplate.SweepingEdge.I；SW.EffectTemplate.SweepingEdge.II；SW.EffectTemplate.SweepingEdge.III
反刺,必带,木精灵树干护腿,SW.Item.HewnBarkLeggings_Unique,SW.EffectTemplate.Thorns.Unique
反刺,可随机出现,无畏角盔,SW.Item.UndauntedHelmet_Unique,SW.EffectTemplate.Thorns.I；SW.EffectTemplate.Thorns.II；SW.EffectTemplate.Thorns.III
反刺,可随机出现,无畏肩甲,SW.Item.UndauntedChest_Unique,SW.EffectTemplate.Thorns.I；SW.EffectTemplate.Thorns.II；SW.EffectTemplate.Thorns.III
反刺,可随机出现,无畏胫甲,SW.Item.UndauntedLeggings_Unique,SW.EffectTemplate.Thorns.I；SW.EffectTemplate.Thorns.II；SW.EffectTemplate.Thorns.III
反刺,可随机出现,无畏足甲,SW.Item.UndauntedBoots_Unique,SW.EffectTemplate.Thorns.I；SW.EffectTemplate.Thorns.II；SW.EffectTemplate.Thorns.III
反刺,可随机出现,寒霜护甲,SW.Item.FrostRimeChest_Unique,SW.EffectTemplate.Thorns.I；SW.EffectTemplate.Thorns.II；SW.EffectTemplate.Thorns.III
反刺,可随机出现,寒霜长衬裤,SW.Item.FrostRimeLeggings_Unique,SW.EffectTemplate.Thorns.I；SW.EffectTemplate.Thorns.II；SW.EffectTemplate.Thorns.III
反刺,可随机出现,寒霜踏雪靴,SW.Item.FrostRimeBoots_Unique,SW.EffectTemplate.Thorns.I；SW.EffectTemplate.Thorns.II；SW.EffectTemplate.Thorns.III
反刺,可随机出现,寒霜冰帽,SW.Item.FrostRimeHelmet_Unique,SW.EffectTemplate.Thorns.I；SW.EffectTemplate.Thorns.II；SW.EffectTemplate.Thorns.III
反刺,可随机出现,扭曲监守者轻靴,SW.Item.CaveCrawlerBoots_Unique,SW.EffectTemplate.Thorns.I；SW.EffectTemplate.Thorns.II；SW.EffectTemplate.Thorns.III
反刺,可随机出现,扭曲监守者背心,SW.Item.CaveCrawlerChest_Unique,SW.EffectTemplate.Thorns.I；SW.EffectTemplate.Thorns.II；SW.EffectTemplate.Thorns.III
反刺,可随机出现,扭曲监守者眼罩,SW.Item.CaveCrawlerHelmet_Unique,SW.EffectTemplate.Thorns.I；SW.EffectTemplate.Thorns.II；SW.EffectTemplate.Thorns.III
反刺,可随机出现,扭曲监守者紧身裤,SW.Item.CaveCrawlerLeggings_Unique,SW.EffectTemplate.Thorns.I；SW.EffectTemplate.Thorns.II；SW.EffectTemplate.Thorns.III
反刺,可随机出现,轰鸣虫触角,SW.Item.StalwartHelmet_Unique,SW.EffectTemplate.Thorns.I；SW.EffectTemplate.Thorns.II；SW.EffectTemplate.Thorns.III
反刺,可随机出现,轰鸣虫甲壳,SW.Item.StalwartChest_Unique,SW.EffectTemplate.Thorns.I；SW.EffectTemplate.Thorns.II；SW.EffectTemplate.Thorns.III
反刺,可随机出现,轰鸣虫胫甲,SW.Item.StalwartLeggings_Unique,SW.EffectTemplate.Thorns.I；SW.EffectTemplate.Thorns.II；SW.EffectTemplate.Thorns.III
反刺,可随机出现,轰鸣虫跗靴,SW.Item.StalwartBoots_Unique,SW.EffectTemplate.Thorns.I；SW.EffectTemplate.Thorns.II；SW.EffectTemplate.Thorns.III
反刺,可随机出现,毒蝇伞帽,SW.Item.MushroomHelmet_Unique,SW.EffectTemplate.Thorns.I；SW.EffectTemplate.Thorns.II；SW.EffectTemplate.Thorns.III
反刺,可随机出现,毒蝇伞外套,SW.Item.MushroomChest_Unique,SW.EffectTemplate.Thorns.I；SW.EffectTemplate.Thorns.II；SW.EffectTemplate.Thorns.III
反刺,可随机出现,毒蝇伞长裤,SW.Item.MushroomLeggings_Unique,SW.EffectTemplate.Thorns.I；SW.EffectTemplate.Thorns.II；SW.EffectTemplate.Thorns.III
反刺,可随机出现,毒蝇伞雨鞋,SW.Item.MushroomBoots_Unique,SW.EffectTemplate.Thorns.I；SW.EffectTemplate.Thorns.II；SW.EffectTemplate.Thorns.III
反刺,可随机出现,巨兽角盔,SW.Item.RedstoneHelmet_Unique,SW.EffectTemplate.Thorns.I；SW.EffectTemplate.Thorns.II；SW.EffectTemplate.Thorns.III
反刺,可随机出现,巨兽盔甲,SW.Item.RedstoneChest_Unique,SW.EffectTemplate.Thorns.I；SW.EffectTemplate.Thorns.II；SW.EffectTemplate.Thorns.III
反刺,可随机出现,巨兽胫甲,SW.Item.RedstoneLeggings_Unique,SW.EffectTemplate.Thorns.I；SW.EffectTemplate.Thorns.II；SW.EffectTemplate.Thorns.III
反刺,可随机出现,巨兽战靴,SW.Item.RedstoneBoots_Unique,SW.EffectTemplate.Thorns.I；SW.EffectTemplate.Thorns.II；SW.EffectTemplate.Thorns.III
药剂师,可随机出现,无畏角盔,SW.Item.UndauntedHelmet_Unique,SW.EffectTemplate.PotionMaster.I；SW.EffectTemplate.PotionMaster.II；SW.EffectTemplate.PotionMaster.III
药剂师,可随机出现,无畏肩甲,SW.Item.UndauntedChest_Unique,SW.EffectTemplate.PotionMaster.I；SW.EffectTemplate.PotionMaster.II；SW.EffectTemplate.PotionMaster.III
药剂师,可随机出现,无畏胫甲,SW.Item.UndauntedLeggings_Unique,SW.EffectTemplate.PotionMaster.I；SW.EffectTemplate.PotionMaster.II；SW.EffectTemplate.PotionMaster.III
药剂师,可随机出现,无畏足甲,SW.Item.UndauntedBoots_Unique,SW.EffectTemplate.PotionMaster.I；SW.EffectTemplate.PotionMaster.II；SW.EffectTemplate.PotionMaster.III
药剂师,可随机出现,寒霜护甲,SW.Item.FrostRimeChest_Unique,SW.EffectTemplate.PotionMaster.I；SW.EffectTemplate.PotionMaster.II；SW.EffectTemplate.PotionMaster.III
药剂师,可随机出现,寒霜长衬裤,SW.Item.FrostRimeLeggings_Unique,SW.EffectTemplate.PotionMaster.I；SW.EffectTemplate.PotionMaster.II；SW.EffectTemplate.PotionMaster.III
药剂师,可随机出现,寒霜踏雪靴,SW.Item.FrostRimeBoots_Unique,SW.EffectTemplate.PotionMaster.I；SW.EffectTemplate.PotionMaster.II；SW.EffectTemplate.PotionMaster.III
药剂师,可随机出现,寒霜冰帽,SW.Item.FrostRimeHelmet_Unique,SW.EffectTemplate.PotionMaster.I；SW.EffectTemplate.PotionMaster.II；SW.EffectTemplate.PotionMaster.III
药剂师,可随机出现,扭曲监守者轻靴,SW.Item.CaveCrawlerBoots_Unique,SW.EffectTemplate.PotionMaster.I；SW.EffectTemplate.PotionMaster.II；SW.EffectTemplate.PotionMaster.III
药剂师,可随机出现,扭曲监守者背心,SW.Item.CaveCrawlerChest_Unique,SW.EffectTemplate.PotionMaster.I；SW.EffectTemplate.PotionMaster.II；SW.EffectTemplate.PotionMaster.III
药剂师,可随机出现,扭曲监守者眼罩,SW.Item.CaveCrawlerHelmet_Unique,SW.EffectTemplate.PotionMaster.I；SW.EffectTemplate.PotionMaster.II；SW.EffectTemplate.PotionMaster.III
药剂师,可随机出现,扭曲监守者紧身裤,SW.Item.CaveCrawlerLeggings_Unique,SW.EffectTemplate.PotionMaster.I；SW.EffectTemplate.PotionMaster.II；SW.EffectTemplate.PotionMaster.III
药剂师,可随机出现,轰鸣虫触角,SW.Item.StalwartHelmet_Unique,SW.EffectTemplate.PotionMaster.I；SW.EffectTemplate.PotionMaster.II；SW.EffectTemplate.PotionMaster.III
药剂师,可随机出现,轰鸣虫甲壳,SW.Item.StalwartChest_Unique,SW.EffectTemplate.PotionMaster.I；SW.EffectTemplate.PotionMaster.II；SW.EffectTemplate.PotionMaster.III
药剂师,可随机出现,轰鸣虫胫甲,SW.Item.StalwartLeggings_Unique,SW.EffectTemplate.PotionMaster.I；SW.EffectTemplate.PotionMaster.II；SW.EffectTemplate.PotionMaster.III
药剂师,可随机出现,轰鸣虫跗靴,SW.Item.StalwartBoots_Unique,SW.EffectTemplate.PotionMaster.I；SW.EffectTemplate.PotionMaster.II；SW.EffectTemplate.PotionMaster.III
药剂师,可随机出现,木精灵王冠,SW.Item.HewnBarkHelmet_Unique,SW.EffectTemplate.PotionMaster.I；SW.EffectTemplate.PotionMaster.II；SW.EffectTemplate.PotionMaster.III
药剂师,可随机出现,木精灵树皮甲,SW.Item.HewnBarkChest_Unique,SW.EffectTemplate.PotionMaster.I；SW.EffectTemplate.PotionMaster.II；SW.EffectTemplate.PotionMaster.III
药剂师,可随机出现,木精灵树干护腿,SW.Item.HewnBarkLeggings_Unique,SW.EffectTemplate.PotionMaster.I；SW.EffectTemplate.PotionMaster.II；SW.EffectTemplate.PotionMaster.III
药剂师,可随机出现,木精灵根须靴,SW.Item.HewnBarkBoots_Unique,SW.EffectTemplate.PotionMaster.I；SW.EffectTemplate.PotionMaster.II；SW.EffectTemplate.PotionMaster.III
药剂师,可随机出现,蜂群意识安全帽,SW.Item.HoneyHelmet_Unique,SW.EffectTemplate.PotionMaster.I；SW.EffectTemplate.PotionMaster.II；SW.EffectTemplate.PotionMaster.III
药剂师,可随机出现,蜂群意识胸甲,SW.Item.HoneyChest_Unique,SW.EffectTemplate.PotionMaster.I；SW.EffectTemplate.PotionMaster.II；SW.EffectTemplate.PotionMaster.III
药剂师,可随机出现,蜂群意识长裤,SW.Item.HoneyLeggings_Unique,SW.EffectTemplate.PotionMaster.I；SW.EffectTemplate.PotionMaster.II；SW.EffectTemplate.PotionMaster.III
药剂师,可随机出现,蜂群意识刺靴,SW.Item.HoneyBoots_Unique,SW.EffectTemplate.PotionMaster.I；SW.EffectTemplate.PotionMaster.II；SW.EffectTemplate.PotionMaster.III
药剂师,可随机出现,毒蝇伞帽,SW.Item.MushroomHelmet_Unique,SW.EffectTemplate.PotionMaster.I；SW.EffectTemplate.PotionMaster.II；SW.EffectTemplate.PotionMaster.III
药剂师,可随机出现,毒蝇伞外套,SW.Item.MushroomChest_Unique,SW.EffectTemplate.PotionMaster.I；SW.EffectTemplate.PotionMaster.II；SW.EffectTemplate.PotionMaster.III
药剂师,可随机出现,毒蝇伞长裤,SW.Item.MushroomLeggings_Unique,SW.EffectTemplate.PotionMaster.I；SW.EffectTemplate.PotionMaster.II；SW.EffectTemplate.PotionMaster.III
药剂师,可随机出现,毒蝇伞雨鞋,SW.Item.MushroomBoots_Unique,SW.EffectTemplate.PotionMaster.I；SW.EffectTemplate.PotionMaster.II；SW.EffectTemplate.PotionMaster.III
药剂师,可随机出现,狂怒汐浮特面具,SW.Item.WellspringHelmet_Unique,SW.EffectTemplate.PotionMaster.I；SW.EffectTemplate.PotionMaster.II；SW.EffectTemplate.PotionMaster.III
药剂师,可随机出现,狂怒汐浮特背心,SW.Item.WellspringChest_Unique,SW.EffectTemplate.PotionMaster.I；SW.EffectTemplate.PotionMaster.II；SW.EffectTemplate.PotionMaster.III
药剂师,可随机出现,狂怒汐浮特便裤,SW.Item.WellspringLeggings_Unique,SW.EffectTemplate.PotionMaster.I；SW.EffectTemplate.PotionMaster.II；SW.EffectTemplate.PotionMaster.III
药剂师,可随机出现,狂怒汐浮特之爪,SW.Item.WellspringBoots_Unique,SW.EffectTemplate.PotionMaster.I；SW.EffectTemplate.PotionMaster.II；SW.EffectTemplate.PotionMaster.III
药剂师,可随机出现,巨兽角盔,SW.Item.RedstoneHelmet_Unique,SW.EffectTemplate.PotionMaster.I；SW.EffectTemplate.PotionMaster.II；SW.EffectTemplate.PotionMaster.III
药剂师,可随机出现,巨兽盔甲,SW.Item.RedstoneChest_Unique,SW.EffectTemplate.PotionMaster.I；SW.EffectTemplate.PotionMaster.II；SW.EffectTemplate.PotionMaster.III
药剂师,可随机出现,巨兽胫甲,SW.Item.RedstoneLeggings_Unique,SW.EffectTemplate.PotionMaster.I；SW.EffectTemplate.PotionMaster.II；SW.EffectTemplate.PotionMaster.III
药剂师,可随机出现,巨兽战靴,SW.Item.RedstoneBoots_Unique,SW.EffectTemplate.PotionMaster.I；SW.EffectTemplate.PotionMaster.II；SW.EffectTemplate.PotionMaster.III
冰霜法师,必带,霜冻剑,SW.Item.StraightSword_Unique1,SW.EffectTemplate.FrostFocus.Unique
冰霜法师,必带,寒霜冰帽,SW.Item.FrostRimeHelmet_Unique,SW.EffectTemplate.FrostFocus.Unique
冰霜法师,可随机出现,寒霜护甲,SW.Item.FrostRimeChest_Unique,SW.EffectTemplate.FrostFocus.I；SW.EffectTemplate.FrostFocus.II；SW.EffectTemplate.FrostFocus.III
冰霜法师,可随机出现,寒霜长衬裤,SW.Item.FrostRimeLeggings_Unique,SW.EffectTemplate.FrostFocus.I；SW.EffectTemplate.FrostFocus.II；SW.EffectTemplate.FrostFocus.III
冰霜法师,可随机出现,寒霜踏雪靴,SW.Item.FrostRimeBoots_Unique,SW.EffectTemplate.FrostFocus.I；SW.EffectTemplate.FrostFocus.II；SW.EffectTemplate.FrostFocus.III
冰霜法师,可随机出现,神谕王冠,SW.Item.MysticHelmet_Unique,SW.EffectTemplate.FrostFocus.I；SW.EffectTemplate.FrostFocus.II；SW.EffectTemplate.FrostFocus.III
冰霜法师,可随机出现,神谕披风,SW.Item.MysticChest_Unique,SW.EffectTemplate.FrostFocus.I；SW.EffectTemplate.FrostFocus.II；SW.EffectTemplate.FrostFocus.III
冰霜法师,可随机出现,神谕紧身裤,SW.Item.MysticLeggings_Unique,SW.EffectTemplate.FrostFocus.I；SW.EffectTemplate.FrostFocus.II；SW.EffectTemplate.FrostFocus.III
冰霜法师,可随机出现,神谕凉鞋,SW.Item.MysticBoots_Unique,SW.EffectTemplate.FrostFocus.I；SW.EffectTemplate.FrostFocus.II；SW.EffectTemplate.FrostFocus.III
冰霜法师,可随机出现,灵魂腐化者面具,SW.Item.TimewornHelmet_Unique,SW.EffectTemplate.FrostFocus.I；SW.EffectTemplate.FrostFocus.II；SW.EffectTemplate.FrostFocus.III
冰霜法师,可随机出现,灵魂腐化者风衣,SW.Item.TimewornChest_Unique,SW.EffectTemplate.FrostFocus.I；SW.EffectTemplate.FrostFocus.II；SW.EffectTemplate.FrostFocus.III
冰霜法师,可随机出现,灵魂腐化者腰带,SW.Item.TimewornLeggings_Unique,SW.EffectTemplate.FrostFocus.I；SW.EffectTemplate.FrostFocus.II；SW.EffectTemplate.FrostFocus.III
冰霜法师,可随机出现,灵魂腐化者凉鞋,SW.Item.TimewornBoots_Unique,SW.EffectTemplate.FrostFocus.I；SW.EffectTemplate.FrostFocus.II；SW.EffectTemplate.FrostFocus.III
冰霜法师,可随机出现,毒蝇伞帽,SW.Item.MushroomHelmet_Unique,SW.EffectTemplate.FrostFocus.I；SW.EffectTemplate.FrostFocus.II；SW.EffectTemplate.FrostFocus.III
冰霜法师,可随机出现,毒蝇伞外套,SW.Item.MushroomChest_Unique,SW.EffectTemplate.FrostFocus.I；SW.EffectTemplate.FrostFocus.II；SW.EffectTemplate.FrostFocus.III
冰霜法师,可随机出现,毒蝇伞长裤,SW.Item.MushroomLeggings_Unique,SW.EffectTemplate.FrostFocus.I；SW.EffectTemplate.FrostFocus.II；SW.EffectTemplate.FrostFocus.III
冰霜法师,可随机出现,毒蝇伞雨鞋,SW.Item.MushroomBoots_Unique,SW.EffectTemplate.FrostFocus.I；SW.EffectTemplate.FrostFocus.II；SW.EffectTemplate.FrostFocus.III
冰霜法师,可随机出现,狂怒汐浮特面具,SW.Item.WellspringHelmet_Unique,SW.EffectTemplate.FrostFocus.I；SW.EffectTemplate.FrostFocus.II；SW.EffectTemplate.FrostFocus.III
冰霜法师,可随机出现,狂怒汐浮特背心,SW.Item.WellspringChest_Unique,SW.EffectTemplate.FrostFocus.I；SW.EffectTemplate.FrostFocus.II；SW.EffectTemplate.FrostFocus.III
冰霜法师,可随机出现,狂怒汐浮特便裤,SW.Item.WellspringLeggings_Unique,SW.EffectTemplate.FrostFocus.I；SW.EffectTemplate.FrostFocus.II；SW.EffectTemplate.FrostFocus.III
冰霜法师,可随机出现,狂怒汐浮特之爪,SW.Item.WellspringBoots_Unique,SW.EffectTemplate.FrostFocus.I；SW.EffectTemplate.FrostFocus.II；SW.EffectTemplate.FrostFocus.III
冰霜法师,可随机出现,巨兽角盔,SW.Item.RedstoneHelmet_Unique,SW.EffectTemplate.FrostFocus.I；SW.EffectTemplate.FrostFocus.II；SW.EffectTemplate.FrostFocus.III
冰霜法师,可随机出现,巨兽盔甲,SW.Item.RedstoneChest_Unique,SW.EffectTemplate.FrostFocus.I；SW.EffectTemplate.FrostFocus.II；SW.EffectTemplate.FrostFocus.III
冰霜法师,可随机出现,巨兽胫甲,SW.Item.RedstoneLeggings_Unique,SW.EffectTemplate.FrostFocus.I；SW.EffectTemplate.FrostFocus.II；SW.EffectTemplate.FrostFocus.III
冰霜法师,可随机出现,巨兽战靴,SW.Item.RedstoneBoots_Unique,SW.EffectTemplate.FrostFocus.I；SW.EffectTemplate.FrostFocus.II；SW.EffectTemplate.FrostFocus.III
冰霜法师,可随机出现,炼金术士礼帽,SW.Item.EvocationHelmet_Unique,SW.EffectTemplate.FrostFocus.I；SW.EffectTemplate.FrostFocus.II；SW.EffectTemplate.FrostFocus.III
冰霜法师,可随机出现,炼金术士大衣,SW.Item.EvocationChest_Unique,SW.EffectTemplate.FrostFocus.I；SW.EffectTemplate.FrostFocus.II；SW.EffectTemplate.FrostFocus.III
冰霜法师,可随机出现,炼金术士长裤,SW.Item.EvocationLeggings_Unique,SW.EffectTemplate.FrostFocus.I；SW.EffectTemplate.FrostFocus.II；SW.EffectTemplate.FrostFocus.III
冰霜法师,可随机出现,炼金术士便鞋,SW.Item.EvocationBoots_Unique,SW.EffectTemplate.FrostFocus.I；SW.EffectTemplate.FrostFocus.II；SW.EffectTemplate.FrostFocus.III
冰霜法师,可随机出现,君主王冠,SW.Item.ScavengerHelmet_Unique,SW.EffectTemplate.FrostFocus.I；SW.EffectTemplate.FrostFocus.II；SW.EffectTemplate.FrostFocus.III
冰霜法师,可随机出现,君主披风,SW.Item.ScavengerChest_Unique,SW.EffectTemplate.FrostFocus.I；SW.EffectTemplate.FrostFocus.II；SW.EffectTemplate.FrostFocus.III
冰霜法师,可随机出现,君主腰带,SW.Item.ScavengerLeggings_Unique,SW.EffectTemplate.FrostFocus.I；SW.EffectTemplate.FrostFocus.II；SW.EffectTemplate.FrostFocus.III
冰霜法师,可随机出现,君主利爪,SW.Item.ScavengerBoots_Unique,SW.EffectTemplate.FrostFocus.I；SW.EffectTemplate.FrostFocus.II；SW.EffectTemplate.FrostFocus.III
贴身射击,必带,近战游侠弩,SW.Item.HeavyCrossbow_Unique1,SW.EffectTemplate.PointBlank.Unique
贴身射击,必带,无赖西装外套,SW.Item.ScampChest_Unique,SW.EffectTemplate.PointBlank.Unique
贴身射击,可随机出现,轰鸣虫心弦,SW.Item.Greatbow_Unique1,SW.EffectTemplate.PointBlank.I；SW.EffectTemplate.PointBlank.II；SW.EffectTemplate.PointBlank.III
狙击手,必带,嘎枝之触,SW.Item.Longbow_Unique1,SW.EffectTemplate.Sniper.Unique
狙击手,必带,头狼口套,SW.Item.WolfclutchHelmet_Unique,SW.EffectTemplate.Sniper.Unique
狙击手,可随机出现,流星弓,SW.Item.Shortbow_Unique1,SW.EffectTemplate.Sniper.I；SW.EffectTemplate.Sniper.II；SW.EffectTemplate.Sniper.III
狙击手,可随机出现,典范弓,SW.Item.Powerbow_Unique1,SW.EffectTemplate.Sniper.I；SW.EffectTemplate.Sniper.II；SW.EffectTemplate.Sniper.III
狙击手,可随机出现,授粉快弩,SW.Item.RapidCrossbow_Unique1,SW.EffectTemplate.Sniper.I；SW.EffectTemplate.Sniper.II；SW.EffectTemplate.Sniper.III
狙击手,可随机出现,轰鸣虫心弦,SW.Item.Greatbow_Unique1,SW.EffectTemplate.Sniper.I；SW.EffectTemplate.Sniper.II；SW.EffectTemplate.Sniper.III
灵性,必带,无畏足甲,SW.Item.UndauntedBoots_Unique,SW.EffectTemplate.BagOfSouls.Unique
灵性,必带,炼金术士便鞋,SW.Item.EvocationBoots_Unique,SW.EffectTemplate.BagOfSouls.Unique
灵性,必带,君主腰带,SW.Item.ScavengerLeggings_Unique,SW.EffectTemplate.BagOfSouls.Unique
灵性,可随机出现,寒霜护甲,SW.Item.FrostRimeChest_Unique,SW.EffectTemplate.BagOfSouls.I；SW.EffectTemplate.BagOfSouls.II；SW.EffectTemplate.BagOfSouls.III
灵性,可随机出现,寒霜长衬裤,SW.Item.FrostRimeLeggings_Unique,SW.EffectTemplate.BagOfSouls.I；SW.EffectTemplate.BagOfSouls.II；SW.EffectTemplate.BagOfSouls.III
灵性,可随机出现,寒霜踏雪靴,SW.Item.FrostRimeBoots_Unique,SW.EffectTemplate.BagOfSouls.I；SW.EffectTemplate.BagOfSouls.II；SW.EffectTemplate.BagOfSouls.III
灵性,可随机出现,寒霜冰帽,SW.Item.FrostRimeHelmet_Unique,SW.EffectTemplate.BagOfSouls.I；SW.EffectTemplate.BagOfSouls.II；SW.EffectTemplate.BagOfSouls.III
灵性,可随机出现,神谕王冠,SW.Item.MysticHelmet_Unique,SW.EffectTemplate.BagOfSouls.I；SW.EffectTemplate.BagOfSouls.II；SW.EffectTemplate.BagOfSouls.III
灵性,可随机出现,神谕披风,SW.Item.MysticChest_Unique,SW.EffectTemplate.BagOfSouls.I；SW.EffectTemplate.BagOfSouls.II；SW.EffectTemplate.BagOfSouls.III
灵性,可随机出现,神谕紧身裤,SW.Item.MysticLeggings_Unique,SW.EffectTemplate.BagOfSouls.I；SW.EffectTemplate.BagOfSouls.II；SW.EffectTemplate.BagOfSouls.III
灵性,可随机出现,神谕凉鞋,SW.Item.MysticBoots_Unique,SW.EffectTemplate.BagOfSouls.I；SW.EffectTemplate.BagOfSouls.II；SW.EffectTemplate.BagOfSouls.III
灵性,可随机出现,灵魂腐化者面具,SW.Item.TimewornHelmet_Unique,SW.EffectTemplate.BagOfSouls.I；SW.EffectTemplate.BagOfSouls.II；SW.EffectTemplate.BagOfSouls.III
灵性,可随机出现,灵魂腐化者风衣,SW.Item.TimewornChest_Unique,SW.EffectTemplate.BagOfSouls.I；SW.EffectTemplate.BagOfSouls.II；SW.EffectTemplate.BagOfSouls.III
灵性,可随机出现,灵魂腐化者腰带,SW.Item.TimewornLeggings_Unique,SW.EffectTemplate.BagOfSouls.I；SW.EffectTemplate.BagOfSouls.II；SW.EffectTemplate.BagOfSouls.III
灵性,可随机出现,灵魂腐化者凉鞋,SW.Item.TimewornBoots_Unique,SW.EffectTemplate.BagOfSouls.I；SW.EffectTemplate.BagOfSouls.II；SW.EffectTemplate.BagOfSouls.III
灵性,可随机出现,毒蝇伞帽,SW.Item.MushroomHelmet_Unique,SW.EffectTemplate.BagOfSouls.I；SW.EffectTemplate.BagOfSouls.II；SW.EffectTemplate.BagOfSouls.III
灵性,可随机出现,毒蝇伞外套,SW.Item.MushroomChest_Unique,SW.EffectTemplate.BagOfSouls.I；SW.EffectTemplate.BagOfSouls.II；SW.EffectTemplate.BagOfSouls.III
灵性,可随机出现,毒蝇伞长裤,SW.Item.MushroomLeggings_Unique,SW.EffectTemplate.BagOfSouls.I；SW.EffectTemplate.BagOfSouls.II；SW.EffectTemplate.BagOfSouls.III
灵性,可随机出现,毒蝇伞雨鞋,SW.Item.MushroomBoots_Unique,SW.EffectTemplate.BagOfSouls.I；SW.EffectTemplate.BagOfSouls.II；SW.EffectTemplate.BagOfSouls.III
灵性,可随机出现,狂怒汐浮特面具,SW.Item.WellspringHelmet_Unique,SW.EffectTemplate.BagOfSouls.I；SW.EffectTemplate.BagOfSouls.II；SW.EffectTemplate.BagOfSouls.III
灵性,可随机出现,狂怒汐浮特背心,SW.Item.WellspringChest_Unique,SW.EffectTemplate.BagOfSouls.I；SW.EffectTemplate.BagOfSouls.II；SW.EffectTemplate.BagOfSouls.III
灵性,可随机出现,狂怒汐浮特便裤,SW.Item.WellspringLeggings_Unique,SW.EffectTemplate.BagOfSouls.I；SW.EffectTemplate.BagOfSouls.II；SW.EffectTemplate.BagOfSouls.III
灵性,可随机出现,狂怒汐浮特之爪,SW.Item.WellspringBoots_Unique,SW.EffectTemplate.BagOfSouls.I；SW.EffectTemplate.BagOfSouls.II；SW.EffectTemplate.BagOfSouls.III
灵性,可随机出现,巨兽角盔,SW.Item.RedstoneHelmet_Unique,SW.EffectTemplate.BagOfSouls.I；SW.EffectTemplate.BagOfSouls.II；SW.EffectTemplate.BagOfSouls.III
灵性,可随机出现,巨兽盔甲,SW.Item.RedstoneChest_Unique,SW.EffectTemplate.BagOfSouls.I；SW.EffectTemplate.BagOfSouls.II；SW.EffectTemplate.BagOfSouls.III
灵性,可随机出现,巨兽胫甲,SW.Item.RedstoneLeggings_Unique,SW.EffectTemplate.BagOfSouls.I；SW.EffectTemplate.BagOfSouls.II；SW.EffectTemplate.BagOfSouls.III
灵性,可随机出现,巨兽战靴,SW.Item.RedstoneBoots_Unique,SW.EffectTemplate.BagOfSouls.I；SW.EffectTemplate.BagOfSouls.II；SW.EffectTemplate.BagOfSouls.III
灵性,可随机出现,炼金术士礼帽,SW.Item.EvocationHelmet_Unique,SW.EffectTemplate.BagOfSouls.I；SW.EffectTemplate.BagOfSouls.II；SW.EffectTemplate.BagOfSouls.III
灵性,可随机出现,炼金术士大衣,SW.Item.EvocationChest_Unique,SW.EffectTemplate.BagOfSouls.I；SW.EffectTemplate.BagOfSouls.II；SW.EffectTemplate.BagOfSouls.III
灵性,可随机出现,炼金术士长裤,SW.Item.EvocationLeggings_Unique,SW.EffectTemplate.BagOfSouls.I；SW.EffectTemplate.BagOfSouls.II；SW.EffectTemplate.BagOfSouls.III
灵性,可随机出现,君主王冠,SW.Item.ScavengerHelmet_Unique,SW.EffectTemplate.BagOfSouls.I；SW.EffectTemplate.BagOfSouls.II；SW.EffectTemplate.BagOfSouls.III
灵性,可随机出现,君主披风,SW.Item.ScavengerChest_Unique,SW.EffectTemplate.BagOfSouls.I；SW.EffectTemplate.BagOfSouls.II；SW.EffectTemplate.BagOfSouls.III
灵性,可随机出现,君主利爪,SW.Item.ScavengerBoots_Unique,SW.EffectTemplate.BagOfSouls.I；SW.EffectTemplate.BagOfSouls.II；SW.EffectTemplate.BagOfSouls.III
死神,必带,摄魂者,SW.Item.Scythe_Unique1,SW.EffectTemplate.SoulSiphon.Unique
死神,必带,驭梦者王冠,SW.Item.PhantomHelmet_Unique,SW.EffectTemplate.SoulSiphon.Unique
死神,可随机出现,风暴召唤者,SW.Item.Pike_Unique1,SW.EffectTemplate.SoulSiphon.I；SW.EffectTemplate.SoulSiphon.II；SW.EffectTemplate.SoulSiphon.III
死神,可随机出现,猎人手斧,SW.Item.Axe_Unique1,SW.EffectTemplate.SoulSiphon.I；SW.EffectTemplate.SoulSiphon.II；SW.EffectTemplate.SoulSiphon.III
死神,可随机出现,幽魂长矛,SW.Item.ShortSpear_Unique1,SW.EffectTemplate.SoulSiphon.I；SW.EffectTemplate.SoulSiphon.II；SW.EffectTemplate.SoulSiphon.III
死神,可随机出现,探勘者之镐,SW.Item.Pickaxe_Unique1,SW.EffectTemplate.SoulSiphon.I；SW.EffectTemplate.SoulSiphon.II；SW.EffectTemplate.SoulSiphon.III
死神,可随机出现,幽匿者之爪,SW.Item.Claws_Unique1,SW.EffectTemplate.SoulSiphon.I；SW.EffectTemplate.SoulSiphon.II；SW.EffectTemplate.SoulSiphon.III
死神,可随机出现,元素权杖,SW.Item.Battlestaff_Unique1,SW.EffectTemplate.SoulSiphon.I；SW.EffectTemplate.SoulSiphon.II；SW.EffectTemplate.SoulSiphon.III
死神,可随机出现,剁魂刀,SW.Item.Cleaver_Unique1,SW.EffectTemplate.SoulSiphon.I；SW.EffectTemplate.SoulSiphon.II；SW.EffectTemplate.SoulSiphon.III
死神,可随机出现,汐浮镰刀,SW.Item.Sickles_Unique1,SW.EffectTemplate.SoulSiphon.I；SW.EffectTemplate.SoulSiphon.II；SW.EffectTemplate.SoulSiphon.III
死神,可随机出现,安眠之刃,SW.Item.CurvedGreatsword_Unique1,SW.EffectTemplate.SoulSiphon.I；SW.EffectTemplate.SoulSiphon.II；SW.EffectTemplate.SoulSiphon.III
死神,可随机出现,霜冻剑,SW.Item.StraightSword_Unique1,SW.EffectTemplate.SoulSiphon.I；SW.EffectTemplate.SoulSiphon.II；SW.EffectTemplate.SoulSiphon.III
死神,可随机出现,钻石锹,SW.Item.Shovel_Unique1,SW.EffectTemplate.SoulSiphon.I；SW.EffectTemplate.SoulSiphon.II；SW.EffectTemplate.SoulSiphon.III
死神,可随机出现,甲壳重锤,SW.Item.Mace_Unique1,SW.EffectTemplate.SoulSiphon.I；SW.EffectTemplate.SoulSiphon.II；SW.EffectTemplate.SoulSiphon.III
死神,可随机出现,幽匿者克星,SW.Item.Dagger_Unique1,SW.EffectTemplate.SoulSiphon.I；SW.EffectTemplate.SoulSiphon.II；SW.EffectTemplate.SoulSiphon.III
死神,可随机出现,绿宝石锤,SW.Item.Hammer_Unique1,SW.EffectTemplate.SoulSiphon.I；SW.EffectTemplate.SoulSiphon.II；SW.EffectTemplate.SoulSiphon.III
死神,可随机出现,弯月镰刀,SW.Item.MoonSword_Unique1,SW.EffectTemplate.SoulSiphon.I；SW.EffectTemplate.SoulSiphon.II；SW.EffectTemplate.SoulSiphon.III
死神,可随机出现,神威巨斧,SW.Item.GreatAxe_Unique1,SW.EffectTemplate.SoulSiphon.I；SW.EffectTemplate.SoulSiphon.II；SW.EffectTemplate.SoulSiphon.III
死神,可随机出现,竖琴弩,SW.Item.ScatterCrossbow_Unique1,SW.EffectTemplate.SoulSiphon.I；SW.EffectTemplate.SoulSiphon.II；SW.EffectTemplate.SoulSiphon.III
死神,可随机出现,背叛者双弩,SW.Item.DualCrossbow_Unique1,SW.EffectTemplate.SoulSiphon.I；SW.EffectTemplate.SoulSiphon.II；SW.EffectTemplate.SoulSiphon.III
特技,必带,调皮鬼军刀,SW.Item.Sabre_Unique1,SW.EffectTemplate.Acrobat.Unique
特技,必带,贤者腰带,SW.Item.DiscipleLeggings_Unique,SW.EffectTemplate.Acrobat.Unique
特技,可随机出现,无赖轻靴,SW.Item.ScampBoots_Unique,SW.EffectTemplate.Acrobat.I；SW.EffectTemplate.Acrobat.II；SW.EffectTemplate.Acrobat.III
特技,可随机出现,无赖兜帽,SW.Item.ScampHelmet_Unique,SW.EffectTemplate.Acrobat.I；SW.EffectTemplate.Acrobat.II；SW.EffectTemplate.Acrobat.III
特技,可随机出现,无赖西装外套,SW.Item.ScampChest_Unique,SW.EffectTemplate.Acrobat.I；SW.EffectTemplate.Acrobat.II；SW.EffectTemplate.Acrobat.III
特技,可随机出现,无赖套裤,SW.Item.ScampLeggings_Unique,SW.EffectTemplate.Acrobat.I；SW.EffectTemplate.Acrobat.II；SW.EffectTemplate.Acrobat.III
特技,可随机出现,扭曲监守者轻靴,SW.Item.CaveCrawlerBoots_Unique,SW.EffectTemplate.Acrobat.I；SW.EffectTemplate.Acrobat.II；SW.EffectTemplate.Acrobat.III
特技,可随机出现,扭曲监守者背心,SW.Item.CaveCrawlerChest_Unique,SW.EffectTemplate.Acrobat.I；SW.EffectTemplate.Acrobat.II；SW.EffectTemplate.Acrobat.III
特技,可随机出现,扭曲监守者眼罩,SW.Item.CaveCrawlerHelmet_Unique,SW.EffectTemplate.Acrobat.I；SW.EffectTemplate.Acrobat.II；SW.EffectTemplate.Acrobat.III
特技,可随机出现,扭曲监守者紧身裤,SW.Item.CaveCrawlerLeggings_Unique,SW.EffectTemplate.Acrobat.I；SW.EffectTemplate.Acrobat.II；SW.EffectTemplate.Acrobat.III
特技,可随机出现,驭梦者王冠,SW.Item.PhantomHelmet_Unique,SW.EffectTemplate.Acrobat.I；SW.EffectTemplate.Acrobat.II；SW.EffectTemplate.Acrobat.III
特技,可随机出现,驭梦者外袍,SW.Item.PhantomChest_Unique,SW.EffectTemplate.Acrobat.I；SW.EffectTemplate.Acrobat.II；SW.EffectTemplate.Acrobat.III
特技,可随机出现,驭梦者睡裤,SW.Item.PhantomLeggings_Unique,SW.EffectTemplate.Acrobat.I；SW.EffectTemplate.Acrobat.II；SW.EffectTemplate.Acrobat.III
特技,可随机出现,驭梦者拖鞋,SW.Item.PhantomBoots_Unique,SW.EffectTemplate.Acrobat.I；SW.EffectTemplate.Acrobat.II；SW.EffectTemplate.Acrobat.III
特技,可随机出现,贤者头带,SW.Item.DiscipleHelmet_Unique,SW.EffectTemplate.Acrobat.I；SW.EffectTemplate.Acrobat.II；SW.EffectTemplate.Acrobat.III
特技,可随机出现,贤者束衣,SW.Item.DiscipleChest_Unique,SW.EffectTemplate.Acrobat.I；SW.EffectTemplate.Acrobat.II；SW.EffectTemplate.Acrobat.III
特技,可随机出现,贤者裹足布,SW.Item.DiscipleBoots_Unique,SW.EffectTemplate.Acrobat.I；SW.EffectTemplate.Acrobat.II；SW.EffectTemplate.Acrobat.III
特技,可随机出现,君主王冠,SW.Item.ScavengerHelmet_Unique,SW.EffectTemplate.Acrobat.I；SW.EffectTemplate.Acrobat.II；SW.EffectTemplate.Acrobat.III
特技,可随机出现,君主披风,SW.Item.ScavengerChest_Unique,SW.EffectTemplate.Acrobat.I；SW.EffectTemplate.Acrobat.II；SW.EffectTemplate.Acrobat.III
特技,可随机出现,君主腰带,SW.Item.ScavengerLeggings_Unique,SW.EffectTemplate.Acrobat.I；SW.EffectTemplate.Acrobat.II；SW.EffectTemplate.Acrobat.III
特技,可随机出现,君主利爪,SW.Item.ScavengerBoots_Unique,SW.EffectTemplate.Acrobat.I；SW.EffectTemplate.Acrobat.II；SW.EffectTemplate.Acrobat.III
炼金术士,必带,剁魂刀,SW.Item.Cleaver_Unique1,SW.EffectTemplate.AnimaConduit.Unique
游侠,必带,竖琴弩,SW.Item.ScatterCrossbow_Unique1,SW.EffectTemplate.MultiShot.Unique
游侠,必带,神射手软呢帽,SW.Item.RealmreacherHelmet_Unique,SW.EffectTemplate.MultiShot.Unique
游侠,可随机出现,流星弓,SW.Item.Shortbow_Unique1,SW.EffectTemplate.MultiShot.I；SW.EffectTemplate.MultiShot.II；SW.EffectTemplate.MultiShot.III
游侠,可随机出现,嘎枝之触,SW.Item.Longbow_Unique1,SW.EffectTemplate.MultiShot.I；SW.EffectTemplate.MultiShot.II；SW.EffectTemplate.MultiShot.III
游侠,可随机出现,典范弓,SW.Item.Powerbow_Unique1,SW.EffectTemplate.MultiShot.I；SW.EffectTemplate.MultiShot.II；SW.EffectTemplate.MultiShot.III
游侠,可随机出现,授粉快弩,SW.Item.RapidCrossbow_Unique1,SW.EffectTemplate.MultiShot.I；SW.EffectTemplate.MultiShot.II；SW.EffectTemplate.MultiShot.III
游侠,可随机出现,轰鸣虫心弦,SW.Item.Greatbow_Unique1,SW.EffectTemplate.MultiShot.I；SW.EffectTemplate.MultiShot.II；SW.EffectTemplate.MultiShot.III
盟友,必带,蜂群意识安全帽,SW.Item.HoneyHelmet_Unique,SW.EffectTemplate.Vivify.Unique
盟友,可随机出现,头狼之爪,SW.Item.WolfclutchBoots_Unique,SW.EffectTemplate.Vivify.I；SW.EffectTemplate.Vivify.II；SW.EffectTemplate.Vivify.III
盟友,可随机出现,头狼兽皮,SW.Item.WolfclutchChest_Unique,SW.EffectTemplate.Vivify.I；SW.EffectTemplate.Vivify.II；SW.EffectTemplate.Vivify.III
盟友,可随机出现,头狼口套,SW.Item.WolfclutchHelmet_Unique,SW.EffectTemplate.Vivify.I；SW.EffectTemplate.Vivify.II；SW.EffectTemplate.Vivify.III
盟友,可随机出现,头狼毛皮套裤,SW.Item.WolfclutchLeggings_Unique,SW.EffectTemplate.Vivify.I；SW.EffectTemplate.Vivify.II；SW.EffectTemplate.Vivify.III
盟友,可随机出现,木精灵王冠,SW.Item.HewnBarkHelmet_Unique,SW.EffectTemplate.Vivify.I；SW.EffectTemplate.Vivify.II；SW.EffectTemplate.Vivify.III
盟友,可随机出现,木精灵树皮甲,SW.Item.HewnBarkChest_Unique,SW.EffectTemplate.Vivify.I；SW.EffectTemplate.Vivify.II；SW.EffectTemplate.Vivify.III
盟友,可随机出现,木精灵树干护腿,SW.Item.HewnBarkLeggings_Unique,SW.EffectTemplate.Vivify.I；SW.EffectTemplate.Vivify.II；SW.EffectTemplate.Vivify.III
盟友,可随机出现,木精灵根须靴,SW.Item.HewnBarkBoots_Unique,SW.EffectTemplate.Vivify.I；SW.EffectTemplate.Vivify.II；SW.EffectTemplate.Vivify.III
盟友,可随机出现,蜂群意识胸甲,SW.Item.HoneyChest_Unique,SW.EffectTemplate.Vivify.I；SW.EffectTemplate.Vivify.II；SW.EffectTemplate.Vivify.III
盟友,可随机出现,蜂群意识长裤,SW.Item.HoneyLeggings_Unique,SW.EffectTemplate.Vivify.I；SW.EffectTemplate.Vivify.II；SW.EffectTemplate.Vivify.III
盟友,可随机出现,蜂群意识刺靴,SW.Item.HoneyBoots_Unique,SW.EffectTemplate.Vivify.I；SW.EffectTemplate.Vivify.II；SW.EffectTemplate.Vivify.III
盟友,可随机出现,狂怒汐浮特面具,SW.Item.WellspringHelmet_Unique,SW.EffectTemplate.Vivify.I；SW.EffectTemplate.Vivify.II；SW.EffectTemplate.Vivify.III
盟友,可随机出现,狂怒汐浮特背心,SW.Item.WellspringChest_Unique,SW.EffectTemplate.Vivify.I；SW.EffectTemplate.Vivify.II；SW.EffectTemplate.Vivify.III
盟友,可随机出现,狂怒汐浮特便裤,SW.Item.WellspringLeggings_Unique,SW.EffectTemplate.Vivify.I；SW.EffectTemplate.Vivify.II；SW.EffectTemplate.Vivify.III
盟友,可随机出现,狂怒汐浮特之爪,SW.Item.WellspringBoots_Unique,SW.EffectTemplate.Vivify.I；SW.EffectTemplate.Vivify.II；SW.EffectTemplate.Vivify.III
韧性,必带,蜂群意识长裤,SW.Item.HoneyLeggings_Unique,SW.EffectTemplate.Resilience.Unique
韧性,必带,君主披风,SW.Item.ScavengerChest_Unique,SW.EffectTemplate.Resilience.Unique
韧性,可随机出现,无畏角盔,SW.Item.UndauntedHelmet_Unique,SW.EffectTemplate.Resilience.I；SW.EffectTemplate.Resilience.II；SW.EffectTemplate.Resilience.III
韧性,可随机出现,无畏肩甲,SW.Item.UndauntedChest_Unique,SW.EffectTemplate.Resilience.I；SW.EffectTemplate.Resilience.II；SW.EffectTemplate.Resilience.III
韧性,可随机出现,无畏胫甲,SW.Item.UndauntedLeggings_Unique,SW.EffectTemplate.Resilience.I；SW.EffectTemplate.Resilience.II；SW.EffectTemplate.Resilience.III
韧性,可随机出现,无畏足甲,SW.Item.UndauntedBoots_Unique,SW.EffectTemplate.Resilience.I；SW.EffectTemplate.Resilience.II；SW.EffectTemplate.Resilience.III
韧性,可随机出现,寒霜护甲,SW.Item.FrostRimeChest_Unique,SW.EffectTemplate.Resilience.I；SW.EffectTemplate.Resilience.II；SW.EffectTemplate.Resilience.III
韧性,可随机出现,寒霜长衬裤,SW.Item.FrostRimeLeggings_Unique,SW.EffectTemplate.Resilience.I；SW.EffectTemplate.Resilience.II；SW.EffectTemplate.Resilience.III
韧性,可随机出现,寒霜踏雪靴,SW.Item.FrostRimeBoots_Unique,SW.EffectTemplate.Resilience.I；SW.EffectTemplate.Resilience.II；SW.EffectTemplate.Resilience.III
韧性,可随机出现,寒霜冰帽,SW.Item.FrostRimeHelmet_Unique,SW.EffectTemplate.Resilience.I；SW.EffectTemplate.Resilience.II；SW.EffectTemplate.Resilience.III
韧性,可随机出现,扭曲监守者轻靴,SW.Item.CaveCrawlerBoots_Unique,SW.EffectTemplate.Resilience.I；SW.EffectTemplate.Resilience.II；SW.EffectTemplate.Resilience.III
韧性,可随机出现,扭曲监守者背心,SW.Item.CaveCrawlerChest_Unique,SW.EffectTemplate.Resilience.I；SW.EffectTemplate.Resilience.II；SW.EffectTemplate.Resilience.III
韧性,可随机出现,扭曲监守者眼罩,SW.Item.CaveCrawlerHelmet_Unique,SW.EffectTemplate.Resilience.I；SW.EffectTemplate.Resilience.II；SW.EffectTemplate.Resilience.III
韧性,可随机出现,扭曲监守者紧身裤,SW.Item.CaveCrawlerLeggings_Unique,SW.EffectTemplate.Resilience.I；SW.EffectTemplate.Resilience.II；SW.EffectTemplate.Resilience.III
韧性,可随机出现,轰鸣虫触角,SW.Item.StalwartHelmet_Unique,SW.EffectTemplate.Resilience.I；SW.EffectTemplate.Resilience.II；SW.EffectTemplate.Resilience.III
韧性,可随机出现,轰鸣虫甲壳,SW.Item.StalwartChest_Unique,SW.EffectTemplate.Resilience.I；SW.EffectTemplate.Resilience.II；SW.EffectTemplate.Resilience.III
韧性,可随机出现,轰鸣虫胫甲,SW.Item.StalwartLeggings_Unique,SW.EffectTemplate.Resilience.I；SW.EffectTemplate.Resilience.II；SW.EffectTemplate.Resilience.III
韧性,可随机出现,轰鸣虫跗靴,SW.Item.StalwartBoots_Unique,SW.EffectTemplate.Resilience.I；SW.EffectTemplate.Resilience.II；SW.EffectTemplate.Resilience.III
韧性,可随机出现,毒蝇伞帽,SW.Item.MushroomHelmet_Unique,SW.EffectTemplate.Resilience.I；SW.EffectTemplate.Resilience.II；SW.EffectTemplate.Resilience.III
韧性,可随机出现,毒蝇伞外套,SW.Item.MushroomChest_Unique,SW.EffectTemplate.Resilience.I；SW.EffectTemplate.Resilience.II；SW.EffectTemplate.Resilience.III
韧性,可随机出现,毒蝇伞长裤,SW.Item.MushroomLeggings_Unique,SW.EffectTemplate.Resilience.I；SW.EffectTemplate.Resilience.II；SW.EffectTemplate.Resilience.III
韧性,可随机出现,毒蝇伞雨鞋,SW.Item.MushroomBoots_Unique,SW.EffectTemplate.Resilience.I；SW.EffectTemplate.Resilience.II；SW.EffectTemplate.Resilience.III
韧性,可随机出现,巨兽角盔,SW.Item.RedstoneHelmet_Unique,SW.EffectTemplate.Resilience.I；SW.EffectTemplate.Resilience.II；SW.EffectTemplate.Resilience.III
韧性,可随机出现,巨兽盔甲,SW.Item.RedstoneChest_Unique,SW.EffectTemplate.Resilience.I；SW.EffectTemplate.Resilience.II；SW.EffectTemplate.Resilience.III
韧性,可随机出现,巨兽胫甲,SW.Item.RedstoneLeggings_Unique,SW.EffectTemplate.Resilience.I；SW.EffectTemplate.Resilience.II；SW.EffectTemplate.Resilience.III
韧性,可随机出现,巨兽战靴,SW.Item.RedstoneBoots_Unique,SW.EffectTemplate.Resilience.I；SW.EffectTemplate.Resilience.II；SW.EffectTemplate.Resilience.III
污染,必带,寒霜踏雪靴,SW.Item.FrostRimeBoots_Unique,SW.EffectTemplate.Saboteur.Unique
污染,必带,神谕披风,SW.Item.MysticChest_Unique,SW.EffectTemplate.Saboteur.Unique
污染,必带,狂怒汐浮特面具,SW.Item.WellspringHelmet_Unique,SW.EffectTemplate.Saboteur.Unique
污染,可随机出现,木精灵王冠,SW.Item.HewnBarkHelmet_Unique,SW.EffectTemplate.Saboteur.I；SW.EffectTemplate.Saboteur.II；SW.EffectTemplate.Saboteur.III
污染,可随机出现,木精灵树皮甲,SW.Item.HewnBarkChest_Unique,SW.EffectTemplate.Saboteur.I；SW.EffectTemplate.Saboteur.II；SW.EffectTemplate.Saboteur.III
污染,可随机出现,木精灵树干护腿,SW.Item.HewnBarkLeggings_Unique,SW.EffectTemplate.Saboteur.I；SW.EffectTemplate.Saboteur.II；SW.EffectTemplate.Saboteur.III
污染,可随机出现,木精灵根须靴,SW.Item.HewnBarkBoots_Unique,SW.EffectTemplate.Saboteur.I；SW.EffectTemplate.Saboteur.II；SW.EffectTemplate.Saboteur.III
污染,可随机出现,蜂群意识安全帽,SW.Item.HoneyHelmet_Unique,SW.EffectTemplate.Saboteur.I；SW.EffectTemplate.Saboteur.II；SW.EffectTemplate.Saboteur.III
污染,可随机出现,蜂群意识胸甲,SW.Item.HoneyChest_Unique,SW.EffectTemplate.Saboteur.I；SW.EffectTemplate.Saboteur.II；SW.EffectTemplate.Saboteur.III
污染,可随机出现,蜂群意识长裤,SW.Item.HoneyLeggings_Unique,SW.EffectTemplate.Saboteur.I；SW.EffectTemplate.Saboteur.II；SW.EffectTemplate.Saboteur.III
污染,可随机出现,蜂群意识刺靴,SW.Item.HoneyBoots_Unique,SW.EffectTemplate.Saboteur.I；SW.EffectTemplate.Saboteur.II；SW.EffectTemplate.Saboteur.III
污染,可随机出现,狂怒汐浮特背心,SW.Item.WellspringChest_Unique,SW.EffectTemplate.Saboteur.I；SW.EffectTemplate.Saboteur.II；SW.EffectTemplate.Saboteur.III
污染,可随机出现,狂怒汐浮特便裤,SW.Item.WellspringLeggings_Unique,SW.EffectTemplate.Saboteur.I；SW.EffectTemplate.Saboteur.II；SW.EffectTemplate.Saboteur.III
污染,可随机出现,狂怒汐浮特之爪,SW.Item.WellspringBoots_Unique,SW.EffectTemplate.Saboteur.I；SW.EffectTemplate.Saboteur.II；SW.EffectTemplate.Saboteur.III
桎梏,必带,定身弩,SW.Item.Crossbow_Unique1,SW.EffectTemplate.Chains.Unique
桎梏,可随机出现,探勘者之镐,SW.Item.Pickaxe_Unique1,SW.EffectTemplate.Chains.I；SW.EffectTemplate.Chains.II；SW.EffectTemplate.Chains.III
桎梏,可随机出现,剁魂刀,SW.Item.Cleaver_Unique1,SW.EffectTemplate.Chains.I；SW.EffectTemplate.Chains.II；SW.EffectTemplate.Chains.III
桎梏,可随机出现,安眠之刃,SW.Item.CurvedGreatsword_Unique1,SW.EffectTemplate.Chains.I；SW.EffectTemplate.Chains.II；SW.EffectTemplate.Chains.III
桎梏,可随机出现,钻石锹,SW.Item.Shovel_Unique1,SW.EffectTemplate.Chains.I；SW.EffectTemplate.Chains.II；SW.EffectTemplate.Chains.III
桎梏,可随机出现,绿宝石锤,SW.Item.Hammer_Unique1,SW.EffectTemplate.Chains.I；SW.EffectTemplate.Chains.II；SW.EffectTemplate.Chains.III
桎梏,可随机出现,神威巨斧,SW.Item.GreatAxe_Unique1,SW.EffectTemplate.Chains.I；SW.EffectTemplate.Chains.II；SW.EffectTemplate.Chains.III
桎梏,可随机出现,竖琴弩,SW.Item.ScatterCrossbow_Unique1,SW.EffectTemplate.Chains.I；SW.EffectTemplate.Chains.II；SW.EffectTemplate.Chains.III
治疗者,必带,汐浮镰刀,SW.Item.Sickles_Unique1,SW.EffectTemplate.HealingFocus.Unique
治疗者,必带,蜂群意识胸甲,SW.Item.HoneyChest_Unique,SW.EffectTemplate.HealingFocus.Unique
治疗者,可随机出现,头狼之爪,SW.Item.WolfclutchBoots_Unique,SW.EffectTemplate.HealingFocus.I；SW.EffectTemplate.HealingFocus.II；SW.EffectTemplate.HealingFocus.III
治疗者,可随机出现,头狼兽皮,SW.Item.WolfclutchChest_Unique,SW.EffectTemplate.HealingFocus.I；SW.EffectTemplate.HealingFocus.II；SW.EffectTemplate.HealingFocus.III
治疗者,可随机出现,头狼口套,SW.Item.WolfclutchHelmet_Unique,SW.EffectTemplate.HealingFocus.I；SW.EffectTemplate.HealingFocus.II；SW.EffectTemplate.HealingFocus.III
治疗者,可随机出现,头狼毛皮套裤,SW.Item.WolfclutchLeggings_Unique,SW.EffectTemplate.HealingFocus.I；SW.EffectTemplate.HealingFocus.II；SW.EffectTemplate.HealingFocus.III
治疗者,可随机出现,木精灵王冠,SW.Item.HewnBarkHelmet_Unique,SW.EffectTemplate.HealingFocus.I；SW.EffectTemplate.HealingFocus.II；SW.EffectTemplate.HealingFocus.III
治疗者,可随机出现,木精灵树皮甲,SW.Item.HewnBarkChest_Unique,SW.EffectTemplate.HealingFocus.I；SW.EffectTemplate.HealingFocus.II；SW.EffectTemplate.HealingFocus.III
治疗者,可随机出现,木精灵树干护腿,SW.Item.HewnBarkLeggings_Unique,SW.EffectTemplate.HealingFocus.I；SW.EffectTemplate.HealingFocus.II；SW.EffectTemplate.HealingFocus.III
治疗者,可随机出现,木精灵根须靴,SW.Item.HewnBarkBoots_Unique,SW.EffectTemplate.HealingFocus.I；SW.EffectTemplate.HealingFocus.II；SW.EffectTemplate.HealingFocus.III
治疗者,可随机出现,蜂群意识安全帽,SW.Item.HoneyHelmet_Unique,SW.EffectTemplate.HealingFocus.I；SW.EffectTemplate.HealingFocus.II；SW.EffectTemplate.HealingFocus.III
治疗者,可随机出现,蜂群意识长裤,SW.Item.HoneyLeggings_Unique,SW.EffectTemplate.HealingFocus.I；SW.EffectTemplate.HealingFocus.II；SW.EffectTemplate.HealingFocus.III
治疗者,可随机出现,蜂群意识刺靴,SW.Item.HoneyBoots_Unique,SW.EffectTemplate.HealingFocus.I；SW.EffectTemplate.HealingFocus.II；SW.EffectTemplate.HealingFocus.III
治疗者,可随机出现,狂怒汐浮特面具,SW.Item.WellspringHelmet_Unique,SW.EffectTemplate.HealingFocus.I；SW.EffectTemplate.HealingFocus.II；SW.EffectTemplate.HealingFocus.III
治疗者,可随机出现,狂怒汐浮特背心,SW.Item.WellspringChest_Unique,SW.EffectTemplate.HealingFocus.I；SW.EffectTemplate.HealingFocus.II；SW.EffectTemplate.HealingFocus.III
治疗者,可随机出现,狂怒汐浮特便裤,SW.Item.WellspringLeggings_Unique,SW.EffectTemplate.HealingFocus.I；SW.EffectTemplate.HealingFocus.II；SW.EffectTemplate.HealingFocus.III
治疗者,可随机出现,狂怒汐浮特之爪,SW.Item.WellspringBoots_Unique,SW.EffectTemplate.HealingFocus.I；SW.EffectTemplate.HealingFocus.II；SW.EffectTemplate.HealingFocus.III
潜行,必带,扭曲监守者紧身裤,SW.Item.CaveCrawlerLeggings_Unique,SW.EffectTemplate.ShadowWalk.Unique
潜行,可随机出现,无赖轻靴,SW.Item.ScampBoots_Unique,SW.EffectTemplate.ShadowWalk.I；SW.EffectTemplate.ShadowWalk.II；SW.EffectTemplate.ShadowWalk.III
潜行,可随机出现,无赖兜帽,SW.Item.ScampHelmet_Unique,SW.EffectTemplate.ShadowWalk.I；SW.EffectTemplate.ShadowWalk.II；SW.EffectTemplate.ShadowWalk.III
潜行,可随机出现,无赖西装外套,SW.Item.ScampChest_Unique,SW.EffectTemplate.ShadowWalk.I；SW.EffectTemplate.ShadowWalk.II；SW.EffectTemplate.ShadowWalk.III
潜行,可随机出现,无赖套裤,SW.Item.ScampLeggings_Unique,SW.EffectTemplate.ShadowWalk.I；SW.EffectTemplate.ShadowWalk.II；SW.EffectTemplate.ShadowWalk.III
潜行,可随机出现,扭曲监守者轻靴,SW.Item.CaveCrawlerBoots_Unique,SW.EffectTemplate.ShadowWalk.I；SW.EffectTemplate.ShadowWalk.II；SW.EffectTemplate.ShadowWalk.III
潜行,可随机出现,扭曲监守者背心,SW.Item.CaveCrawlerChest_Unique,SW.EffectTemplate.ShadowWalk.I；SW.EffectTemplate.ShadowWalk.II；SW.EffectTemplate.ShadowWalk.III
潜行,可随机出现,扭曲监守者眼罩,SW.Item.CaveCrawlerHelmet_Unique,SW.EffectTemplate.ShadowWalk.I；SW.EffectTemplate.ShadowWalk.II；SW.EffectTemplate.ShadowWalk.III
潜行,可随机出现,驭梦者王冠,SW.Item.PhantomHelmet_Unique,SW.EffectTemplate.ShadowWalk.I；SW.EffectTemplate.ShadowWalk.II；SW.EffectTemplate.ShadowWalk.III
潜行,可随机出现,驭梦者外袍,SW.Item.PhantomChest_Unique,SW.EffectTemplate.ShadowWalk.I；SW.EffectTemplate.ShadowWalk.II；SW.EffectTemplate.ShadowWalk.III
潜行,可随机出现,驭梦者睡裤,SW.Item.PhantomLeggings_Unique,SW.EffectTemplate.ShadowWalk.I；SW.EffectTemplate.ShadowWalk.II；SW.EffectTemplate.ShadowWalk.III
潜行,可随机出现,驭梦者拖鞋,SW.Item.PhantomBoots_Unique,SW.EffectTemplate.ShadowWalk.I；SW.EffectTemplate.ShadowWalk.II；SW.EffectTemplate.ShadowWalk.III
潜行,可随机出现,贤者头带,SW.Item.DiscipleHelmet_Unique,SW.EffectTemplate.ShadowWalk.I；SW.EffectTemplate.ShadowWalk.II；SW.EffectTemplate.ShadowWalk.III
潜行,可随机出现,贤者束衣,SW.Item.DiscipleChest_Unique,SW.EffectTemplate.ShadowWalk.I；SW.EffectTemplate.ShadowWalk.II；SW.EffectTemplate.ShadowWalk.III
潜行,可随机出现,贤者腰带,SW.Item.DiscipleLeggings_Unique,SW.EffectTemplate.ShadowWalk.I；SW.EffectTemplate.ShadowWalk.II；SW.EffectTemplate.ShadowWalk.III
潜行,可随机出现,贤者裹足布,SW.Item.DiscipleBoots_Unique,SW.EffectTemplate.ShadowWalk.I；SW.EffectTemplate.ShadowWalk.II；SW.EffectTemplate.ShadowWalk.III
潜行,可随机出现,君主王冠,SW.Item.ScavengerHelmet_Unique,SW.EffectTemplate.ShadowWalk.I；SW.EffectTemplate.ShadowWalk.II；SW.EffectTemplate.ShadowWalk.III
潜行,可随机出现,君主披风,SW.Item.ScavengerChest_Unique,SW.EffectTemplate.ShadowWalk.I；SW.EffectTemplate.ShadowWalk.II；SW.EffectTemplate.ShadowWalk.III
潜行,可随机出现,君主腰带,SW.Item.ScavengerLeggings_Unique,SW.EffectTemplate.ShadowWalk.I；SW.EffectTemplate.ShadowWalk.II；SW.EffectTemplate.ShadowWalk.III
潜行,可随机出现,君主利爪,SW.Item.ScavengerBoots_Unique,SW.EffectTemplate.ShadowWalk.I；SW.EffectTemplate.ShadowWalk.II；SW.EffectTemplate.ShadowWalk.III
探勘者,必带,探勘者之镐,SW.Item.Pickaxe_Unique1,SW.EffectTemplate.Prospector.Unique
探勘者,可随机出现,无畏角盔,SW.Item.UndauntedHelmet_Unique,SW.EffectTemplate.Prospector.I；SW.EffectTemplate.Prospector.II；SW.EffectTemplate.Prospector.III
探勘者,可随机出现,无畏肩甲,SW.Item.UndauntedChest_Unique,SW.EffectTemplate.Prospector.I；SW.EffectTemplate.Prospector.II；SW.EffectTemplate.Prospector.III
探勘者,可随机出现,无畏胫甲,SW.Item.UndauntedLeggings_Unique,SW.EffectTemplate.Prospector.I；SW.EffectTemplate.Prospector.II；SW.EffectTemplate.Prospector.III
探勘者,可随机出现,无畏足甲,SW.Item.UndauntedBoots_Unique,SW.EffectTemplate.Prospector.I；SW.EffectTemplate.Prospector.II；SW.EffectTemplate.Prospector.III
探勘者,可随机出现,寒霜护甲,SW.Item.FrostRimeChest_Unique,SW.EffectTemplate.Prospector.I；SW.EffectTemplate.Prospector.II；SW.EffectTemplate.Prospector.III
探勘者,可随机出现,寒霜长衬裤,SW.Item.FrostRimeLeggings_Unique,SW.EffectTemplate.Prospector.I；SW.EffectTemplate.Prospector.II；SW.EffectTemplate.Prospector.III
探勘者,可随机出现,寒霜踏雪靴,SW.Item.FrostRimeBoots_Unique,SW.EffectTemplate.Prospector.I；SW.EffectTemplate.Prospector.II；SW.EffectTemplate.Prospector.III
探勘者,可随机出现,寒霜冰帽,SW.Item.FrostRimeHelmet_Unique,SW.EffectTemplate.Prospector.I；SW.EffectTemplate.Prospector.II；SW.EffectTemplate.Prospector.III
探勘者,可随机出现,无赖轻靴,SW.Item.ScampBoots_Unique,SW.EffectTemplate.Prospector.I；SW.EffectTemplate.Prospector.II；SW.EffectTemplate.Prospector.III
探勘者,可随机出现,无赖兜帽,SW.Item.ScampHelmet_Unique,SW.EffectTemplate.Prospector.I；SW.EffectTemplate.Prospector.II；SW.EffectTemplate.Prospector.III
探勘者,可随机出现,无赖西装外套,SW.Item.ScampChest_Unique,SW.EffectTemplate.Prospector.I；SW.EffectTemplate.Prospector.II；SW.EffectTemplate.Prospector.III
探勘者,可随机出现,无赖套裤,SW.Item.ScampLeggings_Unique,SW.EffectTemplate.Prospector.I；SW.EffectTemplate.Prospector.II；SW.EffectTemplate.Prospector.III
探勘者,可随机出现,漫游者足甲,SW.Item.VoyagerBoots_Unique,SW.EffectTemplate.Prospector.I；SW.EffectTemplate.Prospector.II；SW.EffectTemplate.Prospector.III
探勘者,可随机出现,漫游者肩甲,SW.Item.VoyagerChest_Unique,SW.EffectTemplate.Prospector.I；SW.EffectTemplate.Prospector.II；SW.EffectTemplate.Prospector.III
探勘者,可随机出现,漫游者面甲,SW.Item.VoyagerHelmet_Unique,SW.EffectTemplate.Prospector.I；SW.EffectTemplate.Prospector.II；SW.EffectTemplate.Prospector.III
探勘者,可随机出现,漫游者绑腿,SW.Item.VoyagerLeggings_Unique,SW.EffectTemplate.Prospector.I；SW.EffectTemplate.Prospector.II；SW.EffectTemplate.Prospector.III
探勘者,可随机出现,扭曲监守者轻靴,SW.Item.CaveCrawlerBoots_Unique,SW.EffectTemplate.Prospector.I；SW.EffectTemplate.Prospector.II；SW.EffectTemplate.Prospector.III
探勘者,可随机出现,扭曲监守者背心,SW.Item.CaveCrawlerChest_Unique,SW.EffectTemplate.Prospector.I；SW.EffectTemplate.Prospector.II；SW.EffectTemplate.Prospector.III
探勘者,可随机出现,扭曲监守者眼罩,SW.Item.CaveCrawlerHelmet_Unique,SW.EffectTemplate.Prospector.I；SW.EffectTemplate.Prospector.II；SW.EffectTemplate.Prospector.III
探勘者,可随机出现,扭曲监守者紧身裤,SW.Item.CaveCrawlerLeggings_Unique,SW.EffectTemplate.Prospector.I；SW.EffectTemplate.Prospector.II；SW.EffectTemplate.Prospector.III
探勘者,可随机出现,神射手风衣,SW.Item.RealmreacherChest_Unique,SW.EffectTemplate.Prospector.I；SW.EffectTemplate.Prospector.II；SW.EffectTemplate.Prospector.III
探勘者,可随机出现,神射手套裤,SW.Item.RealmreacherLeggings_Unique,SW.EffectTemplate.Prospector.I；SW.EffectTemplate.Prospector.II；SW.EffectTemplate.Prospector.III
探勘者,可随机出现,神射手马刺靴,SW.Item.RealmreacherBoots_Unique,SW.EffectTemplate.Prospector.I；SW.EffectTemplate.Prospector.II；SW.EffectTemplate.Prospector.III
探勘者,可随机出现,神射手软呢帽,SW.Item.RealmreacherHelmet_Unique,SW.EffectTemplate.Prospector.I；SW.EffectTemplate.Prospector.II；SW.EffectTemplate.Prospector.III
探勘者,可随机出现,轰鸣虫触角,SW.Item.StalwartHelmet_Unique,SW.EffectTemplate.Prospector.I；SW.EffectTemplate.Prospector.II；SW.EffectTemplate.Prospector.III
探勘者,可随机出现,轰鸣虫甲壳,SW.Item.StalwartChest_Unique,SW.EffectTemplate.Prospector.I；SW.EffectTemplate.Prospector.II；SW.EffectTemplate.Prospector.III
探勘者,可随机出现,轰鸣虫胫甲,SW.Item.StalwartLeggings_Unique,SW.EffectTemplate.Prospector.I；SW.EffectTemplate.Prospector.II；SW.EffectTemplate.Prospector.III
探勘者,可随机出现,轰鸣虫跗靴,SW.Item.StalwartBoots_Unique,SW.EffectTemplate.Prospector.I；SW.EffectTemplate.Prospector.II；SW.EffectTemplate.Prospector.III
探勘者,可随机出现,头狼之爪,SW.Item.WolfclutchBoots_Unique,SW.EffectTemplate.Prospector.I；SW.EffectTemplate.Prospector.II；SW.EffectTemplate.Prospector.III
探勘者,可随机出现,头狼兽皮,SW.Item.WolfclutchChest_Unique,SW.EffectTemplate.Prospector.I；SW.EffectTemplate.Prospector.II；SW.EffectTemplate.Prospector.III
探勘者,可随机出现,头狼口套,SW.Item.WolfclutchHelmet_Unique,SW.EffectTemplate.Prospector.I；SW.EffectTemplate.Prospector.II；SW.EffectTemplate.Prospector.III
探勘者,可随机出现,头狼毛皮套裤,SW.Item.WolfclutchLeggings_Unique,SW.EffectTemplate.Prospector.I；SW.EffectTemplate.Prospector.II；SW.EffectTemplate.Prospector.III
探勘者,可随机出现,神谕王冠,SW.Item.MysticHelmet_Unique,SW.EffectTemplate.Prospector.I；SW.EffectTemplate.Prospector.II；SW.EffectTemplate.Prospector.III
探勘者,可随机出现,神谕披风,SW.Item.MysticChest_Unique,SW.EffectTemplate.Prospector.I；SW.EffectTemplate.Prospector.II；SW.EffectTemplate.Prospector.III
探勘者,可随机出现,神谕紧身裤,SW.Item.MysticLeggings_Unique,SW.EffectTemplate.Prospector.I；SW.EffectTemplate.Prospector.II；SW.EffectTemplate.Prospector.III
探勘者,可随机出现,神谕凉鞋,SW.Item.MysticBoots_Unique,SW.EffectTemplate.Prospector.I；SW.EffectTemplate.Prospector.II；SW.EffectTemplate.Prospector.III
探勘者,可随机出现,驭梦者王冠,SW.Item.PhantomHelmet_Unique,SW.EffectTemplate.Prospector.I；SW.EffectTemplate.Prospector.II；SW.EffectTemplate.Prospector.III
探勘者,可随机出现,驭梦者外袍,SW.Item.PhantomChest_Unique,SW.EffectTemplate.Prospector.I；SW.EffectTemplate.Prospector.II；SW.EffectTemplate.Prospector.III
探勘者,可随机出现,驭梦者睡裤,SW.Item.PhantomLeggings_Unique,SW.EffectTemplate.Prospector.I；SW.EffectTemplate.Prospector.II；SW.EffectTemplate.Prospector.III
探勘者,可随机出现,驭梦者拖鞋,SW.Item.PhantomBoots_Unique,SW.EffectTemplate.Prospector.I；SW.EffectTemplate.Prospector.II；SW.EffectTemplate.Prospector.III
探勘者,可随机出现,木精灵王冠,SW.Item.HewnBarkHelmet_Unique,SW.EffectTemplate.Prospector.I；SW.EffectTemplate.Prospector.II；SW.EffectTemplate.Prospector.III
探勘者,可随机出现,木精灵树皮甲,SW.Item.HewnBarkChest_Unique,SW.EffectTemplate.Prospector.I；SW.EffectTemplate.Prospector.II；SW.EffectTemplate.Prospector.III
探勘者,可随机出现,木精灵树干护腿,SW.Item.HewnBarkLeggings_Unique,SW.EffectTemplate.Prospector.I；SW.EffectTemplate.Prospector.II；SW.EffectTemplate.Prospector.III
探勘者,可随机出现,木精灵根须靴,SW.Item.HewnBarkBoots_Unique,SW.EffectTemplate.Prospector.I；SW.EffectTemplate.Prospector.II；SW.EffectTemplate.Prospector.III
探勘者,可随机出现,灵魂腐化者面具,SW.Item.TimewornHelmet_Unique,SW.EffectTemplate.Prospector.I；SW.EffectTemplate.Prospector.II；SW.EffectTemplate.Prospector.III
探勘者,可随机出现,灵魂腐化者风衣,SW.Item.TimewornChest_Unique,SW.EffectTemplate.Prospector.I；SW.EffectTemplate.Prospector.II；SW.EffectTemplate.Prospector.III
探勘者,可随机出现,灵魂腐化者腰带,SW.Item.TimewornLeggings_Unique,SW.EffectTemplate.Prospector.I；SW.EffectTemplate.Prospector.II；SW.EffectTemplate.Prospector.III
探勘者,可随机出现,灵魂腐化者凉鞋,SW.Item.TimewornBoots_Unique,SW.EffectTemplate.Prospector.I；SW.EffectTemplate.Prospector.II；SW.EffectTemplate.Prospector.III
探勘者,可随机出现,蜂群意识安全帽,SW.Item.HoneyHelmet_Unique,SW.EffectTemplate.Prospector.I；SW.EffectTemplate.Prospector.II；SW.EffectTemplate.Prospector.III
探勘者,可随机出现,蜂群意识胸甲,SW.Item.HoneyChest_Unique,SW.EffectTemplate.Prospector.I；SW.EffectTemplate.Prospector.II；SW.EffectTemplate.Prospector.III
探勘者,可随机出现,蜂群意识长裤,SW.Item.HoneyLeggings_Unique,SW.EffectTemplate.Prospector.I；SW.EffectTemplate.Prospector.II；SW.EffectTemplate.Prospector.III
探勘者,可随机出现,蜂群意识刺靴,SW.Item.HoneyBoots_Unique,SW.EffectTemplate.Prospector.I；SW.EffectTemplate.Prospector.II；SW.EffectTemplate.Prospector.III
探勘者,可随机出现,毒蝇伞帽,SW.Item.MushroomHelmet_Unique,SW.EffectTemplate.Prospector.I；SW.EffectTemplate.Prospector.II；SW.EffectTemplate.Prospector.III
探勘者,可随机出现,毒蝇伞外套,SW.Item.MushroomChest_Unique,SW.EffectTemplate.Prospector.I；SW.EffectTemplate.Prospector.II；SW.EffectTemplate.Prospector.III
探勘者,可随机出现,毒蝇伞长裤,SW.Item.MushroomLeggings_Unique,SW.EffectTemplate.Prospector.I；SW.EffectTemplate.Prospector.II；SW.EffectTemplate.Prospector.III
探勘者,可随机出现,毒蝇伞雨鞋,SW.Item.MushroomBoots_Unique,SW.EffectTemplate.Prospector.I；SW.EffectTemplate.Prospector.II；SW.EffectTemplate.Prospector.III
探勘者,可随机出现,贤者头带,SW.Item.DiscipleHelmet_Unique,SW.EffectTemplate.Prospector.I；SW.EffectTemplate.Prospector.II；SW.EffectTemplate.Prospector.III
探勘者,可随机出现,贤者束衣,SW.Item.DiscipleChest_Unique,SW.EffectTemplate.Prospector.I；SW.EffectTemplate.Prospector.II；SW.EffectTemplate.Prospector.III
探勘者,可随机出现,贤者腰带,SW.Item.DiscipleLeggings_Unique,SW.EffectTemplate.Prospector.I；SW.EffectTemplate.Prospector.II；SW.EffectTemplate.Prospector.III
探勘者,可随机出现,贤者裹足布,SW.Item.DiscipleBoots_Unique,SW.EffectTemplate.Prospector.I；SW.EffectTemplate.Prospector.II；SW.EffectTemplate.Prospector.III
探勘者,可随机出现,狂怒汐浮特面具,SW.Item.WellspringHelmet_Unique,SW.EffectTemplate.Prospector.I；SW.EffectTemplate.Prospector.II；SW.EffectTemplate.Prospector.III
探勘者,可随机出现,狂怒汐浮特背心,SW.Item.WellspringChest_Unique,SW.EffectTemplate.Prospector.I；SW.EffectTemplate.Prospector.II；SW.EffectTemplate.Prospector.III
探勘者,可随机出现,狂怒汐浮特便裤,SW.Item.WellspringLeggings_Unique,SW.EffectTemplate.Prospector.I；SW.EffectTemplate.Prospector.II；SW.EffectTemplate.Prospector.III
探勘者,可随机出现,狂怒汐浮特之爪,SW.Item.WellspringBoots_Unique,SW.EffectTemplate.Prospector.I；SW.EffectTemplate.Prospector.II；SW.EffectTemplate.Prospector.III
探勘者,可随机出现,巨兽角盔,SW.Item.RedstoneHelmet_Unique,SW.EffectTemplate.Prospector.I；SW.EffectTemplate.Prospector.II；SW.EffectTemplate.Prospector.III
探勘者,可随机出现,巨兽盔甲,SW.Item.RedstoneChest_Unique,SW.EffectTemplate.Prospector.I；SW.EffectTemplate.Prospector.II；SW.EffectTemplate.Prospector.III
探勘者,可随机出现,巨兽胫甲,SW.Item.RedstoneLeggings_Unique,SW.EffectTemplate.Prospector.I；SW.EffectTemplate.Prospector.II；SW.EffectTemplate.Prospector.III
探勘者,可随机出现,巨兽战靴,SW.Item.RedstoneBoots_Unique,SW.EffectTemplate.Prospector.I；SW.EffectTemplate.Prospector.II；SW.EffectTemplate.Prospector.III
探勘者,可随机出现,炼金术士礼帽,SW.Item.EvocationHelmet_Unique,SW.EffectTemplate.Prospector.I；SW.EffectTemplate.Prospector.II；SW.EffectTemplate.Prospector.III
探勘者,可随机出现,炼金术士大衣,SW.Item.EvocationChest_Unique,SW.EffectTemplate.Prospector.I；SW.EffectTemplate.Prospector.II；SW.EffectTemplate.Prospector.III
探勘者,可随机出现,炼金术士长裤,SW.Item.EvocationLeggings_Unique,SW.EffectTemplate.Prospector.I；SW.EffectTemplate.Prospector.II；SW.EffectTemplate.Prospector.III
探勘者,可随机出现,炼金术士便鞋,SW.Item.EvocationBoots_Unique,SW.EffectTemplate.Prospector.I；SW.EffectTemplate.Prospector.II；SW.EffectTemplate.Prospector.III
探勘者,可随机出现,君主王冠,SW.Item.ScavengerHelmet_Unique,SW.EffectTemplate.Prospector.I；SW.EffectTemplate.Prospector.II；SW.EffectTemplate.Prospector.III
探勘者,可随机出现,君主披风,SW.Item.ScavengerChest_Unique,SW.EffectTemplate.Prospector.I；SW.EffectTemplate.Prospector.II；SW.EffectTemplate.Prospector.III
探勘者,可随机出现,君主腰带,SW.Item.ScavengerLeggings_Unique,SW.EffectTemplate.Prospector.I；SW.EffectTemplate.Prospector.II；SW.EffectTemplate.Prospector.III
探勘者,可随机出现,君主利爪,SW.Item.ScavengerBoots_Unique,SW.EffectTemplate.Prospector.I；SW.EffectTemplate.Prospector.II；SW.EffectTemplate.Prospector.III
决斗者,必带,平原之傲,SW.Item.CurvedLongsword_Unique1,SW.EffectTemplate.Duelist.Unique
决斗者,必带,驭梦者外袍,SW.Item.PhantomChest_Unique,SW.EffectTemplate.Duelist.Unique
决斗者,可随机出现,烈焰之刃,SW.Item.Sword_Unique1,SW.EffectTemplate.Duelist.I；SW.EffectTemplate.Duelist.II；SW.EffectTemplate.Duelist.III
决斗者,可随机出现,首席附魔师护手,SW.Item.Gauntlet_Unique1,SW.EffectTemplate.Duelist.I；SW.EffectTemplate.Duelist.II；SW.EffectTemplate.Duelist.III
决斗者,可随机出现,斩杀大剑,SW.Item.Claymore_Unique1,SW.EffectTemplate.Duelist.I；SW.EffectTemplate.Duelist.II；SW.EffectTemplate.Duelist.III
决斗者,可随机出现,暗晶剑,SW.Item.Greatsword_Unique1,SW.EffectTemplate.Duelist.I；SW.EffectTemplate.Duelist.II；SW.EffectTemplate.Duelist.III
决斗者,可随机出现,调皮鬼军刀,SW.Item.Sabre_Unique1,SW.EffectTemplate.Duelist.I；SW.EffectTemplate.Duelist.II；SW.EffectTemplate.Duelist.III
决斗者,可随机出现,神威巨斧,SW.Item.GreatAxe_Unique1,SW.EffectTemplate.Duelist.I；SW.EffectTemplate.Duelist.II；SW.EffectTemplate.Duelist.III
幸运,可随机出现,无畏角盔,SW.Item.UndauntedHelmet_Unique,SW.EffectTemplate.Lucky.I；SW.EffectTemplate.Lucky.II；SW.EffectTemplate.Lucky.III
幸运,可随机出现,无畏肩甲,SW.Item.UndauntedChest_Unique,SW.EffectTemplate.Lucky.I；SW.EffectTemplate.Lucky.II；SW.EffectTemplate.Lucky.III
幸运,可随机出现,无畏胫甲,SW.Item.UndauntedLeggings_Unique,SW.EffectTemplate.Lucky.I；SW.EffectTemplate.Lucky.II；SW.EffectTemplate.Lucky.III
幸运,可随机出现,无畏足甲,SW.Item.UndauntedBoots_Unique,SW.EffectTemplate.Lucky.I；SW.EffectTemplate.Lucky.II；SW.EffectTemplate.Lucky.III
幸运,可随机出现,寒霜护甲,SW.Item.FrostRimeChest_Unique,SW.EffectTemplate.Lucky.I；SW.EffectTemplate.Lucky.II；SW.EffectTemplate.Lucky.III
幸运,可随机出现,寒霜长衬裤,SW.Item.FrostRimeLeggings_Unique,SW.EffectTemplate.Lucky.I；SW.EffectTemplate.Lucky.II；SW.EffectTemplate.Lucky.III
幸运,可随机出现,寒霜踏雪靴,SW.Item.FrostRimeBoots_Unique,SW.EffectTemplate.Lucky.I；SW.EffectTemplate.Lucky.II；SW.EffectTemplate.Lucky.III
幸运,可随机出现,寒霜冰帽,SW.Item.FrostRimeHelmet_Unique,SW.EffectTemplate.Lucky.I；SW.EffectTemplate.Lucky.II；SW.EffectTemplate.Lucky.III
幸运,可随机出现,无赖轻靴,SW.Item.ScampBoots_Unique,SW.EffectTemplate.Lucky.I；SW.EffectTemplate.Lucky.II；SW.EffectTemplate.Lucky.III
幸运,可随机出现,无赖兜帽,SW.Item.ScampHelmet_Unique,SW.EffectTemplate.Lucky.I；SW.EffectTemplate.Lucky.II；SW.EffectTemplate.Lucky.III
幸运,可随机出现,无赖西装外套,SW.Item.ScampChest_Unique,SW.EffectTemplate.Lucky.I；SW.EffectTemplate.Lucky.II；SW.EffectTemplate.Lucky.III
幸运,可随机出现,无赖套裤,SW.Item.ScampLeggings_Unique,SW.EffectTemplate.Lucky.I；SW.EffectTemplate.Lucky.II；SW.EffectTemplate.Lucky.III
幸运,可随机出现,漫游者足甲,SW.Item.VoyagerBoots_Unique,SW.EffectTemplate.Lucky.I；SW.EffectTemplate.Lucky.II；SW.EffectTemplate.Lucky.III
幸运,可随机出现,漫游者肩甲,SW.Item.VoyagerChest_Unique,SW.EffectTemplate.Lucky.I；SW.EffectTemplate.Lucky.II；SW.EffectTemplate.Lucky.III
幸运,可随机出现,漫游者面甲,SW.Item.VoyagerHelmet_Unique,SW.EffectTemplate.Lucky.I；SW.EffectTemplate.Lucky.II；SW.EffectTemplate.Lucky.III
幸运,可随机出现,漫游者绑腿,SW.Item.VoyagerLeggings_Unique,SW.EffectTemplate.Lucky.I；SW.EffectTemplate.Lucky.II；SW.EffectTemplate.Lucky.III
幸运,可随机出现,扭曲监守者轻靴,SW.Item.CaveCrawlerBoots_Unique,SW.EffectTemplate.Lucky.I；SW.EffectTemplate.Lucky.II；SW.EffectTemplate.Lucky.III
幸运,可随机出现,扭曲监守者背心,SW.Item.CaveCrawlerChest_Unique,SW.EffectTemplate.Lucky.I；SW.EffectTemplate.Lucky.II；SW.EffectTemplate.Lucky.III
幸运,可随机出现,扭曲监守者眼罩,SW.Item.CaveCrawlerHelmet_Unique,SW.EffectTemplate.Lucky.I；SW.EffectTemplate.Lucky.II；SW.EffectTemplate.Lucky.III
幸运,可随机出现,扭曲监守者紧身裤,SW.Item.CaveCrawlerLeggings_Unique,SW.EffectTemplate.Lucky.I；SW.EffectTemplate.Lucky.II；SW.EffectTemplate.Lucky.III
幸运,可随机出现,神射手风衣,SW.Item.RealmreacherChest_Unique,SW.EffectTemplate.Lucky.I；SW.EffectTemplate.Lucky.II；SW.EffectTemplate.Lucky.III
幸运,可随机出现,神射手套裤,SW.Item.RealmreacherLeggings_Unique,SW.EffectTemplate.Lucky.I；SW.EffectTemplate.Lucky.II；SW.EffectTemplate.Lucky.III
幸运,可随机出现,神射手马刺靴,SW.Item.RealmreacherBoots_Unique,SW.EffectTemplate.Lucky.I；SW.EffectTemplate.Lucky.II；SW.EffectTemplate.Lucky.III
幸运,可随机出现,神射手软呢帽,SW.Item.RealmreacherHelmet_Unique,SW.EffectTemplate.Lucky.I；SW.EffectTemplate.Lucky.II；SW.EffectTemplate.Lucky.III
幸运,可随机出现,轰鸣虫触角,SW.Item.StalwartHelmet_Unique,SW.EffectTemplate.Lucky.I；SW.EffectTemplate.Lucky.II；SW.EffectTemplate.Lucky.III
幸运,可随机出现,轰鸣虫甲壳,SW.Item.StalwartChest_Unique,SW.EffectTemplate.Lucky.I；SW.EffectTemplate.Lucky.II；SW.EffectTemplate.Lucky.III
幸运,可随机出现,轰鸣虫胫甲,SW.Item.StalwartLeggings_Unique,SW.EffectTemplate.Lucky.I；SW.EffectTemplate.Lucky.II；SW.EffectTemplate.Lucky.III
幸运,可随机出现,轰鸣虫跗靴,SW.Item.StalwartBoots_Unique,SW.EffectTemplate.Lucky.I；SW.EffectTemplate.Lucky.II；SW.EffectTemplate.Lucky.III
幸运,可随机出现,头狼之爪,SW.Item.WolfclutchBoots_Unique,SW.EffectTemplate.Lucky.I；SW.EffectTemplate.Lucky.II；SW.EffectTemplate.Lucky.III
幸运,可随机出现,头狼兽皮,SW.Item.WolfclutchChest_Unique,SW.EffectTemplate.Lucky.I；SW.EffectTemplate.Lucky.II；SW.EffectTemplate.Lucky.III
幸运,可随机出现,头狼口套,SW.Item.WolfclutchHelmet_Unique,SW.EffectTemplate.Lucky.I；SW.EffectTemplate.Lucky.II；SW.EffectTemplate.Lucky.III
幸运,可随机出现,头狼毛皮套裤,SW.Item.WolfclutchLeggings_Unique,SW.EffectTemplate.Lucky.I；SW.EffectTemplate.Lucky.II；SW.EffectTemplate.Lucky.III
幸运,可随机出现,神谕王冠,SW.Item.MysticHelmet_Unique,SW.EffectTemplate.Lucky.I；SW.EffectTemplate.Lucky.II；SW.EffectTemplate.Lucky.III
幸运,可随机出现,神谕披风,SW.Item.MysticChest_Unique,SW.EffectTemplate.Lucky.I；SW.EffectTemplate.Lucky.II；SW.EffectTemplate.Lucky.III
幸运,可随机出现,神谕紧身裤,SW.Item.MysticLeggings_Unique,SW.EffectTemplate.Lucky.I；SW.EffectTemplate.Lucky.II；SW.EffectTemplate.Lucky.III
幸运,可随机出现,神谕凉鞋,SW.Item.MysticBoots_Unique,SW.EffectTemplate.Lucky.I；SW.EffectTemplate.Lucky.II；SW.EffectTemplate.Lucky.III
幸运,可随机出现,驭梦者王冠,SW.Item.PhantomHelmet_Unique,SW.EffectTemplate.Lucky.I；SW.EffectTemplate.Lucky.II；SW.EffectTemplate.Lucky.III
幸运,可随机出现,驭梦者外袍,SW.Item.PhantomChest_Unique,SW.EffectTemplate.Lucky.I；SW.EffectTemplate.Lucky.II；SW.EffectTemplate.Lucky.III
幸运,可随机出现,驭梦者睡裤,SW.Item.PhantomLeggings_Unique,SW.EffectTemplate.Lucky.I；SW.EffectTemplate.Lucky.II；SW.EffectTemplate.Lucky.III
幸运,可随机出现,驭梦者拖鞋,SW.Item.PhantomBoots_Unique,SW.EffectTemplate.Lucky.I；SW.EffectTemplate.Lucky.II；SW.EffectTemplate.Lucky.III
幸运,可随机出现,木精灵王冠,SW.Item.HewnBarkHelmet_Unique,SW.EffectTemplate.Lucky.I；SW.EffectTemplate.Lucky.II；SW.EffectTemplate.Lucky.III
幸运,可随机出现,木精灵树皮甲,SW.Item.HewnBarkChest_Unique,SW.EffectTemplate.Lucky.I；SW.EffectTemplate.Lucky.II；SW.EffectTemplate.Lucky.III
幸运,可随机出现,木精灵树干护腿,SW.Item.HewnBarkLeggings_Unique,SW.EffectTemplate.Lucky.I；SW.EffectTemplate.Lucky.II；SW.EffectTemplate.Lucky.III
幸运,可随机出现,木精灵根须靴,SW.Item.HewnBarkBoots_Unique,SW.EffectTemplate.Lucky.I；SW.EffectTemplate.Lucky.II；SW.EffectTemplate.Lucky.III
幸运,可随机出现,灵魂腐化者面具,SW.Item.TimewornHelmet_Unique,SW.EffectTemplate.Lucky.I；SW.EffectTemplate.Lucky.II；SW.EffectTemplate.Lucky.III
幸运,可随机出现,灵魂腐化者风衣,SW.Item.TimewornChest_Unique,SW.EffectTemplate.Lucky.I；SW.EffectTemplate.Lucky.II；SW.EffectTemplate.Lucky.III
幸运,可随机出现,灵魂腐化者腰带,SW.Item.TimewornLeggings_Unique,SW.EffectTemplate.Lucky.I；SW.EffectTemplate.Lucky.II；SW.EffectTemplate.Lucky.III
幸运,可随机出现,灵魂腐化者凉鞋,SW.Item.TimewornBoots_Unique,SW.EffectTemplate.Lucky.I；SW.EffectTemplate.Lucky.II；SW.EffectTemplate.Lucky.III
幸运,可随机出现,蜂群意识安全帽,SW.Item.HoneyHelmet_Unique,SW.EffectTemplate.Lucky.I；SW.EffectTemplate.Lucky.II；SW.EffectTemplate.Lucky.III
幸运,可随机出现,蜂群意识胸甲,SW.Item.HoneyChest_Unique,SW.EffectTemplate.Lucky.I；SW.EffectTemplate.Lucky.II；SW.EffectTemplate.Lucky.III
幸运,可随机出现,蜂群意识长裤,SW.Item.HoneyLeggings_Unique,SW.EffectTemplate.Lucky.I；SW.EffectTemplate.Lucky.II；SW.EffectTemplate.Lucky.III
幸运,可随机出现,蜂群意识刺靴,SW.Item.HoneyBoots_Unique,SW.EffectTemplate.Lucky.I；SW.EffectTemplate.Lucky.II；SW.EffectTemplate.Lucky.III
幸运,可随机出现,毒蝇伞帽,SW.Item.MushroomHelmet_Unique,SW.EffectTemplate.Lucky.I；SW.EffectTemplate.Lucky.II；SW.EffectTemplate.Lucky.III
幸运,可随机出现,毒蝇伞外套,SW.Item.MushroomChest_Unique,SW.EffectTemplate.Lucky.I；SW.EffectTemplate.Lucky.II；SW.EffectTemplate.Lucky.III
幸运,可随机出现,毒蝇伞长裤,SW.Item.MushroomLeggings_Unique,SW.EffectTemplate.Lucky.I；SW.EffectTemplate.Lucky.II；SW.EffectTemplate.Lucky.III
幸运,可随机出现,毒蝇伞雨鞋,SW.Item.MushroomBoots_Unique,SW.EffectTemplate.Lucky.I；SW.EffectTemplate.Lucky.II；SW.EffectTemplate.Lucky.III
幸运,可随机出现,贤者头带,SW.Item.DiscipleHelmet_Unique,SW.EffectTemplate.Lucky.I；SW.EffectTemplate.Lucky.II；SW.EffectTemplate.Lucky.III
幸运,可随机出现,贤者束衣,SW.Item.DiscipleChest_Unique,SW.EffectTemplate.Lucky.I；SW.EffectTemplate.Lucky.II；SW.EffectTemplate.Lucky.III
幸运,可随机出现,贤者腰带,SW.Item.DiscipleLeggings_Unique,SW.EffectTemplate.Lucky.I；SW.EffectTemplate.Lucky.II；SW.EffectTemplate.Lucky.III
幸运,可随机出现,贤者裹足布,SW.Item.DiscipleBoots_Unique,SW.EffectTemplate.Lucky.I；SW.EffectTemplate.Lucky.II；SW.EffectTemplate.Lucky.III
幸运,可随机出现,狂怒汐浮特面具,SW.Item.WellspringHelmet_Unique,SW.EffectTemplate.Lucky.I；SW.EffectTemplate.Lucky.II；SW.EffectTemplate.Lucky.III
幸运,可随机出现,狂怒汐浮特背心,SW.Item.WellspringChest_Unique,SW.EffectTemplate.Lucky.I；SW.EffectTemplate.Lucky.II；SW.EffectTemplate.Lucky.III
幸运,可随机出现,狂怒汐浮特便裤,SW.Item.WellspringLeggings_Unique,SW.EffectTemplate.Lucky.I；SW.EffectTemplate.Lucky.II；SW.EffectTemplate.Lucky.III
幸运,可随机出现,狂怒汐浮特之爪,SW.Item.WellspringBoots_Unique,SW.EffectTemplate.Lucky.I；SW.EffectTemplate.Lucky.II；SW.EffectTemplate.Lucky.III
幸运,可随机出现,巨兽角盔,SW.Item.RedstoneHelmet_Unique,SW.EffectTemplate.Lucky.I；SW.EffectTemplate.Lucky.II；SW.EffectTemplate.Lucky.III
幸运,可随机出现,巨兽盔甲,SW.Item.RedstoneChest_Unique,SW.EffectTemplate.Lucky.I；SW.EffectTemplate.Lucky.II；SW.EffectTemplate.Lucky.III
幸运,可随机出现,巨兽胫甲,SW.Item.RedstoneLeggings_Unique,SW.EffectTemplate.Lucky.I；SW.EffectTemplate.Lucky.II；SW.EffectTemplate.Lucky.III
幸运,可随机出现,巨兽战靴,SW.Item.RedstoneBoots_Unique,SW.EffectTemplate.Lucky.I；SW.EffectTemplate.Lucky.II；SW.EffectTemplate.Lucky.III
幸运,可随机出现,炼金术士礼帽,SW.Item.EvocationHelmet_Unique,SW.EffectTemplate.Lucky.I；SW.EffectTemplate.Lucky.II；SW.EffectTemplate.Lucky.III
幸运,可随机出现,炼金术士大衣,SW.Item.EvocationChest_Unique,SW.EffectTemplate.Lucky.I；SW.EffectTemplate.Lucky.II；SW.EffectTemplate.Lucky.III
幸运,可随机出现,炼金术士长裤,SW.Item.EvocationLeggings_Unique,SW.EffectTemplate.Lucky.I；SW.EffectTemplate.Lucky.II；SW.EffectTemplate.Lucky.III
幸运,可随机出现,炼金术士便鞋,SW.Item.EvocationBoots_Unique,SW.EffectTemplate.Lucky.I；SW.EffectTemplate.Lucky.II；SW.EffectTemplate.Lucky.III
幸运,可随机出现,君主王冠,SW.Item.ScavengerHelmet_Unique,SW.EffectTemplate.Lucky.I；SW.EffectTemplate.Lucky.II；SW.EffectTemplate.Lucky.III
幸运,可随机出现,君主披风,SW.Item.ScavengerChest_Unique,SW.EffectTemplate.Lucky.I；SW.EffectTemplate.Lucky.II；SW.EffectTemplate.Lucky.III
幸运,可随机出现,君主腰带,SW.Item.ScavengerLeggings_Unique,SW.EffectTemplate.Lucky.I；SW.EffectTemplate.Lucky.II；SW.EffectTemplate.Lucky.III
幸运,可随机出现,君主利爪,SW.Item.ScavengerBoots_Unique,SW.EffectTemplate.Lucky.I；SW.EffectTemplate.Lucky.II；SW.EffectTemplate.Lucky.III
群兽首领,必带,头狼兽皮,SW.Item.WolfclutchChest_Unique,SW.EffectTemplate.BeastBoss.Unique
群兽首领,必带,毒蝇伞长裤,SW.Item.MushroomLeggings_Unique,SW.EffectTemplate.BeastBoss.Unique
群兽首领,可随机出现,猎人手斧,SW.Item.Axe_Unique1,SW.EffectTemplate.BeastBoss.I；SW.EffectTemplate.BeastBoss.II；SW.EffectTemplate.BeastBoss.III
群兽首领,可随机出现,幽魂长矛,SW.Item.ShortSpear_Unique1,SW.EffectTemplate.BeastBoss.I；SW.EffectTemplate.BeastBoss.II；SW.EffectTemplate.BeastBoss.III
群兽首领,可随机出现,幽匿者之爪,SW.Item.Claws_Unique1,SW.EffectTemplate.BeastBoss.I；SW.EffectTemplate.BeastBoss.II；SW.EffectTemplate.BeastBoss.III
群兽首领,可随机出现,剁魂刀,SW.Item.Cleaver_Unique1,SW.EffectTemplate.BeastBoss.I；SW.EffectTemplate.BeastBoss.II；SW.EffectTemplate.BeastBoss.III
群兽首领,可随机出现,汐浮镰刀,SW.Item.Sickles_Unique1,SW.EffectTemplate.BeastBoss.I；SW.EffectTemplate.BeastBoss.II；SW.EffectTemplate.BeastBoss.III
群兽首领,可随机出现,甲壳重锤,SW.Item.Mace_Unique1,SW.EffectTemplate.BeastBoss.I；SW.EffectTemplate.BeastBoss.II；SW.EffectTemplate.BeastBoss.III
群兽首领,可随机出现,竖琴弩,SW.Item.ScatterCrossbow_Unique1,SW.EffectTemplate.BeastBoss.I；SW.EffectTemplate.BeastBoss.II；SW.EffectTemplate.BeastBoss.III
制弓师,必带,头狼之爪,SW.Item.WolfclutchBoots_Unique,SW.EffectTemplate.ArrowBurst.Unique
制弓师,可随机出现,神射手风衣,SW.Item.RealmreacherChest_Unique,SW.EffectTemplate.ArrowBurst.I；SW.EffectTemplate.ArrowBurst.II；SW.EffectTemplate.ArrowBurst.III
制弓师,可随机出现,神射手套裤,SW.Item.RealmreacherLeggings_Unique,SW.EffectTemplate.ArrowBurst.I；SW.EffectTemplate.ArrowBurst.II；SW.EffectTemplate.ArrowBurst.III
制弓师,可随机出现,神射手马刺靴,SW.Item.RealmreacherBoots_Unique,SW.EffectTemplate.ArrowBurst.I；SW.EffectTemplate.ArrowBurst.II；SW.EffectTemplate.ArrowBurst.III
制弓师,可随机出现,神射手软呢帽,SW.Item.RealmreacherHelmet_Unique,SW.EffectTemplate.ArrowBurst.I；SW.EffectTemplate.ArrowBurst.II；SW.EffectTemplate.ArrowBurst.III
制弓师,可随机出现,驭梦者王冠,SW.Item.PhantomHelmet_Unique,SW.EffectTemplate.ArrowBurst.I；SW.EffectTemplate.ArrowBurst.II；SW.EffectTemplate.ArrowBurst.III
制弓师,可随机出现,驭梦者外袍,SW.Item.PhantomChest_Unique,SW.EffectTemplate.ArrowBurst.I；SW.EffectTemplate.ArrowBurst.II；SW.EffectTemplate.ArrowBurst.III
制弓师,可随机出现,驭梦者睡裤,SW.Item.PhantomLeggings_Unique,SW.EffectTemplate.ArrowBurst.I；SW.EffectTemplate.ArrowBurst.II；SW.EffectTemplate.ArrowBurst.III
制弓师,可随机出现,驭梦者拖鞋,SW.Item.PhantomBoots_Unique,SW.EffectTemplate.ArrowBurst.I；SW.EffectTemplate.ArrowBurst.II；SW.EffectTemplate.ArrowBurst.III
制弓师,可随机出现,灵魂腐化者面具,SW.Item.TimewornHelmet_Unique,SW.EffectTemplate.ArrowBurst.I；SW.EffectTemplate.ArrowBurst.II；SW.EffectTemplate.ArrowBurst.III
制弓师,可随机出现,灵魂腐化者风衣,SW.Item.TimewornChest_Unique,SW.EffectTemplate.ArrowBurst.I；SW.EffectTemplate.ArrowBurst.II；SW.EffectTemplate.ArrowBurst.III
制弓师,可随机出现,灵魂腐化者腰带,SW.Item.TimewornLeggings_Unique,SW.EffectTemplate.ArrowBurst.I；SW.EffectTemplate.ArrowBurst.II；SW.EffectTemplate.ArrowBurst.III
制弓师,可随机出现,灵魂腐化者凉鞋,SW.Item.TimewornBoots_Unique,SW.EffectTemplate.ArrowBurst.I；SW.EffectTemplate.ArrowBurst.II；SW.EffectTemplate.ArrowBurst.III
击退,必带,无畏角盔,SW.Item.UndauntedHelmet_Unique,SW.EffectTemplate.Knockback.Unique
击退,可随机出现,碎心锤,SW.Item.WarHammer_Unique1,SW.EffectTemplate.Knockback.I；SW.EffectTemplate.Knockback.II；SW.EffectTemplate.Knockback.III
击退,可随机出现,风暴召唤者,SW.Item.Pike_Unique1,SW.EffectTemplate.Knockback.I；SW.EffectTemplate.Knockback.II；SW.EffectTemplate.Knockback.III
击退,可随机出现,烈焰之刃,SW.Item.Sword_Unique1,SW.EffectTemplate.Knockback.I；SW.EffectTemplate.Knockback.II；SW.EffectTemplate.Knockback.III
击退,可随机出现,首席附魔师护手,SW.Item.Gauntlet_Unique1,SW.EffectTemplate.Knockback.I；SW.EffectTemplate.Knockback.II；SW.EffectTemplate.Knockback.III
击退,可随机出现,毒牙,SW.Item.Daggers_Unique1,SW.EffectTemplate.Knockback.I；SW.EffectTemplate.Knockback.II；SW.EffectTemplate.Knockback.III
击退,可随机出现,猎人手斧,SW.Item.Axe_Unique1,SW.EffectTemplate.Knockback.I；SW.EffectTemplate.Knockback.II；SW.EffectTemplate.Knockback.III
击退,可随机出现,幽魂长矛,SW.Item.ShortSpear_Unique1,SW.EffectTemplate.Knockback.I；SW.EffectTemplate.Knockback.II；SW.EffectTemplate.Knockback.III
击退,可随机出现,红石破坏者,SW.Item.GiantClub_Unique1,SW.EffectTemplate.Knockback.I；SW.EffectTemplate.Knockback.II；SW.EffectTemplate.Knockback.III
击退,可随机出现,探勘者之镐,SW.Item.Pickaxe_Unique1,SW.EffectTemplate.Knockback.I；SW.EffectTemplate.Knockback.II；SW.EffectTemplate.Knockback.III
击退,可随机出现,千刃,SW.Item.Rapier_Unique1,SW.EffectTemplate.Knockback.I；SW.EffectTemplate.Knockback.II；SW.EffectTemplate.Knockback.III
击退,可随机出现,斩杀大剑,SW.Item.Claymore_Unique1,SW.EffectTemplate.Knockback.I；SW.EffectTemplate.Knockback.II；SW.EffectTemplate.Knockback.III
击退,可随机出现,暗晶剑,SW.Item.Greatsword_Unique1,SW.EffectTemplate.Knockback.I；SW.EffectTemplate.Knockback.II；SW.EffectTemplate.Knockback.III
击退,可随机出现,幽匿者之爪,SW.Item.Claws_Unique1,SW.EffectTemplate.Knockback.I；SW.EffectTemplate.Knockback.II；SW.EffectTemplate.Knockback.III
击退,可随机出现,黄金长柄刀,SW.Item.Glaive_Unique1,SW.EffectTemplate.Knockback.I；SW.EffectTemplate.Knockback.II；SW.EffectTemplate.Knockback.III
击退,可随机出现,元素权杖,SW.Item.Battlestaff_Unique1,SW.EffectTemplate.Knockback.I；SW.EffectTemplate.Knockback.II；SW.EffectTemplate.Knockback.III
击退,可随机出现,剁魂刀,SW.Item.Cleaver_Unique1,SW.EffectTemplate.Knockback.I；SW.EffectTemplate.Knockback.II；SW.EffectTemplate.Knockback.III
击退,可随机出现,汐浮镰刀,SW.Item.Sickles_Unique1,SW.EffectTemplate.Knockback.I；SW.EffectTemplate.Knockback.II；SW.EffectTemplate.Knockback.III
击退,可随机出现,摄魂者,SW.Item.Scythe_Unique1,SW.EffectTemplate.Knockback.I；SW.EffectTemplate.Knockback.II；SW.EffectTemplate.Knockback.III
击退,可随机出现,安眠之刃,SW.Item.CurvedGreatsword_Unique1,SW.EffectTemplate.Knockback.I；SW.EffectTemplate.Knockback.II；SW.EffectTemplate.Knockback.III
击退,可随机出现,怪物粉碎者,SW.Item.GiantMallet_Unique1,SW.EffectTemplate.Knockback.I；SW.EffectTemplate.Knockback.II；SW.EffectTemplate.Knockback.III
击退,可随机出现,霜冻剑,SW.Item.StraightSword_Unique1,SW.EffectTemplate.Knockback.I；SW.EffectTemplate.Knockback.II；SW.EffectTemplate.Knockback.III
击退,可随机出现,平原之傲,SW.Item.CurvedLongsword_Unique1,SW.EffectTemplate.Knockback.I；SW.EffectTemplate.Knockback.II；SW.EffectTemplate.Knockback.III
击退,可随机出现,钻石锹,SW.Item.Shovel_Unique1,SW.EffectTemplate.Knockback.I；SW.EffectTemplate.Knockback.II；SW.EffectTemplate.Knockback.III
击退,可随机出现,甲壳重锤,SW.Item.Mace_Unique1,SW.EffectTemplate.Knockback.I；SW.EffectTemplate.Knockback.II；SW.EffectTemplate.Knockback.III
击退,可随机出现,幽匿者克星,SW.Item.Dagger_Unique1,SW.EffectTemplate.Knockback.I；SW.EffectTemplate.Knockback.II；SW.EffectTemplate.Knockback.III
击退,可随机出现,调皮鬼军刀,SW.Item.Sabre_Unique1,SW.EffectTemplate.Knockback.I；SW.EffectTemplate.Knockback.II；SW.EffectTemplate.Knockback.III
击退,可随机出现,绿宝石锤,SW.Item.Hammer_Unique1,SW.EffectTemplate.Knockback.I；SW.EffectTemplate.Knockback.II；SW.EffectTemplate.Knockback.III
击退,可随机出现,弯月镰刀,SW.Item.MoonSword_Unique1,SW.EffectTemplate.Knockback.I；SW.EffectTemplate.Knockback.II；SW.EffectTemplate.Knockback.III
击退,可随机出现,神威巨斧,SW.Item.GreatAxe_Unique1,SW.EffectTemplate.Knockback.I；SW.EffectTemplate.Knockback.II；SW.EffectTemplate.Knockback.III
击退,可随机出现,游侠之誓,SW.Item.Bow_Unique1,SW.EffectTemplate.Knockback.I；SW.EffectTemplate.Knockback.II；SW.EffectTemplate.Knockback.III
击退,可随机出现,定身弩,SW.Item.Crossbow_Unique1,SW.EffectTemplate.Knockback.I；SW.EffectTemplate.Knockback.II；SW.EffectTemplate.Knockback.III
击退,可随机出现,流星弓,SW.Item.Shortbow_Unique1,SW.EffectTemplate.Knockback.I；SW.EffectTemplate.Knockback.II；SW.EffectTemplate.Knockback.III
击退,可随机出现,幻翼弓,SW.Item.Trickbow_Unique1,SW.EffectTemplate.Knockback.I；SW.EffectTemplate.Knockback.II；SW.EffectTemplate.Knockback.III
击退,可随机出现,嘎枝之触,SW.Item.Longbow_Unique1,SW.EffectTemplate.Knockback.I；SW.EffectTemplate.Knockback.II；SW.EffectTemplate.Knockback.III
击退,可随机出现,典范弓,SW.Item.Powerbow_Unique1,SW.EffectTemplate.Knockback.I；SW.EffectTemplate.Knockback.II；SW.EffectTemplate.Knockback.III
击退,可随机出现,竖琴弩,SW.Item.ScatterCrossbow_Unique1,SW.EffectTemplate.Knockback.I；SW.EffectTemplate.Knockback.II；SW.EffectTemplate.Knockback.III
击退,可随机出现,近战游侠弩,SW.Item.HeavyCrossbow_Unique1,SW.EffectTemplate.Knockback.I；SW.EffectTemplate.Knockback.II；SW.EffectTemplate.Knockback.III
击退,可随机出现,授粉快弩,SW.Item.RapidCrossbow_Unique1,SW.EffectTemplate.Knockback.I；SW.EffectTemplate.Knockback.II；SW.EffectTemplate.Knockback.III
击退,可随机出现,背叛者双弩,SW.Item.DualCrossbow_Unique1,SW.EffectTemplate.Knockback.I；SW.EffectTemplate.Knockback.II；SW.EffectTemplate.Knockback.III
击退,可随机出现,轰鸣虫心弦,SW.Item.Greatbow_Unique1,SW.EffectTemplate.Knockback.I；SW.EffectTemplate.Knockback.II；SW.EffectTemplate.Knockback.III
牧羊人,必带,木精灵王冠,SW.Item.HewnBarkHelmet_Unique,SW.EffectTemplate.Friendship.Unique
牧羊人,必带,毒蝇伞雨鞋,SW.Item.MushroomBoots_Unique,SW.EffectTemplate.Friendship.Unique
牧羊人,可随机出现,头狼之爪,SW.Item.WolfclutchBoots_Unique,SW.EffectTemplate.Friendship.I；SW.EffectTemplate.Friendship.II；SW.EffectTemplate.Friendship.III
牧羊人,可随机出现,头狼兽皮,SW.Item.WolfclutchChest_Unique,SW.EffectTemplate.Friendship.I；SW.EffectTemplate.Friendship.II；SW.EffectTemplate.Friendship.III
牧羊人,可随机出现,头狼口套,SW.Item.WolfclutchHelmet_Unique,SW.EffectTemplate.Friendship.I；SW.EffectTemplate.Friendship.II；SW.EffectTemplate.Friendship.III
牧羊人,可随机出现,头狼毛皮套裤,SW.Item.WolfclutchLeggings_Unique,SW.EffectTemplate.Friendship.I；SW.EffectTemplate.Friendship.II；SW.EffectTemplate.Friendship.III
牧羊人,可随机出现,木精灵树皮甲,SW.Item.HewnBarkChest_Unique,SW.EffectTemplate.Friendship.I；SW.EffectTemplate.Friendship.II；SW.EffectTemplate.Friendship.III
牧羊人,可随机出现,木精灵树干护腿,SW.Item.HewnBarkLeggings_Unique,SW.EffectTemplate.Friendship.I；SW.EffectTemplate.Friendship.II；SW.EffectTemplate.Friendship.III
牧羊人,可随机出现,木精灵根须靴,SW.Item.HewnBarkBoots_Unique,SW.EffectTemplate.Friendship.I；SW.EffectTemplate.Friendship.II；SW.EffectTemplate.Friendship.III
兽医,必带,头狼毛皮套裤,SW.Item.WolfclutchLeggings_Unique,SW.EffectTemplate.FriendsForever.Unique
兽医,可随机出现,头狼之爪,SW.Item.WolfclutchBoots_Unique,SW.EffectTemplate.FriendsForever.I；SW.EffectTemplate.FriendsForever.II；SW.EffectTemplate.FriendsForever.III
兽医,可随机出现,头狼兽皮,SW.Item.WolfclutchChest_Unique,SW.EffectTemplate.FriendsForever.I；SW.EffectTemplate.FriendsForever.II；SW.EffectTemplate.FriendsForever.III
兽医,可随机出现,头狼口套,SW.Item.WolfclutchHelmet_Unique,SW.EffectTemplate.FriendsForever.I；SW.EffectTemplate.FriendsForever.II；SW.EffectTemplate.FriendsForever.III
兽医,可随机出现,木精灵王冠,SW.Item.HewnBarkHelmet_Unique,SW.EffectTemplate.FriendsForever.I；SW.EffectTemplate.FriendsForever.II；SW.EffectTemplate.FriendsForever.III
兽医,可随机出现,木精灵树皮甲,SW.Item.HewnBarkChest_Unique,SW.EffectTemplate.FriendsForever.I；SW.EffectTemplate.FriendsForever.II；SW.EffectTemplate.FriendsForever.III
兽医,可随机出现,木精灵树干护腿,SW.Item.HewnBarkLeggings_Unique,SW.EffectTemplate.FriendsForever.I；SW.EffectTemplate.FriendsForever.II；SW.EffectTemplate.FriendsForever.III
兽医,可随机出现,木精灵根须靴,SW.Item.HewnBarkBoots_Unique,SW.EffectTemplate.FriendsForever.I；SW.EffectTemplate.FriendsForever.II；SW.EffectTemplate.FriendsForever.III
赏金猎人,必带,贤者束衣,SW.Item.DiscipleChest_Unique,SW.EffectTemplate.Committed.Unique
赏金猎人,可随机出现,烈焰之刃,SW.Item.Sword_Unique1,SW.EffectTemplate.Committed.I；SW.EffectTemplate.Committed.II；SW.EffectTemplate.Committed.III
赏金猎人,可随机出现,首席附魔师护手,SW.Item.Gauntlet_Unique1,SW.EffectTemplate.Committed.I；SW.EffectTemplate.Committed.II；SW.EffectTemplate.Committed.III
赏金猎人,可随机出现,毒牙,SW.Item.Daggers_Unique1,SW.EffectTemplate.Committed.I；SW.EffectTemplate.Committed.II；SW.EffectTemplate.Committed.III
赏金猎人,可随机出现,千刃,SW.Item.Rapier_Unique1,SW.EffectTemplate.Committed.I；SW.EffectTemplate.Committed.II；SW.EffectTemplate.Committed.III
赏金猎人,可随机出现,斩杀大剑,SW.Item.Claymore_Unique1,SW.EffectTemplate.Committed.I；SW.EffectTemplate.Committed.II；SW.EffectTemplate.Committed.III
赏金猎人,可随机出现,暗晶剑,SW.Item.Greatsword_Unique1,SW.EffectTemplate.Committed.I；SW.EffectTemplate.Committed.II；SW.EffectTemplate.Committed.III
赏金猎人,可随机出现,幽匿者之爪,SW.Item.Claws_Unique1,SW.EffectTemplate.Committed.I；SW.EffectTemplate.Committed.II；SW.EffectTemplate.Committed.III
赏金猎人,可随机出现,汐浮镰刀,SW.Item.Sickles_Unique1,SW.EffectTemplate.Committed.I；SW.EffectTemplate.Committed.II；SW.EffectTemplate.Committed.III
赏金猎人,可随机出现,平原之傲,SW.Item.CurvedLongsword_Unique1,SW.EffectTemplate.Committed.I；SW.EffectTemplate.Committed.II；SW.EffectTemplate.Committed.III
赏金猎人,可随机出现,幽匿者克星,SW.Item.Dagger_Unique1,SW.EffectTemplate.Committed.I；SW.EffectTemplate.Committed.II；SW.EffectTemplate.Committed.III
赏金猎人,可随机出现,调皮鬼军刀,SW.Item.Sabre_Unique1,SW.EffectTemplate.Committed.I；SW.EffectTemplate.Committed.II；SW.EffectTemplate.Committed.III
赏金猎人,可随机出现,神威巨斧,SW.Item.GreatAxe_Unique1,SW.EffectTemplate.Committed.I；SW.EffectTemplate.Committed.II；SW.EffectTemplate.Committed.III
赏金猎人,可随机出现,定身弩,SW.Item.Crossbow_Unique1,SW.EffectTemplate.Committed.I；SW.EffectTemplate.Committed.II；SW.EffectTemplate.Committed.III
赏金猎人,可随机出现,流星弓,SW.Item.Shortbow_Unique1,SW.EffectTemplate.Committed.I；SW.EffectTemplate.Committed.II；SW.EffectTemplate.Committed.III
赏金猎人,可随机出现,幻翼弓,SW.Item.Trickbow_Unique1,SW.EffectTemplate.Committed.I；SW.EffectTemplate.Committed.II；SW.EffectTemplate.Committed.III
赏金猎人,可随机出现,典范弓,SW.Item.Powerbow_Unique1,SW.EffectTemplate.Committed.I；SW.EffectTemplate.Committed.II；SW.EffectTemplate.Committed.III
赏金猎人,可随机出现,近战游侠弩,SW.Item.HeavyCrossbow_Unique1,SW.EffectTemplate.Committed.I；SW.EffectTemplate.Committed.II；SW.EffectTemplate.Committed.III
赏金猎人,可随机出现,授粉快弩,SW.Item.RapidCrossbow_Unique1,SW.EffectTemplate.Committed.I；SW.EffectTemplate.Committed.II；SW.EffectTemplate.Committed.III
赏金猎人,可随机出现,背叛者双弩,SW.Item.DualCrossbow_Unique1,SW.EffectTemplate.Committed.I；SW.EffectTemplate.Committed.II；SW.EffectTemplate.Committed.III
赏金猎人,可随机出现,轰鸣虫心弦,SW.Item.Greatbow_Unique1,SW.EffectTemplate.Committed.I；SW.EffectTemplate.Committed.II；SW.EffectTemplate.Committed.III
先锋,必带,黄金长柄刀,SW.Item.Glaive_Unique1,SW.EffectTemplate.Vanguard.Unique
先锋,必带,无畏胫甲,SW.Item.UndauntedLeggings_Unique,SW.EffectTemplate.Vanguard.Unique
先锋,可随机出现,烈焰之刃,SW.Item.Sword_Unique1,SW.EffectTemplate.Vanguard.I；SW.EffectTemplate.Vanguard.II；SW.EffectTemplate.Vanguard.III
先锋,可随机出现,首席附魔师护手,SW.Item.Gauntlet_Unique1,SW.EffectTemplate.Vanguard.I；SW.EffectTemplate.Vanguard.II；SW.EffectTemplate.Vanguard.III
先锋,可随机出现,斩杀大剑,SW.Item.Claymore_Unique1,SW.EffectTemplate.Vanguard.I；SW.EffectTemplate.Vanguard.II；SW.EffectTemplate.Vanguard.III
先锋,可随机出现,暗晶剑,SW.Item.Greatsword_Unique1,SW.EffectTemplate.Vanguard.I；SW.EffectTemplate.Vanguard.II；SW.EffectTemplate.Vanguard.III
先锋,可随机出现,平原之傲,SW.Item.CurvedLongsword_Unique1,SW.EffectTemplate.Vanguard.I；SW.EffectTemplate.Vanguard.II；SW.EffectTemplate.Vanguard.III
先锋,可随机出现,调皮鬼军刀,SW.Item.Sabre_Unique1,SW.EffectTemplate.Vanguard.I；SW.EffectTemplate.Vanguard.II；SW.EffectTemplate.Vanguard.III
先锋,可随机出现,神威巨斧,SW.Item.GreatAxe_Unique1,SW.EffectTemplate.Vanguard.I；SW.EffectTemplate.Vanguard.II；SW.EffectTemplate.Vanguard.III
先锋,可随机出现,定身弩,SW.Item.Crossbow_Unique1,SW.EffectTemplate.Vanguard.I；SW.EffectTemplate.Vanguard.II；SW.EffectTemplate.Vanguard.III
先锋,可随机出现,典范弓,SW.Item.Powerbow_Unique1,SW.EffectTemplate.Vanguard.I；SW.EffectTemplate.Vanguard.II；SW.EffectTemplate.Vanguard.III
先锋,可随机出现,近战游侠弩,SW.Item.HeavyCrossbow_Unique1,SW.EffectTemplate.Vanguard.I；SW.EffectTemplate.Vanguard.II；SW.EffectTemplate.Vanguard.III
先锋,可随机出现,轰鸣虫心弦,SW.Item.Greatbow_Unique1,SW.EffectTemplate.Vanguard.I；SW.EffectTemplate.Vanguard.II；SW.EffectTemplate.Vanguard.III
箭袋,必带,神射手马刺靴,SW.Item.RealmreacherBoots_Unique,SW.EffectTemplate.AmmoCapacity.Unique
灵魂诅咒,必带,安眠之刃,SW.Item.CurvedGreatsword_Unique1,SW.EffectTemplate.SoulCurse
烟火特效,必带,碎心锤,SW.Item.WarHammer_Unique1,SW.EffectTemplate.ExplosiveStrike.Unique
随机法师,必带,元素权杖,SW.Item.Battlestaff_Unique1,SW.EffectTemplate.ElementalHit.Unique
体格,必带,木精灵树皮甲,SW.Item.HewnBarkChest_Unique,SW.EffectTemplate.HealthBoost.Unique
强化,必带,狂怒汐浮特便裤,SW.Item.WellspringLeggings_Unique,SW.EffectTemplate.StatusBuff.Unique
神器,必带,巨兽盔甲,SW.Item.RedstoneChest_Unique,SW.EffectTemplate.ArtifactHealing.Unique
神器,必带,炼金术士长裤,SW.Item.EvocationLeggings_Unique,SW.EffectTemplate.ArtifactHealing.Unique
强力打击,必带,神威巨斧,SW.Item.GreatAxe_Unique1,SW.EffectTemplate.StrenghteningStrike.Unique
跳跃射击,必带,幻翼弓,SW.Item.Trickbow_Unique1,SW.EffectTemplate.Jumpshot.Unique
火焰附加,必带,红石破坏者,SW.Item.GiantClub_Unique1,SW.Enchantment.FlameBelch.Unique
震荡波,必带,钻石锹,SW.Item.Shovel_Unique1,SW.Enchantment.Shockwave.Unique
暗影之爪,必带,幽匿者之爪,SW.Item.Claws_Unique1,SW.Enchantment.ClawingShadow.Unique
重力脉冲,必带,暗晶剑,SW.Item.Greatsword_Unique1,SW.Enchantment.GravityPulse.Unique
活力,必带,背叛者双弩,SW.Item.DualCrossbow_Unique1,SW.Enchantment.Dynamo.Unique
霜电附魔,必带,首席附魔师护手,SW.Item.Gauntlet_Unique1,SW.Enchantment.MaulerDive
灵液冲击,必带,幽魂长矛,SW.Item.ShortSpear_Unique1,SW.Enchantment.PhantomLance
穿透,必带,轰鸣虫心弦,SW.Item.Greatbow_Unique1,SW.Enchantment.Piercing.Unique
