词条,关系,装备,类别,独特,装备ID,词条模板
防护,装备固有,怪物粉碎者,近战武器,True,SW.Item.GiantMallet_Unique1,SW.Effecttemplate.Protection.Unique
防护,装备固有,轰鸣虫触角,护甲,True,SW.Item.StalwartHelmet_Unique,SW.Effecttemplate.Protection.Unique
防护,可随机出现,游牧者之靴,护甲,False,SW.Item.VoyagerBoots,SW.EffectTemplate.Protection.I；SW.EffectTemplate.Protection.II；SW.EffectTemplate.Protection.III
防护,可随机出现,游牧者胸甲,护甲,False,SW.Item.VoyagerChest,SW.EffectTemplate.Protection.I；SW.EffectTemplate.Protection.II；SW.EffectTemplate.Protection.III
防护,可随机出现,游牧者兜帽,护甲,False,SW.Item.VoyagerHelmet,SW.EffectTemplate.Protection.I；SW.EffectTemplate.Protection.II；SW.EffectTemplate.Protection.III
防护,可随机出现,游牧者护腿,护甲,False,SW.Item.VoyagerLeggings,SW.EffectTemplate.Protection.I；SW.EffectTemplate.Protection.II；SW.EffectTemplate.Protection.III
防护,可随机出现,赏金猎人之靴,护甲,False,SW.Item.UndauntedBoots,SW.EffectTemplate.Protection.I；SW.EffectTemplate.Protection.II；SW.EffectTemplate.Protection.III
防护,可随机出现,赏金猎人头盔,护甲,False,SW.Item.UndauntedHelmet,SW.EffectTemplate.Protection.I；SW.EffectTemplate.Protection.II；SW.EffectTemplate.Protection.III
防护,可随机出现,赏金猎人护胫,护甲,False,SW.Item.UndauntedLeggings,SW.EffectTemplate.Protection.I；SW.EffectTemplate.Protection.II；SW.EffectTemplate.Protection.III
防护,可随机出现,赏金猎人胸甲,护甲,False,SW.Item.UndauntedChest,SW.EffectTemplate.Protection.I；SW.EffectTemplate.Protection.II；SW.EffectTemplate.Protection.III
防护,可随机出现,钢丝绒毛衣,护甲,False,SW.Item.FrostRimeChest,SW.EffectTemplate.Protection.I；SW.EffectTemplate.Protection.II；SW.EffectTemplate.Protection.III
防护,可随机出现,钢丝绒护腿,护甲,False,SW.Item.FrostRimeLeggings,SW.EffectTemplate.Protection.I；SW.EffectTemplate.Protection.II；SW.EffectTemplate.Protection.III
防护,可随机出现,钢丝绒靴,护甲,False,SW.Item.FrostRimeBoots,SW.EffectTemplate.Protection.I；SW.EffectTemplate.Protection.II；SW.EffectTemplate.Protection.III
防护,可随机出现,钢丝绒帽,护甲,False,SW.Item.FrostRimeHelmet,SW.EffectTemplate.Protection.I；SW.EffectTemplate.Protection.II；SW.EffectTemplate.Protection.III
防护,可随机出现,幽匿挖掘者靴子,护甲,False,SW.Item.CaveCrawlerBoots,SW.EffectTemplate.Protection.I；SW.EffectTemplate.Protection.II；SW.EffectTemplate.Protection.III
防护,可随机出现,幽匿挖掘者长袍,护甲,False,SW.Item.CaveCrawlerChest,SW.EffectTemplate.Protection.I；SW.EffectTemplate.Protection.II；SW.EffectTemplate.Protection.III
防护,可随机出现,幽匿挖掘者兜帽,护甲,False,SW.Item.CaveCrawlerHelmet,SW.EffectTemplate.Protection.I；SW.EffectTemplate.Protection.II；SW.EffectTemplate.Protection.III
防护,可随机出现,幽匿挖掘者护腿,护甲,False,SW.Item.CaveCrawlerLeggings,SW.EffectTemplate.Protection.I；SW.EffectTemplate.Protection.II；SW.EffectTemplate.Protection.III
防护,可随机出现,无畏角盔,护甲,True,SW.Item.UndauntedHelmet_Unique,SW.EffectTemplate.Protection.I；SW.EffectTemplate.Protection.II；SW.EffectTemplate.Protection.III
防护,可随机出现,无畏肩甲,护甲,True,SW.Item.UndauntedChest_Unique,SW.EffectTemplate.Protection.I；SW.EffectTemplate.Protection.II；SW.EffectTemplate.Protection.III
防护,可随机出现,无畏胫甲,护甲,True,SW.Item.UndauntedLeggings_Unique,SW.EffectTemplate.Protection.I；SW.EffectTemplate.Protection.II；SW.EffectTemplate.Protection.III
防护,可随机出现,无畏足甲,护甲,True,SW.Item.UndauntedBoots_Unique,SW.EffectTemplate.Protection.I；SW.EffectTemplate.Protection.II；SW.EffectTemplate.Protection.III
防护,可随机出现,寒霜护甲,护甲,True,SW.Item.FrostRimeChest_Unique,SW.EffectTemplate.Protection.I；SW.EffectTemplate.Protection.II；SW.EffectTemplate.Protection.III
防护,可随机出现,寒霜长衬裤,护甲,True,SW.Item.FrostRimeLeggings_Unique,SW.EffectTemplate.Protection.I；SW.EffectTemplate.Protection.II；SW.EffectTemplate.Protection.III
防护,可随机出现,寒霜踏雪靴,护甲,True,SW.Item.FrostRimeBoots_Unique,SW.EffectTemplate.Protection.I；SW.EffectTemplate.Protection.II；SW.EffectTemplate.Protection.III
防护,可随机出现,寒霜冰帽,护甲,True,SW.Item.FrostRimeHelmet_Unique,SW.EffectTemplate.Protection.I；SW.EffectTemplate.Protection.II；SW.EffectTemplate.Protection.III
防护,可随机出现,漫游者足甲,护甲,True,SW.Item.VoyagerBoots_Unique,SW.EffectTemplate.Protection.I；SW.EffectTemplate.Protection.II；SW.EffectTemplate.Protection.III
防护,可随机出现,漫游者肩甲,护甲,True,SW.Item.VoyagerChest_Unique,SW.EffectTemplate.Protection.I；SW.EffectTemplate.Protection.II；SW.EffectTemplate.Protection.III
防护,可随机出现,漫游者面甲,护甲,True,SW.Item.VoyagerHelmet_Unique,SW.EffectTemplate.Protection.I；SW.EffectTemplate.Protection.II；SW.EffectTemplate.Protection.III
防护,可随机出现,漫游者绑腿,护甲,True,SW.Item.VoyagerLeggings_Unique,SW.EffectTemplate.Protection.I；SW.EffectTemplate.Protection.II；SW.EffectTemplate.Protection.III
防护,可随机出现,扭曲监守者轻靴,护甲,True,SW.Item.CaveCrawlerBoots_Unique,SW.EffectTemplate.Protection.I；SW.EffectTemplate.Protection.II；SW.EffectTemplate.Protection.III
防护,可随机出现,扭曲监守者背心,护甲,True,SW.Item.CaveCrawlerChest_Unique,SW.EffectTemplate.Protection.I；SW.EffectTemplate.Protection.II；SW.EffectTemplate.Protection.III
防护,可随机出现,扭曲监守者眼罩,护甲,True,SW.Item.CaveCrawlerHelmet_Unique,SW.EffectTemplate.Protection.I；SW.EffectTemplate.Protection.II；SW.EffectTemplate.Protection.III
防护,可随机出现,扭曲监守者紧身裤,护甲,True,SW.Item.CaveCrawlerLeggings_Unique,SW.EffectTemplate.Protection.I；SW.EffectTemplate.Protection.II；SW.EffectTemplate.Protection.III
防护,可随机出现,守卫者头盔,护甲,False,SW.Item.StalwartHelmet,SW.EffectTemplate.Protection.I；SW.EffectTemplate.Protection.II；SW.EffectTemplate.Protection.III
防护,可随机出现,守卫者胸甲,护甲,False,SW.Item.StalwartChest,SW.EffectTemplate.Protection.I；SW.EffectTemplate.Protection.II；SW.EffectTemplate.Protection.III
防护,可随机出现,守卫者护胫,护甲,False,SW.Item.StalwartLeggings,SW.EffectTemplate.Protection.I；SW.EffectTemplate.Protection.II；SW.EffectTemplate.Protection.III
防护,可随机出现,守卫者之靴,护甲,False,SW.Item.StalwartBoots,SW.EffectTemplate.Protection.I；SW.EffectTemplate.Protection.II；SW.EffectTemplate.Protection.III
防护,可随机出现,轰鸣虫甲壳,护甲,True,SW.Item.StalwartChest_Unique,SW.EffectTemplate.Protection.I；SW.EffectTemplate.Protection.II；SW.EffectTemplate.Protection.III
防护,可随机出现,轰鸣虫胫甲,护甲,True,SW.Item.StalwartLeggings_Unique,SW.EffectTemplate.Protection.I；SW.EffectTemplate.Protection.II；SW.EffectTemplate.Protection.III
防护,可随机出现,轰鸣虫跗靴,护甲,True,SW.Item.StalwartBoots_Unique,SW.EffectTemplate.Protection.I；SW.EffectTemplate.Protection.II；SW.EffectTemplate.Protection.III
防护,可随机出现,蘑菇帽,护甲,False,SW.Item.MushroomHelmet,SW.EffectTemplate.Protection.I；SW.EffectTemplate.Protection.II；SW.EffectTemplate.Protection.III
防护,可随机出现,蘑菇长袍,护甲,False,SW.Item.MushroomChest,SW.EffectTemplate.Protection.I；SW.EffectTemplate.Protection.II；SW.EffectTemplate.Protection.III
防护,可随机出现,蘑菇护腿,护甲,False,SW.Item.MushroomLeggings,SW.EffectTemplate.Protection.I；SW.EffectTemplate.Protection.II；SW.EffectTemplate.Protection.III
防护,可随机出现,蘑菇靴,护甲,False,SW.Item.MushroomBoots,SW.EffectTemplate.Protection.I；SW.EffectTemplate.Protection.II；SW.EffectTemplate.Protection.III
防护,可随机出现,门徒面具,护甲,False,SW.Item.DiscipleHelmet,SW.EffectTemplate.Protection.I；SW.EffectTemplate.Protection.II；SW.EffectTemplate.Protection.III
防护,可随机出现,门徒长袍,护甲,False,SW.Item.DiscipleChest,SW.EffectTemplate.Protection.I；SW.EffectTemplate.Protection.II；SW.EffectTemplate.Protection.III
防护,可随机出现,门徒护腿,护甲,False,SW.Item.DiscipleLeggings,SW.EffectTemplate.Protection.I；SW.EffectTemplate.Protection.II；SW.EffectTemplate.Protection.III
防护,可随机出现,门徒裹足布,护甲,False,SW.Item.DiscipleBoots,SW.EffectTemplate.Protection.I；SW.EffectTemplate.Protection.II；SW.EffectTemplate.Protection.III
防护,可随机出现,红石头盔,护甲,False,SW.Item.RedstoneHelmet,SW.EffectTemplate.Protection.I；SW.EffectTemplate.Protection.II；SW.EffectTemplate.Protection.III
防护,可随机出现,红石胸甲,护甲,False,SW.Item.RedstoneChest,SW.EffectTemplate.Protection.I；SW.EffectTemplate.Protection.II；SW.EffectTemplate.Protection.III
防护,可随机出现,红石护胫,护甲,False,SW.Item.RedstoneLeggings,SW.EffectTemplate.Protection.I；SW.EffectTemplate.Protection.II；SW.EffectTemplate.Protection.III
防护,可随机出现,红石靴,护甲,False,SW.Item.RedstoneBoots,SW.EffectTemplate.Protection.I；SW.EffectTemplate.Protection.II；SW.EffectTemplate.Protection.III
防护,可随机出现,毒蝇伞帽,护甲,True,SW.Item.MushroomHelmet_Unique,SW.EffectTemplate.Protection.I；SW.EffectTemplate.Protection.II；SW.EffectTemplate.Protection.III
防护,可随机出现,毒蝇伞外套,护甲,True,SW.Item.MushroomChest_Unique,SW.EffectTemplate.Protection.I；SW.EffectTemplate.Protection.II；SW.EffectTemplate.Protection.III
防护,可随机出现,毒蝇伞长裤,护甲,True,SW.Item.MushroomLeggings_Unique,SW.EffectTemplate.Protection.I；SW.EffectTemplate.Protection.II；SW.EffectTemplate.Protection.III
防护,可随机出现,毒蝇伞雨鞋,护甲,True,SW.Item.MushroomBoots_Unique,SW.EffectTemplate.Protection.I；SW.EffectTemplate.Protection.II；SW.EffectTemplate.Protection.III
防护,可随机出现,贤者头带,护甲,True,SW.Item.DiscipleHelmet_Unique,SW.EffectTemplate.Protection.I；SW.EffectTemplate.Protection.II；SW.EffectTemplate.Protection.III
防护,可随机出现,贤者束衣,护甲,True,SW.Item.DiscipleChest_Unique,SW.EffectTemplate.Protection.I；SW.EffectTemplate.Protection.II；SW.EffectTemplate.Protection.III
防护,可随机出现,贤者腰带,护甲,True,SW.Item.DiscipleLeggings_Unique,SW.EffectTemplate.Protection.I；SW.EffectTemplate.Protection.II；SW.EffectTemplate.Protection.III
防护,可随机出现,贤者裹足布,护甲,True,SW.Item.DiscipleBoots_Unique,SW.EffectTemplate.Protection.I；SW.EffectTemplate.Protection.II；SW.EffectTemplate.Protection.III
防护,可随机出现,巨兽角盔,护甲,True,SW.Item.RedstoneHelmet_Unique,SW.EffectTemplate.Protection.I；SW.EffectTemplate.Protection.II；SW.EffectTemplate.Protection.III
防护,可随机出现,巨兽盔甲,护甲,True,SW.Item.RedstoneChest_Unique,SW.EffectTemplate.Protection.I；SW.EffectTemplate.Protection.II；SW.EffectTemplate.Protection.III
防护,可随机出现,巨兽胫甲,护甲,True,SW.Item.RedstoneLeggings_Unique,SW.EffectTemplate.Protection.I；SW.EffectTemplate.Protection.II；SW.EffectTemplate.Protection.III
防护,可随机出现,巨兽战靴,护甲,True,SW.Item.RedstoneBoots_Unique,SW.EffectTemplate.Protection.I；SW.EffectTemplate.Protection.II；SW.EffectTemplate.Protection.III
锋利,可随机出现,战锤,近战武器,False,SW.Item.WarHammer,SW.EffectTemplate.Sharpness.I；SW.EffectTemplate.Sharpness.II；SW.EffectTemplate.Sharpness.III
锋利,可随机出现,长矛,近战武器,False,SW.Item.Pike,SW.EffectTemplate.Sharpness.I；SW.EffectTemplate.Sharpness.II；SW.EffectTemplate.Sharpness.III
锋利,可随机出现,剑,近战武器,False,SW.Item.Sword,SW.EffectTemplate.Sharpness.I；SW.EffectTemplate.Sharpness.II；SW.EffectTemplate.Sharpness.III
锋利,可随机出现,护手,近战武器,False,SW.Item.Gauntlet,SW.EffectTemplate.Sharpness.I；SW.EffectTemplate.Sharpness.II；SW.EffectTemplate.Sharpness.III
锋利,可随机出现,双匕首,近战武器,False,SW.Item.Daggers,SW.EffectTemplate.Sharpness.I；SW.EffectTemplate.Sharpness.II；SW.EffectTemplate.Sharpness.III
锋利,可随机出现,斧头,近战武器,False,SW.Item.Axe,SW.EffectTemplate.Sharpness.I；SW.EffectTemplate.Sharpness.II；SW.EffectTemplate.Sharpness.III
锋利,可随机出现,短矛,近战武器,False,SW.Item.ShortSpear,SW.EffectTemplate.Sharpness.I；SW.EffectTemplate.Sharpness.II；SW.EffectTemplate.Sharpness.III
锋利,可随机出现,镐,近战武器,False,SW.Item.Pickaxe,SW.EffectTemplate.Sharpness.I；SW.EffectTemplate.Sharpness.II；SW.EffectTemplate.Sharpness.III
锋利,可随机出现,细剑,近战武器,False,SW.Item.Rapier,SW.EffectTemplate.Sharpness.I；SW.EffectTemplate.Sharpness.II；SW.EffectTemplate.Sharpness.III
锋利,可随机出现,碎心锤,近战武器,True,SW.Item.WarHammer_Unique1,SW.EffectTemplate.Sharpness.I；SW.EffectTemplate.Sharpness.II；SW.EffectTemplate.Sharpness.III
锋利,可随机出现,风暴召唤者,近战武器,True,SW.Item.Pike_Unique1,SW.EffectTemplate.Sharpness.I；SW.EffectTemplate.Sharpness.II；SW.EffectTemplate.Sharpness.III
锋利,可随机出现,烈焰之刃,近战武器,True,SW.Item.Sword_Unique1,SW.EffectTemplate.Sharpness.I；SW.EffectTemplate.Sharpness.II；SW.EffectTemplate.Sharpness.III
锋利,可随机出现,首席附魔师护手,近战武器,True,SW.Item.Gauntlet_Unique1,SW.EffectTemplate.Sharpness.I；SW.EffectTemplate.Sharpness.II；SW.EffectTemplate.Sharpness.III
锋利,可随机出现,毒牙,近战武器,True,SW.Item.Daggers_Unique1,SW.EffectTemplate.Sharpness.I；SW.EffectTemplate.Sharpness.II；SW.EffectTemplate.Sharpness.III
锋利,可随机出现,猎人手斧,近战武器,True,SW.Item.Axe_Unique1,SW.EffectTemplate.Sharpness.I；SW.EffectTemplate.Sharpness.II；SW.EffectTemplate.Sharpness.III
锋利,可随机出现,幽魂长矛,近战武器,True,SW.Item.ShortSpear_Unique1,SW.EffectTemplate.Sharpness.I；SW.EffectTemplate.Sharpness.II；SW.EffectTemplate.Sharpness.III
锋利,可随机出现,红石破坏者,近战武器,True,SW.Item.GiantClub_Unique1,SW.EffectTemplate.Sharpness.I；SW.EffectTemplate.Sharpness.II；SW.EffectTemplate.Sharpness.III
锋利,可随机出现,探勘者之镐,近战武器,True,SW.Item.Pickaxe_Unique1,SW.EffectTemplate.Sharpness.I；SW.EffectTemplate.Sharpness.II；SW.EffectTemplate.Sharpness.III
锋利,可随机出现,千刃,近战武器,True,SW.Item.Rapier_Unique1,SW.EffectTemplate.Sharpness.I；SW.EffectTemplate.Sharpness.II；SW.EffectTemplate.Sharpness.III
锋利,可随机出现,大剑,近战武器,False,SW.Item.Claymore,SW.EffectTemplate.Sharpness.I；SW.EffectTemplate.Sharpness.II；SW.EffectTemplate.Sharpness.III
锋利,可随机出现,巨剑,近战武器,False,SW.Item.Greatsword,SW.EffectTemplate.Sharpness.I；SW.EffectTemplate.Sharpness.II；SW.EffectTemplate.Sharpness.III
锋利,可随机出现,狼爪,近战武器,False,SW.Item.Claws,SW.EffectTemplate.Sharpness.I；SW.EffectTemplate.Sharpness.II；SW.EffectTemplate.Sharpness.III
锋利,可随机出现,长柄刀,近战武器,False,SW.Item.Glaive,SW.EffectTemplate.Sharpness.I；SW.EffectTemplate.Sharpness.II；SW.EffectTemplate.Sharpness.III
锋利,可随机出现,战斗权杖,近战武器,False,SW.Item.Battlestaff,SW.EffectTemplate.Sharpness.I；SW.EffectTemplate.Sharpness.II；SW.EffectTemplate.Sharpness.III
锋利,可随机出现,剁肉刀,近战武器,False,SW.Item.Cleaver,SW.EffectTemplate.Sharpness.I；SW.EffectTemplate.Sharpness.II；SW.EffectTemplate.Sharpness.III
锋利,可随机出现,双镰,近战武器,False,SW.Item.Sickles,SW.EffectTemplate.Sharpness.I；SW.EffectTemplate.Sharpness.II；SW.EffectTemplate.Sharpness.III
锋利,可随机出现,镰刀,近战武器,False,SW.Item.Scythe,SW.EffectTemplate.Sharpness.I；SW.EffectTemplate.Sharpness.II；SW.EffectTemplate.Sharpness.III
锋利,可随机出现,重击者,近战武器,False,SW.Item.GiantClub,SW.EffectTemplate.Sharpness.I；SW.EffectTemplate.Sharpness.II；SW.EffectTemplate.Sharpness.III
锋利,可随机出现,定型刀,近战武器,False,SW.Item.CurvedGreatsword,SW.EffectTemplate.Sharpness.I；SW.EffectTemplate.Sharpness.II；SW.EffectTemplate.Sharpness.III
锋利,可随机出现,打怪木槌,近战武器,False,SW.Item.GiantMallet,SW.EffectTemplate.Sharpness.I；SW.EffectTemplate.Sharpness.II；SW.EffectTemplate.Sharpness.III
锋利,可随机出现,长剑,近战武器,False,SW.Item.StraightSword,SW.EffectTemplate.Sharpness.I；SW.EffectTemplate.Sharpness.II；SW.EffectTemplate.Sharpness.III
锋利,可随机出现,裂隙撕裂者,近战武器,False,SW.Item.CurvedLongsword,SW.EffectTemplate.Sharpness.I；SW.EffectTemplate.Sharpness.II；SW.EffectTemplate.Sharpness.III
锋利,可随机出现,铁锹,近战武器,False,SW.Item.Shovel,SW.EffectTemplate.Sharpness.I；SW.EffectTemplate.Sharpness.II；SW.EffectTemplate.Sharpness.III
锋利,可随机出现,重锤,近战武器,False,SW.Item.Mace,SW.EffectTemplate.Sharpness.I；SW.EffectTemplate.Sharpness.II；SW.EffectTemplate.Sharpness.III
锋利,可随机出现,暮光匕首,近战武器,False,SW.Item.Dagger,SW.EffectTemplate.Sharpness.I；SW.EffectTemplate.Sharpness.II；SW.EffectTemplate.Sharpness.III
锋利,可随机出现,军刀,近战武器,False,SW.Item.Sabre,SW.EffectTemplate.Sharpness.I；SW.EffectTemplate.Sharpness.II；SW.EffectTemplate.Sharpness.III
锋利,可随机出现,战斗锤,近战武器,False,SW.Item.Hammer,SW.EffectTemplate.Sharpness.I；SW.EffectTemplate.Sharpness.II；SW.EffectTemplate.Sharpness.III
锋利,可随机出现,潮汐镰刀,近战武器,False,SW.Item.MoonSword,SW.EffectTemplate.Sharpness.I；SW.EffectTemplate.Sharpness.II；SW.EffectTemplate.Sharpness.III
锋利,可随机出现,巨斧,近战武器,False,SW.Item.GreatAxe,SW.EffectTemplate.Sharpness.I；SW.EffectTemplate.Sharpness.II；SW.EffectTemplate.Sharpness.III
锋利,可随机出现,斩杀大剑,近战武器,True,SW.Item.Claymore_Unique1,SW.EffectTemplate.Sharpness.I；SW.EffectTemplate.Sharpness.II；SW.EffectTemplate.Sharpness.III
锋利,可随机出现,暗晶剑,近战武器,True,SW.Item.Greatsword_Unique1,SW.EffectTemplate.Sharpness.I；SW.EffectTemplate.Sharpness.II；SW.EffectTemplate.Sharpness.III
锋利,可随机出现,幽匿者之爪,近战武器,True,SW.Item.Claws_Unique1,SW.EffectTemplate.Sharpness.I；SW.EffectTemplate.Sharpness.II；SW.EffectTemplate.Sharpness.III
锋利,可随机出现,黄金长柄刀,近战武器,True,SW.Item.Glaive_Unique1,SW.EffectTemplate.Sharpness.I；SW.EffectTemplate.Sharpness.II；SW.EffectTemplate.Sharpness.III
锋利,可随机出现,元素权杖,近战武器,True,SW.Item.Battlestaff_Unique1,SW.EffectTemplate.Sharpness.I；SW.EffectTemplate.Sharpness.II；SW.EffectTemplate.Sharpness.III
锋利,可随机出现,剁魂刀,近战武器,True,SW.Item.Cleaver_Unique1,SW.EffectTemplate.Sharpness.I；SW.EffectTemplate.Sharpness.II；SW.EffectTemplate.Sharpness.III
锋利,可随机出现,汐浮镰刀,近战武器,True,SW.Item.Sickles_Unique1,SW.EffectTemplate.Sharpness.I；SW.EffectTemplate.Sharpness.II；SW.EffectTemplate.Sharpness.III
锋利,可随机出现,摄魂者,近战武器,True,SW.Item.Scythe_Unique1,SW.EffectTemplate.Sharpness.I；SW.EffectTemplate.Sharpness.II；SW.EffectTemplate.Sharpness.III
锋利,可随机出现,安眠之刃,近战武器,True,SW.Item.CurvedGreatsword_Unique1,SW.EffectTemplate.Sharpness.I；SW.EffectTemplate.Sharpness.II；SW.EffectTemplate.Sharpness.III
锋利,可随机出现,怪物粉碎者,近战武器,True,SW.Item.GiantMallet_Unique1,SW.EffectTemplate.Sharpness.I；SW.EffectTemplate.Sharpness.II；SW.EffectTemplate.Sharpness.III
锋利,可随机出现,霜冻剑,近战武器,True,SW.Item.StraightSword_Unique1,SW.EffectTemplate.Sharpness.I；SW.EffectTemplate.Sharpness.II；SW.EffectTemplate.Sharpness.III
锋利,可随机出现,平原之傲,近战武器,True,SW.Item.CurvedLongsword_Unique1,SW.EffectTemplate.Sharpness.I；SW.EffectTemplate.Sharpness.II；SW.EffectTemplate.Sharpness.III
锋利,可随机出现,钻石锹,近战武器,True,SW.Item.Shovel_Unique1,SW.EffectTemplate.Sharpness.I；SW.EffectTemplate.Sharpness.II；SW.EffectTemplate.Sharpness.III
锋利,可随机出现,甲壳重锤,近战武器,True,SW.Item.Mace_Unique1,SW.EffectTemplate.Sharpness.I；SW.EffectTemplate.Sharpness.II；SW.EffectTemplate.Sharpness.III
锋利,可随机出现,幽匿者克星,近战武器,True,SW.Item.Dagger_Unique1,SW.EffectTemplate.Sharpness.I；SW.EffectTemplate.Sharpness.II；SW.EffectTemplate.Sharpness.III
锋利,可随机出现,调皮鬼军刀,近战武器,True,SW.Item.Sabre_Unique1,SW.EffectTemplate.Sharpness.I；SW.EffectTemplate.Sharpness.II；SW.EffectTemplate.Sharpness.III
锋利,可随机出现,绿宝石锤,近战武器,True,SW.Item.Hammer_Unique1,SW.EffectTemplate.Sharpness.I；SW.EffectTemplate.Sharpness.II；SW.EffectTemplate.Sharpness.III
锋利,可随机出现,弯月镰刀,近战武器,True,SW.Item.MoonSword_Unique1,SW.EffectTemplate.Sharpness.I；SW.EffectTemplate.Sharpness.II；SW.EffectTemplate.Sharpness.III
锋利,可随机出现,神威巨斧,近战武器,True,SW.Item.GreatAxe_Unique1,SW.EffectTemplate.Sharpness.I；SW.EffectTemplate.Sharpness.II；SW.EffectTemplate.Sharpness.III
锋利,护符成长,铁拳,护符,False,SW.Item.Talisman.Brawling,SW.EffectTemplate.Brawling.I；SW.EffectTemplate.Brawling.II；SW.EffectTemplate.Brawling.III
迅捷,装备固有,千刃,近战武器,True,SW.Item.Rapier_Unique1,SW.EffectTemplate.RapidStrike.Unique
迅捷,装备固有,贤者裹足布,护甲,True,SW.Item.DiscipleBoots_Unique,SW.EffectTemplate.RapidStrike.Unique
迅捷,可随机出现,游牧者之靴,护甲,False,SW.Item.VoyagerBoots,SW.EffectTemplate.RapidStrike.I；SW.EffectTemplate.RapidStrike.II；SW.EffectTemplate.RapidStrike.III
迅捷,可随机出现,游牧者胸甲,护甲,False,SW.Item.VoyagerChest,SW.EffectTemplate.RapidStrike.I；SW.EffectTemplate.RapidStrike.II；SW.EffectTemplate.RapidStrike.III
迅捷,可随机出现,游牧者兜帽,护甲,False,SW.Item.VoyagerHelmet,SW.EffectTemplate.RapidStrike.I；SW.EffectTemplate.RapidStrike.II；SW.EffectTemplate.RapidStrike.III
迅捷,可随机出现,游牧者护腿,护甲,False,SW.Item.VoyagerLeggings,SW.EffectTemplate.RapidStrike.I；SW.EffectTemplate.RapidStrike.II；SW.EffectTemplate.RapidStrike.III
迅捷,可随机出现,漫游者足甲,护甲,True,SW.Item.VoyagerBoots_Unique,SW.EffectTemplate.RapidStrike.I；SW.EffectTemplate.RapidStrike.II；SW.EffectTemplate.RapidStrike.III
迅捷,可随机出现,漫游者肩甲,护甲,True,SW.Item.VoyagerChest_Unique,SW.EffectTemplate.RapidStrike.I；SW.EffectTemplate.RapidStrike.II；SW.EffectTemplate.RapidStrike.III
迅捷,可随机出现,漫游者面甲,护甲,True,SW.Item.VoyagerHelmet_Unique,SW.EffectTemplate.RapidStrike.I；SW.EffectTemplate.RapidStrike.II；SW.EffectTemplate.RapidStrike.III
迅捷,可随机出现,漫游者绑腿,护甲,True,SW.Item.VoyagerLeggings_Unique,SW.EffectTemplate.RapidStrike.I；SW.EffectTemplate.RapidStrike.II；SW.EffectTemplate.RapidStrike.III
迅捷,可随机出现,门徒面具,护甲,False,SW.Item.DiscipleHelmet,SW.EffectTemplate.RapidStrike.I；SW.EffectTemplate.RapidStrike.II；SW.EffectTemplate.RapidStrike.III
迅捷,可随机出现,门徒长袍,护甲,False,SW.Item.DiscipleChest,SW.EffectTemplate.RapidStrike.I；SW.EffectTemplate.RapidStrike.II；SW.EffectTemplate.RapidStrike.III
迅捷,可随机出现,门徒护腿,护甲,False,SW.Item.DiscipleLeggings,SW.EffectTemplate.RapidStrike.I；SW.EffectTemplate.RapidStrike.II；SW.EffectTemplate.RapidStrike.III
迅捷,可随机出现,门徒裹足布,护甲,False,SW.Item.DiscipleBoots,SW.EffectTemplate.RapidStrike.I；SW.EffectTemplate.RapidStrike.II；SW.EffectTemplate.RapidStrike.III
迅捷,可随机出现,贤者头带,护甲,True,SW.Item.DiscipleHelmet_Unique,SW.EffectTemplate.RapidStrike.I；SW.EffectTemplate.RapidStrike.II；SW.EffectTemplate.RapidStrike.III
迅捷,可随机出现,贤者束衣,护甲,True,SW.Item.DiscipleChest_Unique,SW.EffectTemplate.RapidStrike.I；SW.EffectTemplate.RapidStrike.II；SW.EffectTemplate.RapidStrike.III
迅捷,可随机出现,贤者腰带,护甲,True,SW.Item.DiscipleLeggings_Unique,SW.EffectTemplate.RapidStrike.I；SW.EffectTemplate.RapidStrike.II；SW.EffectTemplate.RapidStrike.III
速度,可随机出现,游侠夹克,护甲,False,SW.Item.RealmreacherChest,SW.EffectTemplate.SpeedBoost.I；SW.EffectTemplate.SpeedBoost.II；SW.EffectTemplate.SpeedBoost.III
速度,可随机出现,游侠护腿,护甲,False,SW.Item.RealmreacherLeggings,SW.EffectTemplate.SpeedBoost.I；SW.EffectTemplate.SpeedBoost.II；SW.EffectTemplate.SpeedBoost.III
速度,可随机出现,游侠靴,护甲,False,SW.Item.RealmreacherBoots,SW.EffectTemplate.SpeedBoost.I；SW.EffectTemplate.SpeedBoost.II；SW.EffectTemplate.SpeedBoost.III
速度,可随机出现,游侠帽,护甲,False,SW.Item.RealmreacherHelmet,SW.EffectTemplate.SpeedBoost.I；SW.EffectTemplate.SpeedBoost.II；SW.EffectTemplate.SpeedBoost.III
速度,可随机出现,神射手风衣,护甲,True,SW.Item.RealmreacherChest_Unique,SW.EffectTemplate.SpeedBoost.I；SW.EffectTemplate.SpeedBoost.II；SW.EffectTemplate.SpeedBoost.III
速度,可随机出现,神射手套裤,护甲,True,SW.Item.RealmreacherLeggings_Unique,SW.EffectTemplate.SpeedBoost.I；SW.EffectTemplate.SpeedBoost.II；SW.EffectTemplate.SpeedBoost.III
速度,可随机出现,神射手马刺靴,护甲,True,SW.Item.RealmreacherBoots_Unique,SW.EffectTemplate.SpeedBoost.I；SW.EffectTemplate.SpeedBoost.II；SW.EffectTemplate.SpeedBoost.III
速度,可随机出现,神射手软呢帽,护甲,True,SW.Item.RealmreacherHelmet_Unique,SW.EffectTemplate.SpeedBoost.I；SW.EffectTemplate.SpeedBoost.II；SW.EffectTemplate.SpeedBoost.III
速度,可随机出现,幻翼头盔,护甲,False,SW.Item.PhantomHelmet,SW.EffectTemplate.SpeedBoost.I；SW.EffectTemplate.SpeedBoost.II；SW.EffectTemplate.SpeedBoost.III
速度,可随机出现,幻翼胸甲,护甲,False,SW.Item.PhantomChest,SW.EffectTemplate.SpeedBoost.I；SW.EffectTemplate.SpeedBoost.II；SW.EffectTemplate.SpeedBoost.III
速度,可随机出现,幻翼长裤,护甲,False,SW.Item.PhantomLeggings,SW.EffectTemplate.SpeedBoost.I；SW.EffectTemplate.SpeedBoost.II；SW.EffectTemplate.SpeedBoost.III
速度,可随机出现,幻翼靴,护甲,False,SW.Item.PhantomBoots,SW.EffectTemplate.SpeedBoost.I；SW.EffectTemplate.SpeedBoost.II；SW.EffectTemplate.SpeedBoost.III
速度,可随机出现,界域行者帽,护甲,False,SW.Item.TimewornHelmet,SW.EffectTemplate.SpeedBoost.I；SW.EffectTemplate.SpeedBoost.II；SW.EffectTemplate.SpeedBoost.III
速度,可随机出现,界域行者长袍,护甲,False,SW.Item.TimewornChest,SW.EffectTemplate.SpeedBoost.I；SW.EffectTemplate.SpeedBoost.II；SW.EffectTemplate.SpeedBoost.III
速度,可随机出现,界域行者护腿,护甲,False,SW.Item.TimewornLeggings,SW.EffectTemplate.SpeedBoost.I；SW.EffectTemplate.SpeedBoost.II；SW.EffectTemplate.SpeedBoost.III
速度,可随机出现,界域行者靴,护甲,False,SW.Item.TimewornBoots,SW.EffectTemplate.SpeedBoost.I；SW.EffectTemplate.SpeedBoost.II；SW.EffectTemplate.SpeedBoost.III
速度,可随机出现,驭梦者王冠,护甲,True,SW.Item.PhantomHelmet_Unique,SW.EffectTemplate.SpeedBoost.I；SW.EffectTemplate.SpeedBoost.II；SW.EffectTemplate.SpeedBoost.III
速度,可随机出现,驭梦者外袍,护甲,True,SW.Item.PhantomChest_Unique,SW.EffectTemplate.SpeedBoost.I；SW.EffectTemplate.SpeedBoost.II；SW.EffectTemplate.SpeedBoost.III
速度,可随机出现,驭梦者睡裤,护甲,True,SW.Item.PhantomLeggings_Unique,SW.EffectTemplate.SpeedBoost.I；SW.EffectTemplate.SpeedBoost.II；SW.EffectTemplate.SpeedBoost.III
速度,可随机出现,驭梦者拖鞋,护甲,True,SW.Item.PhantomBoots_Unique,SW.EffectTemplate.SpeedBoost.I；SW.EffectTemplate.SpeedBoost.II；SW.EffectTemplate.SpeedBoost.III
速度,可随机出现,灵魂腐化者面具,护甲,True,SW.Item.TimewornHelmet_Unique,SW.EffectTemplate.SpeedBoost.I；SW.EffectTemplate.SpeedBoost.II；SW.EffectTemplate.SpeedBoost.III
速度,可随机出现,灵魂腐化者风衣,护甲,True,SW.Item.TimewornChest_Unique,SW.EffectTemplate.SpeedBoost.I；SW.EffectTemplate.SpeedBoost.II；SW.EffectTemplate.SpeedBoost.III
速度,可随机出现,灵魂腐化者腰带,护甲,True,SW.Item.TimewornLeggings_Unique,SW.EffectTemplate.SpeedBoost.I；SW.EffectTemplate.SpeedBoost.II；SW.EffectTemplate.SpeedBoost.III
速度,可随机出现,灵魂腐化者凉鞋,护甲,True,SW.Item.TimewornBoots_Unique,SW.EffectTemplate.SpeedBoost.I；SW.EffectTemplate.SpeedBoost.II；SW.EffectTemplate.SpeedBoost.III
暴击,可随机出现,战锤,近战武器,False,SW.Item.WarHammer,SW.EffectTemplate.CriticalHit.I；SW.EffectTemplate.CriticalHit.II；SW.EffectTemplate.CriticalHit.III
暴击,可随机出现,长矛,近战武器,False,SW.Item.Pike,SW.EffectTemplate.CriticalHit.I；SW.EffectTemplate.CriticalHit.II；SW.EffectTemplate.CriticalHit.III
暴击,可随机出现,剑,近战武器,False,SW.Item.Sword,SW.EffectTemplate.CriticalHit.I；SW.EffectTemplate.CriticalHit.II；SW.EffectTemplate.CriticalHit.III
暴击,可随机出现,护手,近战武器,False,SW.Item.Gauntlet,SW.EffectTemplate.CriticalHit.I；SW.EffectTemplate.CriticalHit.II；SW.EffectTemplate.CriticalHit.III
暴击,可随机出现,双匕首,近战武器,False,SW.Item.Daggers,SW.EffectTemplate.CriticalHit.I；SW.EffectTemplate.CriticalHit.II；SW.EffectTemplate.CriticalHit.III
暴击,可随机出现,斧头,近战武器,False,SW.Item.Axe,SW.EffectTemplate.CriticalHit.I；SW.EffectTemplate.CriticalHit.II；SW.EffectTemplate.CriticalHit.III
暴击,可随机出现,短矛,近战武器,False,SW.Item.ShortSpear,SW.EffectTemplate.CriticalHit.I；SW.EffectTemplate.CriticalHit.II；SW.EffectTemplate.CriticalHit.III
暴击,可随机出现,镐,近战武器,False,SW.Item.Pickaxe,SW.EffectTemplate.CriticalHit.I；SW.EffectTemplate.CriticalHit.II；SW.EffectTemplate.CriticalHit.III
暴击,可随机出现,细剑,近战武器,False,SW.Item.Rapier,SW.EffectTemplate.CriticalHit.I；SW.EffectTemplate.CriticalHit.II；SW.EffectTemplate.CriticalHit.III
暴击,可随机出现,碎心锤,近战武器,True,SW.Item.WarHammer_Unique1,SW.EffectTemplate.CriticalHit.I；SW.EffectTemplate.CriticalHit.II；SW.EffectTemplate.CriticalHit.III
暴击,可随机出现,风暴召唤者,近战武器,True,SW.Item.Pike_Unique1,SW.EffectTemplate.CriticalHit.I；SW.EffectTemplate.CriticalHit.II；SW.EffectTemplate.CriticalHit.III
暴击,可随机出现,烈焰之刃,近战武器,True,SW.Item.Sword_Unique1,SW.EffectTemplate.CriticalHit.I；SW.EffectTemplate.CriticalHit.II；SW.EffectTemplate.CriticalHit.III
暴击,可随机出现,首席附魔师护手,近战武器,True,SW.Item.Gauntlet_Unique1,SW.EffectTemplate.CriticalHit.I；SW.EffectTemplate.CriticalHit.II；SW.EffectTemplate.CriticalHit.III
暴击,可随机出现,毒牙,近战武器,True,SW.Item.Daggers_Unique1,SW.EffectTemplate.CriticalHit.I；SW.EffectTemplate.CriticalHit.II；SW.EffectTemplate.CriticalHit.III
暴击,可随机出现,猎人手斧,近战武器,True,SW.Item.Axe_Unique1,SW.EffectTemplate.CriticalHit.I；SW.EffectTemplate.CriticalHit.II；SW.EffectTemplate.CriticalHit.III
暴击,可随机出现,幽魂长矛,近战武器,True,SW.Item.ShortSpear_Unique1,SW.EffectTemplate.CriticalHit.I；SW.EffectTemplate.CriticalHit.II；SW.EffectTemplate.CriticalHit.III
暴击,可随机出现,红石破坏者,近战武器,True,SW.Item.GiantClub_Unique1,SW.EffectTemplate.CriticalHit.I；SW.EffectTemplate.CriticalHit.II；SW.EffectTemplate.CriticalHit.III
暴击,可随机出现,探勘者之镐,近战武器,True,SW.Item.Pickaxe_Unique1,SW.EffectTemplate.CriticalHit.I；SW.EffectTemplate.CriticalHit.II；SW.EffectTemplate.CriticalHit.III
暴击,可随机出现,千刃,近战武器,True,SW.Item.Rapier_Unique1,SW.EffectTemplate.CriticalHit.I；SW.EffectTemplate.CriticalHit.II；SW.EffectTemplate.CriticalHit.III
暴击,可随机出现,大剑,近战武器,False,SW.Item.Claymore,SW.EffectTemplate.CriticalHit.I；SW.EffectTemplate.CriticalHit.II；SW.EffectTemplate.CriticalHit.III
暴击,可随机出现,巨剑,近战武器,False,SW.Item.Greatsword,SW.EffectTemplate.CriticalHit.I；SW.EffectTemplate.CriticalHit.II；SW.EffectTemplate.CriticalHit.III
暴击,可随机出现,狼爪,近战武器,False,SW.Item.Claws,SW.EffectTemplate.CriticalHit.I；SW.EffectTemplate.CriticalHit.II；SW.EffectTemplate.CriticalHit.III
暴击,可随机出现,长柄刀,近战武器,False,SW.Item.Glaive,SW.EffectTemplate.CriticalHit.I；SW.EffectTemplate.CriticalHit.II；SW.EffectTemplate.CriticalHit.III
暴击,可随机出现,战斗权杖,近战武器,False,SW.Item.Battlestaff,SW.EffectTemplate.CriticalHit.I；SW.EffectTemplate.CriticalHit.II；SW.EffectTemplate.CriticalHit.III
暴击,可随机出现,剁肉刀,近战武器,False,SW.Item.Cleaver,SW.EffectTemplate.CriticalHit.I；SW.EffectTemplate.CriticalHit.II；SW.EffectTemplate.CriticalHit.III
暴击,可随机出现,双镰,近战武器,False,SW.Item.Sickles,SW.EffectTemplate.CriticalHit.I；SW.EffectTemplate.CriticalHit.II；SW.EffectTemplate.CriticalHit.III
暴击,可随机出现,镰刀,近战武器,False,SW.Item.Scythe,SW.EffectTemplate.CriticalHit.I；SW.EffectTemplate.CriticalHit.II；SW.EffectTemplate.CriticalHit.III
暴击,可随机出现,重击者,近战武器,False,SW.Item.GiantClub,SW.EffectTemplate.CriticalHit.I；SW.EffectTemplate.CriticalHit.II；SW.EffectTemplate.CriticalHit.III
暴击,可随机出现,定型刀,近战武器,False,SW.Item.CurvedGreatsword,SW.EffectTemplate.CriticalHit.I；SW.EffectTemplate.CriticalHit.II；SW.EffectTemplate.CriticalHit.III
暴击,可随机出现,打怪木槌,近战武器,False,SW.Item.GiantMallet,SW.EffectTemplate.CriticalHit.I；SW.EffectTemplate.CriticalHit.II；SW.EffectTemplate.CriticalHit.III
暴击,可随机出现,长剑,近战武器,False,SW.Item.StraightSword,SW.EffectTemplate.CriticalHit.I；SW.EffectTemplate.CriticalHit.II；SW.EffectTemplate.CriticalHit.III
暴击,可随机出现,裂隙撕裂者,近战武器,False,SW.Item.CurvedLongsword,SW.EffectTemplate.CriticalHit.I；SW.EffectTemplate.CriticalHit.II；SW.EffectTemplate.CriticalHit.III
暴击,可随机出现,铁锹,近战武器,False,SW.Item.Shovel,SW.EffectTemplate.CriticalHit.I；SW.EffectTemplate.CriticalHit.II；SW.EffectTemplate.CriticalHit.III
暴击,可随机出现,重锤,近战武器,False,SW.Item.Mace,SW.EffectTemplate.CriticalHit.I；SW.EffectTemplate.CriticalHit.II；SW.EffectTemplate.CriticalHit.III
暴击,可随机出现,暮光匕首,近战武器,False,SW.Item.Dagger,SW.EffectTemplate.CriticalHit.I；SW.EffectTemplate.CriticalHit.II；SW.EffectTemplate.CriticalHit.III
暴击,可随机出现,军刀,近战武器,False,SW.Item.Sabre,SW.EffectTemplate.CriticalHit.I；SW.EffectTemplate.CriticalHit.II；SW.EffectTemplate.CriticalHit.III
暴击,可随机出现,战斗锤,近战武器,False,SW.Item.Hammer,SW.EffectTemplate.CriticalHit.I；SW.EffectTemplate.CriticalHit.II；SW.EffectTemplate.CriticalHit.III
暴击,可随机出现,潮汐镰刀,近战武器,False,SW.Item.MoonSword,SW.EffectTemplate.CriticalHit.I；SW.EffectTemplate.CriticalHit.II；SW.EffectTemplate.CriticalHit.III
暴击,可随机出现,巨斧,近战武器,False,SW.Item.GreatAxe,SW.EffectTemplate.CriticalHit.I；SW.EffectTemplate.CriticalHit.II；SW.EffectTemplate.CriticalHit.III
暴击,可随机出现,斩杀大剑,近战武器,True,SW.Item.Claymore_Unique1,SW.EffectTemplate.CriticalHit.I；SW.EffectTemplate.CriticalHit.II；SW.EffectTemplate.CriticalHit.III
暴击,可随机出现,暗晶剑,近战武器,True,SW.Item.Greatsword_Unique1,SW.EffectTemplate.CriticalHit.I；SW.EffectTemplate.CriticalHit.II；SW.EffectTemplate.CriticalHit.III
暴击,可随机出现,幽匿者之爪,近战武器,True,SW.Item.Claws_Unique1,SW.EffectTemplate.CriticalHit.I；SW.EffectTemplate.CriticalHit.II；SW.EffectTemplate.CriticalHit.III
暴击,可随机出现,黄金长柄刀,近战武器,True,SW.Item.Glaive_Unique1,SW.EffectTemplate.CriticalHit.I；SW.EffectTemplate.CriticalHit.II；SW.EffectTemplate.CriticalHit.III
暴击,可随机出现,元素权杖,近战武器,True,SW.Item.Battlestaff_Unique1,SW.EffectTemplate.CriticalHit.I；SW.EffectTemplate.CriticalHit.II；SW.EffectTemplate.CriticalHit.III
暴击,可随机出现,剁魂刀,近战武器,True,SW.Item.Cleaver_Unique1,SW.EffectTemplate.CriticalHit.I；SW.EffectTemplate.CriticalHit.II；SW.EffectTemplate.CriticalHit.III
暴击,可随机出现,汐浮镰刀,近战武器,True,SW.Item.Sickles_Unique1,SW.EffectTemplate.CriticalHit.I；SW.EffectTemplate.CriticalHit.II；SW.EffectTemplate.CriticalHit.III
暴击,可随机出现,摄魂者,近战武器,True,SW.Item.Scythe_Unique1,SW.EffectTemplate.CriticalHit.I；SW.EffectTemplate.CriticalHit.II；SW.EffectTemplate.CriticalHit.III
暴击,可随机出现,安眠之刃,近战武器,True,SW.Item.CurvedGreatsword_Unique1,SW.EffectTemplate.CriticalHit.I；SW.EffectTemplate.CriticalHit.II；SW.EffectTemplate.CriticalHit.III
暴击,可随机出现,怪物粉碎者,近战武器,True,SW.Item.GiantMallet_Unique1,SW.EffectTemplate.CriticalHit.I；SW.EffectTemplate.CriticalHit.II；SW.EffectTemplate.CriticalHit.III
暴击,可随机出现,霜冻剑,近战武器,True,SW.Item.StraightSword_Unique1,SW.EffectTemplate.CriticalHit.I；SW.EffectTemplate.CriticalHit.II；SW.EffectTemplate.CriticalHit.III
暴击,可随机出现,平原之傲,近战武器,True,SW.Item.CurvedLongsword_Unique1,SW.EffectTemplate.CriticalHit.I；SW.EffectTemplate.CriticalHit.II；SW.EffectTemplate.CriticalHit.III
暴击,可随机出现,钻石锹,近战武器,True,SW.Item.Shovel_Unique1,SW.EffectTemplate.CriticalHit.I；SW.EffectTemplate.CriticalHit.II；SW.EffectTemplate.CriticalHit.III
暴击,可随机出现,甲壳重锤,近战武器,True,SW.Item.Mace_Unique1,SW.EffectTemplate.CriticalHit.I；SW.EffectTemplate.CriticalHit.II；SW.EffectTemplate.CriticalHit.III
暴击,可随机出现,幽匿者克星,近战武器,True,SW.Item.Dagger_Unique1,SW.EffectTemplate.CriticalHit.I；SW.EffectTemplate.CriticalHit.II；SW.EffectTemplate.CriticalHit.III
暴击,可随机出现,调皮鬼军刀,近战武器,True,SW.Item.Sabre_Unique1,SW.EffectTemplate.CriticalHit.I；SW.EffectTemplate.CriticalHit.II；SW.EffectTemplate.CriticalHit.III
暴击,可随机出现,绿宝石锤,近战武器,True,SW.Item.Hammer_Unique1,SW.EffectTemplate.CriticalHit.I；SW.EffectTemplate.CriticalHit.II；SW.EffectTemplate.CriticalHit.III
暴击,可随机出现,弯月镰刀,近战武器,True,SW.Item.MoonSword_Unique1,SW.EffectTemplate.CriticalHit.I；SW.EffectTemplate.CriticalHit.II；SW.EffectTemplate.CriticalHit.III
暴击,可随机出现,神威巨斧,近战武器,True,SW.Item.GreatAxe_Unique1,SW.EffectTemplate.CriticalHit.I；SW.EffectTemplate.CriticalHit.II；SW.EffectTemplate.CriticalHit.III
暴击,可随机出现,弓,远程武器,False,SW.Item.Bow,SW.EffectTemplate.CriticalHit.I；SW.EffectTemplate.CriticalHit.II；SW.EffectTemplate.CriticalHit.III
暴击,可随机出现,弩,远程武器,False,SW.Item.Crossbow,SW.EffectTemplate.CriticalHit.I；SW.EffectTemplate.CriticalHit.II；SW.EffectTemplate.CriticalHit.III
暴击,可随机出现,短弓,远程武器,False,SW.Item.Shortbow,SW.EffectTemplate.CriticalHit.I；SW.EffectTemplate.CriticalHit.II；SW.EffectTemplate.CriticalHit.III
暴击,可随机出现,特技弓,远程武器,False,SW.Item.Trickbow,SW.EffectTemplate.CriticalHit.I；SW.EffectTemplate.CriticalHit.II；SW.EffectTemplate.CriticalHit.III
暴击,可随机出现,长弓,远程武器,False,SW.Item.Longbow,SW.EffectTemplate.CriticalHit.I；SW.EffectTemplate.CriticalHit.II；SW.EffectTemplate.CriticalHit.III
暴击,可随机出现,强弓,远程武器,False,SW.Item.Powerbow,SW.EffectTemplate.CriticalHit.I；SW.EffectTemplate.CriticalHit.II；SW.EffectTemplate.CriticalHit.III
暴击,可随机出现,散射弩,远程武器,False,SW.Item.ScatterCrossbow,SW.EffectTemplate.CriticalHit.I；SW.EffectTemplate.CriticalHit.II；SW.EffectTemplate.CriticalHit.III
暴击,可随机出现,重弩,远程武器,False,SW.Item.HeavyCrossbow,SW.EffectTemplate.CriticalHit.I；SW.EffectTemplate.CriticalHit.II；SW.EffectTemplate.CriticalHit.III
暴击,可随机出现,双持弩,远程武器,False,SW.Item.DualCrossbow,SW.EffectTemplate.CriticalHit.I；SW.EffectTemplate.CriticalHit.II；SW.EffectTemplate.CriticalHit.III
暴击,可随机出现,快弩,远程武器,False,SW.Item.RapidCrossbow,SW.EffectTemplate.CriticalHit.I；SW.EffectTemplate.CriticalHit.II；SW.EffectTemplate.CriticalHit.III
暴击,可随机出现,游侠之誓,远程武器,True,SW.Item.Bow_Unique1,SW.EffectTemplate.CriticalHit.I；SW.EffectTemplate.CriticalHit.II；SW.EffectTemplate.CriticalHit.III
暴击,可随机出现,定身弩,远程武器,True,SW.Item.Crossbow_Unique1,SW.EffectTemplate.CriticalHit.I；SW.EffectTemplate.CriticalHit.II；SW.EffectTemplate.CriticalHit.III
暴击,可随机出现,流星弓,远程武器,True,SW.Item.Shortbow_Unique1,SW.EffectTemplate.CriticalHit.I；SW.EffectTemplate.CriticalHit.II；SW.EffectTemplate.CriticalHit.III
暴击,可随机出现,幻翼弓,远程武器,True,SW.Item.Trickbow_Unique1,SW.EffectTemplate.CriticalHit.I；SW.EffectTemplate.CriticalHit.II；SW.EffectTemplate.CriticalHit.III
暴击,可随机出现,嘎枝之触,远程武器,True,SW.Item.Longbow_Unique1,SW.EffectTemplate.CriticalHit.I；SW.EffectTemplate.CriticalHit.II；SW.EffectTemplate.CriticalHit.III
暴击,可随机出现,典范弓,远程武器,True,SW.Item.Powerbow_Unique1,SW.EffectTemplate.CriticalHit.I；SW.EffectTemplate.CriticalHit.II；SW.EffectTemplate.CriticalHit.III
暴击,可随机出现,竖琴弩,远程武器,True,SW.Item.ScatterCrossbow_Unique1,SW.EffectTemplate.CriticalHit.I；SW.EffectTemplate.CriticalHit.II；SW.EffectTemplate.CriticalHit.III
暴击,可随机出现,近战游侠弩,远程武器,True,SW.Item.HeavyCrossbow_Unique1,SW.EffectTemplate.CriticalHit.I；SW.EffectTemplate.CriticalHit.II；SW.EffectTemplate.CriticalHit.III
暴击,可随机出现,授粉快弩,远程武器,True,SW.Item.RapidCrossbow_Unique1,SW.EffectTemplate.CriticalHit.I；SW.EffectTemplate.CriticalHit.II；SW.EffectTemplate.CriticalHit.III
暴击,可随机出现,巨弓,远程武器,False,SW.Item.Greatbow,SW.EffectTemplate.CriticalHit.I；SW.EffectTemplate.CriticalHit.II；SW.EffectTemplate.CriticalHit.III
暴击,可随机出现,背叛者双弩,远程武器,True,SW.Item.DualCrossbow_Unique1,SW.EffectTemplate.CriticalHit.I；SW.EffectTemplate.CriticalHit.II；SW.EffectTemplate.CriticalHit.III
暴击,可随机出现,轰鸣虫心弦,远程武器,True,SW.Item.Greatbow_Unique1,SW.EffectTemplate.CriticalHit.I；SW.EffectTemplate.CriticalHit.II；SW.EffectTemplate.CriticalHit.III
冷却时间,装备固有,神谕紧身裤,护甲,True,SW.Item.MysticLeggings_Unique,SW.EffectTemplate.Cooldown.Unique
冷却时间,装备固有,蜂群意识刺靴,护甲,True,SW.Item.HoneyBoots_Unique,SW.EffectTemplate.Cooldown.Unique
冷却时间,可随机出现,钢丝绒毛衣,护甲,False,SW.Item.FrostRimeChest,SW.EffectTemplate.Cooldown.I；SW.EffectTemplate.Cooldown.II；SW.EffectTemplate.Cooldown.III
冷却时间,可随机出现,钢丝绒护腿,护甲,False,SW.Item.FrostRimeLeggings,SW.EffectTemplate.Cooldown.I；SW.EffectTemplate.Cooldown.II；SW.EffectTemplate.Cooldown.III
冷却时间,可随机出现,钢丝绒靴,护甲,False,SW.Item.FrostRimeBoots,SW.EffectTemplate.Cooldown.I；SW.EffectTemplate.Cooldown.II；SW.EffectTemplate.Cooldown.III
冷却时间,可随机出现,钢丝绒帽,护甲,False,SW.Item.FrostRimeHelmet,SW.EffectTemplate.Cooldown.I；SW.EffectTemplate.Cooldown.II；SW.EffectTemplate.Cooldown.III
冷却时间,可随机出现,寒霜护甲,护甲,True,SW.Item.FrostRimeChest_Unique,SW.EffectTemplate.Cooldown.I；SW.EffectTemplate.Cooldown.II；SW.EffectTemplate.Cooldown.III
冷却时间,可随机出现,寒霜长衬裤,护甲,True,SW.Item.FrostRimeLeggings_Unique,SW.EffectTemplate.Cooldown.I；SW.EffectTemplate.Cooldown.II；SW.EffectTemplate.Cooldown.III
冷却时间,可随机出现,寒霜踏雪靴,护甲,True,SW.Item.FrostRimeBoots_Unique,SW.EffectTemplate.Cooldown.I；SW.EffectTemplate.Cooldown.II；SW.EffectTemplate.Cooldown.III
冷却时间,可随机出现,寒霜冰帽,护甲,True,SW.Item.FrostRimeHelmet_Unique,SW.EffectTemplate.Cooldown.I；SW.EffectTemplate.Cooldown.II；SW.EffectTemplate.Cooldown.III
冷却时间,可随机出现,神秘头箍,护甲,False,SW.Item.MysticHelmet,SW.EffectTemplate.Cooldown.I；SW.EffectTemplate.Cooldown.II；SW.EffectTemplate.Cooldown.III
冷却时间,可随机出现,神秘长袍,护甲,False,SW.Item.MysticChest,SW.EffectTemplate.Cooldown.I；SW.EffectTemplate.Cooldown.II；SW.EffectTemplate.Cooldown.III
冷却时间,可随机出现,神秘护腿,护甲,False,SW.Item.MysticLeggings,SW.EffectTemplate.Cooldown.I；SW.EffectTemplate.Cooldown.II；SW.EffectTemplate.Cooldown.III
冷却时间,可随机出现,神秘靴,护甲,False,SW.Item.MysticBoots,SW.EffectTemplate.Cooldown.I；SW.EffectTemplate.Cooldown.II；SW.EffectTemplate.Cooldown.III
冷却时间,可随机出现,神谕王冠,护甲,True,SW.Item.MysticHelmet_Unique,SW.EffectTemplate.Cooldown.I；SW.EffectTemplate.Cooldown.II；SW.EffectTemplate.Cooldown.III
冷却时间,可随机出现,神谕披风,护甲,True,SW.Item.MysticChest_Unique,SW.EffectTemplate.Cooldown.I；SW.EffectTemplate.Cooldown.II；SW.EffectTemplate.Cooldown.III
冷却时间,可随机出现,神谕凉鞋,护甲,True,SW.Item.MysticBoots_Unique,SW.EffectTemplate.Cooldown.I；SW.EffectTemplate.Cooldown.II；SW.EffectTemplate.Cooldown.III
冷却时间,可随机出现,界域行者帽,护甲,False,SW.Item.TimewornHelmet,SW.EffectTemplate.Cooldown.I；SW.EffectTemplate.Cooldown.II；SW.EffectTemplate.Cooldown.III
冷却时间,可随机出现,界域行者长袍,护甲,False,SW.Item.TimewornChest,SW.EffectTemplate.Cooldown.I；SW.EffectTemplate.Cooldown.II；SW.EffectTemplate.Cooldown.III
冷却时间,可随机出现,界域行者护腿,护甲,False,SW.Item.TimewornLeggings,SW.EffectTemplate.Cooldown.I；SW.EffectTemplate.Cooldown.II；SW.EffectTemplate.Cooldown.III
冷却时间,可随机出现,界域行者靴,护甲,False,SW.Item.TimewornBoots,SW.EffectTemplate.Cooldown.I；SW.EffectTemplate.Cooldown.II；SW.EffectTemplate.Cooldown.III
冷却时间,可随机出现,蘑菇帽,护甲,False,SW.Item.MushroomHelmet,SW.EffectTemplate.Cooldown.I；SW.EffectTemplate.Cooldown.II；SW.EffectTemplate.Cooldown.III
冷却时间,可随机出现,蘑菇长袍,护甲,False,SW.Item.MushroomChest,SW.EffectTemplate.Cooldown.I；SW.EffectTemplate.Cooldown.II；SW.EffectTemplate.Cooldown.III
冷却时间,可随机出现,蘑菇护腿,护甲,False,SW.Item.MushroomLeggings,SW.EffectTemplate.Cooldown.I；SW.EffectTemplate.Cooldown.II；SW.EffectTemplate.Cooldown.III
冷却时间,可随机出现,蘑菇靴,护甲,False,SW.Item.MushroomBoots,SW.EffectTemplate.Cooldown.I；SW.EffectTemplate.Cooldown.II；SW.EffectTemplate.Cooldown.III
冷却时间,可随机出现,汐浮特兜帽,护甲,False,SW.Item.WellspringHelmet,SW.EffectTemplate.Cooldown.I；SW.EffectTemplate.Cooldown.II；SW.EffectTemplate.Cooldown.III
冷却时间,可随机出现,汐浮特长袍,护甲,False,SW.Item.WellspringChest,SW.EffectTemplate.Cooldown.I；SW.EffectTemplate.Cooldown.II；SW.EffectTemplate.Cooldown.III
冷却时间,可随机出现,汐浮特护腿,护甲,False,SW.Item.WellspringLeggings,SW.EffectTemplate.Cooldown.I；SW.EffectTemplate.Cooldown.II；SW.EffectTemplate.Cooldown.III
冷却时间,可随机出现,汐浮特之靴,护甲,False,SW.Item.WellspringBoots,SW.EffectTemplate.Cooldown.I；SW.EffectTemplate.Cooldown.II；SW.EffectTemplate.Cooldown.III
冷却时间,可随机出现,红石头盔,护甲,False,SW.Item.RedstoneHelmet,SW.EffectTemplate.Cooldown.I；SW.EffectTemplate.Cooldown.II；SW.EffectTemplate.Cooldown.III
冷却时间,可随机出现,红石胸甲,护甲,False,SW.Item.RedstoneChest,SW.EffectTemplate.Cooldown.I；SW.EffectTemplate.Cooldown.II；SW.EffectTemplate.Cooldown.III
冷却时间,可随机出现,红石护胫,护甲,False,SW.Item.RedstoneLeggings,SW.EffectTemplate.Cooldown.I；SW.EffectTemplate.Cooldown.II；SW.EffectTemplate.Cooldown.III
冷却时间,可随机出现,红石靴,护甲,False,SW.Item.RedstoneBoots,SW.EffectTemplate.Cooldown.I；SW.EffectTemplate.Cooldown.II；SW.EffectTemplate.Cooldown.III
冷却时间,可随机出现,巫师帽,护甲,False,SW.Item.EvocationHelmet,SW.EffectTemplate.Cooldown.I；SW.EffectTemplate.Cooldown.II；SW.EffectTemplate.Cooldown.III
冷却时间,可随机出现,巫师长袍,护甲,False,SW.Item.EvocationChest,SW.EffectTemplate.Cooldown.I；SW.EffectTemplate.Cooldown.II；SW.EffectTemplate.Cooldown.III
冷却时间,可随机出现,巫师护腿,护甲,False,SW.Item.EvocationLeggings,SW.EffectTemplate.Cooldown.I；SW.EffectTemplate.Cooldown.II；SW.EffectTemplate.Cooldown.III
冷却时间,可随机出现,巫师靴,护甲,False,SW.Item.EvocationBoots,SW.EffectTemplate.Cooldown.I；SW.EffectTemplate.Cooldown.II；SW.EffectTemplate.Cooldown.III
冷却时间,可随机出现,灵魂腐化者面具,护甲,True,SW.Item.TimewornHelmet_Unique,SW.EffectTemplate.Cooldown.I；SW.EffectTemplate.Cooldown.II；SW.EffectTemplate.Cooldown.III
冷却时间,可随机出现,灵魂腐化者风衣,护甲,True,SW.Item.TimewornChest_Unique,SW.EffectTemplate.Cooldown.I；SW.EffectTemplate.Cooldown.II；SW.EffectTemplate.Cooldown.III
冷却时间,可随机出现,灵魂腐化者腰带,护甲,True,SW.Item.TimewornLeggings_Unique,SW.EffectTemplate.Cooldown.I；SW.EffectTemplate.Cooldown.II；SW.EffectTemplate.Cooldown.III
冷却时间,可随机出现,灵魂腐化者凉鞋,护甲,True,SW.Item.TimewornBoots_Unique,SW.EffectTemplate.Cooldown.I；SW.EffectTemplate.Cooldown.II；SW.EffectTemplate.Cooldown.III
冷却时间,可随机出现,毒蝇伞帽,护甲,True,SW.Item.MushroomHelmet_Unique,SW.EffectTemplate.Cooldown.I；SW.EffectTemplate.Cooldown.II；SW.EffectTemplate.Cooldown.III
冷却时间,可随机出现,毒蝇伞外套,护甲,True,SW.Item.MushroomChest_Unique,SW.EffectTemplate.Cooldown.I；SW.EffectTemplate.Cooldown.II；SW.EffectTemplate.Cooldown.III
冷却时间,可随机出现,毒蝇伞长裤,护甲,True,SW.Item.MushroomLeggings_Unique,SW.EffectTemplate.Cooldown.I；SW.EffectTemplate.Cooldown.II；SW.EffectTemplate.Cooldown.III
冷却时间,可随机出现,毒蝇伞雨鞋,护甲,True,SW.Item.MushroomBoots_Unique,SW.EffectTemplate.Cooldown.I；SW.EffectTemplate.Cooldown.II；SW.EffectTemplate.Cooldown.III
冷却时间,可随机出现,狂怒汐浮特面具,护甲,True,SW.Item.WellspringHelmet_Unique,SW.EffectTemplate.Cooldown.I；SW.EffectTemplate.Cooldown.II；SW.EffectTemplate.Cooldown.III
冷却时间,可随机出现,狂怒汐浮特背心,护甲,True,SW.Item.WellspringChest_Unique,SW.EffectTemplate.Cooldown.I；SW.EffectTemplate.Cooldown.II；SW.EffectTemplate.Cooldown.III
冷却时间,可随机出现,狂怒汐浮特便裤,护甲,True,SW.Item.WellspringLeggings_Unique,SW.EffectTemplate.Cooldown.I；SW.EffectTemplate.Cooldown.II；SW.EffectTemplate.Cooldown.III
冷却时间,可随机出现,狂怒汐浮特之爪,护甲,True,SW.Item.WellspringBoots_Unique,SW.EffectTemplate.Cooldown.I；SW.EffectTemplate.Cooldown.II；SW.EffectTemplate.Cooldown.III
冷却时间,可随机出现,巨兽角盔,护甲,True,SW.Item.RedstoneHelmet_Unique,SW.EffectTemplate.Cooldown.I；SW.EffectTemplate.Cooldown.II；SW.EffectTemplate.Cooldown.III
冷却时间,可随机出现,巨兽盔甲,护甲,True,SW.Item.RedstoneChest_Unique,SW.EffectTemplate.Cooldown.I；SW.EffectTemplate.Cooldown.II；SW.EffectTemplate.Cooldown.III
冷却时间,可随机出现,巨兽胫甲,护甲,True,SW.Item.RedstoneLeggings_Unique,SW.EffectTemplate.Cooldown.I；SW.EffectTemplate.Cooldown.II；SW.EffectTemplate.Cooldown.III
冷却时间,可随机出现,巨兽战靴,护甲,True,SW.Item.RedstoneBoots_Unique,SW.EffectTemplate.Cooldown.I；SW.EffectTemplate.Cooldown.II；SW.EffectTemplate.Cooldown.III
冷却时间,可随机出现,炼金术士礼帽,护甲,True,SW.Item.EvocationHelmet_Unique,SW.EffectTemplate.Cooldown.I；SW.EffectTemplate.Cooldown.II；SW.EffectTemplate.Cooldown.III
冷却时间,可随机出现,炼金术士大衣,护甲,True,SW.Item.EvocationChest_Unique,SW.EffectTemplate.Cooldown.I；SW.EffectTemplate.Cooldown.II；SW.EffectTemplate.Cooldown.III
冷却时间,可随机出现,炼金术士长裤,护甲,True,SW.Item.EvocationLeggings_Unique,SW.EffectTemplate.Cooldown.I；SW.EffectTemplate.Cooldown.II；SW.EffectTemplate.Cooldown.III
冷却时间,可随机出现,炼金术士便鞋,护甲,True,SW.Item.EvocationBoots_Unique,SW.EffectTemplate.Cooldown.I；SW.EffectTemplate.Cooldown.II；SW.EffectTemplate.Cooldown.III
冷却时间,可随机出现,幽匿者面具,护甲,False,SW.Item.ScavengerHelmet,SW.EffectTemplate.Cooldown.I；SW.EffectTemplate.Cooldown.II；SW.EffectTemplate.Cooldown.III
冷却时间,可随机出现,幽匿者长袍,护甲,False,SW.Item.ScavengerChest,SW.EffectTemplate.Cooldown.I；SW.EffectTemplate.Cooldown.II；SW.EffectTemplate.Cooldown.III
冷却时间,可随机出现,幽匿者便裤,护甲,False,SW.Item.ScavengerLeggings,SW.EffectTemplate.Cooldown.I；SW.EffectTemplate.Cooldown.II；SW.EffectTemplate.Cooldown.III
冷却时间,可随机出现,幽匿者之靴,护甲,False,SW.Item.ScavengerBoots,SW.EffectTemplate.Cooldown.I；SW.EffectTemplate.Cooldown.II；SW.EffectTemplate.Cooldown.III
冷却时间,可随机出现,君主王冠,护甲,True,SW.Item.ScavengerHelmet_Unique,SW.EffectTemplate.Cooldown.I；SW.EffectTemplate.Cooldown.II；SW.EffectTemplate.Cooldown.III
冷却时间,可随机出现,君主披风,护甲,True,SW.Item.ScavengerChest_Unique,SW.EffectTemplate.Cooldown.I；SW.EffectTemplate.Cooldown.II；SW.EffectTemplate.Cooldown.III
冷却时间,可随机出现,君主腰带,护甲,True,SW.Item.ScavengerLeggings_Unique,SW.EffectTemplate.Cooldown.I；SW.EffectTemplate.Cooldown.II；SW.EffectTemplate.Cooldown.III
冷却时间,可随机出现,君主利爪,护甲,True,SW.Item.ScavengerBoots_Unique,SW.EffectTemplate.Cooldown.I；SW.EffectTemplate.Cooldown.II；SW.EffectTemplate.Cooldown.III
冷却时间,可随机出现,轰鸣号角,法器,False,SW.Item.Artifact.RallyingHorn,SW.EffectTemplate.Cooldown.I；SW.EffectTemplate.Cooldown.II；SW.EffectTemplate.Cooldown.III
冷却时间,可随机出现,回复图腾,法器,False,SW.Item.Artifact.TotemOfRegeneration,SW.EffectTemplate.Cooldown.I；SW.EffectTemplate.Cooldown.II；SW.EffectTemplate.Cooldown.III
冷却时间,可随机出现,灵魂收割者,法器,False,SW.Item.Artifact.SoulHarvester,SW.EffectTemplate.Cooldown.I；SW.EffectTemplate.Cooldown.II；SW.EffectTemplate.Cooldown.III
冷却时间,可随机出现,野餐篮,法器,False,SW.Item.Artifact.PicnicBlanket,SW.EffectTemplate.Cooldown.I；SW.EffectTemplate.Cooldown.II；SW.EffectTemplate.Cooldown.III
冷却时间,可随机出现,腐化信标,法器,False,SW.Item.Artifact.CorruptedBeacon,SW.EffectTemplate.Cooldown.I；SW.EffectTemplate.Cooldown.II；SW.EffectTemplate.Cooldown.III
冷却时间,可随机出现,腐化种子,法器,False,SW.Item.Artifact.CorruptedSeeds,SW.EffectTemplate.Cooldown.I；SW.EffectTemplate.Cooldown.II；SW.EffectTemplate.Cooldown.III
冷却时间,可随机出现,死亡帽蘑菇,法器,False,SW.Item.Artifact.DeathcapMushroom,SW.EffectTemplate.Cooldown.I；SW.EffectTemplate.Cooldown.II；SW.EffectTemplate.Cooldown.III
冷却时间,可随机出现,护盾图腾,法器,False,SW.Item.Artifact.TotemOfShielding,SW.EffectTemplate.Cooldown.I；SW.EffectTemplate.Cooldown.II；SW.EffectTemplate.Cooldown.III
冷却时间,可随机出现,施法图腾,法器,False,SW.Item.Artifact.TotemOfCasting,SW.EffectTemplate.Cooldown.I；SW.EffectTemplate.Cooldown.II；SW.EffectTemplate.Cooldown.III
冷却时间,可随机出现,末影迷雾,法器,False,SW.Item.Artifact.SmokeBomb,SW.EffectTemplate.Cooldown.I；SW.EffectTemplate.Cooldown.II；SW.EffectTemplate.Cooldown.III
冷却时间,可随机出现,红石地雷发射器,法器,False,SW.Item.Artifact.RedstoneMines,SW.EffectTemplate.Cooldown.I；SW.EffectTemplate.Cooldown.II；SW.EffectTemplate.Cooldown.III
冷却时间,可随机出现,女巫药剂,法器,False,SW.Item.Artifact.WitchesBrew,SW.EffectTemplate.Cooldown.I；SW.EffectTemplate.Cooldown.II；SW.EffectTemplate.Cooldown.III
冷却时间,可随机出现,余烬小袋,法器,False,SW.Item.Artifact.Satchel.Fire,SW.EffectTemplate.Cooldown.I；SW.EffectTemplate.Cooldown.II；SW.EffectTemplate.Cooldown.III
冷却时间,可随机出现,寒霜小袋,法器,False,SW.Item.Artifact.Satchel.Freezing,SW.EffectTemplate.Cooldown.I；SW.EffectTemplate.Cooldown.II；SW.EffectTemplate.Cooldown.III
冷却时间,可随机出现,剧毒小袋,法器,False,SW.Item.Artifact.Satchel.Poison,SW.EffectTemplate.Cooldown.I；SW.EffectTemplate.Cooldown.II；SW.EffectTemplate.Cooldown.III
冷却时间,可随机出现,雷霆小袋,法器,False,SW.Item.Artifact.Satchel.Conductive,SW.EffectTemplate.Cooldown.I；SW.EffectTemplate.Cooldown.II；SW.EffectTemplate.Cooldown.III
冷却时间,可随机出现,苦力怕蜡烛,法器,False,SW.Item.Artifact.CreeperCandle,SW.EffectTemplate.Cooldown.I；SW.EffectTemplate.Cooldown.II；SW.EffectTemplate.Cooldown.III
冷却时间,可随机出现,雷霆之杖,法器,False,SW.Item.Artifact.LightningRod,SW.EffectTemplate.Cooldown.I；SW.EffectTemplate.Cooldown.II；SW.EffectTemplate.Cooldown.III
冷却时间,可随机出现,战斗真菌,法器,False,SW.Item.Artifact.MaimingMushroom,SW.EffectTemplate.Cooldown.I；SW.EffectTemplate.Cooldown.II；SW.EffectTemplate.Cooldown.III
冷却时间,可随机出现,迅捷松露,法器,False,SW.Item.Artifact.HasteMushroom,SW.EffectTemplate.Cooldown.I；SW.EffectTemplate.Cooldown.II；SW.EffectTemplate.Cooldown.III
冷却时间,可随机出现,战鼓,法器,False,SW.Item.Artifact.WarriorsDrums,SW.EffectTemplate.Cooldown.I；SW.EffectTemplate.Cooldown.II；SW.EffectTemplate.Cooldown.III
冷却时间,可随机出现,回响陶笛,法器,False,SW.Item.Artifact.CarapaceOcarina,SW.EffectTemplate.Cooldown.I；SW.EffectTemplate.Cooldown.II；SW.EffectTemplate.Cooldown.III
冷却时间,可随机出现,战士长笛,法器,False,SW.Item.Artifact.FightersFife,SW.EffectTemplate.Cooldown.I；SW.EffectTemplate.Cooldown.II；SW.EffectTemplate.Cooldown.III
冷却时间,可随机出现,磨刀石,法器,False,SW.Item.Artifact.Grindstone,SW.EffectTemplate.Cooldown.I；SW.EffectTemplate.Cooldown.II；SW.EffectTemplate.Cooldown.III
冷却时间,可随机出现,神龟曼陀林,法器,False,SW.Item.Artifact.IronHideLute,SW.EffectTemplate.Cooldown.I；SW.EffectTemplate.Cooldown.II；SW.EffectTemplate.Cooldown.III
冷却时间,可随机出现,守护风铃,法器,False,SW.Item.Artifact.WardingChimes,SW.EffectTemplate.Cooldown.I；SW.EffectTemplate.Cooldown.II；SW.EffectTemplate.Cooldown.III
冷却时间,可随机出现,战旗,法器,False,SW.Item.Artifact.WarBanner,SW.EffectTemplate.Cooldown.I；SW.EffectTemplate.Cooldown.II；SW.EffectTemplate.Cooldown.III
冷却时间,可随机出现,蜂蜜蘸棒,法器,False,SW.Item.Artifact.Honeypot,SW.EffectTemplate.Cooldown.I；SW.EffectTemplate.Cooldown.II；SW.EffectTemplate.Cooldown.III
冷却时间,可随机出现,余烬权杖,法器,False,SW.Item.Artifact.FlameSceptre,SW.EffectTemplate.Cooldown.I；SW.EffectTemplate.Cooldown.II；SW.EffectTemplate.Cooldown.III
冷却时间,可随机出现,寒冬法杖,法器,False,SW.Item.Artifact.BlizzardStaff,SW.EffectTemplate.Cooldown.I；SW.EffectTemplate.Cooldown.II；SW.EffectTemplate.Cooldown.III
冷却时间,可随机出现,烈焰手环,法器,False,SW.Item.Artifact.FireBracelet,SW.EffectTemplate.Cooldown.I；SW.EffectTemplate.Cooldown.II；SW.EffectTemplate.Cooldown.III
冷却时间,可随机出现,暴雪手环,法器,False,SW.Item.Artifact.FrostBracelet,SW.EffectTemplate.Cooldown.I；SW.EffectTemplate.Cooldown.II；SW.EffectTemplate.Cooldown.III
冷却时间,可随机出现,枯萎手环,法器,False,SW.Item.Artifact.PoisonBracelet,SW.EffectTemplate.Cooldown.I；SW.EffectTemplate.Cooldown.II；SW.EffectTemplate.Cooldown.III
冷却时间,可随机出现,电击手环,法器,False,SW.Item.Artifact.ConductiveBracelet,SW.EffectTemplate.Cooldown.I；SW.EffectTemplate.Cooldown.II；SW.EffectTemplate.Cooldown.III
冷却时间,可随机出现,巨力砂槌,法器,False,SW.Item.Artifact.Powershaker,SW.EffectTemplate.Cooldown.I；SW.EffectTemplate.Cooldown.II；SW.EffectTemplate.Cooldown.III
冷却时间,可随机出现,烟花箭,法器,False,SW.Item.Artifact.FireworkQuiver,SW.EffectTemplate.Cooldown.I；SW.EffectTemplate.Cooldown.II；SW.EffectTemplate.Cooldown.III
冷却时间,可随机出现,火焰箭袋,法器,False,SW.Item.Artifact.FlameQuiver,SW.EffectTemplate.Cooldown.I；SW.EffectTemplate.Cooldown.II；SW.EffectTemplate.Cooldown.III
冷却时间,可随机出现,剧毒箭袋,法器,False,SW.Item.Artifact.PoisonQuiver,SW.EffectTemplate.Cooldown.I；SW.EffectTemplate.Cooldown.II；SW.EffectTemplate.Cooldown.III
冷却时间,可随机出现,冰冻箭袋,法器,False,SW.Item.Artifact.FrostQuiver,SW.EffectTemplate.Cooldown.I；SW.EffectTemplate.Cooldown.II；SW.EffectTemplate.Cooldown.III
冷却时间,可随机出现,导电箭袋,法器,False,SW.Item.Artifact.LightningQuiver,SW.EffectTemplate.Cooldown.I；SW.EffectTemplate.Cooldown.II；SW.EffectTemplate.Cooldown.III
冷却时间,护符成长,效率精华,护符,False,SW.Item.Talisman.ArtifactCooldown,SW.EffectTemplate.ArtifactCooldown.I；SW.EffectTemplate.ArtifactCooldown.II；SW.EffectTemplate.ArtifactCooldown.III
冲击,装备固有,典范弓,远程武器,True,SW.Item.Powerbow_Unique1,SW.EffectTemplate.Power.Unique
冲击,装备固有,神射手风衣,护甲,True,SW.Item.RealmreacherChest_Unique,SW.EffectTemplate.Power.Unique
冲击,可随机出现,弓,远程武器,False,SW.Item.Bow,SW.EffectTemplate.Power.I；SW.EffectTemplate.Power.II；SW.EffectTemplate.Power.III
冲击,可随机出现,弩,远程武器,False,SW.Item.Crossbow,SW.EffectTemplate.Power.I；SW.EffectTemplate.Power.II；SW.EffectTemplate.Power.III
冲击,可随机出现,短弓,远程武器,False,SW.Item.Shortbow,SW.EffectTemplate.Power.I；SW.EffectTemplate.Power.II；SW.EffectTemplate.Power.III
冲击,可随机出现,特技弓,远程武器,False,SW.Item.Trickbow,SW.EffectTemplate.Power.I；SW.EffectTemplate.Power.II；SW.EffectTemplate.Power.III
冲击,可随机出现,长弓,远程武器,False,SW.Item.Longbow,SW.EffectTemplate.Power.I；SW.EffectTemplate.Power.II；SW.EffectTemplate.Power.III
冲击,可随机出现,强弓,远程武器,False,SW.Item.Powerbow,SW.EffectTemplate.Power.I；SW.EffectTemplate.Power.II；SW.EffectTemplate.Power.III
冲击,可随机出现,散射弩,远程武器,False,SW.Item.ScatterCrossbow,SW.EffectTemplate.Power.I；SW.EffectTemplate.Power.II；SW.EffectTemplate.Power.III
冲击,可随机出现,重弩,远程武器,False,SW.Item.HeavyCrossbow,SW.EffectTemplate.Power.I；SW.EffectTemplate.Power.II；SW.EffectTemplate.Power.III
冲击,可随机出现,双持弩,远程武器,False,SW.Item.DualCrossbow,SW.EffectTemplate.Power.I；SW.EffectTemplate.Power.II；SW.EffectTemplate.Power.III
冲击,可随机出现,快弩,远程武器,False,SW.Item.RapidCrossbow,SW.EffectTemplate.Power.I；SW.EffectTemplate.Power.II；SW.EffectTemplate.Power.III
冲击,可随机出现,游侠之誓,远程武器,True,SW.Item.Bow_Unique1,SW.EffectTemplate.Power.I；SW.EffectTemplate.Power.II；SW.EffectTemplate.Power.III
冲击,可随机出现,定身弩,远程武器,True,SW.Item.Crossbow_Unique1,SW.EffectTemplate.Power.I；SW.EffectTemplate.Power.II；SW.EffectTemplate.Power.III
冲击,可随机出现,流星弓,远程武器,True,SW.Item.Shortbow_Unique1,SW.EffectTemplate.Power.I；SW.EffectTemplate.Power.II；SW.EffectTemplate.Power.III
冲击,可随机出现,幻翼弓,远程武器,True,SW.Item.Trickbow_Unique1,SW.EffectTemplate.Power.I；SW.EffectTemplate.Power.II；SW.EffectTemplate.Power.III
冲击,可随机出现,嘎枝之触,远程武器,True,SW.Item.Longbow_Unique1,SW.EffectTemplate.Power.I；SW.EffectTemplate.Power.II；SW.EffectTemplate.Power.III
冲击,可随机出现,竖琴弩,远程武器,True,SW.Item.ScatterCrossbow_Unique1,SW.EffectTemplate.Power.I；SW.EffectTemplate.Power.II；SW.EffectTemplate.Power.III
冲击,可随机出现,近战游侠弩,远程武器,True,SW.Item.HeavyCrossbow_Unique1,SW.EffectTemplate.Power.I；SW.EffectTemplate.Power.II；SW.EffectTemplate.Power.III
冲击,可随机出现,授粉快弩,远程武器,True,SW.Item.RapidCrossbow_Unique1,SW.EffectTemplate.Power.I；SW.EffectTemplate.Power.II；SW.EffectTemplate.Power.III
冲击,可随机出现,巨弓,远程武器,False,SW.Item.Greatbow,SW.EffectTemplate.Power.I；SW.EffectTemplate.Power.II；SW.EffectTemplate.Power.III
冲击,可随机出现,背叛者双弩,远程武器,True,SW.Item.DualCrossbow_Unique1,SW.EffectTemplate.Power.I；SW.EffectTemplate.Power.II；SW.EffectTemplate.Power.III
冲击,可随机出现,轰鸣虫心弦,远程武器,True,SW.Item.Greatbow_Unique1,SW.EffectTemplate.Power.I；SW.EffectTemplate.Power.II；SW.EffectTemplate.Power.III
冲击,护符成长,紫水晶透镜,护符,False,SW.Item.Talisman.RangedBuff,SW.EffectTemplate.RangedBuff.I；SW.EffectTemplate.RangedBuff.II；SW.EffectTemplate.RangedBuff.III
恢复,装备固有,轰鸣虫甲壳,护甲,True,SW.Item.StalwartChest_Unique,SW.EffectTemplate.Constitution.Unique
恢复,可随机出现,赏金猎人之靴,护甲,False,SW.Item.UndauntedBoots,SW.EffectTemplate.Constitution.I；SW.EffectTemplate.Constitution.II；SW.EffectTemplate.Constitution.III
恢复,可随机出现,赏金猎人头盔,护甲,False,SW.Item.UndauntedHelmet,SW.EffectTemplate.Constitution.I；SW.EffectTemplate.Constitution.II；SW.EffectTemplate.Constitution.III
恢复,可随机出现,赏金猎人护胫,护甲,False,SW.Item.UndauntedLeggings,SW.EffectTemplate.Constitution.I；SW.EffectTemplate.Constitution.II；SW.EffectTemplate.Constitution.III
恢复,可随机出现,赏金猎人胸甲,护甲,False,SW.Item.UndauntedChest,SW.EffectTemplate.Constitution.I；SW.EffectTemplate.Constitution.II；SW.EffectTemplate.Constitution.III
恢复,可随机出现,钢丝绒毛衣,护甲,False,SW.Item.FrostRimeChest,SW.EffectTemplate.Constitution.I；SW.EffectTemplate.Constitution.II；SW.EffectTemplate.Constitution.III
恢复,可随机出现,钢丝绒护腿,护甲,False,SW.Item.FrostRimeLeggings,SW.EffectTemplate.Constitution.I；SW.EffectTemplate.Constitution.II；SW.EffectTemplate.Constitution.III
恢复,可随机出现,钢丝绒靴,护甲,False,SW.Item.FrostRimeBoots,SW.EffectTemplate.Constitution.I；SW.EffectTemplate.Constitution.II；SW.EffectTemplate.Constitution.III
恢复,可随机出现,钢丝绒帽,护甲,False,SW.Item.FrostRimeHelmet,SW.EffectTemplate.Constitution.I；SW.EffectTemplate.Constitution.II；SW.EffectTemplate.Constitution.III
恢复,可随机出现,幽匿挖掘者靴子,护甲,False,SW.Item.CaveCrawlerBoots,SW.EffectTemplate.Constitution.I；SW.EffectTemplate.Constitution.II；SW.EffectTemplate.Constitution.III
恢复,可随机出现,幽匿挖掘者长袍,护甲,False,SW.Item.CaveCrawlerChest,SW.EffectTemplate.Constitution.I；SW.EffectTemplate.Constitution.II；SW.EffectTemplate.Constitution.III
恢复,可随机出现,幽匿挖掘者兜帽,护甲,False,SW.Item.CaveCrawlerHelmet,SW.EffectTemplate.Constitution.I；SW.EffectTemplate.Constitution.II；SW.EffectTemplate.Constitution.III
恢复,可随机出现,幽匿挖掘者护腿,护甲,False,SW.Item.CaveCrawlerLeggings,SW.EffectTemplate.Constitution.I；SW.EffectTemplate.Constitution.II；SW.EffectTemplate.Constitution.III
恢复,可随机出现,无畏角盔,护甲,True,SW.Item.UndauntedHelmet_Unique,SW.EffectTemplate.Constitution.I；SW.EffectTemplate.Constitution.II；SW.EffectTemplate.Constitution.III
恢复,可随机出现,无畏肩甲,护甲,True,SW.Item.UndauntedChest_Unique,SW.EffectTemplate.Constitution.I；SW.EffectTemplate.Constitution.II；SW.EffectTemplate.Constitution.III
恢复,可随机出现,无畏胫甲,护甲,True,SW.Item.UndauntedLeggings_Unique,SW.EffectTemplate.Constitution.I；SW.EffectTemplate.Constitution.II；SW.EffectTemplate.Constitution.III
恢复,可随机出现,无畏足甲,护甲,True,SW.Item.UndauntedBoots_Unique,SW.EffectTemplate.Constitution.I；SW.EffectTemplate.Constitution.II；SW.EffectTemplate.Constitution.III
恢复,可随机出现,寒霜护甲,护甲,True,SW.Item.FrostRimeChest_Unique,SW.EffectTemplate.Constitution.I；SW.EffectTemplate.Constitution.II；SW.EffectTemplate.Constitution.III
恢复,可随机出现,寒霜长衬裤,护甲,True,SW.Item.FrostRimeLeggings_Unique,SW.EffectTemplate.Constitution.I；SW.EffectTemplate.Constitution.II；SW.EffectTemplate.Constitution.III
恢复,可随机出现,寒霜踏雪靴,护甲,True,SW.Item.FrostRimeBoots_Unique,SW.EffectTemplate.Constitution.I；SW.EffectTemplate.Constitution.II；SW.EffectTemplate.Constitution.III
恢复,可随机出现,寒霜冰帽,护甲,True,SW.Item.FrostRimeHelmet_Unique,SW.EffectTemplate.Constitution.I；SW.EffectTemplate.Constitution.II；SW.EffectTemplate.Constitution.III
恢复,可随机出现,扭曲监守者轻靴,护甲,True,SW.Item.CaveCrawlerBoots_Unique,SW.EffectTemplate.Constitution.I；SW.EffectTemplate.Constitution.II；SW.EffectTemplate.Constitution.III
恢复,可随机出现,扭曲监守者背心,护甲,True,SW.Item.CaveCrawlerChest_Unique,SW.EffectTemplate.Constitution.I；SW.EffectTemplate.Constitution.II；SW.EffectTemplate.Constitution.III
恢复,可随机出现,扭曲监守者眼罩,护甲,True,SW.Item.CaveCrawlerHelmet_Unique,SW.EffectTemplate.Constitution.I；SW.EffectTemplate.Constitution.II；SW.EffectTemplate.Constitution.III
恢复,可随机出现,扭曲监守者紧身裤,护甲,True,SW.Item.CaveCrawlerLeggings_Unique,SW.EffectTemplate.Constitution.I；SW.EffectTemplate.Constitution.II；SW.EffectTemplate.Constitution.III
恢复,可随机出现,守卫者头盔,护甲,False,SW.Item.StalwartHelmet,SW.EffectTemplate.Constitution.I；SW.EffectTemplate.Constitution.II；SW.EffectTemplate.Constitution.III
恢复,可随机出现,守卫者胸甲,护甲,False,SW.Item.StalwartChest,SW.EffectTemplate.Constitution.I；SW.EffectTemplate.Constitution.II；SW.EffectTemplate.Constitution.III
恢复,可随机出现,守卫者护胫,护甲,False,SW.Item.StalwartLeggings,SW.EffectTemplate.Constitution.I；SW.EffectTemplate.Constitution.II；SW.EffectTemplate.Constitution.III
恢复,可随机出现,守卫者之靴,护甲,False,SW.Item.StalwartBoots,SW.EffectTemplate.Constitution.I；SW.EffectTemplate.Constitution.II；SW.EffectTemplate.Constitution.III
恢复,可随机出现,轰鸣虫触角,护甲,True,SW.Item.StalwartHelmet_Unique,SW.EffectTemplate.Constitution.I；SW.EffectTemplate.Constitution.II；SW.EffectTemplate.Constitution.III
恢复,可随机出现,轰鸣虫胫甲,护甲,True,SW.Item.StalwartLeggings_Unique,SW.EffectTemplate.Constitution.I；SW.EffectTemplate.Constitution.II；SW.EffectTemplate.Constitution.III
恢复,可随机出现,轰鸣虫跗靴,护甲,True,SW.Item.StalwartBoots_Unique,SW.EffectTemplate.Constitution.I；SW.EffectTemplate.Constitution.II；SW.EffectTemplate.Constitution.III
恢复,可随机出现,蘑菇帽,护甲,False,SW.Item.MushroomHelmet,SW.EffectTemplate.Constitution.I；SW.EffectTemplate.Constitution.II；SW.EffectTemplate.Constitution.III
恢复,可随机出现,蘑菇长袍,护甲,False,SW.Item.MushroomChest,SW.EffectTemplate.Constitution.I；SW.EffectTemplate.Constitution.II；SW.EffectTemplate.Constitution.III
恢复,可随机出现,蘑菇护腿,护甲,False,SW.Item.MushroomLeggings,SW.EffectTemplate.Constitution.I；SW.EffectTemplate.Constitution.II；SW.EffectTemplate.Constitution.III
恢复,可随机出现,蘑菇靴,护甲,False,SW.Item.MushroomBoots,SW.EffectTemplate.Constitution.I；SW.EffectTemplate.Constitution.II；SW.EffectTemplate.Constitution.III
恢复,可随机出现,红石头盔,护甲,False,SW.Item.RedstoneHelmet,SW.EffectTemplate.Constitution.I；SW.EffectTemplate.Constitution.II；SW.EffectTemplate.Constitution.III
恢复,可随机出现,红石胸甲,护甲,False,SW.Item.RedstoneChest,SW.EffectTemplate.Constitution.I；SW.EffectTemplate.Constitution.II；SW.EffectTemplate.Constitution.III
恢复,可随机出现,红石护胫,护甲,False,SW.Item.RedstoneLeggings,SW.EffectTemplate.Constitution.I；SW.EffectTemplate.Constitution.II；SW.EffectTemplate.Constitution.III
恢复,可随机出现,红石靴,护甲,False,SW.Item.RedstoneBoots,SW.EffectTemplate.Constitution.I；SW.EffectTemplate.Constitution.II；SW.EffectTemplate.Constitution.III
恢复,可随机出现,毒蝇伞帽,护甲,True,SW.Item.MushroomHelmet_Unique,SW.EffectTemplate.Constitution.I；SW.EffectTemplate.Constitution.II；SW.EffectTemplate.Constitution.III
恢复,可随机出现,毒蝇伞外套,护甲,True,SW.Item.MushroomChest_Unique,SW.EffectTemplate.Constitution.I；SW.EffectTemplate.Constitution.II；SW.EffectTemplate.Constitution.III
恢复,可随机出现,毒蝇伞长裤,护甲,True,SW.Item.MushroomLeggings_Unique,SW.EffectTemplate.Constitution.I；SW.EffectTemplate.Constitution.II；SW.EffectTemplate.Constitution.III
恢复,可随机出现,毒蝇伞雨鞋,护甲,True,SW.Item.MushroomBoots_Unique,SW.EffectTemplate.Constitution.I；SW.EffectTemplate.Constitution.II；SW.EffectTemplate.Constitution.III
恢复,可随机出现,巨兽角盔,护甲,True,SW.Item.RedstoneHelmet_Unique,SW.EffectTemplate.Constitution.I；SW.EffectTemplate.Constitution.II；SW.EffectTemplate.Constitution.III
恢复,可随机出现,巨兽盔甲,护甲,True,SW.Item.RedstoneChest_Unique,SW.EffectTemplate.Constitution.I；SW.EffectTemplate.Constitution.II；SW.EffectTemplate.Constitution.III
恢复,可随机出现,巨兽胫甲,护甲,True,SW.Item.RedstoneLeggings_Unique,SW.EffectTemplate.Constitution.I；SW.EffectTemplate.Constitution.II；SW.EffectTemplate.Constitution.III
恢复,可随机出现,巨兽战靴,护甲,True,SW.Item.RedstoneBoots_Unique,SW.EffectTemplate.Constitution.I；SW.EffectTemplate.Constitution.II；SW.EffectTemplate.Constitution.III
快速装填,装备固有,授粉快弩,远程武器,True,SW.Item.RapidCrossbow_Unique1,SW.EffectTemplate.Hairtrigger.Unique
快速装填,装备固有,无赖套裤,护甲,True,SW.Item.ScampLeggings_Unique,SW.EffectTemplate.Hairtrigger.Unique
躲避,装备固有,流星弓,远程武器,True,SW.Item.Shortbow_Unique1,SW.EffectTemplate.Sidestep.Unique
躲避,装备固有,扭曲监守者背心,护甲,True,SW.Item.CaveCrawlerChest_Unique,SW.EffectTemplate.Sidestep.Unique
躲避,装备固有,轰鸣虫跗靴,护甲,True,SW.Item.StalwartBoots_Unique,SW.EffectTemplate.Sidestep.Unique
躲避,可随机出现,捣蛋鬼轻靴,护甲,False,SW.Item.ScampBoots,SW.EffectTemplate.Sidestep.I；SW.EffectTemplate.Sidestep.II；SW.EffectTemplate.Sidestep.III
躲避,可随机出现,捣蛋鬼兜帽,护甲,False,SW.Item.ScampHelmet,SW.EffectTemplate.Sidestep.I；SW.EffectTemplate.Sidestep.II；SW.EffectTemplate.Sidestep.III
躲避,可随机出现,捣蛋鬼夹克,护甲,False,SW.Item.ScampChest,SW.EffectTemplate.Sidestep.I；SW.EffectTemplate.Sidestep.II；SW.EffectTemplate.Sidestep.III
躲避,可随机出现,捣蛋鬼护腿,护甲,False,SW.Item.ScampLeggings,SW.EffectTemplate.Sidestep.I；SW.EffectTemplate.Sidestep.II；SW.EffectTemplate.Sidestep.III
躲避,可随机出现,游侠夹克,护甲,False,SW.Item.RealmreacherChest,SW.EffectTemplate.Sidestep.I；SW.EffectTemplate.Sidestep.II；SW.EffectTemplate.Sidestep.III
躲避,可随机出现,游侠护腿,护甲,False,SW.Item.RealmreacherLeggings,SW.EffectTemplate.Sidestep.I；SW.EffectTemplate.Sidestep.II；SW.EffectTemplate.Sidestep.III
躲避,可随机出现,游侠靴,护甲,False,SW.Item.RealmreacherBoots,SW.EffectTemplate.Sidestep.I；SW.EffectTemplate.Sidestep.II；SW.EffectTemplate.Sidestep.III
躲避,可随机出现,游侠帽,护甲,False,SW.Item.RealmreacherHelmet,SW.EffectTemplate.Sidestep.I；SW.EffectTemplate.Sidestep.II；SW.EffectTemplate.Sidestep.III
躲避,可随机出现,幽匿挖掘者靴子,护甲,False,SW.Item.CaveCrawlerBoots,SW.EffectTemplate.Sidestep.I；SW.EffectTemplate.Sidestep.II；SW.EffectTemplate.Sidestep.III
躲避,可随机出现,幽匿挖掘者长袍,护甲,False,SW.Item.CaveCrawlerChest,SW.EffectTemplate.Sidestep.I；SW.EffectTemplate.Sidestep.II；SW.EffectTemplate.Sidestep.III
躲避,可随机出现,幽匿挖掘者兜帽,护甲,False,SW.Item.CaveCrawlerHelmet,SW.EffectTemplate.Sidestep.I；SW.EffectTemplate.Sidestep.II；SW.EffectTemplate.Sidestep.III
躲避,可随机出现,幽匿挖掘者护腿,护甲,False,SW.Item.CaveCrawlerLeggings,SW.EffectTemplate.Sidestep.I；SW.EffectTemplate.Sidestep.II；SW.EffectTemplate.Sidestep.III
躲避,可随机出现,无赖轻靴,护甲,True,SW.Item.ScampBoots_Unique,SW.EffectTemplate.Sidestep.I；SW.EffectTemplate.Sidestep.II；SW.EffectTemplate.Sidestep.III
躲避,可随机出现,无赖兜帽,护甲,True,SW.Item.ScampHelmet_Unique,SW.EffectTemplate.Sidestep.I；SW.EffectTemplate.Sidestep.II；SW.EffectTemplate.Sidestep.III
躲避,可随机出现,无赖西装外套,护甲,True,SW.Item.ScampChest_Unique,SW.EffectTemplate.Sidestep.I；SW.EffectTemplate.Sidestep.II；SW.EffectTemplate.Sidestep.III
躲避,可随机出现,无赖套裤,护甲,True,SW.Item.ScampLeggings_Unique,SW.EffectTemplate.Sidestep.I；SW.EffectTemplate.Sidestep.II；SW.EffectTemplate.Sidestep.III
躲避,可随机出现,扭曲监守者轻靴,护甲,True,SW.Item.CaveCrawlerBoots_Unique,SW.EffectTemplate.Sidestep.I；SW.EffectTemplate.Sidestep.II；SW.EffectTemplate.Sidestep.III
躲避,可随机出现,扭曲监守者眼罩,护甲,True,SW.Item.CaveCrawlerHelmet_Unique,SW.EffectTemplate.Sidestep.I；SW.EffectTemplate.Sidestep.II；SW.EffectTemplate.Sidestep.III
躲避,可随机出现,扭曲监守者紧身裤,护甲,True,SW.Item.CaveCrawlerLeggings_Unique,SW.EffectTemplate.Sidestep.I；SW.EffectTemplate.Sidestep.II；SW.EffectTemplate.Sidestep.III
躲避,可随机出现,神射手风衣,护甲,True,SW.Item.RealmreacherChest_Unique,SW.EffectTemplate.Sidestep.I；SW.EffectTemplate.Sidestep.II；SW.EffectTemplate.Sidestep.III
躲避,可随机出现,神射手套裤,护甲,True,SW.Item.RealmreacherLeggings_Unique,SW.EffectTemplate.Sidestep.I；SW.EffectTemplate.Sidestep.II；SW.EffectTemplate.Sidestep.III
躲避,可随机出现,神射手马刺靴,护甲,True,SW.Item.RealmreacherBoots_Unique,SW.EffectTemplate.Sidestep.I；SW.EffectTemplate.Sidestep.II；SW.EffectTemplate.Sidestep.III
躲避,可随机出现,神射手软呢帽,护甲,True,SW.Item.RealmreacherHelmet_Unique,SW.EffectTemplate.Sidestep.I；SW.EffectTemplate.Sidestep.II；SW.EffectTemplate.Sidestep.III
躲避,可随机出现,幻翼头盔,护甲,False,SW.Item.PhantomHelmet,SW.EffectTemplate.Sidestep.I；SW.EffectTemplate.Sidestep.II；SW.EffectTemplate.Sidestep.III
躲避,可随机出现,幻翼胸甲,护甲,False,SW.Item.PhantomChest,SW.EffectTemplate.Sidestep.I；SW.EffectTemplate.Sidestep.II；SW.EffectTemplate.Sidestep.III
躲避,可随机出现,幻翼长裤,护甲,False,SW.Item.PhantomLeggings,SW.EffectTemplate.Sidestep.I；SW.EffectTemplate.Sidestep.II；SW.EffectTemplate.Sidestep.III
躲避,可随机出现,幻翼靴,护甲,False,SW.Item.PhantomBoots,SW.EffectTemplate.Sidestep.I；SW.EffectTemplate.Sidestep.II；SW.EffectTemplate.Sidestep.III
躲避,可随机出现,界域行者帽,护甲,False,SW.Item.TimewornHelmet,SW.EffectTemplate.Sidestep.I；SW.EffectTemplate.Sidestep.II；SW.EffectTemplate.Sidestep.III
躲避,可随机出现,界域行者长袍,护甲,False,SW.Item.TimewornChest,SW.EffectTemplate.Sidestep.I；SW.EffectTemplate.Sidestep.II；SW.EffectTemplate.Sidestep.III
躲避,可随机出现,界域行者护腿,护甲,False,SW.Item.TimewornLeggings,SW.EffectTemplate.Sidestep.I；SW.EffectTemplate.Sidestep.II；SW.EffectTemplate.Sidestep.III
躲避,可随机出现,界域行者靴,护甲,False,SW.Item.TimewornBoots,SW.EffectTemplate.Sidestep.I；SW.EffectTemplate.Sidestep.II；SW.EffectTemplate.Sidestep.III
躲避,可随机出现,门徒面具,护甲,False,SW.Item.DiscipleHelmet,SW.EffectTemplate.Sidestep.I；SW.EffectTemplate.Sidestep.II；SW.EffectTemplate.Sidestep.III
躲避,可随机出现,门徒长袍,护甲,False,SW.Item.DiscipleChest,SW.EffectTemplate.Sidestep.I；SW.EffectTemplate.Sidestep.II；SW.EffectTemplate.Sidestep.III
躲避,可随机出现,门徒护腿,护甲,False,SW.Item.DiscipleLeggings,SW.EffectTemplate.Sidestep.I；SW.EffectTemplate.Sidestep.II；SW.EffectTemplate.Sidestep.III
躲避,可随机出现,门徒裹足布,护甲,False,SW.Item.DiscipleBoots,SW.EffectTemplate.Sidestep.I；SW.EffectTemplate.Sidestep.II；SW.EffectTemplate.Sidestep.III
躲避,可随机出现,驭梦者王冠,护甲,True,SW.Item.PhantomHelmet_Unique,SW.EffectTemplate.Sidestep.I；SW.EffectTemplate.Sidestep.II；SW.EffectTemplate.Sidestep.III
躲避,可随机出现,驭梦者外袍,护甲,True,SW.Item.PhantomChest_Unique,SW.EffectTemplate.Sidestep.I；SW.EffectTemplate.Sidestep.II；SW.EffectTemplate.Sidestep.III
躲避,可随机出现,驭梦者睡裤,护甲,True,SW.Item.PhantomLeggings_Unique,SW.EffectTemplate.Sidestep.I；SW.EffectTemplate.Sidestep.II；SW.EffectTemplate.Sidestep.III
躲避,可随机出现,驭梦者拖鞋,护甲,True,SW.Item.PhantomBoots_Unique,SW.EffectTemplate.Sidestep.I；SW.EffectTemplate.Sidestep.II；SW.EffectTemplate.Sidestep.III
躲避,可随机出现,灵魂腐化者面具,护甲,True,SW.Item.TimewornHelmet_Unique,SW.EffectTemplate.Sidestep.I；SW.EffectTemplate.Sidestep.II；SW.EffectTemplate.Sidestep.III
躲避,可随机出现,灵魂腐化者风衣,护甲,True,SW.Item.TimewornChest_Unique,SW.EffectTemplate.Sidestep.I；SW.EffectTemplate.Sidestep.II；SW.EffectTemplate.Sidestep.III
躲避,可随机出现,灵魂腐化者腰带,护甲,True,SW.Item.TimewornLeggings_Unique,SW.EffectTemplate.Sidestep.I；SW.EffectTemplate.Sidestep.II；SW.EffectTemplate.Sidestep.III
躲避,可随机出现,灵魂腐化者凉鞋,护甲,True,SW.Item.TimewornBoots_Unique,SW.EffectTemplate.Sidestep.I；SW.EffectTemplate.Sidestep.II；SW.EffectTemplate.Sidestep.III
躲避,可随机出现,贤者头带,护甲,True,SW.Item.DiscipleHelmet_Unique,SW.EffectTemplate.Sidestep.I；SW.EffectTemplate.Sidestep.II；SW.EffectTemplate.Sidestep.III
躲避,可随机出现,贤者束衣,护甲,True,SW.Item.DiscipleChest_Unique,SW.EffectTemplate.Sidestep.I；SW.EffectTemplate.Sidestep.II；SW.EffectTemplate.Sidestep.III
躲避,可随机出现,贤者腰带,护甲,True,SW.Item.DiscipleLeggings_Unique,SW.EffectTemplate.Sidestep.I；SW.EffectTemplate.Sidestep.II；SW.EffectTemplate.Sidestep.III
躲避,可随机出现,贤者裹足布,护甲,True,SW.Item.DiscipleBoots_Unique,SW.EffectTemplate.Sidestep.I；SW.EffectTemplate.Sidestep.II；SW.EffectTemplate.Sidestep.III
躲避,可随机出现,幽匿者面具,护甲,False,SW.Item.ScavengerHelmet,SW.EffectTemplate.Sidestep.I；SW.EffectTemplate.Sidestep.II；SW.EffectTemplate.Sidestep.III
躲避,可随机出现,幽匿者长袍,护甲,False,SW.Item.ScavengerChest,SW.EffectTemplate.Sidestep.I；SW.EffectTemplate.Sidestep.II；SW.EffectTemplate.Sidestep.III
躲避,可随机出现,幽匿者便裤,护甲,False,SW.Item.ScavengerLeggings,SW.EffectTemplate.Sidestep.I；SW.EffectTemplate.Sidestep.II；SW.EffectTemplate.Sidestep.III
躲避,可随机出现,幽匿者之靴,护甲,False,SW.Item.ScavengerBoots,SW.EffectTemplate.Sidestep.I；SW.EffectTemplate.Sidestep.II；SW.EffectTemplate.Sidestep.III
躲避,可随机出现,君主王冠,护甲,True,SW.Item.ScavengerHelmet_Unique,SW.EffectTemplate.Sidestep.I；SW.EffectTemplate.Sidestep.II；SW.EffectTemplate.Sidestep.III
躲避,可随机出现,君主披风,护甲,True,SW.Item.ScavengerChest_Unique,SW.EffectTemplate.Sidestep.I；SW.EffectTemplate.Sidestep.II；SW.EffectTemplate.Sidestep.III
躲避,可随机出现,君主腰带,护甲,True,SW.Item.ScavengerLeggings_Unique,SW.EffectTemplate.Sidestep.I；SW.EffectTemplate.Sidestep.II；SW.EffectTemplate.Sidestep.III
躲避,可随机出现,君主利爪,护甲,True,SW.Item.ScavengerBoots_Unique,SW.EffectTemplate.Sidestep.I；SW.EffectTemplate.Sidestep.II；SW.EffectTemplate.Sidestep.III
生命回复,装备固有,毒蝇伞外套,护甲,True,SW.Item.MushroomChest_Unique,SW.EffectTemplate.Regeneration.Unique
生命回复,可随机出现,赏金猎人之靴,护甲,False,SW.Item.UndauntedBoots,SW.EffectTemplate.Regeneration.I；SW.EffectTemplate.Regeneration.II；SW.EffectTemplate.Regeneration.III
生命回复,可随机出现,赏金猎人头盔,护甲,False,SW.Item.UndauntedHelmet,SW.EffectTemplate.Regeneration.I；SW.EffectTemplate.Regeneration.II；SW.EffectTemplate.Regeneration.III
生命回复,可随机出现,赏金猎人护胫,护甲,False,SW.Item.UndauntedLeggings,SW.EffectTemplate.Regeneration.I；SW.EffectTemplate.Regeneration.II；SW.EffectTemplate.Regeneration.III
生命回复,可随机出现,赏金猎人胸甲,护甲,False,SW.Item.UndauntedChest,SW.EffectTemplate.Regeneration.I；SW.EffectTemplate.Regeneration.II；SW.EffectTemplate.Regeneration.III
生命回复,可随机出现,钢丝绒毛衣,护甲,False,SW.Item.FrostRimeChest,SW.EffectTemplate.Regeneration.I；SW.EffectTemplate.Regeneration.II；SW.EffectTemplate.Regeneration.III
生命回复,可随机出现,钢丝绒护腿,护甲,False,SW.Item.FrostRimeLeggings,SW.EffectTemplate.Regeneration.I；SW.EffectTemplate.Regeneration.II；SW.EffectTemplate.Regeneration.III
生命回复,可随机出现,钢丝绒靴,护甲,False,SW.Item.FrostRimeBoots,SW.EffectTemplate.Regeneration.I；SW.EffectTemplate.Regeneration.II；SW.EffectTemplate.Regeneration.III
生命回复,可随机出现,钢丝绒帽,护甲,False,SW.Item.FrostRimeHelmet,SW.EffectTemplate.Regeneration.I；SW.EffectTemplate.Regeneration.II；SW.EffectTemplate.Regeneration.III
生命回复,可随机出现,幽匿挖掘者靴子,护甲,False,SW.Item.CaveCrawlerBoots,SW.EffectTemplate.Regeneration.I；SW.EffectTemplate.Regeneration.II；SW.EffectTemplate.Regeneration.III
生命回复,可随机出现,幽匿挖掘者长袍,护甲,False,SW.Item.CaveCrawlerChest,SW.EffectTemplate.Regeneration.I；SW.EffectTemplate.Regeneration.II；SW.EffectTemplate.Regeneration.III
生命回复,可随机出现,幽匿挖掘者兜帽,护甲,False,SW.Item.CaveCrawlerHelmet,SW.EffectTemplate.Regeneration.I；SW.EffectTemplate.Regeneration.II；SW.EffectTemplate.Regeneration.III
生命回复,可随机出现,幽匿挖掘者护腿,护甲,False,SW.Item.CaveCrawlerLeggings,SW.EffectTemplate.Regeneration.I；SW.EffectTemplate.Regeneration.II；SW.EffectTemplate.Regeneration.III
生命回复,可随机出现,无畏角盔,护甲,True,SW.Item.UndauntedHelmet_Unique,SW.EffectTemplate.Regeneration.I；SW.EffectTemplate.Regeneration.II；SW.EffectTemplate.Regeneration.III
生命回复,可随机出现,无畏肩甲,护甲,True,SW.Item.UndauntedChest_Unique,SW.EffectTemplate.Regeneration.I；SW.EffectTemplate.Regeneration.II；SW.EffectTemplate.Regeneration.III
生命回复,可随机出现,无畏胫甲,护甲,True,SW.Item.UndauntedLeggings_Unique,SW.EffectTemplate.Regeneration.I；SW.EffectTemplate.Regeneration.II；SW.EffectTemplate.Regeneration.III
生命回复,可随机出现,无畏足甲,护甲,True,SW.Item.UndauntedBoots_Unique,SW.EffectTemplate.Regeneration.I；SW.EffectTemplate.Regeneration.II；SW.EffectTemplate.Regeneration.III
生命回复,可随机出现,寒霜护甲,护甲,True,SW.Item.FrostRimeChest_Unique,SW.EffectTemplate.Regeneration.I；SW.EffectTemplate.Regeneration.II；SW.EffectTemplate.Regeneration.III
生命回复,可随机出现,寒霜长衬裤,护甲,True,SW.Item.FrostRimeLeggings_Unique,SW.EffectTemplate.Regeneration.I；SW.EffectTemplate.Regeneration.II；SW.EffectTemplate.Regeneration.III
生命回复,可随机出现,寒霜踏雪靴,护甲,True,SW.Item.FrostRimeBoots_Unique,SW.EffectTemplate.Regeneration.I；SW.EffectTemplate.Regeneration.II；SW.EffectTemplate.Regeneration.III
生命回复,可随机出现,寒霜冰帽,护甲,True,SW.Item.FrostRimeHelmet_Unique,SW.EffectTemplate.Regeneration.I；SW.EffectTemplate.Regeneration.II；SW.EffectTemplate.Regeneration.III
生命回复,可随机出现,扭曲监守者轻靴,护甲,True,SW.Item.CaveCrawlerBoots_Unique,SW.EffectTemplate.Regeneration.I；SW.EffectTemplate.Regeneration.II；SW.EffectTemplate.Regeneration.III
生命回复,可随机出现,扭曲监守者背心,护甲,True,SW.Item.CaveCrawlerChest_Unique,SW.EffectTemplate.Regeneration.I；SW.EffectTemplate.Regeneration.II；SW.EffectTemplate.Regeneration.III
生命回复,可随机出现,扭曲监守者眼罩,护甲,True,SW.Item.CaveCrawlerHelmet_Unique,SW.EffectTemplate.Regeneration.I；SW.EffectTemplate.Regeneration.II；SW.EffectTemplate.Regeneration.III
生命回复,可随机出现,扭曲监守者紧身裤,护甲,True,SW.Item.CaveCrawlerLeggings_Unique,SW.EffectTemplate.Regeneration.I；SW.EffectTemplate.Regeneration.II；SW.EffectTemplate.Regeneration.III
生命回复,可随机出现,守卫者头盔,护甲,False,SW.Item.StalwartHelmet,SW.EffectTemplate.Regeneration.I；SW.EffectTemplate.Regeneration.II；SW.EffectTemplate.Regeneration.III
生命回复,可随机出现,守卫者胸甲,护甲,False,SW.Item.StalwartChest,SW.EffectTemplate.Regeneration.I；SW.EffectTemplate.Regeneration.II；SW.EffectTemplate.Regeneration.III
生命回复,可随机出现,守卫者护胫,护甲,False,SW.Item.StalwartLeggings,SW.EffectTemplate.Regeneration.I；SW.EffectTemplate.Regeneration.II；SW.EffectTemplate.Regeneration.III
生命回复,可随机出现,守卫者之靴,护甲,False,SW.Item.StalwartBoots,SW.EffectTemplate.Regeneration.I；SW.EffectTemplate.Regeneration.II；SW.EffectTemplate.Regeneration.III
生命回复,可随机出现,轰鸣虫触角,护甲,True,SW.Item.StalwartHelmet_Unique,SW.EffectTemplate.Regeneration.I；SW.EffectTemplate.Regeneration.II；SW.EffectTemplate.Regeneration.III
生命回复,可随机出现,轰鸣虫甲壳,护甲,True,SW.Item.StalwartChest_Unique,SW.EffectTemplate.Regeneration.I；SW.EffectTemplate.Regeneration.II；SW.EffectTemplate.Regeneration.III
生命回复,可随机出现,轰鸣虫胫甲,护甲,True,SW.Item.StalwartLeggings_Unique,SW.EffectTemplate.Regeneration.I；SW.EffectTemplate.Regeneration.II；SW.EffectTemplate.Regeneration.III
生命回复,可随机出现,轰鸣虫跗靴,护甲,True,SW.Item.StalwartBoots_Unique,SW.EffectTemplate.Regeneration.I；SW.EffectTemplate.Regeneration.II；SW.EffectTemplate.Regeneration.III
生命回复,可随机出现,蘑菇帽,护甲,False,SW.Item.MushroomHelmet,SW.EffectTemplate.Regeneration.I；SW.EffectTemplate.Regeneration.II；SW.EffectTemplate.Regeneration.III
生命回复,可随机出现,蘑菇长袍,护甲,False,SW.Item.MushroomChest,SW.EffectTemplate.Regeneration.I；SW.EffectTemplate.Regeneration.II；SW.EffectTemplate.Regeneration.III
生命回复,可随机出现,蘑菇护腿,护甲,False,SW.Item.MushroomLeggings,SW.EffectTemplate.Regeneration.I；SW.EffectTemplate.Regeneration.II；SW.EffectTemplate.Regeneration.III
生命回复,可随机出现,蘑菇靴,护甲,False,SW.Item.MushroomBoots,SW.EffectTemplate.Regeneration.I；SW.EffectTemplate.Regeneration.II；SW.EffectTemplate.Regeneration.III
生命回复,可随机出现,红石头盔,护甲,False,SW.Item.RedstoneHelmet,SW.EffectTemplate.Regeneration.I；SW.EffectTemplate.Regeneration.II；SW.EffectTemplate.Regeneration.III
生命回复,可随机出现,红石胸甲,护甲,False,SW.Item.RedstoneChest,SW.EffectTemplate.Regeneration.I；SW.EffectTemplate.Regeneration.II；SW.EffectTemplate.Regeneration.III
生命回复,可随机出现,红石护胫,护甲,False,SW.Item.RedstoneLeggings,SW.EffectTemplate.Regeneration.I；SW.EffectTemplate.Regeneration.II；SW.EffectTemplate.Regeneration.III
生命回复,可随机出现,红石靴,护甲,False,SW.Item.RedstoneBoots,SW.EffectTemplate.Regeneration.I；SW.EffectTemplate.Regeneration.II；SW.EffectTemplate.Regeneration.III
生命回复,可随机出现,毒蝇伞帽,护甲,True,SW.Item.MushroomHelmet_Unique,SW.EffectTemplate.Regeneration.I；SW.EffectTemplate.Regeneration.II；SW.EffectTemplate.Regeneration.III
生命回复,可随机出现,毒蝇伞长裤,护甲,True,SW.Item.MushroomLeggings_Unique,SW.EffectTemplate.Regeneration.I；SW.EffectTemplate.Regeneration.II；SW.EffectTemplate.Regeneration.III
生命回复,可随机出现,毒蝇伞雨鞋,护甲,True,SW.Item.MushroomBoots_Unique,SW.EffectTemplate.Regeneration.I；SW.EffectTemplate.Regeneration.II；SW.EffectTemplate.Regeneration.III
生命回复,可随机出现,巨兽角盔,护甲,True,SW.Item.RedstoneHelmet_Unique,SW.EffectTemplate.Regeneration.I；SW.EffectTemplate.Regeneration.II；SW.EffectTemplate.Regeneration.III
生命回复,可随机出现,巨兽盔甲,护甲,True,SW.Item.RedstoneChest_Unique,SW.EffectTemplate.Regeneration.I；SW.EffectTemplate.Regeneration.II；SW.EffectTemplate.Regeneration.III
生命回复,可随机出现,巨兽胫甲,护甲,True,SW.Item.RedstoneLeggings_Unique,SW.EffectTemplate.Regeneration.I；SW.EffectTemplate.Regeneration.II；SW.EffectTemplate.Regeneration.III
生命回复,可随机出现,巨兽战靴,护甲,True,SW.Item.RedstoneBoots_Unique,SW.EffectTemplate.Regeneration.I；SW.EffectTemplate.Regeneration.II；SW.EffectTemplate.Regeneration.III
生命回复,护符成长,治愈之心,护符,False,SW.Item.Talisman.Healing,SW.EffectTemplate.Healing.I；SW.EffectTemplate.Healing.II；SW.EffectTemplate.Healing.III
灵巧,装备固有,甲壳重锤,近战武器,True,SW.Item.Mace_Unique1,SW.EffectTemplate.Finesse.Unique
灵巧,装备固有,驭梦者拖鞋,护甲,True,SW.Item.PhantomBoots_Unique,SW.EffectTemplate.Finesse.Unique
灵巧,可随机出现,剑,近战武器,False,SW.Item.Sword,SW.EffectTemplate.Finesse.I；SW.EffectTemplate.Finesse.II；SW.EffectTemplate.Finesse.III
灵巧,可随机出现,护手,近战武器,False,SW.Item.Gauntlet,SW.EffectTemplate.Finesse.I；SW.EffectTemplate.Finesse.II；SW.EffectTemplate.Finesse.III
灵巧,可随机出现,细剑,近战武器,False,SW.Item.Rapier,SW.EffectTemplate.Finesse.I；SW.EffectTemplate.Finesse.II；SW.EffectTemplate.Finesse.III
灵巧,可随机出现,烈焰之刃,近战武器,True,SW.Item.Sword_Unique1,SW.EffectTemplate.Finesse.I；SW.EffectTemplate.Finesse.II；SW.EffectTemplate.Finesse.III
灵巧,可随机出现,首席附魔师护手,近战武器,True,SW.Item.Gauntlet_Unique1,SW.EffectTemplate.Finesse.I；SW.EffectTemplate.Finesse.II；SW.EffectTemplate.Finesse.III
灵巧,可随机出现,毒牙,近战武器,True,SW.Item.Daggers_Unique1,SW.EffectTemplate.Finesse.I；SW.EffectTemplate.Finesse.II；SW.EffectTemplate.Finesse.III
灵巧,可随机出现,千刃,近战武器,True,SW.Item.Rapier_Unique1,SW.EffectTemplate.Finesse.I；SW.EffectTemplate.Finesse.II；SW.EffectTemplate.Finesse.III
灵巧,可随机出现,大剑,近战武器,False,SW.Item.Claymore,SW.EffectTemplate.Finesse.I；SW.EffectTemplate.Finesse.II；SW.EffectTemplate.Finesse.III
灵巧,可随机出现,巨剑,近战武器,False,SW.Item.Greatsword,SW.EffectTemplate.Finesse.I；SW.EffectTemplate.Finesse.II；SW.EffectTemplate.Finesse.III
灵巧,可随机出现,狼爪,近战武器,False,SW.Item.Claws,SW.EffectTemplate.Finesse.I；SW.EffectTemplate.Finesse.II；SW.EffectTemplate.Finesse.III
灵巧,可随机出现,双镰,近战武器,False,SW.Item.Sickles,SW.EffectTemplate.Finesse.I；SW.EffectTemplate.Finesse.II；SW.EffectTemplate.Finesse.III
灵巧,可随机出现,定型刀,近战武器,False,SW.Item.CurvedGreatsword,SW.EffectTemplate.Finesse.I；SW.EffectTemplate.Finesse.II；SW.EffectTemplate.Finesse.III
灵巧,可随机出现,裂隙撕裂者,近战武器,False,SW.Item.CurvedLongsword,SW.EffectTemplate.Finesse.I；SW.EffectTemplate.Finesse.II；SW.EffectTemplate.Finesse.III
灵巧,可随机出现,军刀,近战武器,False,SW.Item.Sabre,SW.EffectTemplate.Finesse.I；SW.EffectTemplate.Finesse.II；SW.EffectTemplate.Finesse.III
灵巧,可随机出现,巨斧,近战武器,False,SW.Item.GreatAxe,SW.EffectTemplate.Finesse.I；SW.EffectTemplate.Finesse.II；SW.EffectTemplate.Finesse.III
灵巧,可随机出现,斩杀大剑,近战武器,True,SW.Item.Claymore_Unique1,SW.EffectTemplate.Finesse.I；SW.EffectTemplate.Finesse.II；SW.EffectTemplate.Finesse.III
灵巧,可随机出现,暗晶剑,近战武器,True,SW.Item.Greatsword_Unique1,SW.EffectTemplate.Finesse.I；SW.EffectTemplate.Finesse.II；SW.EffectTemplate.Finesse.III
灵巧,可随机出现,幽匿者之爪,近战武器,True,SW.Item.Claws_Unique1,SW.EffectTemplate.Finesse.I；SW.EffectTemplate.Finesse.II；SW.EffectTemplate.Finesse.III
灵巧,可随机出现,汐浮镰刀,近战武器,True,SW.Item.Sickles_Unique1,SW.EffectTemplate.Finesse.I；SW.EffectTemplate.Finesse.II；SW.EffectTemplate.Finesse.III
灵巧,可随机出现,平原之傲,近战武器,True,SW.Item.CurvedLongsword_Unique1,SW.EffectTemplate.Finesse.I；SW.EffectTemplate.Finesse.II；SW.EffectTemplate.Finesse.III
灵巧,可随机出现,幽匿者克星,近战武器,True,SW.Item.Dagger_Unique1,SW.EffectTemplate.Finesse.I；SW.EffectTemplate.Finesse.II；SW.EffectTemplate.Finesse.III
灵巧,可随机出现,调皮鬼军刀,近战武器,True,SW.Item.Sabre_Unique1,SW.EffectTemplate.Finesse.I；SW.EffectTemplate.Finesse.II；SW.EffectTemplate.Finesse.III
灵巧,可随机出现,神威巨斧,近战武器,True,SW.Item.GreatAxe_Unique1,SW.EffectTemplate.Finesse.I；SW.EffectTemplate.Finesse.II；SW.EffectTemplate.Finesse.III
火焰法师,装备固有,烈焰之刃,近战武器,True,SW.Item.Sword_Unique1,SW.EffectTemplate.FireFocus.Unique
火焰法师,装备固有,巨兽角盔,护甲,True,SW.Item.RedstoneHelmet_Unique,SW.EffectTemplate.FireFocus.Unique
火焰法师,可随机出现,钢丝绒毛衣,护甲,False,SW.Item.FrostRimeChest,SW.EffectTemplate.FireFocus.I；SW.EffectTemplate.FireFocus.II；SW.EffectTemplate.FireFocus.III
火焰法师,可随机出现,钢丝绒护腿,护甲,False,SW.Item.FrostRimeLeggings,SW.EffectTemplate.FireFocus.I；SW.EffectTemplate.FireFocus.II；SW.EffectTemplate.FireFocus.III
火焰法师,可随机出现,钢丝绒靴,护甲,False,SW.Item.FrostRimeBoots,SW.EffectTemplate.FireFocus.I；SW.EffectTemplate.FireFocus.II；SW.EffectTemplate.FireFocus.III
火焰法师,可随机出现,钢丝绒帽,护甲,False,SW.Item.FrostRimeHelmet,SW.EffectTemplate.FireFocus.I；SW.EffectTemplate.FireFocus.II；SW.EffectTemplate.FireFocus.III
火焰法师,可随机出现,寒霜护甲,护甲,True,SW.Item.FrostRimeChest_Unique,SW.EffectTemplate.FireFocus.I；SW.EffectTemplate.FireFocus.II；SW.EffectTemplate.FireFocus.III
火焰法师,可随机出现,寒霜长衬裤,护甲,True,SW.Item.FrostRimeLeggings_Unique,SW.EffectTemplate.FireFocus.I；SW.EffectTemplate.FireFocus.II；SW.EffectTemplate.FireFocus.III
火焰法师,可随机出现,寒霜踏雪靴,护甲,True,SW.Item.FrostRimeBoots_Unique,SW.EffectTemplate.FireFocus.I；SW.EffectTemplate.FireFocus.II；SW.EffectTemplate.FireFocus.III
火焰法师,可随机出现,寒霜冰帽,护甲,True,SW.Item.FrostRimeHelmet_Unique,SW.EffectTemplate.FireFocus.I；SW.EffectTemplate.FireFocus.II；SW.EffectTemplate.FireFocus.III
火焰法师,可随机出现,神秘头箍,护甲,False,SW.Item.MysticHelmet,SW.EffectTemplate.FireFocus.I；SW.EffectTemplate.FireFocus.II；SW.EffectTemplate.FireFocus.III
火焰法师,可随机出现,神秘长袍,护甲,False,SW.Item.MysticChest,SW.EffectTemplate.FireFocus.I；SW.EffectTemplate.FireFocus.II；SW.EffectTemplate.FireFocus.III
火焰法师,可随机出现,神秘护腿,护甲,False,SW.Item.MysticLeggings,SW.EffectTemplate.FireFocus.I；SW.EffectTemplate.FireFocus.II；SW.EffectTemplate.FireFocus.III
火焰法师,可随机出现,神秘靴,护甲,False,SW.Item.MysticBoots,SW.EffectTemplate.FireFocus.I；SW.EffectTemplate.FireFocus.II；SW.EffectTemplate.FireFocus.III
火焰法师,可随机出现,神谕王冠,护甲,True,SW.Item.MysticHelmet_Unique,SW.EffectTemplate.FireFocus.I；SW.EffectTemplate.FireFocus.II；SW.EffectTemplate.FireFocus.III
火焰法师,可随机出现,神谕披风,护甲,True,SW.Item.MysticChest_Unique,SW.EffectTemplate.FireFocus.I；SW.EffectTemplate.FireFocus.II；SW.EffectTemplate.FireFocus.III
火焰法师,可随机出现,神谕紧身裤,护甲,True,SW.Item.MysticLeggings_Unique,SW.EffectTemplate.FireFocus.I；SW.EffectTemplate.FireFocus.II；SW.EffectTemplate.FireFocus.III
火焰法师,可随机出现,神谕凉鞋,护甲,True,SW.Item.MysticBoots_Unique,SW.EffectTemplate.FireFocus.I；SW.EffectTemplate.FireFocus.II；SW.EffectTemplate.FireFocus.III
火焰法师,可随机出现,界域行者帽,护甲,False,SW.Item.TimewornHelmet,SW.EffectTemplate.FireFocus.I；SW.EffectTemplate.FireFocus.II；SW.EffectTemplate.FireFocus.III
火焰法师,可随机出现,界域行者长袍,护甲,False,SW.Item.TimewornChest,SW.EffectTemplate.FireFocus.I；SW.EffectTemplate.FireFocus.II；SW.EffectTemplate.FireFocus.III
火焰法师,可随机出现,界域行者护腿,护甲,False,SW.Item.TimewornLeggings,SW.EffectTemplate.FireFocus.I；SW.EffectTemplate.FireFocus.II；SW.EffectTemplate.FireFocus.III
火焰法师,可随机出现,界域行者靴,护甲,False,SW.Item.TimewornBoots,SW.EffectTemplate.FireFocus.I；SW.EffectTemplate.FireFocus.II；SW.EffectTemplate.FireFocus.III
火焰法师,可随机出现,蘑菇帽,护甲,False,SW.Item.MushroomHelmet,SW.EffectTemplate.FireFocus.I；SW.EffectTemplate.FireFocus.II；SW.EffectTemplate.FireFocus.III
火焰法师,可随机出现,蘑菇长袍,护甲,False,SW.Item.MushroomChest,SW.EffectTemplate.FireFocus.I；SW.EffectTemplate.FireFocus.II；SW.EffectTemplate.FireFocus.III
火焰法师,可随机出现,蘑菇护腿,护甲,False,SW.Item.MushroomLeggings,SW.EffectTemplate.FireFocus.I；SW.EffectTemplate.FireFocus.II；SW.EffectTemplate.FireFocus.III
火焰法师,可随机出现,蘑菇靴,护甲,False,SW.Item.MushroomBoots,SW.EffectTemplate.FireFocus.I；SW.EffectTemplate.FireFocus.II；SW.EffectTemplate.FireFocus.III
火焰法师,可随机出现,汐浮特兜帽,护甲,False,SW.Item.WellspringHelmet,SW.EffectTemplate.FireFocus.I；SW.EffectTemplate.FireFocus.II；SW.EffectTemplate.FireFocus.III
火焰法师,可随机出现,汐浮特长袍,护甲,False,SW.Item.WellspringChest,SW.EffectTemplate.FireFocus.I；SW.EffectTemplate.FireFocus.II；SW.EffectTemplate.FireFocus.III
火焰法师,可随机出现,汐浮特护腿,护甲,False,SW.Item.WellspringLeggings,SW.EffectTemplate.FireFocus.I；SW.EffectTemplate.FireFocus.II；SW.EffectTemplate.FireFocus.III
火焰法师,可随机出现,汐浮特之靴,护甲,False,SW.Item.WellspringBoots,SW.EffectTemplate.FireFocus.I；SW.EffectTemplate.FireFocus.II；SW.EffectTemplate.FireFocus.III
火焰法师,可随机出现,红石头盔,护甲,False,SW.Item.RedstoneHelmet,SW.EffectTemplate.FireFocus.I；SW.EffectTemplate.FireFocus.II；SW.EffectTemplate.FireFocus.III
火焰法师,可随机出现,红石胸甲,护甲,False,SW.Item.RedstoneChest,SW.EffectTemplate.FireFocus.I；SW.EffectTemplate.FireFocus.II；SW.EffectTemplate.FireFocus.III
火焰法师,可随机出现,红石护胫,护甲,False,SW.Item.RedstoneLeggings,SW.EffectTemplate.FireFocus.I；SW.EffectTemplate.FireFocus.II；SW.EffectTemplate.FireFocus.III
火焰法师,可随机出现,红石靴,护甲,False,SW.Item.RedstoneBoots,SW.EffectTemplate.FireFocus.I；SW.EffectTemplate.FireFocus.II；SW.EffectTemplate.FireFocus.III
火焰法师,可随机出现,巫师帽,护甲,False,SW.Item.EvocationHelmet,SW.EffectTemplate.FireFocus.I；SW.EffectTemplate.FireFocus.II；SW.EffectTemplate.FireFocus.III
火焰法师,可随机出现,巫师长袍,护甲,False,SW.Item.EvocationChest,SW.EffectTemplate.FireFocus.I；SW.EffectTemplate.FireFocus.II；SW.EffectTemplate.FireFocus.III
火焰法师,可随机出现,巫师护腿,护甲,False,SW.Item.EvocationLeggings,SW.EffectTemplate.FireFocus.I；SW.EffectTemplate.FireFocus.II；SW.EffectTemplate.FireFocus.III
火焰法师,可随机出现,巫师靴,护甲,False,SW.Item.EvocationBoots,SW.EffectTemplate.FireFocus.I；SW.EffectTemplate.FireFocus.II；SW.EffectTemplate.FireFocus.III
火焰法师,可随机出现,灵魂腐化者面具,护甲,True,SW.Item.TimewornHelmet_Unique,SW.EffectTemplate.FireFocus.I；SW.EffectTemplate.FireFocus.II；SW.EffectTemplate.FireFocus.III
火焰法师,可随机出现,灵魂腐化者风衣,护甲,True,SW.Item.TimewornChest_Unique,SW.EffectTemplate.FireFocus.I；SW.EffectTemplate.FireFocus.II；SW.EffectTemplate.FireFocus.III
火焰法师,可随机出现,灵魂腐化者腰带,护甲,True,SW.Item.TimewornLeggings_Unique,SW.EffectTemplate.FireFocus.I；SW.EffectTemplate.FireFocus.II；SW.EffectTemplate.FireFocus.III
火焰法师,可随机出现,灵魂腐化者凉鞋,护甲,True,SW.Item.TimewornBoots_Unique,SW.EffectTemplate.FireFocus.I；SW.EffectTemplate.FireFocus.II；SW.EffectTemplate.FireFocus.III
火焰法师,可随机出现,毒蝇伞帽,护甲,True,SW.Item.MushroomHelmet_Unique,SW.EffectTemplate.FireFocus.I；SW.EffectTemplate.FireFocus.II；SW.EffectTemplate.FireFocus.III
火焰法师,可随机出现,毒蝇伞外套,护甲,True,SW.Item.MushroomChest_Unique,SW.EffectTemplate.FireFocus.I；SW.EffectTemplate.FireFocus.II；SW.EffectTemplate.FireFocus.III
火焰法师,可随机出现,毒蝇伞长裤,护甲,True,SW.Item.MushroomLeggings_Unique,SW.EffectTemplate.FireFocus.I；SW.EffectTemplate.FireFocus.II；SW.EffectTemplate.FireFocus.III
火焰法师,可随机出现,毒蝇伞雨鞋,护甲,True,SW.Item.MushroomBoots_Unique,SW.EffectTemplate.FireFocus.I；SW.EffectTemplate.FireFocus.II；SW.EffectTemplate.FireFocus.III
火焰法师,可随机出现,狂怒汐浮特面具,护甲,True,SW.Item.WellspringHelmet_Unique,SW.EffectTemplate.FireFocus.I；SW.EffectTemplate.FireFocus.II；SW.EffectTemplate.FireFocus.III
火焰法师,可随机出现,狂怒汐浮特背心,护甲,True,SW.Item.WellspringChest_Unique,SW.EffectTemplate.FireFocus.I；SW.EffectTemplate.FireFocus.II；SW.EffectTemplate.FireFocus.III
火焰法师,可随机出现,狂怒汐浮特便裤,护甲,True,SW.Item.WellspringLeggings_Unique,SW.EffectTemplate.FireFocus.I；SW.EffectTemplate.FireFocus.II；SW.EffectTemplate.FireFocus.III
火焰法师,可随机出现,狂怒汐浮特之爪,护甲,True,SW.Item.WellspringBoots_Unique,SW.EffectTemplate.FireFocus.I；SW.EffectTemplate.FireFocus.II；SW.EffectTemplate.FireFocus.III
火焰法师,可随机出现,巨兽盔甲,护甲,True,SW.Item.RedstoneChest_Unique,SW.EffectTemplate.FireFocus.I；SW.EffectTemplate.FireFocus.II；SW.EffectTemplate.FireFocus.III
火焰法师,可随机出现,巨兽胫甲,护甲,True,SW.Item.RedstoneLeggings_Unique,SW.EffectTemplate.FireFocus.I；SW.EffectTemplate.FireFocus.II；SW.EffectTemplate.FireFocus.III
火焰法师,可随机出现,巨兽战靴,护甲,True,SW.Item.RedstoneBoots_Unique,SW.EffectTemplate.FireFocus.I；SW.EffectTemplate.FireFocus.II；SW.EffectTemplate.FireFocus.III
火焰法师,可随机出现,炼金术士礼帽,护甲,True,SW.Item.EvocationHelmet_Unique,SW.EffectTemplate.FireFocus.I；SW.EffectTemplate.FireFocus.II；SW.EffectTemplate.FireFocus.III
火焰法师,可随机出现,炼金术士大衣,护甲,True,SW.Item.EvocationChest_Unique,SW.EffectTemplate.FireFocus.I；SW.EffectTemplate.FireFocus.II；SW.EffectTemplate.FireFocus.III
火焰法师,可随机出现,炼金术士长裤,护甲,True,SW.Item.EvocationLeggings_Unique,SW.EffectTemplate.FireFocus.I；SW.EffectTemplate.FireFocus.II；SW.EffectTemplate.FireFocus.III
火焰法师,可随机出现,炼金术士便鞋,护甲,True,SW.Item.EvocationBoots_Unique,SW.EffectTemplate.FireFocus.I；SW.EffectTemplate.FireFocus.II；SW.EffectTemplate.FireFocus.III
火焰法师,可随机出现,幽匿者面具,护甲,False,SW.Item.ScavengerHelmet,SW.EffectTemplate.FireFocus.I；SW.EffectTemplate.FireFocus.II；SW.EffectTemplate.FireFocus.III
火焰法师,可随机出现,幽匿者长袍,护甲,False,SW.Item.ScavengerChest,SW.EffectTemplate.FireFocus.I；SW.EffectTemplate.FireFocus.II；SW.EffectTemplate.FireFocus.III
火焰法师,可随机出现,幽匿者便裤,护甲,False,SW.Item.ScavengerLeggings,SW.EffectTemplate.FireFocus.I；SW.EffectTemplate.FireFocus.II；SW.EffectTemplate.FireFocus.III
火焰法师,可随机出现,幽匿者之靴,护甲,False,SW.Item.ScavengerBoots,SW.EffectTemplate.FireFocus.I；SW.EffectTemplate.FireFocus.II；SW.EffectTemplate.FireFocus.III
火焰法师,可随机出现,君主王冠,护甲,True,SW.Item.ScavengerHelmet_Unique,SW.EffectTemplate.FireFocus.I；SW.EffectTemplate.FireFocus.II；SW.EffectTemplate.FireFocus.III
火焰法师,可随机出现,君主披风,护甲,True,SW.Item.ScavengerChest_Unique,SW.EffectTemplate.FireFocus.I；SW.EffectTemplate.FireFocus.II；SW.EffectTemplate.FireFocus.III
火焰法师,可随机出现,君主腰带,护甲,True,SW.Item.ScavengerLeggings_Unique,SW.EffectTemplate.FireFocus.I；SW.EffectTemplate.FireFocus.II；SW.EffectTemplate.FireFocus.III
火焰法师,可随机出现,君主利爪,护甲,True,SW.Item.ScavengerBoots_Unique,SW.EffectTemplate.FireFocus.I；SW.EffectTemplate.FireFocus.II；SW.EffectTemplate.FireFocus.III
火焰法师,可随机出现,轰鸣号角,法器,False,SW.Item.Artifact.RallyingHorn,SW.EffectTemplate.FireFocus.I；SW.EffectTemplate.FireFocus.II；SW.EffectTemplate.FireFocus.III
火焰法师,可随机出现,回复图腾,法器,False,SW.Item.Artifact.TotemOfRegeneration,SW.EffectTemplate.FireFocus.I；SW.EffectTemplate.FireFocus.II；SW.EffectTemplate.FireFocus.III
火焰法师,可随机出现,灵魂收割者,法器,False,SW.Item.Artifact.SoulHarvester,SW.EffectTemplate.FireFocus.I；SW.EffectTemplate.FireFocus.II；SW.EffectTemplate.FireFocus.III
火焰法师,可随机出现,野餐篮,法器,False,SW.Item.Artifact.PicnicBlanket,SW.EffectTemplate.FireFocus.I；SW.EffectTemplate.FireFocus.II；SW.EffectTemplate.FireFocus.III
火焰法师,可随机出现,腐化信标,法器,False,SW.Item.Artifact.CorruptedBeacon,SW.EffectTemplate.FireFocus.I；SW.EffectTemplate.FireFocus.II；SW.EffectTemplate.FireFocus.III
火焰法师,可随机出现,腐化种子,法器,False,SW.Item.Artifact.CorruptedSeeds,SW.EffectTemplate.FireFocus.I；SW.EffectTemplate.FireFocus.II；SW.EffectTemplate.FireFocus.III
火焰法师,可随机出现,死亡帽蘑菇,法器,False,SW.Item.Artifact.DeathcapMushroom,SW.EffectTemplate.FireFocus.I；SW.EffectTemplate.FireFocus.II；SW.EffectTemplate.FireFocus.III
火焰法师,可随机出现,护盾图腾,法器,False,SW.Item.Artifact.TotemOfShielding,SW.EffectTemplate.FireFocus.I；SW.EffectTemplate.FireFocus.II；SW.EffectTemplate.FireFocus.III
火焰法师,可随机出现,施法图腾,法器,False,SW.Item.Artifact.TotemOfCasting,SW.EffectTemplate.FireFocus.I；SW.EffectTemplate.FireFocus.II；SW.EffectTemplate.FireFocus.III
火焰法师,可随机出现,末影迷雾,法器,False,SW.Item.Artifact.SmokeBomb,SW.EffectTemplate.FireFocus.I；SW.EffectTemplate.FireFocus.II；SW.EffectTemplate.FireFocus.III
火焰法师,可随机出现,红石地雷发射器,法器,False,SW.Item.Artifact.RedstoneMines,SW.EffectTemplate.FireFocus.I；SW.EffectTemplate.FireFocus.II；SW.EffectTemplate.FireFocus.III
火焰法师,可随机出现,女巫药剂,法器,False,SW.Item.Artifact.WitchesBrew,SW.EffectTemplate.FireFocus.I；SW.EffectTemplate.FireFocus.II；SW.EffectTemplate.FireFocus.III
火焰法师,可随机出现,余烬小袋,法器,False,SW.Item.Artifact.Satchel.Fire,SW.EffectTemplate.FireFocus.I；SW.EffectTemplate.FireFocus.II；SW.EffectTemplate.FireFocus.III
火焰法师,可随机出现,寒霜小袋,法器,False,SW.Item.Artifact.Satchel.Freezing,SW.EffectTemplate.FireFocus.I；SW.EffectTemplate.FireFocus.II；SW.EffectTemplate.FireFocus.III
火焰法师,可随机出现,剧毒小袋,法器,False,SW.Item.Artifact.Satchel.Poison,SW.EffectTemplate.FireFocus.I；SW.EffectTemplate.FireFocus.II；SW.EffectTemplate.FireFocus.III
火焰法师,可随机出现,雷霆小袋,法器,False,SW.Item.Artifact.Satchel.Conductive,SW.EffectTemplate.FireFocus.I；SW.EffectTemplate.FireFocus.II；SW.EffectTemplate.FireFocus.III
火焰法师,可随机出现,苦力怕蜡烛,法器,False,SW.Item.Artifact.CreeperCandle,SW.EffectTemplate.FireFocus.I；SW.EffectTemplate.FireFocus.II；SW.EffectTemplate.FireFocus.III
火焰法师,可随机出现,雷霆之杖,法器,False,SW.Item.Artifact.LightningRod,SW.EffectTemplate.FireFocus.I；SW.EffectTemplate.FireFocus.II；SW.EffectTemplate.FireFocus.III
火焰法师,可随机出现,战斗真菌,法器,False,SW.Item.Artifact.MaimingMushroom,SW.EffectTemplate.FireFocus.I；SW.EffectTemplate.FireFocus.II；SW.EffectTemplate.FireFocus.III
火焰法师,可随机出现,迅捷松露,法器,False,SW.Item.Artifact.HasteMushroom,SW.EffectTemplate.FireFocus.I；SW.EffectTemplate.FireFocus.II；SW.EffectTemplate.FireFocus.III
火焰法师,可随机出现,战鼓,法器,False,SW.Item.Artifact.WarriorsDrums,SW.EffectTemplate.FireFocus.I；SW.EffectTemplate.FireFocus.II；SW.EffectTemplate.FireFocus.III
火焰法师,可随机出现,回响陶笛,法器,False,SW.Item.Artifact.CarapaceOcarina,SW.EffectTemplate.FireFocus.I；SW.EffectTemplate.FireFocus.II；SW.EffectTemplate.FireFocus.III
火焰法师,可随机出现,战士长笛,法器,False,SW.Item.Artifact.FightersFife,SW.EffectTemplate.FireFocus.I；SW.EffectTemplate.FireFocus.II；SW.EffectTemplate.FireFocus.III
火焰法师,可随机出现,磨刀石,法器,False,SW.Item.Artifact.Grindstone,SW.EffectTemplate.FireFocus.I；SW.EffectTemplate.FireFocus.II；SW.EffectTemplate.FireFocus.III
火焰法师,可随机出现,神龟曼陀林,法器,False,SW.Item.Artifact.IronHideLute,SW.EffectTemplate.FireFocus.I；SW.EffectTemplate.FireFocus.II；SW.EffectTemplate.FireFocus.III
火焰法师,可随机出现,守护风铃,法器,False,SW.Item.Artifact.WardingChimes,SW.EffectTemplate.FireFocus.I；SW.EffectTemplate.FireFocus.II；SW.EffectTemplate.FireFocus.III
火焰法师,可随机出现,战旗,法器,False,SW.Item.Artifact.WarBanner,SW.EffectTemplate.FireFocus.I；SW.EffectTemplate.FireFocus.II；SW.EffectTemplate.FireFocus.III
火焰法师,可随机出现,蜂蜜蘸棒,法器,False,SW.Item.Artifact.Honeypot,SW.EffectTemplate.FireFocus.I；SW.EffectTemplate.FireFocus.II；SW.EffectTemplate.FireFocus.III
火焰法师,可随机出现,余烬权杖,法器,False,SW.Item.Artifact.FlameSceptre,SW.EffectTemplate.FireFocus.I；SW.EffectTemplate.FireFocus.II；SW.EffectTemplate.FireFocus.III
火焰法师,可随机出现,寒冬法杖,法器,False,SW.Item.Artifact.BlizzardStaff,SW.EffectTemplate.FireFocus.I；SW.EffectTemplate.FireFocus.II；SW.EffectTemplate.FireFocus.III
火焰法师,可随机出现,烈焰手环,法器,False,SW.Item.Artifact.FireBracelet,SW.EffectTemplate.FireFocus.I；SW.EffectTemplate.FireFocus.II；SW.EffectTemplate.FireFocus.III
火焰法师,可随机出现,暴雪手环,法器,False,SW.Item.Artifact.FrostBracelet,SW.EffectTemplate.FireFocus.I；SW.EffectTemplate.FireFocus.II；SW.EffectTemplate.FireFocus.III
火焰法师,可随机出现,枯萎手环,法器,False,SW.Item.Artifact.PoisonBracelet,SW.EffectTemplate.FireFocus.I；SW.EffectTemplate.FireFocus.II；SW.EffectTemplate.FireFocus.III
火焰法师,可随机出现,电击手环,法器,False,SW.Item.Artifact.ConductiveBracelet,SW.EffectTemplate.FireFocus.I；SW.EffectTemplate.FireFocus.II；SW.EffectTemplate.FireFocus.III
火焰法师,可随机出现,巨力砂槌,法器,False,SW.Item.Artifact.Powershaker,SW.EffectTemplate.FireFocus.I；SW.EffectTemplate.FireFocus.II；SW.EffectTemplate.FireFocus.III
火焰法师,可随机出现,烟花箭,法器,False,SW.Item.Artifact.FireworkQuiver,SW.EffectTemplate.FireFocus.I；SW.EffectTemplate.FireFocus.II；SW.EffectTemplate.FireFocus.III
火焰法师,可随机出现,火焰箭袋,法器,False,SW.Item.Artifact.FlameQuiver,SW.EffectTemplate.FireFocus.I；SW.EffectTemplate.FireFocus.II；SW.EffectTemplate.FireFocus.III
火焰法师,可随机出现,剧毒箭袋,法器,False,SW.Item.Artifact.PoisonQuiver,SW.EffectTemplate.FireFocus.I；SW.EffectTemplate.FireFocus.II；SW.EffectTemplate.FireFocus.III
火焰法师,可随机出现,冰冻箭袋,法器,False,SW.Item.Artifact.FrostQuiver,SW.EffectTemplate.FireFocus.I；SW.EffectTemplate.FireFocus.II；SW.EffectTemplate.FireFocus.III
火焰法师,可随机出现,导电箭袋,法器,False,SW.Item.Artifact.LightningQuiver,SW.EffectTemplate.FireFocus.I；SW.EffectTemplate.FireFocus.II；SW.EffectTemplate.FireFocus.III
弹射物防护,装备固有,无畏肩甲,护甲,True,SW.Item.UndauntedChest_Unique,SW.EffectTemplate.ProjectileProtection.Unique
弹射物防护,装备固有,贤者头带,护甲,True,SW.Item.DiscipleHelmet_Unique,SW.EffectTemplate.ProjectileProtection.Unique
弹射物防护,可随机出现,游牧者之靴,护甲,False,SW.Item.VoyagerBoots,SW.EffectTemplate.ProjectileProtection.I；SW.EffectTemplate.ProjectileProtection.II；SW.EffectTemplate.ProjectileProtection.III
弹射物防护,可随机出现,游牧者胸甲,护甲,False,SW.Item.VoyagerChest,SW.EffectTemplate.ProjectileProtection.I；SW.EffectTemplate.ProjectileProtection.II；SW.EffectTemplate.ProjectileProtection.III
弹射物防护,可随机出现,游牧者兜帽,护甲,False,SW.Item.VoyagerHelmet,SW.EffectTemplate.ProjectileProtection.I；SW.EffectTemplate.ProjectileProtection.II；SW.EffectTemplate.ProjectileProtection.III
弹射物防护,可随机出现,游牧者护腿,护甲,False,SW.Item.VoyagerLeggings,SW.EffectTemplate.ProjectileProtection.I；SW.EffectTemplate.ProjectileProtection.II；SW.EffectTemplate.ProjectileProtection.III
弹射物防护,可随机出现,游侠夹克,护甲,False,SW.Item.RealmreacherChest,SW.EffectTemplate.ProjectileProtection.I；SW.EffectTemplate.ProjectileProtection.II；SW.EffectTemplate.ProjectileProtection.III
弹射物防护,可随机出现,游侠护腿,护甲,False,SW.Item.RealmreacherLeggings,SW.EffectTemplate.ProjectileProtection.I；SW.EffectTemplate.ProjectileProtection.II；SW.EffectTemplate.ProjectileProtection.III
弹射物防护,可随机出现,游侠靴,护甲,False,SW.Item.RealmreacherBoots,SW.EffectTemplate.ProjectileProtection.I；SW.EffectTemplate.ProjectileProtection.II；SW.EffectTemplate.ProjectileProtection.III
弹射物防护,可随机出现,游侠帽,护甲,False,SW.Item.RealmreacherHelmet,SW.EffectTemplate.ProjectileProtection.I；SW.EffectTemplate.ProjectileProtection.II；SW.EffectTemplate.ProjectileProtection.III
弹射物防护,可随机出现,赏金猎人之靴,护甲,False,SW.Item.UndauntedBoots,SW.EffectTemplate.ProjectileProtection.I；SW.EffectTemplate.ProjectileProtection.II；SW.EffectTemplate.ProjectileProtection.III
弹射物防护,可随机出现,赏金猎人头盔,护甲,False,SW.Item.UndauntedHelmet,SW.EffectTemplate.ProjectileProtection.I；SW.EffectTemplate.ProjectileProtection.II；SW.EffectTemplate.ProjectileProtection.III
弹射物防护,可随机出现,赏金猎人护胫,护甲,False,SW.Item.UndauntedLeggings,SW.EffectTemplate.ProjectileProtection.I；SW.EffectTemplate.ProjectileProtection.II；SW.EffectTemplate.ProjectileProtection.III
弹射物防护,可随机出现,赏金猎人胸甲,护甲,False,SW.Item.UndauntedChest,SW.EffectTemplate.ProjectileProtection.I；SW.EffectTemplate.ProjectileProtection.II；SW.EffectTemplate.ProjectileProtection.III
弹射物防护,可随机出现,钢丝绒毛衣,护甲,False,SW.Item.FrostRimeChest,SW.EffectTemplate.ProjectileProtection.I；SW.EffectTemplate.ProjectileProtection.II；SW.EffectTemplate.ProjectileProtection.III
弹射物防护,可随机出现,钢丝绒护腿,护甲,False,SW.Item.FrostRimeLeggings,SW.EffectTemplate.ProjectileProtection.I；SW.EffectTemplate.ProjectileProtection.II；SW.EffectTemplate.ProjectileProtection.III
弹射物防护,可随机出现,钢丝绒靴,护甲,False,SW.Item.FrostRimeBoots,SW.EffectTemplate.ProjectileProtection.I；SW.EffectTemplate.ProjectileProtection.II；SW.EffectTemplate.ProjectileProtection.III
弹射物防护,可随机出现,钢丝绒帽,护甲,False,SW.Item.FrostRimeHelmet,SW.EffectTemplate.ProjectileProtection.I；SW.EffectTemplate.ProjectileProtection.II；SW.EffectTemplate.ProjectileProtection.III
弹射物防护,可随机出现,幽匿挖掘者靴子,护甲,False,SW.Item.CaveCrawlerBoots,SW.EffectTemplate.ProjectileProtection.I；SW.EffectTemplate.ProjectileProtection.II；SW.EffectTemplate.ProjectileProtection.III
弹射物防护,可随机出现,幽匿挖掘者长袍,护甲,False,SW.Item.CaveCrawlerChest,SW.EffectTemplate.ProjectileProtection.I；SW.EffectTemplate.ProjectileProtection.II；SW.EffectTemplate.ProjectileProtection.III
弹射物防护,可随机出现,幽匿挖掘者兜帽,护甲,False,SW.Item.CaveCrawlerHelmet,SW.EffectTemplate.ProjectileProtection.I；SW.EffectTemplate.ProjectileProtection.II；SW.EffectTemplate.ProjectileProtection.III
弹射物防护,可随机出现,幽匿挖掘者护腿,护甲,False,SW.Item.CaveCrawlerLeggings,SW.EffectTemplate.ProjectileProtection.I；SW.EffectTemplate.ProjectileProtection.II；SW.EffectTemplate.ProjectileProtection.III
弹射物防护,可随机出现,无畏角盔,护甲,True,SW.Item.UndauntedHelmet_Unique,SW.EffectTemplate.ProjectileProtection.I；SW.EffectTemplate.ProjectileProtection.II；SW.EffectTemplate.ProjectileProtection.III
弹射物防护,可随机出现,无畏胫甲,护甲,True,SW.Item.UndauntedLeggings_Unique,SW.EffectTemplate.ProjectileProtection.I；SW.EffectTemplate.ProjectileProtection.II；SW.EffectTemplate.ProjectileProtection.III
弹射物防护,可随机出现,无畏足甲,护甲,True,SW.Item.UndauntedBoots_Unique,SW.EffectTemplate.ProjectileProtection.I；SW.EffectTemplate.ProjectileProtection.II；SW.EffectTemplate.ProjectileProtection.III
弹射物防护,可随机出现,寒霜护甲,护甲,True,SW.Item.FrostRimeChest_Unique,SW.EffectTemplate.ProjectileProtection.I；SW.EffectTemplate.ProjectileProtection.II；SW.EffectTemplate.ProjectileProtection.III
弹射物防护,可随机出现,寒霜长衬裤,护甲,True,SW.Item.FrostRimeLeggings_Unique,SW.EffectTemplate.ProjectileProtection.I；SW.EffectTemplate.ProjectileProtection.II；SW.EffectTemplate.ProjectileProtection.III
弹射物防护,可随机出现,寒霜踏雪靴,护甲,True,SW.Item.FrostRimeBoots_Unique,SW.EffectTemplate.ProjectileProtection.I；SW.EffectTemplate.ProjectileProtection.II；SW.EffectTemplate.ProjectileProtection.III
弹射物防护,可随机出现,寒霜冰帽,护甲,True,SW.Item.FrostRimeHelmet_Unique,SW.EffectTemplate.ProjectileProtection.I；SW.EffectTemplate.ProjectileProtection.II；SW.EffectTemplate.ProjectileProtection.III
弹射物防护,可随机出现,漫游者足甲,护甲,True,SW.Item.VoyagerBoots_Unique,SW.EffectTemplate.ProjectileProtection.I；SW.EffectTemplate.ProjectileProtection.II；SW.EffectTemplate.ProjectileProtection.III
弹射物防护,可随机出现,漫游者肩甲,护甲,True,SW.Item.VoyagerChest_Unique,SW.EffectTemplate.ProjectileProtection.I；SW.EffectTemplate.ProjectileProtection.II；SW.EffectTemplate.ProjectileProtection.III
弹射物防护,可随机出现,漫游者面甲,护甲,True,SW.Item.VoyagerHelmet_Unique,SW.EffectTemplate.ProjectileProtection.I；SW.EffectTemplate.ProjectileProtection.II；SW.EffectTemplate.ProjectileProtection.III
弹射物防护,可随机出现,漫游者绑腿,护甲,True,SW.Item.VoyagerLeggings_Unique,SW.EffectTemplate.ProjectileProtection.I；SW.EffectTemplate.ProjectileProtection.II；SW.EffectTemplate.ProjectileProtection.III
弹射物防护,可随机出现,扭曲监守者轻靴,护甲,True,SW.Item.CaveCrawlerBoots_Unique,SW.EffectTemplate.ProjectileProtection.I；SW.EffectTemplate.ProjectileProtection.II；SW.EffectTemplate.ProjectileProtection.III
弹射物防护,可随机出现,扭曲监守者背心,护甲,True,SW.Item.CaveCrawlerChest_Unique,SW.EffectTemplate.ProjectileProtection.I；SW.EffectTemplate.ProjectileProtection.II；SW.EffectTemplate.ProjectileProtection.III
弹射物防护,可随机出现,扭曲监守者眼罩,护甲,True,SW.Item.CaveCrawlerHelmet_Unique,SW.EffectTemplate.ProjectileProtection.I；SW.EffectTemplate.ProjectileProtection.II；SW.EffectTemplate.ProjectileProtection.III
弹射物防护,可随机出现,扭曲监守者紧身裤,护甲,True,SW.Item.CaveCrawlerLeggings_Unique,SW.EffectTemplate.ProjectileProtection.I；SW.EffectTemplate.ProjectileProtection.II；SW.EffectTemplate.ProjectileProtection.III
弹射物防护,可随机出现,神射手风衣,护甲,True,SW.Item.RealmreacherChest_Unique,SW.EffectTemplate.ProjectileProtection.I；SW.EffectTemplate.ProjectileProtection.II；SW.EffectTemplate.ProjectileProtection.III
弹射物防护,可随机出现,神射手套裤,护甲,True,SW.Item.RealmreacherLeggings_Unique,SW.EffectTemplate.ProjectileProtection.I；SW.EffectTemplate.ProjectileProtection.II；SW.EffectTemplate.ProjectileProtection.III
弹射物防护,可随机出现,神射手马刺靴,护甲,True,SW.Item.RealmreacherBoots_Unique,SW.EffectTemplate.ProjectileProtection.I；SW.EffectTemplate.ProjectileProtection.II；SW.EffectTemplate.ProjectileProtection.III
弹射物防护,可随机出现,神射手软呢帽,护甲,True,SW.Item.RealmreacherHelmet_Unique,SW.EffectTemplate.ProjectileProtection.I；SW.EffectTemplate.ProjectileProtection.II；SW.EffectTemplate.ProjectileProtection.III
弹射物防护,可随机出现,守卫者头盔,护甲,False,SW.Item.StalwartHelmet,SW.EffectTemplate.ProjectileProtection.I；SW.EffectTemplate.ProjectileProtection.II；SW.EffectTemplate.ProjectileProtection.III
弹射物防护,可随机出现,守卫者胸甲,护甲,False,SW.Item.StalwartChest,SW.EffectTemplate.ProjectileProtection.I；SW.EffectTemplate.ProjectileProtection.II；SW.EffectTemplate.ProjectileProtection.III
弹射物防护,可随机出现,守卫者护胫,护甲,False,SW.Item.StalwartLeggings,SW.EffectTemplate.ProjectileProtection.I；SW.EffectTemplate.ProjectileProtection.II；SW.EffectTemplate.ProjectileProtection.III
弹射物防护,可随机出现,守卫者之靴,护甲,False,SW.Item.StalwartBoots,SW.EffectTemplate.ProjectileProtection.I；SW.EffectTemplate.ProjectileProtection.II；SW.EffectTemplate.ProjectileProtection.III
弹射物防护,可随机出现,轰鸣虫触角,护甲,True,SW.Item.StalwartHelmet_Unique,SW.EffectTemplate.ProjectileProtection.I；SW.EffectTemplate.ProjectileProtection.II；SW.EffectTemplate.ProjectileProtection.III
弹射物防护,可随机出现,轰鸣虫甲壳,护甲,True,SW.Item.StalwartChest_Unique,SW.EffectTemplate.ProjectileProtection.I；SW.EffectTemplate.ProjectileProtection.II；SW.EffectTemplate.ProjectileProtection.III
弹射物防护,可随机出现,轰鸣虫胫甲,护甲,True,SW.Item.StalwartLeggings_Unique,SW.EffectTemplate.ProjectileProtection.I；SW.EffectTemplate.ProjectileProtection.II；SW.EffectTemplate.ProjectileProtection.III
弹射物防护,可随机出现,轰鸣虫跗靴,护甲,True,SW.Item.StalwartBoots_Unique,SW.EffectTemplate.ProjectileProtection.I；SW.EffectTemplate.ProjectileProtection.II；SW.EffectTemplate.ProjectileProtection.III
弹射物防护,可随机出现,幻翼头盔,护甲,False,SW.Item.PhantomHelmet,SW.EffectTemplate.ProjectileProtection.I；SW.EffectTemplate.ProjectileProtection.II；SW.EffectTemplate.ProjectileProtection.III
弹射物防护,可随机出现,幻翼胸甲,护甲,False,SW.Item.PhantomChest,SW.EffectTemplate.ProjectileProtection.I；SW.EffectTemplate.ProjectileProtection.II；SW.EffectTemplate.ProjectileProtection.III
弹射物防护,可随机出现,幻翼长裤,护甲,False,SW.Item.PhantomLeggings,SW.EffectTemplate.ProjectileProtection.I；SW.EffectTemplate.ProjectileProtection.II；SW.EffectTemplate.ProjectileProtection.III
弹射物防护,可随机出现,幻翼靴,护甲,False,SW.Item.PhantomBoots,SW.EffectTemplate.ProjectileProtection.I；SW.EffectTemplate.ProjectileProtection.II；SW.EffectTemplate.ProjectileProtection.III
弹射物防护,可随机出现,界域行者帽,护甲,False,SW.Item.TimewornHelmet,SW.EffectTemplate.ProjectileProtection.I；SW.EffectTemplate.ProjectileProtection.II；SW.EffectTemplate.ProjectileProtection.III
弹射物防护,可随机出现,界域行者长袍,护甲,False,SW.Item.TimewornChest,SW.EffectTemplate.ProjectileProtection.I；SW.EffectTemplate.ProjectileProtection.II；SW.EffectTemplate.ProjectileProtection.III
弹射物防护,可随机出现,界域行者护腿,护甲,False,SW.Item.TimewornLeggings,SW.EffectTemplate.ProjectileProtection.I；SW.EffectTemplate.ProjectileProtection.II；SW.EffectTemplate.ProjectileProtection.III
弹射物防护,可随机出现,界域行者靴,护甲,False,SW.Item.TimewornBoots,SW.EffectTemplate.ProjectileProtection.I；SW.EffectTemplate.ProjectileProtection.II；SW.EffectTemplate.ProjectileProtection.III
弹射物防护,可随机出现,蘑菇帽,护甲,False,SW.Item.MushroomHelmet,SW.EffectTemplate.ProjectileProtection.I；SW.EffectTemplate.ProjectileProtection.II；SW.EffectTemplate.ProjectileProtection.III
弹射物防护,可随机出现,蘑菇长袍,护甲,False,SW.Item.MushroomChest,SW.EffectTemplate.ProjectileProtection.I；SW.EffectTemplate.ProjectileProtection.II；SW.EffectTemplate.ProjectileProtection.III
弹射物防护,可随机出现,蘑菇护腿,护甲,False,SW.Item.MushroomLeggings,SW.EffectTemplate.ProjectileProtection.I；SW.EffectTemplate.ProjectileProtection.II；SW.EffectTemplate.ProjectileProtection.III
弹射物防护,可随机出现,蘑菇靴,护甲,False,SW.Item.MushroomBoots,SW.EffectTemplate.ProjectileProtection.I；SW.EffectTemplate.ProjectileProtection.II；SW.EffectTemplate.ProjectileProtection.III
弹射物防护,可随机出现,门徒面具,护甲,False,SW.Item.DiscipleHelmet,SW.EffectTemplate.ProjectileProtection.I；SW.EffectTemplate.ProjectileProtection.II；SW.EffectTemplate.ProjectileProtection.III
弹射物防护,可随机出现,门徒长袍,护甲,False,SW.Item.DiscipleChest,SW.EffectTemplate.ProjectileProtection.I；SW.EffectTemplate.ProjectileProtection.II；SW.EffectTemplate.ProjectileProtection.III
弹射物防护,可随机出现,门徒护腿,护甲,False,SW.Item.DiscipleLeggings,SW.EffectTemplate.ProjectileProtection.I；SW.EffectTemplate.ProjectileProtection.II；SW.EffectTemplate.ProjectileProtection.III
弹射物防护,可随机出现,门徒裹足布,护甲,False,SW.Item.DiscipleBoots,SW.EffectTemplate.ProjectileProtection.I；SW.EffectTemplate.ProjectileProtection.II；SW.EffectTemplate.ProjectileProtection.III
弹射物防护,可随机出现,红石头盔,护甲,False,SW.Item.RedstoneHelmet,SW.EffectTemplate.ProjectileProtection.I；SW.EffectTemplate.ProjectileProtection.II；SW.EffectTemplate.ProjectileProtection.III
弹射物防护,可随机出现,红石胸甲,护甲,False,SW.Item.RedstoneChest,SW.EffectTemplate.ProjectileProtection.I；SW.EffectTemplate.ProjectileProtection.II；SW.EffectTemplate.ProjectileProtection.III
弹射物防护,可随机出现,红石护胫,护甲,False,SW.Item.RedstoneLeggings,SW.EffectTemplate.ProjectileProtection.I；SW.EffectTemplate.ProjectileProtection.II；SW.EffectTemplate.ProjectileProtection.III
弹射物防护,可随机出现,红石靴,护甲,False,SW.Item.RedstoneBoots,SW.EffectTemplate.ProjectileProtection.I；SW.EffectTemplate.ProjectileProtection.II；SW.EffectTemplate.ProjectileProtection.III
弹射物防护,可随机出现,驭梦者王冠,护甲,True,SW.Item.PhantomHelmet_Unique,SW.EffectTemplate.ProjectileProtection.I；SW.EffectTemplate.ProjectileProtection.II；SW.EffectTemplate.ProjectileProtection.III
弹射物防护,可随机出现,驭梦者外袍,护甲,True,SW.Item.PhantomChest_Unique,SW.EffectTemplate.ProjectileProtection.I；SW.EffectTemplate.ProjectileProtection.II；SW.EffectTemplate.ProjectileProtection.III
弹射物防护,可随机出现,驭梦者睡裤,护甲,True,SW.Item.PhantomLeggings_Unique,SW.EffectTemplate.ProjectileProtection.I；SW.EffectTemplate.ProjectileProtection.II；SW.EffectTemplate.ProjectileProtection.III
弹射物防护,可随机出现,驭梦者拖鞋,护甲,True,SW.Item.PhantomBoots_Unique,SW.EffectTemplate.ProjectileProtection.I；SW.EffectTemplate.ProjectileProtection.II；SW.EffectTemplate.ProjectileProtection.III
弹射物防护,可随机出现,灵魂腐化者面具,护甲,True,SW.Item.TimewornHelmet_Unique,SW.EffectTemplate.ProjectileProtection.I；SW.EffectTemplate.ProjectileProtection.II；SW.EffectTemplate.ProjectileProtection.III
弹射物防护,可随机出现,灵魂腐化者风衣,护甲,True,SW.Item.TimewornChest_Unique,SW.EffectTemplate.ProjectileProtection.I；SW.EffectTemplate.ProjectileProtection.II；SW.EffectTemplate.ProjectileProtection.III
弹射物防护,可随机出现,灵魂腐化者腰带,护甲,True,SW.Item.TimewornLeggings_Unique,SW.EffectTemplate.ProjectileProtection.I；SW.EffectTemplate.ProjectileProtection.II；SW.EffectTemplate.ProjectileProtection.III
弹射物防护,可随机出现,灵魂腐化者凉鞋,护甲,True,SW.Item.TimewornBoots_Unique,SW.EffectTemplate.ProjectileProtection.I；SW.EffectTemplate.ProjectileProtection.II；SW.EffectTemplate.ProjectileProtection.III
弹射物防护,可随机出现,毒蝇伞帽,护甲,True,SW.Item.MushroomHelmet_Unique,SW.EffectTemplate.ProjectileProtection.I；SW.EffectTemplate.ProjectileProtection.II；SW.EffectTemplate.ProjectileProtection.III
弹射物防护,可随机出现,毒蝇伞外套,护甲,True,SW.Item.MushroomChest_Unique,SW.EffectTemplate.ProjectileProtection.I；SW.EffectTemplate.ProjectileProtection.II；SW.EffectTemplate.ProjectileProtection.III
弹射物防护,可随机出现,毒蝇伞长裤,护甲,True,SW.Item.MushroomLeggings_Unique,SW.EffectTemplate.ProjectileProtection.I；SW.EffectTemplate.ProjectileProtection.II；SW.EffectTemplate.ProjectileProtection.III
弹射物防护,可随机出现,毒蝇伞雨鞋,护甲,True,SW.Item.MushroomBoots_Unique,SW.EffectTemplate.ProjectileProtection.I；SW.EffectTemplate.ProjectileProtection.II；SW.EffectTemplate.ProjectileProtection.III
弹射物防护,可随机出现,贤者束衣,护甲,True,SW.Item.DiscipleChest_Unique,SW.EffectTemplate.ProjectileProtection.I；SW.EffectTemplate.ProjectileProtection.II；SW.EffectTemplate.ProjectileProtection.III
弹射物防护,可随机出现,贤者腰带,护甲,True,SW.Item.DiscipleLeggings_Unique,SW.EffectTemplate.ProjectileProtection.I；SW.EffectTemplate.ProjectileProtection.II；SW.EffectTemplate.ProjectileProtection.III
弹射物防护,可随机出现,贤者裹足布,护甲,True,SW.Item.DiscipleBoots_Unique,SW.EffectTemplate.ProjectileProtection.I；SW.EffectTemplate.ProjectileProtection.II；SW.EffectTemplate.ProjectileProtection.III
弹射物防护,可随机出现,巨兽角盔,护甲,True,SW.Item.RedstoneHelmet_Unique,SW.EffectTemplate.ProjectileProtection.I；SW.EffectTemplate.ProjectileProtection.II；SW.EffectTemplate.ProjectileProtection.III
弹射物防护,可随机出现,巨兽盔甲,护甲,True,SW.Item.RedstoneChest_Unique,SW.EffectTemplate.ProjectileProtection.I；SW.EffectTemplate.ProjectileProtection.II；SW.EffectTemplate.ProjectileProtection.III
弹射物防护,可随机出现,巨兽胫甲,护甲,True,SW.Item.RedstoneLeggings_Unique,SW.EffectTemplate.ProjectileProtection.I；SW.EffectTemplate.ProjectileProtection.II；SW.EffectTemplate.ProjectileProtection.III
弹射物防护,可随机出现,巨兽战靴,护甲,True,SW.Item.RedstoneBoots_Unique,SW.EffectTemplate.ProjectileProtection.I；SW.EffectTemplate.ProjectileProtection.II；SW.EffectTemplate.ProjectileProtection.III
巫师,装备固有,狂怒汐浮特背心,护甲,True,SW.Item.WellspringChest_Unique,SW.EffectTemplate.Vestige.Unique
巫师,装备固有,炼金术士大衣,护甲,True,SW.Item.EvocationChest_Unique,SW.EffectTemplate.Vestige.Unique
巫师,可随机出现,钢丝绒毛衣,护甲,False,SW.Item.FrostRimeChest,SW.EffectTemplate.Vestige.I；SW.EffectTemplate.Vestige.II；SW.EffectTemplate.Vestige.III
巫师,可随机出现,钢丝绒护腿,护甲,False,SW.Item.FrostRimeLeggings,SW.EffectTemplate.Vestige.I；SW.EffectTemplate.Vestige.II；SW.EffectTemplate.Vestige.III
巫师,可随机出现,钢丝绒靴,护甲,False,SW.Item.FrostRimeBoots,SW.EffectTemplate.Vestige.I；SW.EffectTemplate.Vestige.II；SW.EffectTemplate.Vestige.III
巫师,可随机出现,钢丝绒帽,护甲,False,SW.Item.FrostRimeHelmet,SW.EffectTemplate.Vestige.I；SW.EffectTemplate.Vestige.II；SW.EffectTemplate.Vestige.III
巫师,可随机出现,寒霜护甲,护甲,True,SW.Item.FrostRimeChest_Unique,SW.EffectTemplate.Vestige.I；SW.EffectTemplate.Vestige.II；SW.EffectTemplate.Vestige.III
巫师,可随机出现,寒霜长衬裤,护甲,True,SW.Item.FrostRimeLeggings_Unique,SW.EffectTemplate.Vestige.I；SW.EffectTemplate.Vestige.II；SW.EffectTemplate.Vestige.III
巫师,可随机出现,寒霜踏雪靴,护甲,True,SW.Item.FrostRimeBoots_Unique,SW.EffectTemplate.Vestige.I；SW.EffectTemplate.Vestige.II；SW.EffectTemplate.Vestige.III
巫师,可随机出现,寒霜冰帽,护甲,True,SW.Item.FrostRimeHelmet_Unique,SW.EffectTemplate.Vestige.I；SW.EffectTemplate.Vestige.II；SW.EffectTemplate.Vestige.III
巫师,可随机出现,神秘头箍,护甲,False,SW.Item.MysticHelmet,SW.EffectTemplate.Vestige.I；SW.EffectTemplate.Vestige.II；SW.EffectTemplate.Vestige.III
巫师,可随机出现,神秘长袍,护甲,False,SW.Item.MysticChest,SW.EffectTemplate.Vestige.I；SW.EffectTemplate.Vestige.II；SW.EffectTemplate.Vestige.III
巫师,可随机出现,神秘护腿,护甲,False,SW.Item.MysticLeggings,SW.EffectTemplate.Vestige.I；SW.EffectTemplate.Vestige.II；SW.EffectTemplate.Vestige.III
巫师,可随机出现,神秘靴,护甲,False,SW.Item.MysticBoots,SW.EffectTemplate.Vestige.I；SW.EffectTemplate.Vestige.II；SW.EffectTemplate.Vestige.III
巫师,可随机出现,神谕王冠,护甲,True,SW.Item.MysticHelmet_Unique,SW.EffectTemplate.Vestige.I；SW.EffectTemplate.Vestige.II；SW.EffectTemplate.Vestige.III
巫师,可随机出现,神谕披风,护甲,True,SW.Item.MysticChest_Unique,SW.EffectTemplate.Vestige.I；SW.EffectTemplate.Vestige.II；SW.EffectTemplate.Vestige.III
巫师,可随机出现,神谕紧身裤,护甲,True,SW.Item.MysticLeggings_Unique,SW.EffectTemplate.Vestige.I；SW.EffectTemplate.Vestige.II；SW.EffectTemplate.Vestige.III
巫师,可随机出现,神谕凉鞋,护甲,True,SW.Item.MysticBoots_Unique,SW.EffectTemplate.Vestige.I；SW.EffectTemplate.Vestige.II；SW.EffectTemplate.Vestige.III
巫师,可随机出现,界域行者帽,护甲,False,SW.Item.TimewornHelmet,SW.EffectTemplate.Vestige.I；SW.EffectTemplate.Vestige.II；SW.EffectTemplate.Vestige.III
巫师,可随机出现,界域行者长袍,护甲,False,SW.Item.TimewornChest,SW.EffectTemplate.Vestige.I；SW.EffectTemplate.Vestige.II；SW.EffectTemplate.Vestige.III
巫师,可随机出现,界域行者护腿,护甲,False,SW.Item.TimewornLeggings,SW.EffectTemplate.Vestige.I；SW.EffectTemplate.Vestige.II；SW.EffectTemplate.Vestige.III
巫师,可随机出现,界域行者靴,护甲,False,SW.Item.TimewornBoots,SW.EffectTemplate.Vestige.I；SW.EffectTemplate.Vestige.II；SW.EffectTemplate.Vestige.III
巫师,可随机出现,蘑菇帽,护甲,False,SW.Item.MushroomHelmet,SW.EffectTemplate.Vestige.I；SW.EffectTemplate.Vestige.II；SW.EffectTemplate.Vestige.III
巫师,可随机出现,蘑菇长袍,护甲,False,SW.Item.MushroomChest,SW.EffectTemplate.Vestige.I；SW.EffectTemplate.Vestige.II；SW.EffectTemplate.Vestige.III
巫师,可随机出现,蘑菇护腿,护甲,False,SW.Item.MushroomLeggings,SW.EffectTemplate.Vestige.I；SW.EffectTemplate.Vestige.II；SW.EffectTemplate.Vestige.III
巫师,可随机出现,蘑菇靴,护甲,False,SW.Item.MushroomBoots,SW.EffectTemplate.Vestige.I；SW.EffectTemplate.Vestige.II；SW.EffectTemplate.Vestige.III
巫师,可随机出现,汐浮特兜帽,护甲,False,SW.Item.WellspringHelmet,SW.EffectTemplate.Vestige.I；SW.EffectTemplate.Vestige.II；SW.EffectTemplate.Vestige.III
巫师,可随机出现,汐浮特长袍,护甲,False,SW.Item.WellspringChest,SW.EffectTemplate.Vestige.I；SW.EffectTemplate.Vestige.II；SW.EffectTemplate.Vestige.III
巫师,可随机出现,汐浮特护腿,护甲,False,SW.Item.WellspringLeggings,SW.EffectTemplate.Vestige.I；SW.EffectTemplate.Vestige.II；SW.EffectTemplate.Vestige.III
巫师,可随机出现,汐浮特之靴,护甲,False,SW.Item.WellspringBoots,SW.EffectTemplate.Vestige.I；SW.EffectTemplate.Vestige.II；SW.EffectTemplate.Vestige.III
巫师,可随机出现,红石头盔,护甲,False,SW.Item.RedstoneHelmet,SW.EffectTemplate.Vestige.I；SW.EffectTemplate.Vestige.II；SW.EffectTemplate.Vestige.III
巫师,可随机出现,红石胸甲,护甲,False,SW.Item.RedstoneChest,SW.EffectTemplate.Vestige.I；SW.EffectTemplate.Vestige.II；SW.EffectTemplate.Vestige.III
巫师,可随机出现,红石护胫,护甲,False,SW.Item.RedstoneLeggings,SW.EffectTemplate.Vestige.I；SW.EffectTemplate.Vestige.II；SW.EffectTemplate.Vestige.III
巫师,可随机出现,红石靴,护甲,False,SW.Item.RedstoneBoots,SW.EffectTemplate.Vestige.I；SW.EffectTemplate.Vestige.II；SW.EffectTemplate.Vestige.III
巫师,可随机出现,巫师帽,护甲,False,SW.Item.EvocationHelmet,SW.EffectTemplate.Vestige.I；SW.EffectTemplate.Vestige.II；SW.EffectTemplate.Vestige.III
巫师,可随机出现,巫师长袍,护甲,False,SW.Item.EvocationChest,SW.EffectTemplate.Vestige.I；SW.EffectTemplate.Vestige.II；SW.EffectTemplate.Vestige.III
巫师,可随机出现,巫师护腿,护甲,False,SW.Item.EvocationLeggings,SW.EffectTemplate.Vestige.I；SW.EffectTemplate.Vestige.II；SW.EffectTemplate.Vestige.III
巫师,可随机出现,巫师靴,护甲,False,SW.Item.EvocationBoots,SW.EffectTemplate.Vestige.I；SW.EffectTemplate.Vestige.II；SW.EffectTemplate.Vestige.III
巫师,可随机出现,灵魂腐化者面具,护甲,True,SW.Item.TimewornHelmet_Unique,SW.EffectTemplate.Vestige.I；SW.EffectTemplate.Vestige.II；SW.EffectTemplate.Vestige.III
巫师,可随机出现,灵魂腐化者风衣,护甲,True,SW.Item.TimewornChest_Unique,SW.EffectTemplate.Vestige.I；SW.EffectTemplate.Vestige.II；SW.EffectTemplate.Vestige.III
巫师,可随机出现,灵魂腐化者腰带,护甲,True,SW.Item.TimewornLeggings_Unique,SW.EffectTemplate.Vestige.I；SW.EffectTemplate.Vestige.II；SW.EffectTemplate.Vestige.III
巫师,可随机出现,灵魂腐化者凉鞋,护甲,True,SW.Item.TimewornBoots_Unique,SW.EffectTemplate.Vestige.I；SW.EffectTemplate.Vestige.II；SW.EffectTemplate.Vestige.III
巫师,可随机出现,毒蝇伞帽,护甲,True,SW.Item.MushroomHelmet_Unique,SW.EffectTemplate.Vestige.I；SW.EffectTemplate.Vestige.II；SW.EffectTemplate.Vestige.III
巫师,可随机出现,毒蝇伞外套,护甲,True,SW.Item.MushroomChest_Unique,SW.EffectTemplate.Vestige.I；SW.EffectTemplate.Vestige.II；SW.EffectTemplate.Vestige.III
巫师,可随机出现,毒蝇伞长裤,护甲,True,SW.Item.MushroomLeggings_Unique,SW.EffectTemplate.Vestige.I；SW.EffectTemplate.Vestige.II；SW.EffectTemplate.Vestige.III
巫师,可随机出现,毒蝇伞雨鞋,护甲,True,SW.Item.MushroomBoots_Unique,SW.EffectTemplate.Vestige.I；SW.EffectTemplate.Vestige.II；SW.EffectTemplate.Vestige.III
巫师,可随机出现,狂怒汐浮特面具,护甲,True,SW.Item.WellspringHelmet_Unique,SW.EffectTemplate.Vestige.I；SW.EffectTemplate.Vestige.II；SW.EffectTemplate.Vestige.III
巫师,可随机出现,狂怒汐浮特便裤,护甲,True,SW.Item.WellspringLeggings_Unique,SW.EffectTemplate.Vestige.I；SW.EffectTemplate.Vestige.II；SW.EffectTemplate.Vestige.III
巫师,可随机出现,狂怒汐浮特之爪,护甲,True,SW.Item.WellspringBoots_Unique,SW.EffectTemplate.Vestige.I；SW.EffectTemplate.Vestige.II；SW.EffectTemplate.Vestige.III
巫师,可随机出现,巨兽角盔,护甲,True,SW.Item.RedstoneHelmet_Unique,SW.EffectTemplate.Vestige.I；SW.EffectTemplate.Vestige.II；SW.EffectTemplate.Vestige.III
巫师,可随机出现,巨兽盔甲,护甲,True,SW.Item.RedstoneChest_Unique,SW.EffectTemplate.Vestige.I；SW.EffectTemplate.Vestige.II；SW.EffectTemplate.Vestige.III
巫师,可随机出现,巨兽胫甲,护甲,True,SW.Item.RedstoneLeggings_Unique,SW.EffectTemplate.Vestige.I；SW.EffectTemplate.Vestige.II；SW.EffectTemplate.Vestige.III
巫师,可随机出现,巨兽战靴,护甲,True,SW.Item.RedstoneBoots_Unique,SW.EffectTemplate.Vestige.I；SW.EffectTemplate.Vestige.II；SW.EffectTemplate.Vestige.III
巫师,可随机出现,炼金术士礼帽,护甲,True,SW.Item.EvocationHelmet_Unique,SW.EffectTemplate.Vestige.I；SW.EffectTemplate.Vestige.II；SW.EffectTemplate.Vestige.III
巫师,可随机出现,炼金术士长裤,护甲,True,SW.Item.EvocationLeggings_Unique,SW.EffectTemplate.Vestige.I；SW.EffectTemplate.Vestige.II；SW.EffectTemplate.Vestige.III
巫师,可随机出现,炼金术士便鞋,护甲,True,SW.Item.EvocationBoots_Unique,SW.EffectTemplate.Vestige.I；SW.EffectTemplate.Vestige.II；SW.EffectTemplate.Vestige.III
巫师,可随机出现,幽匿者面具,护甲,False,SW.Item.ScavengerHelmet,SW.EffectTemplate.Vestige.I；SW.EffectTemplate.Vestige.II；SW.EffectTemplate.Vestige.III
巫师,可随机出现,幽匿者长袍,护甲,False,SW.Item.ScavengerChest,SW.EffectTemplate.Vestige.I；SW.EffectTemplate.Vestige.II；SW.EffectTemplate.Vestige.III
巫师,可随机出现,幽匿者便裤,护甲,False,SW.Item.ScavengerLeggings,SW.EffectTemplate.Vestige.I；SW.EffectTemplate.Vestige.II；SW.EffectTemplate.Vestige.III
巫师,可随机出现,幽匿者之靴,护甲,False,SW.Item.ScavengerBoots,SW.EffectTemplate.Vestige.I；SW.EffectTemplate.Vestige.II；SW.EffectTemplate.Vestige.III
巫师,可随机出现,君主王冠,护甲,True,SW.Item.ScavengerHelmet_Unique,SW.EffectTemplate.Vestige.I；SW.EffectTemplate.Vestige.II；SW.EffectTemplate.Vestige.III
巫师,可随机出现,君主披风,护甲,True,SW.Item.ScavengerChest_Unique,SW.EffectTemplate.Vestige.I；SW.EffectTemplate.Vestige.II；SW.EffectTemplate.Vestige.III
巫师,可随机出现,君主腰带,护甲,True,SW.Item.ScavengerLeggings_Unique,SW.EffectTemplate.Vestige.I；SW.EffectTemplate.Vestige.II；SW.EffectTemplate.Vestige.III
巫师,可随机出现,君主利爪,护甲,True,SW.Item.ScavengerBoots_Unique,SW.EffectTemplate.Vestige.I；SW.EffectTemplate.Vestige.II；SW.EffectTemplate.Vestige.III
巫师,可随机出现,轰鸣号角,法器,False,SW.Item.Artifact.RallyingHorn,SW.EffectTemplate.Vestige.I；SW.EffectTemplate.Vestige.II；SW.EffectTemplate.Vestige.III
巫师,可随机出现,回复图腾,法器,False,SW.Item.Artifact.TotemOfRegeneration,SW.EffectTemplate.Vestige.I；SW.EffectTemplate.Vestige.II；SW.EffectTemplate.Vestige.III
巫师,可随机出现,灵魂收割者,法器,False,SW.Item.Artifact.SoulHarvester,SW.EffectTemplate.Vestige.I；SW.EffectTemplate.Vestige.II；SW.EffectTemplate.Vestige.III
巫师,可随机出现,野餐篮,法器,False,SW.Item.Artifact.PicnicBlanket,SW.EffectTemplate.Vestige.I；SW.EffectTemplate.Vestige.II；SW.EffectTemplate.Vestige.III
巫师,可随机出现,腐化信标,法器,False,SW.Item.Artifact.CorruptedBeacon,SW.EffectTemplate.Vestige.I；SW.EffectTemplate.Vestige.II；SW.EffectTemplate.Vestige.III
巫师,可随机出现,腐化种子,法器,False,SW.Item.Artifact.CorruptedSeeds,SW.EffectTemplate.Vestige.I；SW.EffectTemplate.Vestige.II；SW.EffectTemplate.Vestige.III
巫师,可随机出现,死亡帽蘑菇,法器,False,SW.Item.Artifact.DeathcapMushroom,SW.EffectTemplate.Vestige.I；SW.EffectTemplate.Vestige.II；SW.EffectTemplate.Vestige.III
巫师,可随机出现,护盾图腾,法器,False,SW.Item.Artifact.TotemOfShielding,SW.EffectTemplate.Vestige.I；SW.EffectTemplate.Vestige.II；SW.EffectTemplate.Vestige.III
巫师,可随机出现,施法图腾,法器,False,SW.Item.Artifact.TotemOfCasting,SW.EffectTemplate.Vestige.I；SW.EffectTemplate.Vestige.II；SW.EffectTemplate.Vestige.III
巫师,可随机出现,末影迷雾,法器,False,SW.Item.Artifact.SmokeBomb,SW.EffectTemplate.Vestige.I；SW.EffectTemplate.Vestige.II；SW.EffectTemplate.Vestige.III
巫师,可随机出现,红石地雷发射器,法器,False,SW.Item.Artifact.RedstoneMines,SW.EffectTemplate.Vestige.I；SW.EffectTemplate.Vestige.II；SW.EffectTemplate.Vestige.III
巫师,可随机出现,女巫药剂,法器,False,SW.Item.Artifact.WitchesBrew,SW.EffectTemplate.Vestige.I；SW.EffectTemplate.Vestige.II；SW.EffectTemplate.Vestige.III
巫师,可随机出现,余烬小袋,法器,False,SW.Item.Artifact.Satchel.Fire,SW.EffectTemplate.Vestige.I；SW.EffectTemplate.Vestige.II；SW.EffectTemplate.Vestige.III
巫师,可随机出现,寒霜小袋,法器,False,SW.Item.Artifact.Satchel.Freezing,SW.EffectTemplate.Vestige.I；SW.EffectTemplate.Vestige.II；SW.EffectTemplate.Vestige.III
巫师,可随机出现,剧毒小袋,法器,False,SW.Item.Artifact.Satchel.Poison,SW.EffectTemplate.Vestige.I；SW.EffectTemplate.Vestige.II；SW.EffectTemplate.Vestige.III
巫师,可随机出现,雷霆小袋,法器,False,SW.Item.Artifact.Satchel.Conductive,SW.EffectTemplate.Vestige.I；SW.EffectTemplate.Vestige.II；SW.EffectTemplate.Vestige.III
巫师,可随机出现,苦力怕蜡烛,法器,False,SW.Item.Artifact.CreeperCandle,SW.EffectTemplate.Vestige.I；SW.EffectTemplate.Vestige.II；SW.EffectTemplate.Vestige.III
巫师,可随机出现,雷霆之杖,法器,False,SW.Item.Artifact.LightningRod,SW.EffectTemplate.Vestige.I；SW.EffectTemplate.Vestige.II；SW.EffectTemplate.Vestige.III
巫师,可随机出现,战斗真菌,法器,False,SW.Item.Artifact.MaimingMushroom,SW.EffectTemplate.Vestige.I；SW.EffectTemplate.Vestige.II；SW.EffectTemplate.Vestige.III
巫师,可随机出现,迅捷松露,法器,False,SW.Item.Artifact.HasteMushroom,SW.EffectTemplate.Vestige.I；SW.EffectTemplate.Vestige.II；SW.EffectTemplate.Vestige.III
巫师,可随机出现,战鼓,法器,False,SW.Item.Artifact.WarriorsDrums,SW.EffectTemplate.Vestige.I；SW.EffectTemplate.Vestige.II；SW.EffectTemplate.Vestige.III
巫师,可随机出现,回响陶笛,法器,False,SW.Item.Artifact.CarapaceOcarina,SW.EffectTemplate.Vestige.I；SW.EffectTemplate.Vestige.II；SW.EffectTemplate.Vestige.III
巫师,可随机出现,战士长笛,法器,False,SW.Item.Artifact.FightersFife,SW.EffectTemplate.Vestige.I；SW.EffectTemplate.Vestige.II；SW.EffectTemplate.Vestige.III
巫师,可随机出现,磨刀石,法器,False,SW.Item.Artifact.Grindstone,SW.EffectTemplate.Vestige.I；SW.EffectTemplate.Vestige.II；SW.EffectTemplate.Vestige.III
巫师,可随机出现,神龟曼陀林,法器,False,SW.Item.Artifact.IronHideLute,SW.EffectTemplate.Vestige.I；SW.EffectTemplate.Vestige.II；SW.EffectTemplate.Vestige.III
巫师,可随机出现,守护风铃,法器,False,SW.Item.Artifact.WardingChimes,SW.EffectTemplate.Vestige.I；SW.EffectTemplate.Vestige.II；SW.EffectTemplate.Vestige.III
巫师,可随机出现,战旗,法器,False,SW.Item.Artifact.WarBanner,SW.EffectTemplate.Vestige.I；SW.EffectTemplate.Vestige.II；SW.EffectTemplate.Vestige.III
巫师,可随机出现,蜂蜜蘸棒,法器,False,SW.Item.Artifact.Honeypot,SW.EffectTemplate.Vestige.I；SW.EffectTemplate.Vestige.II；SW.EffectTemplate.Vestige.III
巫师,可随机出现,余烬权杖,法器,False,SW.Item.Artifact.FlameSceptre,SW.EffectTemplate.Vestige.I；SW.EffectTemplate.Vestige.II；SW.EffectTemplate.Vestige.III
巫师,可随机出现,寒冬法杖,法器,False,SW.Item.Artifact.BlizzardStaff,SW.EffectTemplate.Vestige.I；SW.EffectTemplate.Vestige.II；SW.EffectTemplate.Vestige.III
巫师,可随机出现,烈焰手环,法器,False,SW.Item.Artifact.FireBracelet,SW.EffectTemplate.Vestige.I；SW.EffectTemplate.Vestige.II；SW.EffectTemplate.Vestige.III
巫师,可随机出现,暴雪手环,法器,False,SW.Item.Artifact.FrostBracelet,SW.EffectTemplate.Vestige.I；SW.EffectTemplate.Vestige.II；SW.EffectTemplate.Vestige.III
巫师,可随机出现,枯萎手环,法器,False,SW.Item.Artifact.PoisonBracelet,SW.EffectTemplate.Vestige.I；SW.EffectTemplate.Vestige.II；SW.EffectTemplate.Vestige.III
巫师,可随机出现,电击手环,法器,False,SW.Item.Artifact.ConductiveBracelet,SW.EffectTemplate.Vestige.I；SW.EffectTemplate.Vestige.II；SW.EffectTemplate.Vestige.III
巫师,可随机出现,巨力砂槌,法器,False,SW.Item.Artifact.Powershaker,SW.EffectTemplate.Vestige.I；SW.EffectTemplate.Vestige.II；SW.EffectTemplate.Vestige.III
巫师,可随机出现,烟花箭,法器,False,SW.Item.Artifact.FireworkQuiver,SW.EffectTemplate.Vestige.I；SW.EffectTemplate.Vestige.II；SW.EffectTemplate.Vestige.III
巫师,可随机出现,火焰箭袋,法器,False,SW.Item.Artifact.FlameQuiver,SW.EffectTemplate.Vestige.I；SW.EffectTemplate.Vestige.II；SW.EffectTemplate.Vestige.III
巫师,可随机出现,剧毒箭袋,法器,False,SW.Item.Artifact.PoisonQuiver,SW.EffectTemplate.Vestige.I；SW.EffectTemplate.Vestige.II；SW.EffectTemplate.Vestige.III
巫师,可随机出现,冰冻箭袋,法器,False,SW.Item.Artifact.FrostQuiver,SW.EffectTemplate.Vestige.I；SW.EffectTemplate.Vestige.II；SW.EffectTemplate.Vestige.III
巫师,可随机出现,导电箭袋,法器,False,SW.Item.Artifact.LightningQuiver,SW.EffectTemplate.Vestige.I；SW.EffectTemplate.Vestige.II；SW.EffectTemplate.Vestige.III
闪电法师,装备固有,风暴召唤者,近战武器,True,SW.Item.Pike_Unique1,SW.EffectTemplate.LightningFocus.Unique
闪电法师,装备固有,神谕王冠,护甲,True,SW.Item.MysticHelmet_Unique,SW.EffectTemplate.LightningFocus.Unique
闪电法师,可随机出现,钢丝绒毛衣,护甲,False,SW.Item.FrostRimeChest,SW.EffectTemplate.LightningFocus.I；SW.EffectTemplate.LightningFocus.II；SW.EffectTemplate.LightningFocus.III
闪电法师,可随机出现,钢丝绒护腿,护甲,False,SW.Item.FrostRimeLeggings,SW.EffectTemplate.LightningFocus.I；SW.EffectTemplate.LightningFocus.II；SW.EffectTemplate.LightningFocus.III
闪电法师,可随机出现,钢丝绒靴,护甲,False,SW.Item.FrostRimeBoots,SW.EffectTemplate.LightningFocus.I；SW.EffectTemplate.LightningFocus.II；SW.EffectTemplate.LightningFocus.III
闪电法师,可随机出现,钢丝绒帽,护甲,False,SW.Item.FrostRimeHelmet,SW.EffectTemplate.LightningFocus.I；SW.EffectTemplate.LightningFocus.II；SW.EffectTemplate.LightningFocus.III
闪电法师,可随机出现,寒霜护甲,护甲,True,SW.Item.FrostRimeChest_Unique,SW.EffectTemplate.LightningFocus.I；SW.EffectTemplate.LightningFocus.II；SW.EffectTemplate.LightningFocus.III
闪电法师,可随机出现,寒霜长衬裤,护甲,True,SW.Item.FrostRimeLeggings_Unique,SW.EffectTemplate.LightningFocus.I；SW.EffectTemplate.LightningFocus.II；SW.EffectTemplate.LightningFocus.III
闪电法师,可随机出现,寒霜踏雪靴,护甲,True,SW.Item.FrostRimeBoots_Unique,SW.EffectTemplate.LightningFocus.I；SW.EffectTemplate.LightningFocus.II；SW.EffectTemplate.LightningFocus.III
闪电法师,可随机出现,寒霜冰帽,护甲,True,SW.Item.FrostRimeHelmet_Unique,SW.EffectTemplate.LightningFocus.I；SW.EffectTemplate.LightningFocus.II；SW.EffectTemplate.LightningFocus.III
闪电法师,可随机出现,神秘头箍,护甲,False,SW.Item.MysticHelmet,SW.EffectTemplate.LightningFocus.I；SW.EffectTemplate.LightningFocus.II；SW.EffectTemplate.LightningFocus.III
闪电法师,可随机出现,神秘长袍,护甲,False,SW.Item.MysticChest,SW.EffectTemplate.LightningFocus.I；SW.EffectTemplate.LightningFocus.II；SW.EffectTemplate.LightningFocus.III
闪电法师,可随机出现,神秘护腿,护甲,False,SW.Item.MysticLeggings,SW.EffectTemplate.LightningFocus.I；SW.EffectTemplate.LightningFocus.II；SW.EffectTemplate.LightningFocus.III
闪电法师,可随机出现,神秘靴,护甲,False,SW.Item.MysticBoots,SW.EffectTemplate.LightningFocus.I；SW.EffectTemplate.LightningFocus.II；SW.EffectTemplate.LightningFocus.III
闪电法师,可随机出现,神谕披风,护甲,True,SW.Item.MysticChest_Unique,SW.EffectTemplate.LightningFocus.I；SW.EffectTemplate.LightningFocus.II；SW.EffectTemplate.LightningFocus.III
闪电法师,可随机出现,神谕紧身裤,护甲,True,SW.Item.MysticLeggings_Unique,SW.EffectTemplate.LightningFocus.I；SW.EffectTemplate.LightningFocus.II；SW.EffectTemplate.LightningFocus.III
闪电法师,可随机出现,神谕凉鞋,护甲,True,SW.Item.MysticBoots_Unique,SW.EffectTemplate.LightningFocus.I；SW.EffectTemplate.LightningFocus.II；SW.EffectTemplate.LightningFocus.III
闪电法师,可随机出现,界域行者帽,护甲,False,SW.Item.TimewornHelmet,SW.EffectTemplate.LightningFocus.I；SW.EffectTemplate.LightningFocus.II；SW.EffectTemplate.LightningFocus.III
闪电法师,可随机出现,界域行者长袍,护甲,False,SW.Item.TimewornChest,SW.EffectTemplate.LightningFocus.I；SW.EffectTemplate.LightningFocus.II；SW.EffectTemplate.LightningFocus.III
闪电法师,可随机出现,界域行者护腿,护甲,False,SW.Item.TimewornLeggings,SW.EffectTemplate.LightningFocus.I；SW.EffectTemplate.LightningFocus.II；SW.EffectTemplate.LightningFocus.III
闪电法师,可随机出现,界域行者靴,护甲,False,SW.Item.TimewornBoots,SW.EffectTemplate.LightningFocus.I；SW.EffectTemplate.LightningFocus.II；SW.EffectTemplate.LightningFocus.III
闪电法师,可随机出现,蘑菇帽,护甲,False,SW.Item.MushroomHelmet,SW.EffectTemplate.LightningFocus.I；SW.EffectTemplate.LightningFocus.II；SW.EffectTemplate.LightningFocus.III
闪电法师,可随机出现,蘑菇长袍,护甲,False,SW.Item.MushroomChest,SW.EffectTemplate.LightningFocus.I；SW.EffectTemplate.LightningFocus.II；SW.EffectTemplate.LightningFocus.III
闪电法师,可随机出现,蘑菇护腿,护甲,False,SW.Item.MushroomLeggings,SW.EffectTemplate.LightningFocus.I；SW.EffectTemplate.LightningFocus.II；SW.EffectTemplate.LightningFocus.III
闪电法师,可随机出现,蘑菇靴,护甲,False,SW.Item.MushroomBoots,SW.EffectTemplate.LightningFocus.I；SW.EffectTemplate.LightningFocus.II；SW.EffectTemplate.LightningFocus.III
闪电法师,可随机出现,汐浮特兜帽,护甲,False,SW.Item.WellspringHelmet,SW.EffectTemplate.LightningFocus.I；SW.EffectTemplate.LightningFocus.II；SW.EffectTemplate.LightningFocus.III
闪电法师,可随机出现,汐浮特长袍,护甲,False,SW.Item.WellspringChest,SW.EffectTemplate.LightningFocus.I；SW.EffectTemplate.LightningFocus.II；SW.EffectTemplate.LightningFocus.III
闪电法师,可随机出现,汐浮特护腿,护甲,False,SW.Item.WellspringLeggings,SW.EffectTemplate.LightningFocus.I；SW.EffectTemplate.LightningFocus.II；SW.EffectTemplate.LightningFocus.III
闪电法师,可随机出现,汐浮特之靴,护甲,False,SW.Item.WellspringBoots,SW.EffectTemplate.LightningFocus.I；SW.EffectTemplate.LightningFocus.II；SW.EffectTemplate.LightningFocus.III
闪电法师,可随机出现,红石头盔,护甲,False,SW.Item.RedstoneHelmet,SW.EffectTemplate.LightningFocus.I；SW.EffectTemplate.LightningFocus.II；SW.EffectTemplate.LightningFocus.III
闪电法师,可随机出现,红石胸甲,护甲,False,SW.Item.RedstoneChest,SW.EffectTemplate.LightningFocus.I；SW.EffectTemplate.LightningFocus.II；SW.EffectTemplate.LightningFocus.III
闪电法师,可随机出现,红石护胫,护甲,False,SW.Item.RedstoneLeggings,SW.EffectTemplate.LightningFocus.I；SW.EffectTemplate.LightningFocus.II；SW.EffectTemplate.LightningFocus.III
闪电法师,可随机出现,红石靴,护甲,False,SW.Item.RedstoneBoots,SW.EffectTemplate.LightningFocus.I；SW.EffectTemplate.LightningFocus.II；SW.EffectTemplate.LightningFocus.III
闪电法师,可随机出现,巫师帽,护甲,False,SW.Item.EvocationHelmet,SW.EffectTemplate.LightningFocus.I；SW.EffectTemplate.LightningFocus.II；SW.EffectTemplate.LightningFocus.III
闪电法师,可随机出现,巫师长袍,护甲,False,SW.Item.EvocationChest,SW.EffectTemplate.LightningFocus.I；SW.EffectTemplate.LightningFocus.II；SW.EffectTemplate.LightningFocus.III
闪电法师,可随机出现,巫师护腿,护甲,False,SW.Item.EvocationLeggings,SW.EffectTemplate.LightningFocus.I；SW.EffectTemplate.LightningFocus.II；SW.EffectTemplate.LightningFocus.III
闪电法师,可随机出现,巫师靴,护甲,False,SW.Item.EvocationBoots,SW.EffectTemplate.LightningFocus.I；SW.EffectTemplate.LightningFocus.II；SW.EffectTemplate.LightningFocus.III
闪电法师,可随机出现,灵魂腐化者面具,护甲,True,SW.Item.TimewornHelmet_Unique,SW.EffectTemplate.LightningFocus.I；SW.EffectTemplate.LightningFocus.II；SW.EffectTemplate.LightningFocus.III
闪电法师,可随机出现,灵魂腐化者风衣,护甲,True,SW.Item.TimewornChest_Unique,SW.EffectTemplate.LightningFocus.I；SW.EffectTemplate.LightningFocus.II；SW.EffectTemplate.LightningFocus.III
闪电法师,可随机出现,灵魂腐化者腰带,护甲,True,SW.Item.TimewornLeggings_Unique,SW.EffectTemplate.LightningFocus.I；SW.EffectTemplate.LightningFocus.II；SW.EffectTemplate.LightningFocus.III
闪电法师,可随机出现,灵魂腐化者凉鞋,护甲,True,SW.Item.TimewornBoots_Unique,SW.EffectTemplate.LightningFocus.I；SW.EffectTemplate.LightningFocus.II；SW.EffectTemplate.LightningFocus.III
闪电法师,可随机出现,毒蝇伞帽,护甲,True,SW.Item.MushroomHelmet_Unique,SW.EffectTemplate.LightningFocus.I；SW.EffectTemplate.LightningFocus.II；SW.EffectTemplate.LightningFocus.III
闪电法师,可随机出现,毒蝇伞外套,护甲,True,SW.Item.MushroomChest_Unique,SW.EffectTemplate.LightningFocus.I；SW.EffectTemplate.LightningFocus.II；SW.EffectTemplate.LightningFocus.III
闪电法师,可随机出现,毒蝇伞长裤,护甲,True,SW.Item.MushroomLeggings_Unique,SW.EffectTemplate.LightningFocus.I；SW.EffectTemplate.LightningFocus.II；SW.EffectTemplate.LightningFocus.III
闪电法师,可随机出现,毒蝇伞雨鞋,护甲,True,SW.Item.MushroomBoots_Unique,SW.EffectTemplate.LightningFocus.I；SW.EffectTemplate.LightningFocus.II；SW.EffectTemplate.LightningFocus.III
闪电法师,可随机出现,狂怒汐浮特面具,护甲,True,SW.Item.WellspringHelmet_Unique,SW.EffectTemplate.LightningFocus.I；SW.EffectTemplate.LightningFocus.II；SW.EffectTemplate.LightningFocus.III
闪电法师,可随机出现,狂怒汐浮特背心,护甲,True,SW.Item.WellspringChest_Unique,SW.EffectTemplate.LightningFocus.I；SW.EffectTemplate.LightningFocus.II；SW.EffectTemplate.LightningFocus.III
闪电法师,可随机出现,狂怒汐浮特便裤,护甲,True,SW.Item.WellspringLeggings_Unique,SW.EffectTemplate.LightningFocus.I；SW.EffectTemplate.LightningFocus.II；SW.EffectTemplate.LightningFocus.III
闪电法师,可随机出现,狂怒汐浮特之爪,护甲,True,SW.Item.WellspringBoots_Unique,SW.EffectTemplate.LightningFocus.I；SW.EffectTemplate.LightningFocus.II；SW.EffectTemplate.LightningFocus.III
闪电法师,可随机出现,巨兽角盔,护甲,True,SW.Item.RedstoneHelmet_Unique,SW.EffectTemplate.LightningFocus.I；SW.EffectTemplate.LightningFocus.II；SW.EffectTemplate.LightningFocus.III
闪电法师,可随机出现,巨兽盔甲,护甲,True,SW.Item.RedstoneChest_Unique,SW.EffectTemplate.LightningFocus.I；SW.EffectTemplate.LightningFocus.II；SW.EffectTemplate.LightningFocus.III
闪电法师,可随机出现,巨兽胫甲,护甲,True,SW.Item.RedstoneLeggings_Unique,SW.EffectTemplate.LightningFocus.I；SW.EffectTemplate.LightningFocus.II；SW.EffectTemplate.LightningFocus.III
闪电法师,可随机出现,巨兽战靴,护甲,True,SW.Item.RedstoneBoots_Unique,SW.EffectTemplate.LightningFocus.I；SW.EffectTemplate.LightningFocus.II；SW.EffectTemplate.LightningFocus.III
闪电法师,可随机出现,炼金术士礼帽,护甲,True,SW.Item.EvocationHelmet_Unique,SW.EffectTemplate.LightningFocus.I；SW.EffectTemplate.LightningFocus.II；SW.EffectTemplate.LightningFocus.III
闪电法师,可随机出现,炼金术士大衣,护甲,True,SW.Item.EvocationChest_Unique,SW.EffectTemplate.LightningFocus.I；SW.EffectTemplate.LightningFocus.II；SW.EffectTemplate.LightningFocus.III
闪电法师,可随机出现,炼金术士长裤,护甲,True,SW.Item.EvocationLeggings_Unique,SW.EffectTemplate.LightningFocus.I；SW.EffectTemplate.LightningFocus.II；SW.EffectTemplate.LightningFocus.III
闪电法师,可随机出现,炼金术士便鞋,护甲,True,SW.Item.EvocationBoots_Unique,SW.EffectTemplate.LightningFocus.I；SW.EffectTemplate.LightningFocus.II；SW.EffectTemplate.LightningFocus.III
闪电法师,可随机出现,幽匿者面具,护甲,False,SW.Item.ScavengerHelmet,SW.EffectTemplate.LightningFocus.I；SW.EffectTemplate.LightningFocus.II；SW.EffectTemplate.LightningFocus.III
闪电法师,可随机出现,幽匿者长袍,护甲,False,SW.Item.ScavengerChest,SW.EffectTemplate.LightningFocus.I；SW.EffectTemplate.LightningFocus.II；SW.EffectTemplate.LightningFocus.III
闪电法师,可随机出现,幽匿者便裤,护甲,False,SW.Item.ScavengerLeggings,SW.EffectTemplate.LightningFocus.I；SW.EffectTemplate.LightningFocus.II；SW.EffectTemplate.LightningFocus.III
闪电法师,可随机出现,幽匿者之靴,护甲,False,SW.Item.ScavengerBoots,SW.EffectTemplate.LightningFocus.I；SW.EffectTemplate.LightningFocus.II；SW.EffectTemplate.LightningFocus.III
闪电法师,可随机出现,君主王冠,护甲,True,SW.Item.ScavengerHelmet_Unique,SW.EffectTemplate.LightningFocus.I；SW.EffectTemplate.LightningFocus.II；SW.EffectTemplate.LightningFocus.III
闪电法师,可随机出现,君主披风,护甲,True,SW.Item.ScavengerChest_Unique,SW.EffectTemplate.LightningFocus.I；SW.EffectTemplate.LightningFocus.II；SW.EffectTemplate.LightningFocus.III
闪电法师,可随机出现,君主腰带,护甲,True,SW.Item.ScavengerLeggings_Unique,SW.EffectTemplate.LightningFocus.I；SW.EffectTemplate.LightningFocus.II；SW.EffectTemplate.LightningFocus.III
闪电法师,可随机出现,君主利爪,护甲,True,SW.Item.ScavengerBoots_Unique,SW.EffectTemplate.LightningFocus.I；SW.EffectTemplate.LightningFocus.II；SW.EffectTemplate.LightningFocus.III
闪电法师,可随机出现,轰鸣号角,法器,False,SW.Item.Artifact.RallyingHorn,SW.EffectTemplate.LightningFocus.I；SW.EffectTemplate.LightningFocus.II；SW.EffectTemplate.LightningFocus.III
闪电法师,可随机出现,回复图腾,法器,False,SW.Item.Artifact.TotemOfRegeneration,SW.EffectTemplate.LightningFocus.I；SW.EffectTemplate.LightningFocus.II；SW.EffectTemplate.LightningFocus.III
闪电法师,可随机出现,灵魂收割者,法器,False,SW.Item.Artifact.SoulHarvester,SW.EffectTemplate.LightningFocus.I；SW.EffectTemplate.LightningFocus.II；SW.EffectTemplate.LightningFocus.III
闪电法师,可随机出现,野餐篮,法器,False,SW.Item.Artifact.PicnicBlanket,SW.EffectTemplate.LightningFocus.I；SW.EffectTemplate.LightningFocus.II；SW.EffectTemplate.LightningFocus.III
闪电法师,可随机出现,腐化信标,法器,False,SW.Item.Artifact.CorruptedBeacon,SW.EffectTemplate.LightningFocus.I；SW.EffectTemplate.LightningFocus.II；SW.EffectTemplate.LightningFocus.III
闪电法师,可随机出现,腐化种子,法器,False,SW.Item.Artifact.CorruptedSeeds,SW.EffectTemplate.LightningFocus.I；SW.EffectTemplate.LightningFocus.II；SW.EffectTemplate.LightningFocus.III
闪电法师,可随机出现,死亡帽蘑菇,法器,False,SW.Item.Artifact.DeathcapMushroom,SW.EffectTemplate.LightningFocus.I；SW.EffectTemplate.LightningFocus.II；SW.EffectTemplate.LightningFocus.III
闪电法师,可随机出现,护盾图腾,法器,False,SW.Item.Artifact.TotemOfShielding,SW.EffectTemplate.LightningFocus.I；SW.EffectTemplate.LightningFocus.II；SW.EffectTemplate.LightningFocus.III
闪电法师,可随机出现,施法图腾,法器,False,SW.Item.Artifact.TotemOfCasting,SW.EffectTemplate.LightningFocus.I；SW.EffectTemplate.LightningFocus.II；SW.EffectTemplate.LightningFocus.III
闪电法师,可随机出现,末影迷雾,法器,False,SW.Item.Artifact.SmokeBomb,SW.EffectTemplate.LightningFocus.I；SW.EffectTemplate.LightningFocus.II；SW.EffectTemplate.LightningFocus.III
闪电法师,可随机出现,红石地雷发射器,法器,False,SW.Item.Artifact.RedstoneMines,SW.EffectTemplate.LightningFocus.I；SW.EffectTemplate.LightningFocus.II；SW.EffectTemplate.LightningFocus.III
闪电法师,可随机出现,女巫药剂,法器,False,SW.Item.Artifact.WitchesBrew,SW.EffectTemplate.LightningFocus.I；SW.EffectTemplate.LightningFocus.II；SW.EffectTemplate.LightningFocus.III
闪电法师,可随机出现,余烬小袋,法器,False,SW.Item.Artifact.Satchel.Fire,SW.EffectTemplate.LightningFocus.I；SW.EffectTemplate.LightningFocus.II；SW.EffectTemplate.LightningFocus.III
闪电法师,可随机出现,寒霜小袋,法器,False,SW.Item.Artifact.Satchel.Freezing,SW.EffectTemplate.LightningFocus.I；SW.EffectTemplate.LightningFocus.II；SW.EffectTemplate.LightningFocus.III
闪电法师,可随机出现,剧毒小袋,法器,False,SW.Item.Artifact.Satchel.Poison,SW.EffectTemplate.LightningFocus.I；SW.EffectTemplate.LightningFocus.II；SW.EffectTemplate.LightningFocus.III
闪电法师,可随机出现,雷霆小袋,法器,False,SW.Item.Artifact.Satchel.Conductive,SW.EffectTemplate.LightningFocus.I；SW.EffectTemplate.LightningFocus.II；SW.EffectTemplate.LightningFocus.III
闪电法师,可随机出现,苦力怕蜡烛,法器,False,SW.Item.Artifact.CreeperCandle,SW.EffectTemplate.LightningFocus.I；SW.EffectTemplate.LightningFocus.II；SW.EffectTemplate.LightningFocus.III
闪电法师,可随机出现,雷霆之杖,法器,False,SW.Item.Artifact.LightningRod,SW.EffectTemplate.LightningFocus.I；SW.EffectTemplate.LightningFocus.II；SW.EffectTemplate.LightningFocus.III
闪电法师,可随机出现,战斗真菌,法器,False,SW.Item.Artifact.MaimingMushroom,SW.EffectTemplate.LightningFocus.I；SW.EffectTemplate.LightningFocus.II；SW.EffectTemplate.LightningFocus.III
闪电法师,可随机出现,迅捷松露,法器,False,SW.Item.Artifact.HasteMushroom,SW.EffectTemplate.LightningFocus.I；SW.EffectTemplate.LightningFocus.II；SW.EffectTemplate.LightningFocus.III
闪电法师,可随机出现,战鼓,法器,False,SW.Item.Artifact.WarriorsDrums,SW.EffectTemplate.LightningFocus.I；SW.EffectTemplate.LightningFocus.II；SW.EffectTemplate.LightningFocus.III
闪电法师,可随机出现,回响陶笛,法器,False,SW.Item.Artifact.CarapaceOcarina,SW.EffectTemplate.LightningFocus.I；SW.EffectTemplate.LightningFocus.II；SW.EffectTemplate.LightningFocus.III
闪电法师,可随机出现,战士长笛,法器,False,SW.Item.Artifact.FightersFife,SW.EffectTemplate.LightningFocus.I；SW.EffectTemplate.LightningFocus.II；SW.EffectTemplate.LightningFocus.III
闪电法师,可随机出现,磨刀石,法器,False,SW.Item.Artifact.Grindstone,SW.EffectTemplate.LightningFocus.I；SW.EffectTemplate.LightningFocus.II；SW.EffectTemplate.LightningFocus.III
闪电法师,可随机出现,神龟曼陀林,法器,False,SW.Item.Artifact.IronHideLute,SW.EffectTemplate.LightningFocus.I；SW.EffectTemplate.LightningFocus.II；SW.EffectTemplate.LightningFocus.III
闪电法师,可随机出现,守护风铃,法器,False,SW.Item.Artifact.WardingChimes,SW.EffectTemplate.LightningFocus.I；SW.EffectTemplate.LightningFocus.II；SW.EffectTemplate.LightningFocus.III
闪电法师,可随机出现,战旗,法器,False,SW.Item.Artifact.WarBanner,SW.EffectTemplate.LightningFocus.I；SW.EffectTemplate.LightningFocus.II；SW.EffectTemplate.LightningFocus.III
闪电法师,可随机出现,蜂蜜蘸棒,法器,False,SW.Item.Artifact.Honeypot,SW.EffectTemplate.LightningFocus.I；SW.EffectTemplate.LightningFocus.II；SW.EffectTemplate.LightningFocus.III
闪电法师,可随机出现,余烬权杖,法器,False,SW.Item.Artifact.FlameSceptre,SW.EffectTemplate.LightningFocus.I；SW.EffectTemplate.LightningFocus.II；SW.EffectTemplate.LightningFocus.III
闪电法师,可随机出现,寒冬法杖,法器,False,SW.Item.Artifact.BlizzardStaff,SW.EffectTemplate.LightningFocus.I；SW.EffectTemplate.LightningFocus.II；SW.EffectTemplate.LightningFocus.III
闪电法师,可随机出现,烈焰手环,法器,False,SW.Item.Artifact.FireBracelet,SW.EffectTemplate.LightningFocus.I；SW.EffectTemplate.LightningFocus.II；SW.EffectTemplate.LightningFocus.III
闪电法师,可随机出现,暴雪手环,法器,False,SW.Item.Artifact.FrostBracelet,SW.EffectTemplate.LightningFocus.I；SW.EffectTemplate.LightningFocus.II；SW.EffectTemplate.LightningFocus.III
闪电法师,可随机出现,枯萎手环,法器,False,SW.Item.Artifact.PoisonBracelet,SW.EffectTemplate.LightningFocus.I；SW.EffectTemplate.LightningFocus.II；SW.EffectTemplate.LightningFocus.III
闪电法师,可随机出现,电击手环,法器,False,SW.Item.Artifact.ConductiveBracelet,SW.EffectTemplate.LightningFocus.I；SW.EffectTemplate.LightningFocus.II；SW.EffectTemplate.LightningFocus.III
闪电法师,可随机出现,巨力砂槌,法器,False,SW.Item.Artifact.Powershaker,SW.EffectTemplate.LightningFocus.I；SW.EffectTemplate.LightningFocus.II；SW.EffectTemplate.LightningFocus.III
闪电法师,可随机出现,烟花箭,法器,False,SW.Item.Artifact.FireworkQuiver,SW.EffectTemplate.LightningFocus.I；SW.EffectTemplate.LightningFocus.II；SW.EffectTemplate.LightningFocus.III
闪电法师,可随机出现,火焰箭袋,法器,False,SW.Item.Artifact.FlameQuiver,SW.EffectTemplate.LightningFocus.I；SW.EffectTemplate.LightningFocus.II；SW.EffectTemplate.LightningFocus.III
闪电法师,可随机出现,剧毒箭袋,法器,False,SW.Item.Artifact.PoisonQuiver,SW.EffectTemplate.LightningFocus.I；SW.EffectTemplate.LightningFocus.II；SW.EffectTemplate.LightningFocus.III
闪电法师,可随机出现,冰冻箭袋,法器,False,SW.Item.Artifact.FrostQuiver,SW.EffectTemplate.LightningFocus.I；SW.EffectTemplate.LightningFocus.II；SW.EffectTemplate.LightningFocus.III
闪电法师,可随机出现,导电箭袋,法器,False,SW.Item.Artifact.LightningQuiver,SW.EffectTemplate.LightningFocus.I；SW.EffectTemplate.LightningFocus.II；SW.EffectTemplate.LightningFocus.III
灵魂法师,装备固有,幽匿者克星,近战武器,True,SW.Item.Dagger_Unique1,SW.EffectTemplate.SoulFocus.Unique
灵魂法师,可随机出现,钢丝绒毛衣,护甲,False,SW.Item.FrostRimeChest,SW.EffectTemplate.SoulFocus.I；SW.EffectTemplate.SoulFocus.II；SW.EffectTemplate.SoulFocus.III
灵魂法师,可随机出现,钢丝绒护腿,护甲,False,SW.Item.FrostRimeLeggings,SW.EffectTemplate.SoulFocus.I；SW.EffectTemplate.SoulFocus.II；SW.EffectTemplate.SoulFocus.III
灵魂法师,可随机出现,钢丝绒靴,护甲,False,SW.Item.FrostRimeBoots,SW.EffectTemplate.SoulFocus.I；SW.EffectTemplate.SoulFocus.II；SW.EffectTemplate.SoulFocus.III
灵魂法师,可随机出现,钢丝绒帽,护甲,False,SW.Item.FrostRimeHelmet,SW.EffectTemplate.SoulFocus.I；SW.EffectTemplate.SoulFocus.II；SW.EffectTemplate.SoulFocus.III
灵魂法师,可随机出现,寒霜护甲,护甲,True,SW.Item.FrostRimeChest_Unique,SW.EffectTemplate.SoulFocus.I；SW.EffectTemplate.SoulFocus.II；SW.EffectTemplate.SoulFocus.III
灵魂法师,可随机出现,寒霜长衬裤,护甲,True,SW.Item.FrostRimeLeggings_Unique,SW.EffectTemplate.SoulFocus.I；SW.EffectTemplate.SoulFocus.II；SW.EffectTemplate.SoulFocus.III
灵魂法师,可随机出现,寒霜踏雪靴,护甲,True,SW.Item.FrostRimeBoots_Unique,SW.EffectTemplate.SoulFocus.I；SW.EffectTemplate.SoulFocus.II；SW.EffectTemplate.SoulFocus.III
灵魂法师,可随机出现,寒霜冰帽,护甲,True,SW.Item.FrostRimeHelmet_Unique,SW.EffectTemplate.SoulFocus.I；SW.EffectTemplate.SoulFocus.II；SW.EffectTemplate.SoulFocus.III
灵魂法师,可随机出现,神秘头箍,护甲,False,SW.Item.MysticHelmet,SW.EffectTemplate.SoulFocus.I；SW.EffectTemplate.SoulFocus.II；SW.EffectTemplate.SoulFocus.III
灵魂法师,可随机出现,神秘长袍,护甲,False,SW.Item.MysticChest,SW.EffectTemplate.SoulFocus.I；SW.EffectTemplate.SoulFocus.II；SW.EffectTemplate.SoulFocus.III
灵魂法师,可随机出现,神秘护腿,护甲,False,SW.Item.MysticLeggings,SW.EffectTemplate.SoulFocus.I；SW.EffectTemplate.SoulFocus.II；SW.EffectTemplate.SoulFocus.III
灵魂法师,可随机出现,神秘靴,护甲,False,SW.Item.MysticBoots,SW.EffectTemplate.SoulFocus.I；SW.EffectTemplate.SoulFocus.II；SW.EffectTemplate.SoulFocus.III
灵魂法师,可随机出现,神谕王冠,护甲,True,SW.Item.MysticHelmet_Unique,SW.EffectTemplate.SoulFocus.I；SW.EffectTemplate.SoulFocus.II；SW.EffectTemplate.SoulFocus.III
灵魂法师,可随机出现,神谕披风,护甲,True,SW.Item.MysticChest_Unique,SW.EffectTemplate.SoulFocus.I；SW.EffectTemplate.SoulFocus.II；SW.EffectTemplate.SoulFocus.III
灵魂法师,可随机出现,神谕紧身裤,护甲,True,SW.Item.MysticLeggings_Unique,SW.EffectTemplate.SoulFocus.I；SW.EffectTemplate.SoulFocus.II；SW.EffectTemplate.SoulFocus.III
灵魂法师,可随机出现,神谕凉鞋,护甲,True,SW.Item.MysticBoots_Unique,SW.EffectTemplate.SoulFocus.I；SW.EffectTemplate.SoulFocus.II；SW.EffectTemplate.SoulFocus.III
灵魂法师,可随机出现,界域行者帽,护甲,False,SW.Item.TimewornHelmet,SW.EffectTemplate.SoulFocus.I；SW.EffectTemplate.SoulFocus.II；SW.EffectTemplate.SoulFocus.III
灵魂法师,可随机出现,界域行者长袍,护甲,False,SW.Item.TimewornChest,SW.EffectTemplate.SoulFocus.I；SW.EffectTemplate.SoulFocus.II；SW.EffectTemplate.SoulFocus.III
灵魂法师,可随机出现,界域行者护腿,护甲,False,SW.Item.TimewornLeggings,SW.EffectTemplate.SoulFocus.I；SW.EffectTemplate.SoulFocus.II；SW.EffectTemplate.SoulFocus.III
灵魂法师,可随机出现,界域行者靴,护甲,False,SW.Item.TimewornBoots,SW.EffectTemplate.SoulFocus.I；SW.EffectTemplate.SoulFocus.II；SW.EffectTemplate.SoulFocus.III
灵魂法师,可随机出现,蘑菇帽,护甲,False,SW.Item.MushroomHelmet,SW.EffectTemplate.SoulFocus.I；SW.EffectTemplate.SoulFocus.II；SW.EffectTemplate.SoulFocus.III
灵魂法师,可随机出现,蘑菇长袍,护甲,False,SW.Item.MushroomChest,SW.EffectTemplate.SoulFocus.I；SW.EffectTemplate.SoulFocus.II；SW.EffectTemplate.SoulFocus.III
灵魂法师,可随机出现,蘑菇护腿,护甲,False,SW.Item.MushroomLeggings,SW.EffectTemplate.SoulFocus.I；SW.EffectTemplate.SoulFocus.II；SW.EffectTemplate.SoulFocus.III
灵魂法师,可随机出现,蘑菇靴,护甲,False,SW.Item.MushroomBoots,SW.EffectTemplate.SoulFocus.I；SW.EffectTemplate.SoulFocus.II；SW.EffectTemplate.SoulFocus.III
灵魂法师,可随机出现,汐浮特兜帽,护甲,False,SW.Item.WellspringHelmet,SW.EffectTemplate.SoulFocus.I；SW.EffectTemplate.SoulFocus.II；SW.EffectTemplate.SoulFocus.III
灵魂法师,可随机出现,汐浮特长袍,护甲,False,SW.Item.WellspringChest,SW.EffectTemplate.SoulFocus.I；SW.EffectTemplate.SoulFocus.II；SW.EffectTemplate.SoulFocus.III
灵魂法师,可随机出现,汐浮特护腿,护甲,False,SW.Item.WellspringLeggings,SW.EffectTemplate.SoulFocus.I；SW.EffectTemplate.SoulFocus.II；SW.EffectTemplate.SoulFocus.III
灵魂法师,可随机出现,汐浮特之靴,护甲,False,SW.Item.WellspringBoots,SW.EffectTemplate.SoulFocus.I；SW.EffectTemplate.SoulFocus.II；SW.EffectTemplate.SoulFocus.III
灵魂法师,可随机出现,红石头盔,护甲,False,SW.Item.RedstoneHelmet,SW.EffectTemplate.SoulFocus.I；SW.EffectTemplate.SoulFocus.II；SW.EffectTemplate.SoulFocus.III
灵魂法师,可随机出现,红石胸甲,护甲,False,SW.Item.RedstoneChest,SW.EffectTemplate.SoulFocus.I；SW.EffectTemplate.SoulFocus.II；SW.EffectTemplate.SoulFocus.III
灵魂法师,可随机出现,红石护胫,护甲,False,SW.Item.RedstoneLeggings,SW.EffectTemplate.SoulFocus.I；SW.EffectTemplate.SoulFocus.II；SW.EffectTemplate.SoulFocus.III
灵魂法师,可随机出现,红石靴,护甲,False,SW.Item.RedstoneBoots,SW.EffectTemplate.SoulFocus.I；SW.EffectTemplate.SoulFocus.II；SW.EffectTemplate.SoulFocus.III
灵魂法师,可随机出现,巫师帽,护甲,False,SW.Item.EvocationHelmet,SW.EffectTemplate.SoulFocus.I；SW.EffectTemplate.SoulFocus.II；SW.EffectTemplate.SoulFocus.III
灵魂法师,可随机出现,巫师长袍,护甲,False,SW.Item.EvocationChest,SW.EffectTemplate.SoulFocus.I；SW.EffectTemplate.SoulFocus.II；SW.EffectTemplate.SoulFocus.III
灵魂法师,可随机出现,巫师护腿,护甲,False,SW.Item.EvocationLeggings,SW.EffectTemplate.SoulFocus.I；SW.EffectTemplate.SoulFocus.II；SW.EffectTemplate.SoulFocus.III
灵魂法师,可随机出现,巫师靴,护甲,False,SW.Item.EvocationBoots,SW.EffectTemplate.SoulFocus.I；SW.EffectTemplate.SoulFocus.II；SW.EffectTemplate.SoulFocus.III
灵魂法师,可随机出现,灵魂腐化者面具,护甲,True,SW.Item.TimewornHelmet_Unique,SW.EffectTemplate.SoulFocus.I；SW.EffectTemplate.SoulFocus.II；SW.EffectTemplate.SoulFocus.III
灵魂法师,可随机出现,灵魂腐化者风衣,护甲,True,SW.Item.TimewornChest_Unique,SW.EffectTemplate.SoulFocus.I；SW.EffectTemplate.SoulFocus.II；SW.EffectTemplate.SoulFocus.III
灵魂法师,可随机出现,灵魂腐化者腰带,护甲,True,SW.Item.TimewornLeggings_Unique,SW.EffectTemplate.SoulFocus.I；SW.EffectTemplate.SoulFocus.II；SW.EffectTemplate.SoulFocus.III
灵魂法师,可随机出现,灵魂腐化者凉鞋,护甲,True,SW.Item.TimewornBoots_Unique,SW.EffectTemplate.SoulFocus.I；SW.EffectTemplate.SoulFocus.II；SW.EffectTemplate.SoulFocus.III
灵魂法师,可随机出现,毒蝇伞帽,护甲,True,SW.Item.MushroomHelmet_Unique,SW.EffectTemplate.SoulFocus.I；SW.EffectTemplate.SoulFocus.II；SW.EffectTemplate.SoulFocus.III
灵魂法师,可随机出现,毒蝇伞外套,护甲,True,SW.Item.MushroomChest_Unique,SW.EffectTemplate.SoulFocus.I；SW.EffectTemplate.SoulFocus.II；SW.EffectTemplate.SoulFocus.III
灵魂法师,可随机出现,毒蝇伞长裤,护甲,True,SW.Item.MushroomLeggings_Unique,SW.EffectTemplate.SoulFocus.I；SW.EffectTemplate.SoulFocus.II；SW.EffectTemplate.SoulFocus.III
灵魂法师,可随机出现,毒蝇伞雨鞋,护甲,True,SW.Item.MushroomBoots_Unique,SW.EffectTemplate.SoulFocus.I；SW.EffectTemplate.SoulFocus.II；SW.EffectTemplate.SoulFocus.III
灵魂法师,可随机出现,狂怒汐浮特面具,护甲,True,SW.Item.WellspringHelmet_Unique,SW.EffectTemplate.SoulFocus.I；SW.EffectTemplate.SoulFocus.II；SW.EffectTemplate.SoulFocus.III
灵魂法师,可随机出现,狂怒汐浮特背心,护甲,True,SW.Item.WellspringChest_Unique,SW.EffectTemplate.SoulFocus.I；SW.EffectTemplate.SoulFocus.II；SW.EffectTemplate.SoulFocus.III
灵魂法师,可随机出现,狂怒汐浮特便裤,护甲,True,SW.Item.WellspringLeggings_Unique,SW.EffectTemplate.SoulFocus.I；SW.EffectTemplate.SoulFocus.II；SW.EffectTemplate.SoulFocus.III
灵魂法师,可随机出现,狂怒汐浮特之爪,护甲,True,SW.Item.WellspringBoots_Unique,SW.EffectTemplate.SoulFocus.I；SW.EffectTemplate.SoulFocus.II；SW.EffectTemplate.SoulFocus.III
灵魂法师,可随机出现,巨兽角盔,护甲,True,SW.Item.RedstoneHelmet_Unique,SW.EffectTemplate.SoulFocus.I；SW.EffectTemplate.SoulFocus.II；SW.EffectTemplate.SoulFocus.III
灵魂法师,可随机出现,巨兽盔甲,护甲,True,SW.Item.RedstoneChest_Unique,SW.EffectTemplate.SoulFocus.I；SW.EffectTemplate.SoulFocus.II；SW.EffectTemplate.SoulFocus.III
灵魂法师,可随机出现,巨兽胫甲,护甲,True,SW.Item.RedstoneLeggings_Unique,SW.EffectTemplate.SoulFocus.I；SW.EffectTemplate.SoulFocus.II；SW.EffectTemplate.SoulFocus.III
灵魂法师,可随机出现,巨兽战靴,护甲,True,SW.Item.RedstoneBoots_Unique,SW.EffectTemplate.SoulFocus.I；SW.EffectTemplate.SoulFocus.II；SW.EffectTemplate.SoulFocus.III
灵魂法师,可随机出现,炼金术士礼帽,护甲,True,SW.Item.EvocationHelmet_Unique,SW.EffectTemplate.SoulFocus.I；SW.EffectTemplate.SoulFocus.II；SW.EffectTemplate.SoulFocus.III
灵魂法师,可随机出现,炼金术士大衣,护甲,True,SW.Item.EvocationChest_Unique,SW.EffectTemplate.SoulFocus.I；SW.EffectTemplate.SoulFocus.II；SW.EffectTemplate.SoulFocus.III
灵魂法师,可随机出现,炼金术士长裤,护甲,True,SW.Item.EvocationLeggings_Unique,SW.EffectTemplate.SoulFocus.I；SW.EffectTemplate.SoulFocus.II；SW.EffectTemplate.SoulFocus.III
灵魂法师,可随机出现,炼金术士便鞋,护甲,True,SW.Item.EvocationBoots_Unique,SW.EffectTemplate.SoulFocus.I；SW.EffectTemplate.SoulFocus.II；SW.EffectTemplate.SoulFocus.III
灵魂法师,可随机出现,幽匿者面具,护甲,False,SW.Item.ScavengerHelmet,SW.EffectTemplate.SoulFocus.I；SW.EffectTemplate.SoulFocus.II；SW.EffectTemplate.SoulFocus.III
灵魂法师,可随机出现,幽匿者长袍,护甲,False,SW.Item.ScavengerChest,SW.EffectTemplate.SoulFocus.I；SW.EffectTemplate.SoulFocus.II；SW.EffectTemplate.SoulFocus.III
灵魂法师,可随机出现,幽匿者便裤,护甲,False,SW.Item.ScavengerLeggings,SW.EffectTemplate.SoulFocus.I；SW.EffectTemplate.SoulFocus.II；SW.EffectTemplate.SoulFocus.III
灵魂法师,可随机出现,幽匿者之靴,护甲,False,SW.Item.ScavengerBoots,SW.EffectTemplate.SoulFocus.I；SW.EffectTemplate.SoulFocus.II；SW.EffectTemplate.SoulFocus.III
灵魂法师,可随机出现,君主王冠,护甲,True,SW.Item.ScavengerHelmet_Unique,SW.EffectTemplate.SoulFocus.I；SW.EffectTemplate.SoulFocus.II；SW.EffectTemplate.SoulFocus.III
灵魂法师,可随机出现,君主披风,护甲,True,SW.Item.ScavengerChest_Unique,SW.EffectTemplate.SoulFocus.I；SW.EffectTemplate.SoulFocus.II；SW.EffectTemplate.SoulFocus.III
灵魂法师,可随机出现,君主腰带,护甲,True,SW.Item.ScavengerLeggings_Unique,SW.EffectTemplate.SoulFocus.I；SW.EffectTemplate.SoulFocus.II；SW.EffectTemplate.SoulFocus.III
灵魂法师,可随机出现,君主利爪,护甲,True,SW.Item.ScavengerBoots_Unique,SW.EffectTemplate.SoulFocus.I；SW.EffectTemplate.SoulFocus.II；SW.EffectTemplate.SoulFocus.III
灵魂法师,可随机出现,轰鸣号角,法器,False,SW.Item.Artifact.RallyingHorn,SW.EffectTemplate.SoulFocus.I；SW.EffectTemplate.SoulFocus.II；SW.EffectTemplate.SoulFocus.III
灵魂法师,可随机出现,回复图腾,法器,False,SW.Item.Artifact.TotemOfRegeneration,SW.EffectTemplate.SoulFocus.I；SW.EffectTemplate.SoulFocus.II；SW.EffectTemplate.SoulFocus.III
灵魂法师,可随机出现,灵魂收割者,法器,False,SW.Item.Artifact.SoulHarvester,SW.EffectTemplate.SoulFocus.I；SW.EffectTemplate.SoulFocus.II；SW.EffectTemplate.SoulFocus.III
灵魂法师,可随机出现,野餐篮,法器,False,SW.Item.Artifact.PicnicBlanket,SW.EffectTemplate.SoulFocus.I；SW.EffectTemplate.SoulFocus.II；SW.EffectTemplate.SoulFocus.III
灵魂法师,可随机出现,腐化信标,法器,False,SW.Item.Artifact.CorruptedBeacon,SW.EffectTemplate.SoulFocus.I；SW.EffectTemplate.SoulFocus.II；SW.EffectTemplate.SoulFocus.III
灵魂法师,可随机出现,腐化种子,法器,False,SW.Item.Artifact.CorruptedSeeds,SW.EffectTemplate.SoulFocus.I；SW.EffectTemplate.SoulFocus.II；SW.EffectTemplate.SoulFocus.III
灵魂法师,可随机出现,死亡帽蘑菇,法器,False,SW.Item.Artifact.DeathcapMushroom,SW.EffectTemplate.SoulFocus.I；SW.EffectTemplate.SoulFocus.II；SW.EffectTemplate.SoulFocus.III
灵魂法师,可随机出现,护盾图腾,法器,False,SW.Item.Artifact.TotemOfShielding,SW.EffectTemplate.SoulFocus.I；SW.EffectTemplate.SoulFocus.II；SW.EffectTemplate.SoulFocus.III
灵魂法师,可随机出现,施法图腾,法器,False,SW.Item.Artifact.TotemOfCasting,SW.EffectTemplate.SoulFocus.I；SW.EffectTemplate.SoulFocus.II；SW.EffectTemplate.SoulFocus.III
灵魂法师,可随机出现,末影迷雾,法器,False,SW.Item.Artifact.SmokeBomb,SW.EffectTemplate.SoulFocus.I；SW.EffectTemplate.SoulFocus.II；SW.EffectTemplate.SoulFocus.III
灵魂法师,可随机出现,红石地雷发射器,法器,False,SW.Item.Artifact.RedstoneMines,SW.EffectTemplate.SoulFocus.I；SW.EffectTemplate.SoulFocus.II；SW.EffectTemplate.SoulFocus.III
灵魂法师,可随机出现,女巫药剂,法器,False,SW.Item.Artifact.WitchesBrew,SW.EffectTemplate.SoulFocus.I；SW.EffectTemplate.SoulFocus.II；SW.EffectTemplate.SoulFocus.III
灵魂法师,可随机出现,余烬小袋,法器,False,SW.Item.Artifact.Satchel.Fire,SW.EffectTemplate.SoulFocus.I；SW.EffectTemplate.SoulFocus.II；SW.EffectTemplate.SoulFocus.III
灵魂法师,可随机出现,寒霜小袋,法器,False,SW.Item.Artifact.Satchel.Freezing,SW.EffectTemplate.SoulFocus.I；SW.EffectTemplate.SoulFocus.II；SW.EffectTemplate.SoulFocus.III
灵魂法师,可随机出现,剧毒小袋,法器,False,SW.Item.Artifact.Satchel.Poison,SW.EffectTemplate.SoulFocus.I；SW.EffectTemplate.SoulFocus.II；SW.EffectTemplate.SoulFocus.III
灵魂法师,可随机出现,雷霆小袋,法器,False,SW.Item.Artifact.Satchel.Conductive,SW.EffectTemplate.SoulFocus.I；SW.EffectTemplate.SoulFocus.II；SW.EffectTemplate.SoulFocus.III
灵魂法师,可随机出现,苦力怕蜡烛,法器,False,SW.Item.Artifact.CreeperCandle,SW.EffectTemplate.SoulFocus.I；SW.EffectTemplate.SoulFocus.II；SW.EffectTemplate.SoulFocus.III
灵魂法师,可随机出现,雷霆之杖,法器,False,SW.Item.Artifact.LightningRod,SW.EffectTemplate.SoulFocus.I；SW.EffectTemplate.SoulFocus.II；SW.EffectTemplate.SoulFocus.III
灵魂法师,可随机出现,战斗真菌,法器,False,SW.Item.Artifact.MaimingMushroom,SW.EffectTemplate.SoulFocus.I；SW.EffectTemplate.SoulFocus.II；SW.EffectTemplate.SoulFocus.III
灵魂法师,可随机出现,迅捷松露,法器,False,SW.Item.Artifact.HasteMushroom,SW.EffectTemplate.SoulFocus.I；SW.EffectTemplate.SoulFocus.II；SW.EffectTemplate.SoulFocus.III
灵魂法师,可随机出现,战鼓,法器,False,SW.Item.Artifact.WarriorsDrums,SW.EffectTemplate.SoulFocus.I；SW.EffectTemplate.SoulFocus.II；SW.EffectTemplate.SoulFocus.III
灵魂法师,可随机出现,回响陶笛,法器,False,SW.Item.Artifact.CarapaceOcarina,SW.EffectTemplate.SoulFocus.I；SW.EffectTemplate.SoulFocus.II；SW.EffectTemplate.SoulFocus.III
灵魂法师,可随机出现,战士长笛,法器,False,SW.Item.Artifact.FightersFife,SW.EffectTemplate.SoulFocus.I；SW.EffectTemplate.SoulFocus.II；SW.EffectTemplate.SoulFocus.III
灵魂法师,可随机出现,磨刀石,法器,False,SW.Item.Artifact.Grindstone,SW.EffectTemplate.SoulFocus.I；SW.EffectTemplate.SoulFocus.II；SW.EffectTemplate.SoulFocus.III
灵魂法师,可随机出现,神龟曼陀林,法器,False,SW.Item.Artifact.IronHideLute,SW.EffectTemplate.SoulFocus.I；SW.EffectTemplate.SoulFocus.II；SW.EffectTemplate.SoulFocus.III
灵魂法师,可随机出现,守护风铃,法器,False,SW.Item.Artifact.WardingChimes,SW.EffectTemplate.SoulFocus.I；SW.EffectTemplate.SoulFocus.II；SW.EffectTemplate.SoulFocus.III
灵魂法师,可随机出现,战旗,法器,False,SW.Item.Artifact.WarBanner,SW.EffectTemplate.SoulFocus.I；SW.EffectTemplate.SoulFocus.II；SW.EffectTemplate.SoulFocus.III
灵魂法师,可随机出现,蜂蜜蘸棒,法器,False,SW.Item.Artifact.Honeypot,SW.EffectTemplate.SoulFocus.I；SW.EffectTemplate.SoulFocus.II；SW.EffectTemplate.SoulFocus.III
灵魂法师,可随机出现,余烬权杖,法器,False,SW.Item.Artifact.FlameSceptre,SW.EffectTemplate.SoulFocus.I；SW.EffectTemplate.SoulFocus.II；SW.EffectTemplate.SoulFocus.III
灵魂法师,可随机出现,寒冬法杖,法器,False,SW.Item.Artifact.BlizzardStaff,SW.EffectTemplate.SoulFocus.I；SW.EffectTemplate.SoulFocus.II；SW.EffectTemplate.SoulFocus.III
灵魂法师,可随机出现,烈焰手环,法器,False,SW.Item.Artifact.FireBracelet,SW.EffectTemplate.SoulFocus.I；SW.EffectTemplate.SoulFocus.II；SW.EffectTemplate.SoulFocus.III
灵魂法师,可随机出现,暴雪手环,法器,False,SW.Item.Artifact.FrostBracelet,SW.EffectTemplate.SoulFocus.I；SW.EffectTemplate.SoulFocus.II；SW.EffectTemplate.SoulFocus.III
灵魂法师,可随机出现,枯萎手环,法器,False,SW.Item.Artifact.PoisonBracelet,SW.EffectTemplate.SoulFocus.I；SW.EffectTemplate.SoulFocus.II；SW.EffectTemplate.SoulFocus.III
灵魂法师,可随机出现,电击手环,法器,False,SW.Item.Artifact.ConductiveBracelet,SW.EffectTemplate.SoulFocus.I；SW.EffectTemplate.SoulFocus.II；SW.EffectTemplate.SoulFocus.III
灵魂法师,可随机出现,巨力砂槌,法器,False,SW.Item.Artifact.Powershaker,SW.EffectTemplate.SoulFocus.I；SW.EffectTemplate.SoulFocus.II；SW.EffectTemplate.SoulFocus.III
灵魂法师,可随机出现,烟花箭,法器,False,SW.Item.Artifact.FireworkQuiver,SW.EffectTemplate.SoulFocus.I；SW.EffectTemplate.SoulFocus.II；SW.EffectTemplate.SoulFocus.III
灵魂法师,可随机出现,火焰箭袋,法器,False,SW.Item.Artifact.FlameQuiver,SW.EffectTemplate.SoulFocus.I；SW.EffectTemplate.SoulFocus.II；SW.EffectTemplate.SoulFocus.III
灵魂法师,可随机出现,剧毒箭袋,法器,False,SW.Item.Artifact.PoisonQuiver,SW.EffectTemplate.SoulFocus.I；SW.EffectTemplate.SoulFocus.II；SW.EffectTemplate.SoulFocus.III
灵魂法师,可随机出现,冰冻箭袋,法器,False,SW.Item.Artifact.FrostQuiver,SW.EffectTemplate.SoulFocus.I；SW.EffectTemplate.SoulFocus.II；SW.EffectTemplate.SoulFocus.III
灵魂法师,可随机出现,导电箭袋,法器,False,SW.Item.Artifact.LightningQuiver,SW.EffectTemplate.SoulFocus.I；SW.EffectTemplate.SoulFocus.II；SW.EffectTemplate.SoulFocus.III
剧毒法师,装备固有,毒牙,近战武器,True,SW.Item.Daggers_Unique1,SW.EffectTemplate.PoisonFocus.Unique
剧毒法师,装备固有,毒蝇伞帽,护甲,True,SW.Item.MushroomHelmet_Unique,SW.EffectTemplate.PoisonFocus.Unique
剧毒法师,可随机出现,钢丝绒毛衣,护甲,False,SW.Item.FrostRimeChest,SW.EffectTemplate.PoisonFocus.I；SW.EffectTemplate.PoisonFocus.II；SW.EffectTemplate.PoisonFocus.III
剧毒法师,可随机出现,钢丝绒护腿,护甲,False,SW.Item.FrostRimeLeggings,SW.EffectTemplate.PoisonFocus.I；SW.EffectTemplate.PoisonFocus.II；SW.EffectTemplate.PoisonFocus.III
剧毒法师,可随机出现,钢丝绒靴,护甲,False,SW.Item.FrostRimeBoots,SW.EffectTemplate.PoisonFocus.I；SW.EffectTemplate.PoisonFocus.II；SW.EffectTemplate.PoisonFocus.III
剧毒法师,可随机出现,钢丝绒帽,护甲,False,SW.Item.FrostRimeHelmet,SW.EffectTemplate.PoisonFocus.I；SW.EffectTemplate.PoisonFocus.II；SW.EffectTemplate.PoisonFocus.III
剧毒法师,可随机出现,寒霜护甲,护甲,True,SW.Item.FrostRimeChest_Unique,SW.EffectTemplate.PoisonFocus.I；SW.EffectTemplate.PoisonFocus.II；SW.EffectTemplate.PoisonFocus.III
剧毒法师,可随机出现,寒霜长衬裤,护甲,True,SW.Item.FrostRimeLeggings_Unique,SW.EffectTemplate.PoisonFocus.I；SW.EffectTemplate.PoisonFocus.II；SW.EffectTemplate.PoisonFocus.III
剧毒法师,可随机出现,寒霜踏雪靴,护甲,True,SW.Item.FrostRimeBoots_Unique,SW.EffectTemplate.PoisonFocus.I；SW.EffectTemplate.PoisonFocus.II；SW.EffectTemplate.PoisonFocus.III
剧毒法师,可随机出现,寒霜冰帽,护甲,True,SW.Item.FrostRimeHelmet_Unique,SW.EffectTemplate.PoisonFocus.I；SW.EffectTemplate.PoisonFocus.II；SW.EffectTemplate.PoisonFocus.III
剧毒法师,可随机出现,神秘头箍,护甲,False,SW.Item.MysticHelmet,SW.EffectTemplate.PoisonFocus.I；SW.EffectTemplate.PoisonFocus.II；SW.EffectTemplate.PoisonFocus.III
剧毒法师,可随机出现,神秘长袍,护甲,False,SW.Item.MysticChest,SW.EffectTemplate.PoisonFocus.I；SW.EffectTemplate.PoisonFocus.II；SW.EffectTemplate.PoisonFocus.III
剧毒法师,可随机出现,神秘护腿,护甲,False,SW.Item.MysticLeggings,SW.EffectTemplate.PoisonFocus.I；SW.EffectTemplate.PoisonFocus.II；SW.EffectTemplate.PoisonFocus.III
剧毒法师,可随机出现,神秘靴,护甲,False,SW.Item.MysticBoots,SW.EffectTemplate.PoisonFocus.I；SW.EffectTemplate.PoisonFocus.II；SW.EffectTemplate.PoisonFocus.III
剧毒法师,可随机出现,神谕王冠,护甲,True,SW.Item.MysticHelmet_Unique,SW.EffectTemplate.PoisonFocus.I；SW.EffectTemplate.PoisonFocus.II；SW.EffectTemplate.PoisonFocus.III
剧毒法师,可随机出现,神谕披风,护甲,True,SW.Item.MysticChest_Unique,SW.EffectTemplate.PoisonFocus.I；SW.EffectTemplate.PoisonFocus.II；SW.EffectTemplate.PoisonFocus.III
剧毒法师,可随机出现,神谕紧身裤,护甲,True,SW.Item.MysticLeggings_Unique,SW.EffectTemplate.PoisonFocus.I；SW.EffectTemplate.PoisonFocus.II；SW.EffectTemplate.PoisonFocus.III
剧毒法师,可随机出现,神谕凉鞋,护甲,True,SW.Item.MysticBoots_Unique,SW.EffectTemplate.PoisonFocus.I；SW.EffectTemplate.PoisonFocus.II；SW.EffectTemplate.PoisonFocus.III
剧毒法师,可随机出现,界域行者帽,护甲,False,SW.Item.TimewornHelmet,SW.EffectTemplate.PoisonFocus.I；SW.EffectTemplate.PoisonFocus.II；SW.EffectTemplate.PoisonFocus.III
剧毒法师,可随机出现,界域行者长袍,护甲,False,SW.Item.TimewornChest,SW.EffectTemplate.PoisonFocus.I；SW.EffectTemplate.PoisonFocus.II；SW.EffectTemplate.PoisonFocus.III
剧毒法师,可随机出现,界域行者护腿,护甲,False,SW.Item.TimewornLeggings,SW.EffectTemplate.PoisonFocus.I；SW.EffectTemplate.PoisonFocus.II；SW.EffectTemplate.PoisonFocus.III
剧毒法师,可随机出现,界域行者靴,护甲,False,SW.Item.TimewornBoots,SW.EffectTemplate.PoisonFocus.I；SW.EffectTemplate.PoisonFocus.II；SW.EffectTemplate.PoisonFocus.III
剧毒法师,可随机出现,蘑菇帽,护甲,False,SW.Item.MushroomHelmet,SW.EffectTemplate.PoisonFocus.I；SW.EffectTemplate.PoisonFocus.II；SW.EffectTemplate.PoisonFocus.III
剧毒法师,可随机出现,蘑菇长袍,护甲,False,SW.Item.MushroomChest,SW.EffectTemplate.PoisonFocus.I；SW.EffectTemplate.PoisonFocus.II；SW.EffectTemplate.PoisonFocus.III
剧毒法师,可随机出现,蘑菇护腿,护甲,False,SW.Item.MushroomLeggings,SW.EffectTemplate.PoisonFocus.I；SW.EffectTemplate.PoisonFocus.II；SW.EffectTemplate.PoisonFocus.III
剧毒法师,可随机出现,蘑菇靴,护甲,False,SW.Item.MushroomBoots,SW.EffectTemplate.PoisonFocus.I；SW.EffectTemplate.PoisonFocus.II；SW.EffectTemplate.PoisonFocus.III
剧毒法师,可随机出现,汐浮特兜帽,护甲,False,SW.Item.WellspringHelmet,SW.EffectTemplate.PoisonFocus.I；SW.EffectTemplate.PoisonFocus.II；SW.EffectTemplate.PoisonFocus.III
剧毒法师,可随机出现,汐浮特长袍,护甲,False,SW.Item.WellspringChest,SW.EffectTemplate.PoisonFocus.I；SW.EffectTemplate.PoisonFocus.II；SW.EffectTemplate.PoisonFocus.III
剧毒法师,可随机出现,汐浮特护腿,护甲,False,SW.Item.WellspringLeggings,SW.EffectTemplate.PoisonFocus.I；SW.EffectTemplate.PoisonFocus.II；SW.EffectTemplate.PoisonFocus.III
剧毒法师,可随机出现,汐浮特之靴,护甲,False,SW.Item.WellspringBoots,SW.EffectTemplate.PoisonFocus.I；SW.EffectTemplate.PoisonFocus.II；SW.EffectTemplate.PoisonFocus.III
剧毒法师,可随机出现,红石头盔,护甲,False,SW.Item.RedstoneHelmet,SW.EffectTemplate.PoisonFocus.I；SW.EffectTemplate.PoisonFocus.II；SW.EffectTemplate.PoisonFocus.III
剧毒法师,可随机出现,红石胸甲,护甲,False,SW.Item.RedstoneChest,SW.EffectTemplate.PoisonFocus.I；SW.EffectTemplate.PoisonFocus.II；SW.EffectTemplate.PoisonFocus.III
剧毒法师,可随机出现,红石护胫,护甲,False,SW.Item.RedstoneLeggings,SW.EffectTemplate.PoisonFocus.I；SW.EffectTemplate.PoisonFocus.II；SW.EffectTemplate.PoisonFocus.III
剧毒法师,可随机出现,红石靴,护甲,False,SW.Item.RedstoneBoots,SW.EffectTemplate.PoisonFocus.I；SW.EffectTemplate.PoisonFocus.II；SW.EffectTemplate.PoisonFocus.III
剧毒法师,可随机出现,巫师帽,护甲,False,SW.Item.EvocationHelmet,SW.EffectTemplate.PoisonFocus.I；SW.EffectTemplate.PoisonFocus.II；SW.EffectTemplate.PoisonFocus.III
剧毒法师,可随机出现,巫师长袍,护甲,False,SW.Item.EvocationChest,SW.EffectTemplate.PoisonFocus.I；SW.EffectTemplate.PoisonFocus.II；SW.EffectTemplate.PoisonFocus.III
剧毒法师,可随机出现,巫师护腿,护甲,False,SW.Item.EvocationLeggings,SW.EffectTemplate.PoisonFocus.I；SW.EffectTemplate.PoisonFocus.II；SW.EffectTemplate.PoisonFocus.III
剧毒法师,可随机出现,巫师靴,护甲,False,SW.Item.EvocationBoots,SW.EffectTemplate.PoisonFocus.I；SW.EffectTemplate.PoisonFocus.II；SW.EffectTemplate.PoisonFocus.III
剧毒法师,可随机出现,灵魂腐化者面具,护甲,True,SW.Item.TimewornHelmet_Unique,SW.EffectTemplate.PoisonFocus.I；SW.EffectTemplate.PoisonFocus.II；SW.EffectTemplate.PoisonFocus.III
剧毒法师,可随机出现,灵魂腐化者风衣,护甲,True,SW.Item.TimewornChest_Unique,SW.EffectTemplate.PoisonFocus.I；SW.EffectTemplate.PoisonFocus.II；SW.EffectTemplate.PoisonFocus.III
剧毒法师,可随机出现,灵魂腐化者腰带,护甲,True,SW.Item.TimewornLeggings_Unique,SW.EffectTemplate.PoisonFocus.I；SW.EffectTemplate.PoisonFocus.II；SW.EffectTemplate.PoisonFocus.III
剧毒法师,可随机出现,灵魂腐化者凉鞋,护甲,True,SW.Item.TimewornBoots_Unique,SW.EffectTemplate.PoisonFocus.I；SW.EffectTemplate.PoisonFocus.II；SW.EffectTemplate.PoisonFocus.III
剧毒法师,可随机出现,毒蝇伞外套,护甲,True,SW.Item.MushroomChest_Unique,SW.EffectTemplate.PoisonFocus.I；SW.EffectTemplate.PoisonFocus.II；SW.EffectTemplate.PoisonFocus.III
剧毒法师,可随机出现,毒蝇伞长裤,护甲,True,SW.Item.MushroomLeggings_Unique,SW.EffectTemplate.PoisonFocus.I；SW.EffectTemplate.PoisonFocus.II；SW.EffectTemplate.PoisonFocus.III
剧毒法师,可随机出现,毒蝇伞雨鞋,护甲,True,SW.Item.MushroomBoots_Unique,SW.EffectTemplate.PoisonFocus.I；SW.EffectTemplate.PoisonFocus.II；SW.EffectTemplate.PoisonFocus.III
剧毒法师,可随机出现,狂怒汐浮特面具,护甲,True,SW.Item.WellspringHelmet_Unique,SW.EffectTemplate.PoisonFocus.I；SW.EffectTemplate.PoisonFocus.II；SW.EffectTemplate.PoisonFocus.III
剧毒法师,可随机出现,狂怒汐浮特背心,护甲,True,SW.Item.WellspringChest_Unique,SW.EffectTemplate.PoisonFocus.I；SW.EffectTemplate.PoisonFocus.II；SW.EffectTemplate.PoisonFocus.III
剧毒法师,可随机出现,狂怒汐浮特便裤,护甲,True,SW.Item.WellspringLeggings_Unique,SW.EffectTemplate.PoisonFocus.I；SW.EffectTemplate.PoisonFocus.II；SW.EffectTemplate.PoisonFocus.III
剧毒法师,可随机出现,狂怒汐浮特之爪,护甲,True,SW.Item.WellspringBoots_Unique,SW.EffectTemplate.PoisonFocus.I；SW.EffectTemplate.PoisonFocus.II；SW.EffectTemplate.PoisonFocus.III
剧毒法师,可随机出现,巨兽角盔,护甲,True,SW.Item.RedstoneHelmet_Unique,SW.EffectTemplate.PoisonFocus.I；SW.EffectTemplate.PoisonFocus.II；SW.EffectTemplate.PoisonFocus.III
剧毒法师,可随机出现,巨兽盔甲,护甲,True,SW.Item.RedstoneChest_Unique,SW.EffectTemplate.PoisonFocus.I；SW.EffectTemplate.PoisonFocus.II；SW.EffectTemplate.PoisonFocus.III
剧毒法师,可随机出现,巨兽胫甲,护甲,True,SW.Item.RedstoneLeggings_Unique,SW.EffectTemplate.PoisonFocus.I；SW.EffectTemplate.PoisonFocus.II；SW.EffectTemplate.PoisonFocus.III
剧毒法师,可随机出现,巨兽战靴,护甲,True,SW.Item.RedstoneBoots_Unique,SW.EffectTemplate.PoisonFocus.I；SW.EffectTemplate.PoisonFocus.II；SW.EffectTemplate.PoisonFocus.III
剧毒法师,可随机出现,炼金术士礼帽,护甲,True,SW.Item.EvocationHelmet_Unique,SW.EffectTemplate.PoisonFocus.I；SW.EffectTemplate.PoisonFocus.II；SW.EffectTemplate.PoisonFocus.III
剧毒法师,可随机出现,炼金术士大衣,护甲,True,SW.Item.EvocationChest_Unique,SW.EffectTemplate.PoisonFocus.I；SW.EffectTemplate.PoisonFocus.II；SW.EffectTemplate.PoisonFocus.III
剧毒法师,可随机出现,炼金术士长裤,护甲,True,SW.Item.EvocationLeggings_Unique,SW.EffectTemplate.PoisonFocus.I；SW.EffectTemplate.PoisonFocus.II；SW.EffectTemplate.PoisonFocus.III
剧毒法师,可随机出现,炼金术士便鞋,护甲,True,SW.Item.EvocationBoots_Unique,SW.EffectTemplate.PoisonFocus.I；SW.EffectTemplate.PoisonFocus.II；SW.EffectTemplate.PoisonFocus.III
剧毒法师,可随机出现,幽匿者面具,护甲,False,SW.Item.ScavengerHelmet,SW.EffectTemplate.PoisonFocus.I；SW.EffectTemplate.PoisonFocus.II；SW.EffectTemplate.PoisonFocus.III
剧毒法师,可随机出现,幽匿者长袍,护甲,False,SW.Item.ScavengerChest,SW.EffectTemplate.PoisonFocus.I；SW.EffectTemplate.PoisonFocus.II；SW.EffectTemplate.PoisonFocus.III
剧毒法师,可随机出现,幽匿者便裤,护甲,False,SW.Item.ScavengerLeggings,SW.EffectTemplate.PoisonFocus.I；SW.EffectTemplate.PoisonFocus.II；SW.EffectTemplate.PoisonFocus.III
剧毒法师,可随机出现,幽匿者之靴,护甲,False,SW.Item.ScavengerBoots,SW.EffectTemplate.PoisonFocus.I；SW.EffectTemplate.PoisonFocus.II；SW.EffectTemplate.PoisonFocus.III
剧毒法师,可随机出现,君主王冠,护甲,True,SW.Item.ScavengerHelmet_Unique,SW.EffectTemplate.PoisonFocus.I；SW.EffectTemplate.PoisonFocus.II；SW.EffectTemplate.PoisonFocus.III
剧毒法师,可随机出现,君主披风,护甲,True,SW.Item.ScavengerChest_Unique,SW.EffectTemplate.PoisonFocus.I；SW.EffectTemplate.PoisonFocus.II；SW.EffectTemplate.PoisonFocus.III
剧毒法师,可随机出现,君主腰带,护甲,True,SW.Item.ScavengerLeggings_Unique,SW.EffectTemplate.PoisonFocus.I；SW.EffectTemplate.PoisonFocus.II；SW.EffectTemplate.PoisonFocus.III
剧毒法师,可随机出现,君主利爪,护甲,True,SW.Item.ScavengerBoots_Unique,SW.EffectTemplate.PoisonFocus.I；SW.EffectTemplate.PoisonFocus.II；SW.EffectTemplate.PoisonFocus.III
剧毒法师,可随机出现,轰鸣号角,法器,False,SW.Item.Artifact.RallyingHorn,SW.EffectTemplate.PoisonFocus.I；SW.EffectTemplate.PoisonFocus.II；SW.EffectTemplate.PoisonFocus.III
剧毒法师,可随机出现,回复图腾,法器,False,SW.Item.Artifact.TotemOfRegeneration,SW.EffectTemplate.PoisonFocus.I；SW.EffectTemplate.PoisonFocus.II；SW.EffectTemplate.PoisonFocus.III
剧毒法师,可随机出现,灵魂收割者,法器,False,SW.Item.Artifact.SoulHarvester,SW.EffectTemplate.PoisonFocus.I；SW.EffectTemplate.PoisonFocus.II；SW.EffectTemplate.PoisonFocus.III
剧毒法师,可随机出现,野餐篮,法器,False,SW.Item.Artifact.PicnicBlanket,SW.EffectTemplate.PoisonFocus.I；SW.EffectTemplate.PoisonFocus.II；SW.EffectTemplate.PoisonFocus.III
剧毒法师,可随机出现,腐化信标,法器,False,SW.Item.Artifact.CorruptedBeacon,SW.EffectTemplate.PoisonFocus.I；SW.EffectTemplate.PoisonFocus.II；SW.EffectTemplate.PoisonFocus.III
剧毒法师,可随机出现,腐化种子,法器,False,SW.Item.Artifact.CorruptedSeeds,SW.EffectTemplate.PoisonFocus.I；SW.EffectTemplate.PoisonFocus.II；SW.EffectTemplate.PoisonFocus.III
剧毒法师,可随机出现,死亡帽蘑菇,法器,False,SW.Item.Artifact.DeathcapMushroom,SW.EffectTemplate.PoisonFocus.I；SW.EffectTemplate.PoisonFocus.II；SW.EffectTemplate.PoisonFocus.III
剧毒法师,可随机出现,护盾图腾,法器,False,SW.Item.Artifact.TotemOfShielding,SW.EffectTemplate.PoisonFocus.I；SW.EffectTemplate.PoisonFocus.II；SW.EffectTemplate.PoisonFocus.III
剧毒法师,可随机出现,施法图腾,法器,False,SW.Item.Artifact.TotemOfCasting,SW.EffectTemplate.PoisonFocus.I；SW.EffectTemplate.PoisonFocus.II；SW.EffectTemplate.PoisonFocus.III
剧毒法师,可随机出现,末影迷雾,法器,False,SW.Item.Artifact.SmokeBomb,SW.EffectTemplate.PoisonFocus.I；SW.EffectTemplate.PoisonFocus.II；SW.EffectTemplate.PoisonFocus.III
剧毒法师,可随机出现,红石地雷发射器,法器,False,SW.Item.Artifact.RedstoneMines,SW.EffectTemplate.PoisonFocus.I；SW.EffectTemplate.PoisonFocus.II；SW.EffectTemplate.PoisonFocus.III
剧毒法师,可随机出现,女巫药剂,法器,False,SW.Item.Artifact.WitchesBrew,SW.EffectTemplate.PoisonFocus.I；SW.EffectTemplate.PoisonFocus.II；SW.EffectTemplate.PoisonFocus.III
剧毒法师,可随机出现,余烬小袋,法器,False,SW.Item.Artifact.Satchel.Fire,SW.EffectTemplate.PoisonFocus.I；SW.EffectTemplate.PoisonFocus.II；SW.EffectTemplate.PoisonFocus.III
剧毒法师,可随机出现,寒霜小袋,法器,False,SW.Item.Artifact.Satchel.Freezing,SW.EffectTemplate.PoisonFocus.I；SW.EffectTemplate.PoisonFocus.II；SW.EffectTemplate.PoisonFocus.III
剧毒法师,可随机出现,剧毒小袋,法器,False,SW.Item.Artifact.Satchel.Poison,SW.EffectTemplate.PoisonFocus.I；SW.EffectTemplate.PoisonFocus.II；SW.EffectTemplate.PoisonFocus.III
剧毒法师,可随机出现,雷霆小袋,法器,False,SW.Item.Artifact.Satchel.Conductive,SW.EffectTemplate.PoisonFocus.I；SW.EffectTemplate.PoisonFocus.II；SW.EffectTemplate.PoisonFocus.III
剧毒法师,可随机出现,苦力怕蜡烛,法器,False,SW.Item.Artifact.CreeperCandle,SW.EffectTemplate.PoisonFocus.I；SW.EffectTemplate.PoisonFocus.II；SW.EffectTemplate.PoisonFocus.III
剧毒法师,可随机出现,雷霆之杖,法器,False,SW.Item.Artifact.LightningRod,SW.EffectTemplate.PoisonFocus.I；SW.EffectTemplate.PoisonFocus.II；SW.EffectTemplate.PoisonFocus.III
剧毒法师,可随机出现,战斗真菌,法器,False,SW.Item.Artifact.MaimingMushroom,SW.EffectTemplate.PoisonFocus.I；SW.EffectTemplate.PoisonFocus.II；SW.EffectTemplate.PoisonFocus.III
剧毒法师,可随机出现,迅捷松露,法器,False,SW.Item.Artifact.HasteMushroom,SW.EffectTemplate.PoisonFocus.I；SW.EffectTemplate.PoisonFocus.II；SW.EffectTemplate.PoisonFocus.III
剧毒法师,可随机出现,战鼓,法器,False,SW.Item.Artifact.WarriorsDrums,SW.EffectTemplate.PoisonFocus.I；SW.EffectTemplate.PoisonFocus.II；SW.EffectTemplate.PoisonFocus.III
剧毒法师,可随机出现,回响陶笛,法器,False,SW.Item.Artifact.CarapaceOcarina,SW.EffectTemplate.PoisonFocus.I；SW.EffectTemplate.PoisonFocus.II；SW.EffectTemplate.PoisonFocus.III
剧毒法师,可随机出现,战士长笛,法器,False,SW.Item.Artifact.FightersFife,SW.EffectTemplate.PoisonFocus.I；SW.EffectTemplate.PoisonFocus.II；SW.EffectTemplate.PoisonFocus.III
剧毒法师,可随机出现,磨刀石,法器,False,SW.Item.Artifact.Grindstone,SW.EffectTemplate.PoisonFocus.I；SW.EffectTemplate.PoisonFocus.II；SW.EffectTemplate.PoisonFocus.III
剧毒法师,可随机出现,神龟曼陀林,法器,False,SW.Item.Artifact.IronHideLute,SW.EffectTemplate.PoisonFocus.I；SW.EffectTemplate.PoisonFocus.II；SW.EffectTemplate.PoisonFocus.III
剧毒法师,可随机出现,守护风铃,法器,False,SW.Item.Artifact.WardingChimes,SW.EffectTemplate.PoisonFocus.I；SW.EffectTemplate.PoisonFocus.II；SW.EffectTemplate.PoisonFocus.III
剧毒法师,可随机出现,战旗,法器,False,SW.Item.Artifact.WarBanner,SW.EffectTemplate.PoisonFocus.I；SW.EffectTemplate.PoisonFocus.II；SW.EffectTemplate.PoisonFocus.III
剧毒法师,可随机出现,蜂蜜蘸棒,法器,False,SW.Item.Artifact.Honeypot,SW.EffectTemplate.PoisonFocus.I；SW.EffectTemplate.PoisonFocus.II；SW.EffectTemplate.PoisonFocus.III
剧毒法师,可随机出现,余烬权杖,法器,False,SW.Item.Artifact.FlameSceptre,SW.EffectTemplate.PoisonFocus.I；SW.EffectTemplate.PoisonFocus.II；SW.EffectTemplate.PoisonFocus.III
剧毒法师,可随机出现,寒冬法杖,法器,False,SW.Item.Artifact.BlizzardStaff,SW.EffectTemplate.PoisonFocus.I；SW.EffectTemplate.PoisonFocus.II；SW.EffectTemplate.PoisonFocus.III
剧毒法师,可随机出现,烈焰手环,法器,False,SW.Item.Artifact.FireBracelet,SW.EffectTemplate.PoisonFocus.I；SW.EffectTemplate.PoisonFocus.II；SW.EffectTemplate.PoisonFocus.III
剧毒法师,可随机出现,暴雪手环,法器,False,SW.Item.Artifact.FrostBracelet,SW.EffectTemplate.PoisonFocus.I；SW.EffectTemplate.PoisonFocus.II；SW.EffectTemplate.PoisonFocus.III
剧毒法师,可随机出现,枯萎手环,法器,False,SW.Item.Artifact.PoisonBracelet,SW.EffectTemplate.PoisonFocus.I；SW.EffectTemplate.PoisonFocus.II；SW.EffectTemplate.PoisonFocus.III
剧毒法师,可随机出现,电击手环,法器,False,SW.Item.Artifact.ConductiveBracelet,SW.EffectTemplate.PoisonFocus.I；SW.EffectTemplate.PoisonFocus.II；SW.EffectTemplate.PoisonFocus.III
剧毒法师,可随机出现,巨力砂槌,法器,False,SW.Item.Artifact.Powershaker,SW.EffectTemplate.PoisonFocus.I；SW.EffectTemplate.PoisonFocus.II；SW.EffectTemplate.PoisonFocus.III
剧毒法师,可随机出现,烟花箭,法器,False,SW.Item.Artifact.FireworkQuiver,SW.EffectTemplate.PoisonFocus.I；SW.EffectTemplate.PoisonFocus.II；SW.EffectTemplate.PoisonFocus.III
剧毒法师,可随机出现,火焰箭袋,法器,False,SW.Item.Artifact.FlameQuiver,SW.EffectTemplate.PoisonFocus.I；SW.EffectTemplate.PoisonFocus.II；SW.EffectTemplate.PoisonFocus.III
剧毒法师,可随机出现,剧毒箭袋,法器,False,SW.Item.Artifact.PoisonQuiver,SW.EffectTemplate.PoisonFocus.I；SW.EffectTemplate.PoisonFocus.II；SW.EffectTemplate.PoisonFocus.III
剧毒法师,可随机出现,冰冻箭袋,法器,False,SW.Item.Artifact.FrostQuiver,SW.EffectTemplate.PoisonFocus.I；SW.EffectTemplate.PoisonFocus.II；SW.EffectTemplate.PoisonFocus.III
剧毒法师,可随机出现,导电箭袋,法器,False,SW.Item.Artifact.LightningQuiver,SW.EffectTemplate.PoisonFocus.I；SW.EffectTemplate.PoisonFocus.II；SW.EffectTemplate.PoisonFocus.III
暴击锋刃,可随机出现,战锤,近战武器,False,SW.Item.WarHammer,SW.EffectTemplate.CriticalEdge.I；SW.EffectTemplate.CriticalEdge.II；SW.EffectTemplate.CriticalEdge.III
暴击锋刃,可随机出现,长矛,近战武器,False,SW.Item.Pike,SW.EffectTemplate.CriticalEdge.I；SW.EffectTemplate.CriticalEdge.II；SW.EffectTemplate.CriticalEdge.III
暴击锋刃,可随机出现,剑,近战武器,False,SW.Item.Sword,SW.EffectTemplate.CriticalEdge.I；SW.EffectTemplate.CriticalEdge.II；SW.EffectTemplate.CriticalEdge.III
暴击锋刃,可随机出现,护手,近战武器,False,SW.Item.Gauntlet,SW.EffectTemplate.CriticalEdge.I；SW.EffectTemplate.CriticalEdge.II；SW.EffectTemplate.CriticalEdge.III
暴击锋刃,可随机出现,双匕首,近战武器,False,SW.Item.Daggers,SW.EffectTemplate.CriticalEdge.I；SW.EffectTemplate.CriticalEdge.II；SW.EffectTemplate.CriticalEdge.III
暴击锋刃,可随机出现,斧头,近战武器,False,SW.Item.Axe,SW.EffectTemplate.CriticalEdge.I；SW.EffectTemplate.CriticalEdge.II；SW.EffectTemplate.CriticalEdge.III
暴击锋刃,可随机出现,短矛,近战武器,False,SW.Item.ShortSpear,SW.EffectTemplate.CriticalEdge.I；SW.EffectTemplate.CriticalEdge.II；SW.EffectTemplate.CriticalEdge.III
暴击锋刃,可随机出现,镐,近战武器,False,SW.Item.Pickaxe,SW.EffectTemplate.CriticalEdge.I；SW.EffectTemplate.CriticalEdge.II；SW.EffectTemplate.CriticalEdge.III
暴击锋刃,可随机出现,细剑,近战武器,False,SW.Item.Rapier,SW.EffectTemplate.CriticalEdge.I；SW.EffectTemplate.CriticalEdge.II；SW.EffectTemplate.CriticalEdge.III
暴击锋刃,可随机出现,碎心锤,近战武器,True,SW.Item.WarHammer_Unique1,SW.EffectTemplate.CriticalEdge.I；SW.EffectTemplate.CriticalEdge.II；SW.EffectTemplate.CriticalEdge.III
暴击锋刃,可随机出现,风暴召唤者,近战武器,True,SW.Item.Pike_Unique1,SW.EffectTemplate.CriticalEdge.I；SW.EffectTemplate.CriticalEdge.II；SW.EffectTemplate.CriticalEdge.III
暴击锋刃,可随机出现,烈焰之刃,近战武器,True,SW.Item.Sword_Unique1,SW.EffectTemplate.CriticalEdge.I；SW.EffectTemplate.CriticalEdge.II；SW.EffectTemplate.CriticalEdge.III
暴击锋刃,可随机出现,首席附魔师护手,近战武器,True,SW.Item.Gauntlet_Unique1,SW.EffectTemplate.CriticalEdge.I；SW.EffectTemplate.CriticalEdge.II；SW.EffectTemplate.CriticalEdge.III
暴击锋刃,可随机出现,毒牙,近战武器,True,SW.Item.Daggers_Unique1,SW.EffectTemplate.CriticalEdge.I；SW.EffectTemplate.CriticalEdge.II；SW.EffectTemplate.CriticalEdge.III
暴击锋刃,可随机出现,猎人手斧,近战武器,True,SW.Item.Axe_Unique1,SW.EffectTemplate.CriticalEdge.I；SW.EffectTemplate.CriticalEdge.II；SW.EffectTemplate.CriticalEdge.III
暴击锋刃,可随机出现,幽魂长矛,近战武器,True,SW.Item.ShortSpear_Unique1,SW.EffectTemplate.CriticalEdge.I；SW.EffectTemplate.CriticalEdge.II；SW.EffectTemplate.CriticalEdge.III
暴击锋刃,可随机出现,红石破坏者,近战武器,True,SW.Item.GiantClub_Unique1,SW.EffectTemplate.CriticalEdge.I；SW.EffectTemplate.CriticalEdge.II；SW.EffectTemplate.CriticalEdge.III
暴击锋刃,可随机出现,探勘者之镐,近战武器,True,SW.Item.Pickaxe_Unique1,SW.EffectTemplate.CriticalEdge.I；SW.EffectTemplate.CriticalEdge.II；SW.EffectTemplate.CriticalEdge.III
暴击锋刃,可随机出现,千刃,近战武器,True,SW.Item.Rapier_Unique1,SW.EffectTemplate.CriticalEdge.I；SW.EffectTemplate.CriticalEdge.II；SW.EffectTemplate.CriticalEdge.III
暴击锋刃,可随机出现,大剑,近战武器,False,SW.Item.Claymore,SW.EffectTemplate.CriticalEdge.I；SW.EffectTemplate.CriticalEdge.II；SW.EffectTemplate.CriticalEdge.III
暴击锋刃,可随机出现,巨剑,近战武器,False,SW.Item.Greatsword,SW.EffectTemplate.CriticalEdge.I；SW.EffectTemplate.CriticalEdge.II；SW.EffectTemplate.CriticalEdge.III
暴击锋刃,可随机出现,狼爪,近战武器,False,SW.Item.Claws,SW.EffectTemplate.CriticalEdge.I；SW.EffectTemplate.CriticalEdge.II；SW.EffectTemplate.CriticalEdge.III
暴击锋刃,可随机出现,长柄刀,近战武器,False,SW.Item.Glaive,SW.EffectTemplate.CriticalEdge.I；SW.EffectTemplate.CriticalEdge.II；SW.EffectTemplate.CriticalEdge.III
暴击锋刃,可随机出现,战斗权杖,近战武器,False,SW.Item.Battlestaff,SW.EffectTemplate.CriticalEdge.I；SW.EffectTemplate.CriticalEdge.II；SW.EffectTemplate.CriticalEdge.III
暴击锋刃,可随机出现,剁肉刀,近战武器,False,SW.Item.Cleaver,SW.EffectTemplate.CriticalEdge.I；SW.EffectTemplate.CriticalEdge.II；SW.EffectTemplate.CriticalEdge.III
暴击锋刃,可随机出现,双镰,近战武器,False,SW.Item.Sickles,SW.EffectTemplate.CriticalEdge.I；SW.EffectTemplate.CriticalEdge.II；SW.EffectTemplate.CriticalEdge.III
暴击锋刃,可随机出现,镰刀,近战武器,False,SW.Item.Scythe,SW.EffectTemplate.CriticalEdge.I；SW.EffectTemplate.CriticalEdge.II；SW.EffectTemplate.CriticalEdge.III
暴击锋刃,可随机出现,重击者,近战武器,False,SW.Item.GiantClub,SW.EffectTemplate.CriticalEdge.I；SW.EffectTemplate.CriticalEdge.II；SW.EffectTemplate.CriticalEdge.III
暴击锋刃,可随机出现,定型刀,近战武器,False,SW.Item.CurvedGreatsword,SW.EffectTemplate.CriticalEdge.I；SW.EffectTemplate.CriticalEdge.II；SW.EffectTemplate.CriticalEdge.III
暴击锋刃,可随机出现,打怪木槌,近战武器,False,SW.Item.GiantMallet,SW.EffectTemplate.CriticalEdge.I；SW.EffectTemplate.CriticalEdge.II；SW.EffectTemplate.CriticalEdge.III
暴击锋刃,可随机出现,长剑,近战武器,False,SW.Item.StraightSword,SW.EffectTemplate.CriticalEdge.I；SW.EffectTemplate.CriticalEdge.II；SW.EffectTemplate.CriticalEdge.III
暴击锋刃,可随机出现,裂隙撕裂者,近战武器,False,SW.Item.CurvedLongsword,SW.EffectTemplate.CriticalEdge.I；SW.EffectTemplate.CriticalEdge.II；SW.EffectTemplate.CriticalEdge.III
暴击锋刃,可随机出现,铁锹,近战武器,False,SW.Item.Shovel,SW.EffectTemplate.CriticalEdge.I；SW.EffectTemplate.CriticalEdge.II；SW.EffectTemplate.CriticalEdge.III
暴击锋刃,可随机出现,重锤,近战武器,False,SW.Item.Mace,SW.EffectTemplate.CriticalEdge.I；SW.EffectTemplate.CriticalEdge.II；SW.EffectTemplate.CriticalEdge.III
暴击锋刃,可随机出现,暮光匕首,近战武器,False,SW.Item.Dagger,SW.EffectTemplate.CriticalEdge.I；SW.EffectTemplate.CriticalEdge.II；SW.EffectTemplate.CriticalEdge.III
暴击锋刃,可随机出现,军刀,近战武器,False,SW.Item.Sabre,SW.EffectTemplate.CriticalEdge.I；SW.EffectTemplate.CriticalEdge.II；SW.EffectTemplate.CriticalEdge.III
暴击锋刃,可随机出现,战斗锤,近战武器,False,SW.Item.Hammer,SW.EffectTemplate.CriticalEdge.I；SW.EffectTemplate.CriticalEdge.II；SW.EffectTemplate.CriticalEdge.III
暴击锋刃,可随机出现,潮汐镰刀,近战武器,False,SW.Item.MoonSword,SW.EffectTemplate.CriticalEdge.I；SW.EffectTemplate.CriticalEdge.II；SW.EffectTemplate.CriticalEdge.III
暴击锋刃,可随机出现,巨斧,近战武器,False,SW.Item.GreatAxe,SW.EffectTemplate.CriticalEdge.I；SW.EffectTemplate.CriticalEdge.II；SW.EffectTemplate.CriticalEdge.III
暴击锋刃,可随机出现,斩杀大剑,近战武器,True,SW.Item.Claymore_Unique1,SW.EffectTemplate.CriticalEdge.I；SW.EffectTemplate.CriticalEdge.II；SW.EffectTemplate.CriticalEdge.III
暴击锋刃,可随机出现,暗晶剑,近战武器,True,SW.Item.Greatsword_Unique1,SW.EffectTemplate.CriticalEdge.I；SW.EffectTemplate.CriticalEdge.II；SW.EffectTemplate.CriticalEdge.III
暴击锋刃,可随机出现,幽匿者之爪,近战武器,True,SW.Item.Claws_Unique1,SW.EffectTemplate.CriticalEdge.I；SW.EffectTemplate.CriticalEdge.II；SW.EffectTemplate.CriticalEdge.III
暴击锋刃,可随机出现,黄金长柄刀,近战武器,True,SW.Item.Glaive_Unique1,SW.EffectTemplate.CriticalEdge.I；SW.EffectTemplate.CriticalEdge.II；SW.EffectTemplate.CriticalEdge.III
暴击锋刃,可随机出现,元素权杖,近战武器,True,SW.Item.Battlestaff_Unique1,SW.EffectTemplate.CriticalEdge.I；SW.EffectTemplate.CriticalEdge.II；SW.EffectTemplate.CriticalEdge.III
暴击锋刃,可随机出现,剁魂刀,近战武器,True,SW.Item.Cleaver_Unique1,SW.EffectTemplate.CriticalEdge.I；SW.EffectTemplate.CriticalEdge.II；SW.EffectTemplate.CriticalEdge.III
暴击锋刃,可随机出现,汐浮镰刀,近战武器,True,SW.Item.Sickles_Unique1,SW.EffectTemplate.CriticalEdge.I；SW.EffectTemplate.CriticalEdge.II；SW.EffectTemplate.CriticalEdge.III
暴击锋刃,可随机出现,摄魂者,近战武器,True,SW.Item.Scythe_Unique1,SW.EffectTemplate.CriticalEdge.I；SW.EffectTemplate.CriticalEdge.II；SW.EffectTemplate.CriticalEdge.III
暴击锋刃,可随机出现,安眠之刃,近战武器,True,SW.Item.CurvedGreatsword_Unique1,SW.EffectTemplate.CriticalEdge.I；SW.EffectTemplate.CriticalEdge.II；SW.EffectTemplate.CriticalEdge.III
暴击锋刃,可随机出现,怪物粉碎者,近战武器,True,SW.Item.GiantMallet_Unique1,SW.EffectTemplate.CriticalEdge.I；SW.EffectTemplate.CriticalEdge.II；SW.EffectTemplate.CriticalEdge.III
暴击锋刃,可随机出现,霜冻剑,近战武器,True,SW.Item.StraightSword_Unique1,SW.EffectTemplate.CriticalEdge.I；SW.EffectTemplate.CriticalEdge.II；SW.EffectTemplate.CriticalEdge.III
暴击锋刃,可随机出现,平原之傲,近战武器,True,SW.Item.CurvedLongsword_Unique1,SW.EffectTemplate.CriticalEdge.I；SW.EffectTemplate.CriticalEdge.II；SW.EffectTemplate.CriticalEdge.III
暴击锋刃,可随机出现,钻石锹,近战武器,True,SW.Item.Shovel_Unique1,SW.EffectTemplate.CriticalEdge.I；SW.EffectTemplate.CriticalEdge.II；SW.EffectTemplate.CriticalEdge.III
暴击锋刃,可随机出现,甲壳重锤,近战武器,True,SW.Item.Mace_Unique1,SW.EffectTemplate.CriticalEdge.I；SW.EffectTemplate.CriticalEdge.II；SW.EffectTemplate.CriticalEdge.III
暴击锋刃,可随机出现,幽匿者克星,近战武器,True,SW.Item.Dagger_Unique1,SW.EffectTemplate.CriticalEdge.I；SW.EffectTemplate.CriticalEdge.II；SW.EffectTemplate.CriticalEdge.III
暴击锋刃,可随机出现,调皮鬼军刀,近战武器,True,SW.Item.Sabre_Unique1,SW.EffectTemplate.CriticalEdge.I；SW.EffectTemplate.CriticalEdge.II；SW.EffectTemplate.CriticalEdge.III
暴击锋刃,可随机出现,绿宝石锤,近战武器,True,SW.Item.Hammer_Unique1,SW.EffectTemplate.CriticalEdge.I；SW.EffectTemplate.CriticalEdge.II；SW.EffectTemplate.CriticalEdge.III
暴击锋刃,可随机出现,弯月镰刀,近战武器,True,SW.Item.MoonSword_Unique1,SW.EffectTemplate.CriticalEdge.I；SW.EffectTemplate.CriticalEdge.II；SW.EffectTemplate.CriticalEdge.III
暴击锋刃,可随机出现,神威巨斧,近战武器,True,SW.Item.GreatAxe_Unique1,SW.EffectTemplate.CriticalEdge.I；SW.EffectTemplate.CriticalEdge.II；SW.EffectTemplate.CriticalEdge.III
暴击锋刃,可随机出现,弓,远程武器,False,SW.Item.Bow,SW.EffectTemplate.CriticalEdge.I；SW.EffectTemplate.CriticalEdge.II；SW.EffectTemplate.CriticalEdge.III
暴击锋刃,可随机出现,弩,远程武器,False,SW.Item.Crossbow,SW.EffectTemplate.CriticalEdge.I；SW.EffectTemplate.CriticalEdge.II；SW.EffectTemplate.CriticalEdge.III
暴击锋刃,可随机出现,短弓,远程武器,False,SW.Item.Shortbow,SW.EffectTemplate.CriticalEdge.I；SW.EffectTemplate.CriticalEdge.II；SW.EffectTemplate.CriticalEdge.III
暴击锋刃,可随机出现,特技弓,远程武器,False,SW.Item.Trickbow,SW.EffectTemplate.CriticalEdge.I；SW.EffectTemplate.CriticalEdge.II；SW.EffectTemplate.CriticalEdge.III
暴击锋刃,可随机出现,长弓,远程武器,False,SW.Item.Longbow,SW.EffectTemplate.CriticalEdge.I；SW.EffectTemplate.CriticalEdge.II；SW.EffectTemplate.CriticalEdge.III
暴击锋刃,可随机出现,强弓,远程武器,False,SW.Item.Powerbow,SW.EffectTemplate.CriticalEdge.I；SW.EffectTemplate.CriticalEdge.II；SW.EffectTemplate.CriticalEdge.III
暴击锋刃,可随机出现,散射弩,远程武器,False,SW.Item.ScatterCrossbow,SW.EffectTemplate.CriticalEdge.I；SW.EffectTemplate.CriticalEdge.II；SW.EffectTemplate.CriticalEdge.III
暴击锋刃,可随机出现,重弩,远程武器,False,SW.Item.HeavyCrossbow,SW.EffectTemplate.CriticalEdge.I；SW.EffectTemplate.CriticalEdge.II；SW.EffectTemplate.CriticalEdge.III
暴击锋刃,可随机出现,双持弩,远程武器,False,SW.Item.DualCrossbow,SW.EffectTemplate.CriticalEdge.I；SW.EffectTemplate.CriticalEdge.II；SW.EffectTemplate.CriticalEdge.III
暴击锋刃,可随机出现,快弩,远程武器,False,SW.Item.RapidCrossbow,SW.EffectTemplate.CriticalEdge.I；SW.EffectTemplate.CriticalEdge.II；SW.EffectTemplate.CriticalEdge.III
暴击锋刃,可随机出现,游侠之誓,远程武器,True,SW.Item.Bow_Unique1,SW.EffectTemplate.CriticalEdge.I；SW.EffectTemplate.CriticalEdge.II；SW.EffectTemplate.CriticalEdge.III
暴击锋刃,可随机出现,定身弩,远程武器,True,SW.Item.Crossbow_Unique1,SW.EffectTemplate.CriticalEdge.I；SW.EffectTemplate.CriticalEdge.II；SW.EffectTemplate.CriticalEdge.III
暴击锋刃,可随机出现,流星弓,远程武器,True,SW.Item.Shortbow_Unique1,SW.EffectTemplate.CriticalEdge.I；SW.EffectTemplate.CriticalEdge.II；SW.EffectTemplate.CriticalEdge.III
暴击锋刃,可随机出现,幻翼弓,远程武器,True,SW.Item.Trickbow_Unique1,SW.EffectTemplate.CriticalEdge.I；SW.EffectTemplate.CriticalEdge.II；SW.EffectTemplate.CriticalEdge.III
暴击锋刃,可随机出现,嘎枝之触,远程武器,True,SW.Item.Longbow_Unique1,SW.EffectTemplate.CriticalEdge.I；SW.EffectTemplate.CriticalEdge.II；SW.EffectTemplate.CriticalEdge.III
暴击锋刃,可随机出现,典范弓,远程武器,True,SW.Item.Powerbow_Unique1,SW.EffectTemplate.CriticalEdge.I；SW.EffectTemplate.CriticalEdge.II；SW.EffectTemplate.CriticalEdge.III
暴击锋刃,可随机出现,竖琴弩,远程武器,True,SW.Item.ScatterCrossbow_Unique1,SW.EffectTemplate.CriticalEdge.I；SW.EffectTemplate.CriticalEdge.II；SW.EffectTemplate.CriticalEdge.III
暴击锋刃,可随机出现,近战游侠弩,远程武器,True,SW.Item.HeavyCrossbow_Unique1,SW.EffectTemplate.CriticalEdge.I；SW.EffectTemplate.CriticalEdge.II；SW.EffectTemplate.CriticalEdge.III
暴击锋刃,可随机出现,授粉快弩,远程武器,True,SW.Item.RapidCrossbow_Unique1,SW.EffectTemplate.CriticalEdge.I；SW.EffectTemplate.CriticalEdge.II；SW.EffectTemplate.CriticalEdge.III
暴击锋刃,可随机出现,巨弓,远程武器,False,SW.Item.Greatbow,SW.EffectTemplate.CriticalEdge.I；SW.EffectTemplate.CriticalEdge.II；SW.EffectTemplate.CriticalEdge.III
暴击锋刃,可随机出现,背叛者双弩,远程武器,True,SW.Item.DualCrossbow_Unique1,SW.EffectTemplate.CriticalEdge.I；SW.EffectTemplate.CriticalEdge.II；SW.EffectTemplate.CriticalEdge.III
暴击锋刃,可随机出现,轰鸣虫心弦,远程武器,True,SW.Item.Greatbow_Unique1,SW.EffectTemplate.CriticalEdge.I；SW.EffectTemplate.CriticalEdge.II；SW.EffectTemplate.CriticalEdge.III
精准,装备固有,漫游者面甲,护甲,True,SW.Item.VoyagerHelmet_Unique,SW.EffectTemplate.Precision.Unique
精准,装备固有,扭曲监守者轻靴,护甲,True,SW.Item.CaveCrawlerBoots_Unique,SW.EffectTemplate.Precision.Unique
精准,可随机出现,剑,近战武器,False,SW.Item.Sword,SW.EffectTemplate.Precision.I；SW.EffectTemplate.Precision.II；SW.EffectTemplate.Precision.III
精准,可随机出现,护手,近战武器,False,SW.Item.Gauntlet,SW.EffectTemplate.Precision.I；SW.EffectTemplate.Precision.II；SW.EffectTemplate.Precision.III
精准,可随机出现,烈焰之刃,近战武器,True,SW.Item.Sword_Unique1,SW.EffectTemplate.Precision.I；SW.EffectTemplate.Precision.II；SW.EffectTemplate.Precision.III
精准,可随机出现,首席附魔师护手,近战武器,True,SW.Item.Gauntlet_Unique1,SW.EffectTemplate.Precision.I；SW.EffectTemplate.Precision.II；SW.EffectTemplate.Precision.III
精准,可随机出现,大剑,近战武器,False,SW.Item.Claymore,SW.EffectTemplate.Precision.I；SW.EffectTemplate.Precision.II；SW.EffectTemplate.Precision.III
精准,可随机出现,巨剑,近战武器,False,SW.Item.Greatsword,SW.EffectTemplate.Precision.I；SW.EffectTemplate.Precision.II；SW.EffectTemplate.Precision.III
精准,可随机出现,定型刀,近战武器,False,SW.Item.CurvedGreatsword,SW.EffectTemplate.Precision.I；SW.EffectTemplate.Precision.II；SW.EffectTemplate.Precision.III
精准,可随机出现,裂隙撕裂者,近战武器,False,SW.Item.CurvedLongsword,SW.EffectTemplate.Precision.I；SW.EffectTemplate.Precision.II；SW.EffectTemplate.Precision.III
精准,可随机出现,军刀,近战武器,False,SW.Item.Sabre,SW.EffectTemplate.Precision.I；SW.EffectTemplate.Precision.II；SW.EffectTemplate.Precision.III
精准,可随机出现,巨斧,近战武器,False,SW.Item.GreatAxe,SW.EffectTemplate.Precision.I；SW.EffectTemplate.Precision.II；SW.EffectTemplate.Precision.III
精准,可随机出现,斩杀大剑,近战武器,True,SW.Item.Claymore_Unique1,SW.EffectTemplate.Precision.I；SW.EffectTemplate.Precision.II；SW.EffectTemplate.Precision.III
精准,可随机出现,暗晶剑,近战武器,True,SW.Item.Greatsword_Unique1,SW.EffectTemplate.Precision.I；SW.EffectTemplate.Precision.II；SW.EffectTemplate.Precision.III
精准,可随机出现,平原之傲,近战武器,True,SW.Item.CurvedLongsword_Unique1,SW.EffectTemplate.Precision.I；SW.EffectTemplate.Precision.II；SW.EffectTemplate.Precision.III
精准,可随机出现,调皮鬼军刀,近战武器,True,SW.Item.Sabre_Unique1,SW.EffectTemplate.Precision.I；SW.EffectTemplate.Precision.II；SW.EffectTemplate.Precision.III
精准,可随机出现,神威巨斧,近战武器,True,SW.Item.GreatAxe_Unique1,SW.EffectTemplate.Precision.I；SW.EffectTemplate.Precision.II；SW.EffectTemplate.Precision.III
强力,装备固有,扭曲监守者眼罩,护甲,True,SW.Item.CaveCrawlerHelmet_Unique,SW.EffectTemplate.MasterStrike.Unique
强力,装备固有,巨兽战靴,护甲,True,SW.Item.RedstoneBoots_Unique,SW.EffectTemplate.MasterStrike.Unique
强力,可随机出现,剑,近战武器,False,SW.Item.Sword,SW.EffectTemplate.MasterStrike.I；SW.EffectTemplate.MasterStrike.II；SW.EffectTemplate.MasterStrike.III
强力,可随机出现,护手,近战武器,False,SW.Item.Gauntlet,SW.EffectTemplate.MasterStrike.I；SW.EffectTemplate.MasterStrike.II；SW.EffectTemplate.MasterStrike.III
强力,可随机出现,细剑,近战武器,False,SW.Item.Rapier,SW.EffectTemplate.MasterStrike.I；SW.EffectTemplate.MasterStrike.II；SW.EffectTemplate.MasterStrike.III
强力,可随机出现,烈焰之刃,近战武器,True,SW.Item.Sword_Unique1,SW.EffectTemplate.MasterStrike.I；SW.EffectTemplate.MasterStrike.II；SW.EffectTemplate.MasterStrike.III
强力,可随机出现,首席附魔师护手,近战武器,True,SW.Item.Gauntlet_Unique1,SW.EffectTemplate.MasterStrike.I；SW.EffectTemplate.MasterStrike.II；SW.EffectTemplate.MasterStrike.III
强力,可随机出现,毒牙,近战武器,True,SW.Item.Daggers_Unique1,SW.EffectTemplate.MasterStrike.I；SW.EffectTemplate.MasterStrike.II；SW.EffectTemplate.MasterStrike.III
强力,可随机出现,千刃,近战武器,True,SW.Item.Rapier_Unique1,SW.EffectTemplate.MasterStrike.I；SW.EffectTemplate.MasterStrike.II；SW.EffectTemplate.MasterStrike.III
强力,可随机出现,大剑,近战武器,False,SW.Item.Claymore,SW.EffectTemplate.MasterStrike.I；SW.EffectTemplate.MasterStrike.II；SW.EffectTemplate.MasterStrike.III
强力,可随机出现,巨剑,近战武器,False,SW.Item.Greatsword,SW.EffectTemplate.MasterStrike.I；SW.EffectTemplate.MasterStrike.II；SW.EffectTemplate.MasterStrike.III
强力,可随机出现,狼爪,近战武器,False,SW.Item.Claws,SW.EffectTemplate.MasterStrike.I；SW.EffectTemplate.MasterStrike.II；SW.EffectTemplate.MasterStrike.III
强力,可随机出现,双镰,近战武器,False,SW.Item.Sickles,SW.EffectTemplate.MasterStrike.I；SW.EffectTemplate.MasterStrike.II；SW.EffectTemplate.MasterStrike.III
强力,可随机出现,定型刀,近战武器,False,SW.Item.CurvedGreatsword,SW.EffectTemplate.MasterStrike.I；SW.EffectTemplate.MasterStrike.II；SW.EffectTemplate.MasterStrike.III
强力,可随机出现,裂隙撕裂者,近战武器,False,SW.Item.CurvedLongsword,SW.EffectTemplate.MasterStrike.I；SW.EffectTemplate.MasterStrike.II；SW.EffectTemplate.MasterStrike.III
强力,可随机出现,军刀,近战武器,False,SW.Item.Sabre,SW.EffectTemplate.MasterStrike.I；SW.EffectTemplate.MasterStrike.II；SW.EffectTemplate.MasterStrike.III
强力,可随机出现,巨斧,近战武器,False,SW.Item.GreatAxe,SW.EffectTemplate.MasterStrike.I；SW.EffectTemplate.MasterStrike.II；SW.EffectTemplate.MasterStrike.III
强力,可随机出现,斩杀大剑,近战武器,True,SW.Item.Claymore_Unique1,SW.EffectTemplate.MasterStrike.I；SW.EffectTemplate.MasterStrike.II；SW.EffectTemplate.MasterStrike.III
强力,可随机出现,暗晶剑,近战武器,True,SW.Item.Greatsword_Unique1,SW.EffectTemplate.MasterStrike.I；SW.EffectTemplate.MasterStrike.II；SW.EffectTemplate.MasterStrike.III
强力,可随机出现,幽匿者之爪,近战武器,True,SW.Item.Claws_Unique1,SW.EffectTemplate.MasterStrike.I；SW.EffectTemplate.MasterStrike.II；SW.EffectTemplate.MasterStrike.III
强力,可随机出现,汐浮镰刀,近战武器,True,SW.Item.Sickles_Unique1,SW.EffectTemplate.MasterStrike.I；SW.EffectTemplate.MasterStrike.II；SW.EffectTemplate.MasterStrike.III
强力,可随机出现,平原之傲,近战武器,True,SW.Item.CurvedLongsword_Unique1,SW.EffectTemplate.MasterStrike.I；SW.EffectTemplate.MasterStrike.II；SW.EffectTemplate.MasterStrike.III
强力,可随机出现,幽匿者克星,近战武器,True,SW.Item.Dagger_Unique1,SW.EffectTemplate.MasterStrike.I；SW.EffectTemplate.MasterStrike.II；SW.EffectTemplate.MasterStrike.III
强力,可随机出现,调皮鬼军刀,近战武器,True,SW.Item.Sabre_Unique1,SW.EffectTemplate.MasterStrike.I；SW.EffectTemplate.MasterStrike.II；SW.EffectTemplate.MasterStrike.III
强力,可随机出现,神威巨斧,近战武器,True,SW.Item.GreatAxe_Unique1,SW.EffectTemplate.MasterStrike.I；SW.EffectTemplate.MasterStrike.II；SW.EffectTemplate.MasterStrike.III
瞄准,装备固有,游侠之誓,远程武器,True,SW.Item.Bow_Unique1,SW.EffectTemplate.EagleEye.Unique
瞄准,装备固有,灵魂腐化者凉鞋,护甲,True,SW.Item.TimewornBoots_Unique,SW.EffectTemplate.EagleEye.Unique
瞄准,可随机出现,短弓,远程武器,False,SW.Item.Shortbow,SW.EffectTemplate.EagleEye.I；SW.EffectTemplate.EagleEye.II；SW.EffectTemplate.EagleEye.III
瞄准,可随机出现,长弓,远程武器,False,SW.Item.Longbow,SW.EffectTemplate.EagleEye.I；SW.EffectTemplate.EagleEye.II；SW.EffectTemplate.EagleEye.III
瞄准,可随机出现,强弓,远程武器,False,SW.Item.Powerbow,SW.EffectTemplate.EagleEye.I；SW.EffectTemplate.EagleEye.II；SW.EffectTemplate.EagleEye.III
瞄准,可随机出现,快弩,远程武器,False,SW.Item.RapidCrossbow,SW.EffectTemplate.EagleEye.I；SW.EffectTemplate.EagleEye.II；SW.EffectTemplate.EagleEye.III
瞄准,可随机出现,流星弓,远程武器,True,SW.Item.Shortbow_Unique1,SW.EffectTemplate.EagleEye.I；SW.EffectTemplate.EagleEye.II；SW.EffectTemplate.EagleEye.III
瞄准,可随机出现,嘎枝之触,远程武器,True,SW.Item.Longbow_Unique1,SW.EffectTemplate.EagleEye.I；SW.EffectTemplate.EagleEye.II；SW.EffectTemplate.EagleEye.III
瞄准,可随机出现,典范弓,远程武器,True,SW.Item.Powerbow_Unique1,SW.EffectTemplate.EagleEye.I；SW.EffectTemplate.EagleEye.II；SW.EffectTemplate.EagleEye.III
瞄准,可随机出现,授粉快弩,远程武器,True,SW.Item.RapidCrossbow_Unique1,SW.EffectTemplate.EagleEye.I；SW.EffectTemplate.EagleEye.II；SW.EffectTemplate.EagleEye.III
瞄准,可随机出现,巨弓,远程武器,False,SW.Item.Greatbow,SW.EffectTemplate.EagleEye.I；SW.EffectTemplate.EagleEye.II；SW.EffectTemplate.EagleEye.III
瞄准,可随机出现,轰鸣虫心弦,远程武器,True,SW.Item.Greatbow_Unique1,SW.EffectTemplate.EagleEye.I；SW.EffectTemplate.EagleEye.II；SW.EffectTemplate.EagleEye.III
瞄准,可随机出现,烟花箭,法器,False,SW.Item.Artifact.FireworkQuiver,SW.EffectTemplate.EagleEye.I；SW.EffectTemplate.EagleEye.II；SW.EffectTemplate.EagleEye.III
瞄准,可随机出现,火焰箭袋,法器,False,SW.Item.Artifact.FlameQuiver,SW.EffectTemplate.EagleEye.I；SW.EffectTemplate.EagleEye.II；SW.EffectTemplate.EagleEye.III
瞄准,可随机出现,剧毒箭袋,法器,False,SW.Item.Artifact.PoisonQuiver,SW.EffectTemplate.EagleEye.I；SW.EffectTemplate.EagleEye.II；SW.EffectTemplate.EagleEye.III
瞄准,可随机出现,冰冻箭袋,法器,False,SW.Item.Artifact.FrostQuiver,SW.EffectTemplate.EagleEye.I；SW.EffectTemplate.EagleEye.II；SW.EffectTemplate.EagleEye.III
瞄准,可随机出现,导电箭袋,法器,False,SW.Item.Artifact.LightningQuiver,SW.EffectTemplate.EagleEye.I；SW.EffectTemplate.EagleEye.II；SW.EffectTemplate.EagleEye.III
精准射手,装备固有,灵魂腐化者腰带,护甲,True,SW.Item.TimewornLeggings_Unique,SW.EffectTemplate.MasterMarksman.Unique
精准射手,可随机出现,短弓,远程武器,False,SW.Item.Shortbow,SW.EffectTemplate.MasterMarksman.I；SW.EffectTemplate.MasterMarksman.II；SW.EffectTemplate.MasterMarksman.III
精准射手,可随机出现,特技弓,远程武器,False,SW.Item.Trickbow,SW.EffectTemplate.MasterMarksman.I；SW.EffectTemplate.MasterMarksman.II；SW.EffectTemplate.MasterMarksman.III
精准射手,可随机出现,长弓,远程武器,False,SW.Item.Longbow,SW.EffectTemplate.MasterMarksman.I；SW.EffectTemplate.MasterMarksman.II；SW.EffectTemplate.MasterMarksman.III
精准射手,可随机出现,强弓,远程武器,False,SW.Item.Powerbow,SW.EffectTemplate.MasterMarksman.I；SW.EffectTemplate.MasterMarksman.II；SW.EffectTemplate.MasterMarksman.III
精准射手,可随机出现,双持弩,远程武器,False,SW.Item.DualCrossbow,SW.EffectTemplate.MasterMarksman.I；SW.EffectTemplate.MasterMarksman.II；SW.EffectTemplate.MasterMarksman.III
精准射手,可随机出现,快弩,远程武器,False,SW.Item.RapidCrossbow,SW.EffectTemplate.MasterMarksman.I；SW.EffectTemplate.MasterMarksman.II；SW.EffectTemplate.MasterMarksman.III
精准射手,可随机出现,流星弓,远程武器,True,SW.Item.Shortbow_Unique1,SW.EffectTemplate.MasterMarksman.I；SW.EffectTemplate.MasterMarksman.II；SW.EffectTemplate.MasterMarksman.III
精准射手,可随机出现,幻翼弓,远程武器,True,SW.Item.Trickbow_Unique1,SW.EffectTemplate.MasterMarksman.I；SW.EffectTemplate.MasterMarksman.II；SW.EffectTemplate.MasterMarksman.III
精准射手,可随机出现,嘎枝之触,远程武器,True,SW.Item.Longbow_Unique1,SW.EffectTemplate.MasterMarksman.I；SW.EffectTemplate.MasterMarksman.II；SW.EffectTemplate.MasterMarksman.III
精准射手,可随机出现,典范弓,远程武器,True,SW.Item.Powerbow_Unique1,SW.EffectTemplate.MasterMarksman.I；SW.EffectTemplate.MasterMarksman.II；SW.EffectTemplate.MasterMarksman.III
精准射手,可随机出现,授粉快弩,远程武器,True,SW.Item.RapidCrossbow_Unique1,SW.EffectTemplate.MasterMarksman.I；SW.EffectTemplate.MasterMarksman.II；SW.EffectTemplate.MasterMarksman.III
精准射手,可随机出现,巨弓,远程武器,False,SW.Item.Greatbow,SW.EffectTemplate.MasterMarksman.I；SW.EffectTemplate.MasterMarksman.II；SW.EffectTemplate.MasterMarksman.III
精准射手,可随机出现,背叛者双弩,远程武器,True,SW.Item.DualCrossbow_Unique1,SW.EffectTemplate.MasterMarksman.I；SW.EffectTemplate.MasterMarksman.II；SW.EffectTemplate.MasterMarksman.III
精准射手,可随机出现,轰鸣虫心弦,远程武器,True,SW.Item.Greatbow_Unique1,SW.EffectTemplate.MasterMarksman.I；SW.EffectTemplate.MasterMarksman.II；SW.EffectTemplate.MasterMarksman.III
精准射手,可随机出现,烟花箭,法器,False,SW.Item.Artifact.FireworkQuiver,SW.EffectTemplate.MasterMarksman.I；SW.EffectTemplate.MasterMarksman.II；SW.EffectTemplate.MasterMarksman.III
精准射手,可随机出现,火焰箭袋,法器,False,SW.Item.Artifact.FlameQuiver,SW.EffectTemplate.MasterMarksman.I；SW.EffectTemplate.MasterMarksman.II；SW.EffectTemplate.MasterMarksman.III
精准射手,可随机出现,剧毒箭袋,法器,False,SW.Item.Artifact.PoisonQuiver,SW.EffectTemplate.MasterMarksman.I；SW.EffectTemplate.MasterMarksman.II；SW.EffectTemplate.MasterMarksman.III
精准射手,可随机出现,冰冻箭袋,法器,False,SW.Item.Artifact.FrostQuiver,SW.EffectTemplate.MasterMarksman.I；SW.EffectTemplate.MasterMarksman.II；SW.EffectTemplate.MasterMarksman.III
精准射手,可随机出现,导电箭袋,法器,False,SW.Item.Artifact.LightningQuiver,SW.EffectTemplate.MasterMarksman.I；SW.EffectTemplate.MasterMarksman.II；SW.EffectTemplate.MasterMarksman.III
冲力,装备固有,弯月镰刀,近战武器,True,SW.Item.MoonSword_Unique1,SW.EffectTemplate.Reeling.Unique
冲力,装备固有,漫游者绑腿,护甲,True,SW.Item.VoyagerLeggings_Unique,SW.EffectTemplate.Reeling.Unique
冲力,可随机出现,战锤,近战武器,False,SW.Item.WarHammer,SW.EffectTemplate.Reeling.I；SW.EffectTemplate.Reeling.II；SW.EffectTemplate.Reeling.III
冲力,可随机出现,碎心锤,近战武器,True,SW.Item.WarHammer_Unique1,SW.EffectTemplate.Reeling.I；SW.EffectTemplate.Reeling.II；SW.EffectTemplate.Reeling.III
冲力,可随机出现,红石破坏者,近战武器,True,SW.Item.GiantClub_Unique1,SW.EffectTemplate.Reeling.I；SW.EffectTemplate.Reeling.II；SW.EffectTemplate.Reeling.III
冲力,可随机出现,大剑,近战武器,False,SW.Item.Claymore,SW.EffectTemplate.Reeling.I；SW.EffectTemplate.Reeling.II；SW.EffectTemplate.Reeling.III
冲力,可随机出现,巨剑,近战武器,False,SW.Item.Greatsword,SW.EffectTemplate.Reeling.I；SW.EffectTemplate.Reeling.II；SW.EffectTemplate.Reeling.III
冲力,可随机出现,长柄刀,近战武器,False,SW.Item.Glaive,SW.EffectTemplate.Reeling.I；SW.EffectTemplate.Reeling.II；SW.EffectTemplate.Reeling.III
冲力,可随机出现,重击者,近战武器,False,SW.Item.GiantClub,SW.EffectTemplate.Reeling.I；SW.EffectTemplate.Reeling.II；SW.EffectTemplate.Reeling.III
冲力,可随机出现,打怪木槌,近战武器,False,SW.Item.GiantMallet,SW.EffectTemplate.Reeling.I；SW.EffectTemplate.Reeling.II；SW.EffectTemplate.Reeling.III
冲力,可随机出现,铁锹,近战武器,False,SW.Item.Shovel,SW.EffectTemplate.Reeling.I；SW.EffectTemplate.Reeling.II；SW.EffectTemplate.Reeling.III
冲力,可随机出现,重锤,近战武器,False,SW.Item.Mace,SW.EffectTemplate.Reeling.I；SW.EffectTemplate.Reeling.II；SW.EffectTemplate.Reeling.III
冲力,可随机出现,战斗锤,近战武器,False,SW.Item.Hammer,SW.EffectTemplate.Reeling.I；SW.EffectTemplate.Reeling.II；SW.EffectTemplate.Reeling.III
冲力,可随机出现,斩杀大剑,近战武器,True,SW.Item.Claymore_Unique1,SW.EffectTemplate.Reeling.I；SW.EffectTemplate.Reeling.II；SW.EffectTemplate.Reeling.III
冲力,可随机出现,暗晶剑,近战武器,True,SW.Item.Greatsword_Unique1,SW.EffectTemplate.Reeling.I；SW.EffectTemplate.Reeling.II；SW.EffectTemplate.Reeling.III
冲力,可随机出现,黄金长柄刀,近战武器,True,SW.Item.Glaive_Unique1,SW.EffectTemplate.Reeling.I；SW.EffectTemplate.Reeling.II；SW.EffectTemplate.Reeling.III
冲力,可随机出现,怪物粉碎者,近战武器,True,SW.Item.GiantMallet_Unique1,SW.EffectTemplate.Reeling.I；SW.EffectTemplate.Reeling.II；SW.EffectTemplate.Reeling.III
冲力,可随机出现,钻石锹,近战武器,True,SW.Item.Shovel_Unique1,SW.EffectTemplate.Reeling.I；SW.EffectTemplate.Reeling.II；SW.EffectTemplate.Reeling.III
冲力,可随机出现,甲壳重锤,近战武器,True,SW.Item.Mace_Unique1,SW.EffectTemplate.Reeling.I；SW.EffectTemplate.Reeling.II；SW.EffectTemplate.Reeling.III
冲力,可随机出现,绿宝石锤,近战武器,True,SW.Item.Hammer_Unique1,SW.EffectTemplate.Reeling.I；SW.EffectTemplate.Reeling.II；SW.EffectTemplate.Reeling.III
冲力,可随机出现,重弩,远程武器,False,SW.Item.HeavyCrossbow,SW.EffectTemplate.Reeling.I；SW.EffectTemplate.Reeling.II；SW.EffectTemplate.Reeling.III
冲力,可随机出现,近战游侠弩,远程武器,True,SW.Item.HeavyCrossbow_Unique1,SW.EffectTemplate.Reeling.I；SW.EffectTemplate.Reeling.II；SW.EffectTemplate.Reeling.III
冲力,可随机出现,轰鸣虫心弦,远程武器,True,SW.Item.Greatbow_Unique1,SW.EffectTemplate.Reeling.I；SW.EffectTemplate.Reeling.II；SW.EffectTemplate.Reeling.III
制箭师,装备固有,猎人手斧,近战武器,True,SW.Item.Axe_Unique1,SW.EffectTemplate.Reconstruction.Unique
制箭师,装备固有,神射手套裤,护甲,True,SW.Item.RealmreacherLeggings_Unique,SW.EffectTemplate.Reconstruction.Unique
制箭师,装备固有,木精灵根须靴,护甲,True,SW.Item.HewnBarkBoots_Unique,SW.EffectTemplate.Reconstruction.Unique
制箭师,可随机出现,游侠夹克,护甲,False,SW.Item.RealmreacherChest,SW.EffectTemplate.Reconstruction.I；SW.EffectTemplate.Reconstruction.II；SW.EffectTemplate.Reconstruction.III
制箭师,可随机出现,游侠护腿,护甲,False,SW.Item.RealmreacherLeggings,SW.EffectTemplate.Reconstruction.I；SW.EffectTemplate.Reconstruction.II；SW.EffectTemplate.Reconstruction.III
制箭师,可随机出现,游侠靴,护甲,False,SW.Item.RealmreacherBoots,SW.EffectTemplate.Reconstruction.I；SW.EffectTemplate.Reconstruction.II；SW.EffectTemplate.Reconstruction.III
制箭师,可随机出现,游侠帽,护甲,False,SW.Item.RealmreacherHelmet,SW.EffectTemplate.Reconstruction.I；SW.EffectTemplate.Reconstruction.II；SW.EffectTemplate.Reconstruction.III
制箭师,可随机出现,神射手风衣,护甲,True,SW.Item.RealmreacherChest_Unique,SW.EffectTemplate.Reconstruction.I；SW.EffectTemplate.Reconstruction.II；SW.EffectTemplate.Reconstruction.III
制箭师,可随机出现,神射手马刺靴,护甲,True,SW.Item.RealmreacherBoots_Unique,SW.EffectTemplate.Reconstruction.I；SW.EffectTemplate.Reconstruction.II；SW.EffectTemplate.Reconstruction.III
制箭师,可随机出现,神射手软呢帽,护甲,True,SW.Item.RealmreacherHelmet_Unique,SW.EffectTemplate.Reconstruction.I；SW.EffectTemplate.Reconstruction.II；SW.EffectTemplate.Reconstruction.III
制箭师,可随机出现,幻翼头盔,护甲,False,SW.Item.PhantomHelmet,SW.EffectTemplate.Reconstruction.I；SW.EffectTemplate.Reconstruction.II；SW.EffectTemplate.Reconstruction.III
制箭师,可随机出现,幻翼胸甲,护甲,False,SW.Item.PhantomChest,SW.EffectTemplate.Reconstruction.I；SW.EffectTemplate.Reconstruction.II；SW.EffectTemplate.Reconstruction.III
制箭师,可随机出现,幻翼长裤,护甲,False,SW.Item.PhantomLeggings,SW.EffectTemplate.Reconstruction.I；SW.EffectTemplate.Reconstruction.II；SW.EffectTemplate.Reconstruction.III
制箭师,可随机出现,幻翼靴,护甲,False,SW.Item.PhantomBoots,SW.EffectTemplate.Reconstruction.I；SW.EffectTemplate.Reconstruction.II；SW.EffectTemplate.Reconstruction.III
制箭师,可随机出现,界域行者帽,护甲,False,SW.Item.TimewornHelmet,SW.EffectTemplate.Reconstruction.I；SW.EffectTemplate.Reconstruction.II；SW.EffectTemplate.Reconstruction.III
制箭师,可随机出现,界域行者长袍,护甲,False,SW.Item.TimewornChest,SW.EffectTemplate.Reconstruction.I；SW.EffectTemplate.Reconstruction.II；SW.EffectTemplate.Reconstruction.III
制箭师,可随机出现,界域行者护腿,护甲,False,SW.Item.TimewornLeggings,SW.EffectTemplate.Reconstruction.I；SW.EffectTemplate.Reconstruction.II；SW.EffectTemplate.Reconstruction.III
制箭师,可随机出现,界域行者靴,护甲,False,SW.Item.TimewornBoots,SW.EffectTemplate.Reconstruction.I；SW.EffectTemplate.Reconstruction.II；SW.EffectTemplate.Reconstruction.III
制箭师,可随机出现,驭梦者王冠,护甲,True,SW.Item.PhantomHelmet_Unique,SW.EffectTemplate.Reconstruction.I；SW.EffectTemplate.Reconstruction.II；SW.EffectTemplate.Reconstruction.III
制箭师,可随机出现,驭梦者外袍,护甲,True,SW.Item.PhantomChest_Unique,SW.EffectTemplate.Reconstruction.I；SW.EffectTemplate.Reconstruction.II；SW.EffectTemplate.Reconstruction.III
制箭师,可随机出现,驭梦者睡裤,护甲,True,SW.Item.PhantomLeggings_Unique,SW.EffectTemplate.Reconstruction.I；SW.EffectTemplate.Reconstruction.II；SW.EffectTemplate.Reconstruction.III
制箭师,可随机出现,驭梦者拖鞋,护甲,True,SW.Item.PhantomBoots_Unique,SW.EffectTemplate.Reconstruction.I；SW.EffectTemplate.Reconstruction.II；SW.EffectTemplate.Reconstruction.III
制箭师,可随机出现,灵魂腐化者面具,护甲,True,SW.Item.TimewornHelmet_Unique,SW.EffectTemplate.Reconstruction.I；SW.EffectTemplate.Reconstruction.II；SW.EffectTemplate.Reconstruction.III
制箭师,可随机出现,灵魂腐化者风衣,护甲,True,SW.Item.TimewornChest_Unique,SW.EffectTemplate.Reconstruction.I；SW.EffectTemplate.Reconstruction.II；SW.EffectTemplate.Reconstruction.III
制箭师,可随机出现,灵魂腐化者腰带,护甲,True,SW.Item.TimewornLeggings_Unique,SW.EffectTemplate.Reconstruction.I；SW.EffectTemplate.Reconstruction.II；SW.EffectTemplate.Reconstruction.III
制箭师,可随机出现,灵魂腐化者凉鞋,护甲,True,SW.Item.TimewornBoots_Unique,SW.EffectTemplate.Reconstruction.I；SW.EffectTemplate.Reconstruction.II；SW.EffectTemplate.Reconstruction.III
不屈,装备固有,漫游者足甲,护甲,True,SW.Item.VoyagerBoots_Unique,SW.EffectTemplate.Desperation.Unique
不屈,可随机出现,战锤,近战武器,False,SW.Item.WarHammer,SW.EffectTemplate.Desperation.I；SW.EffectTemplate.Desperation.II；SW.EffectTemplate.Desperation.III
不屈,可随机出现,长矛,近战武器,False,SW.Item.Pike,SW.EffectTemplate.Desperation.I；SW.EffectTemplate.Desperation.II；SW.EffectTemplate.Desperation.III
不屈,可随机出现,剑,近战武器,False,SW.Item.Sword,SW.EffectTemplate.Desperation.I；SW.EffectTemplate.Desperation.II；SW.EffectTemplate.Desperation.III
不屈,可随机出现,护手,近战武器,False,SW.Item.Gauntlet,SW.EffectTemplate.Desperation.I；SW.EffectTemplate.Desperation.II；SW.EffectTemplate.Desperation.III
不屈,可随机出现,双匕首,近战武器,False,SW.Item.Daggers,SW.EffectTemplate.Desperation.I；SW.EffectTemplate.Desperation.II；SW.EffectTemplate.Desperation.III
不屈,可随机出现,斧头,近战武器,False,SW.Item.Axe,SW.EffectTemplate.Desperation.I；SW.EffectTemplate.Desperation.II；SW.EffectTemplate.Desperation.III
不屈,可随机出现,短矛,近战武器,False,SW.Item.ShortSpear,SW.EffectTemplate.Desperation.I；SW.EffectTemplate.Desperation.II；SW.EffectTemplate.Desperation.III
不屈,可随机出现,镐,近战武器,False,SW.Item.Pickaxe,SW.EffectTemplate.Desperation.I；SW.EffectTemplate.Desperation.II；SW.EffectTemplate.Desperation.III
不屈,可随机出现,细剑,近战武器,False,SW.Item.Rapier,SW.EffectTemplate.Desperation.I；SW.EffectTemplate.Desperation.II；SW.EffectTemplate.Desperation.III
不屈,可随机出现,碎心锤,近战武器,True,SW.Item.WarHammer_Unique1,SW.EffectTemplate.Desperation.I；SW.EffectTemplate.Desperation.II；SW.EffectTemplate.Desperation.III
不屈,可随机出现,风暴召唤者,近战武器,True,SW.Item.Pike_Unique1,SW.EffectTemplate.Desperation.I；SW.EffectTemplate.Desperation.II；SW.EffectTemplate.Desperation.III
不屈,可随机出现,烈焰之刃,近战武器,True,SW.Item.Sword_Unique1,SW.EffectTemplate.Desperation.I；SW.EffectTemplate.Desperation.II；SW.EffectTemplate.Desperation.III
不屈,可随机出现,首席附魔师护手,近战武器,True,SW.Item.Gauntlet_Unique1,SW.EffectTemplate.Desperation.I；SW.EffectTemplate.Desperation.II；SW.EffectTemplate.Desperation.III
不屈,可随机出现,毒牙,近战武器,True,SW.Item.Daggers_Unique1,SW.EffectTemplate.Desperation.I；SW.EffectTemplate.Desperation.II；SW.EffectTemplate.Desperation.III
不屈,可随机出现,猎人手斧,近战武器,True,SW.Item.Axe_Unique1,SW.EffectTemplate.Desperation.I；SW.EffectTemplate.Desperation.II；SW.EffectTemplate.Desperation.III
不屈,可随机出现,幽魂长矛,近战武器,True,SW.Item.ShortSpear_Unique1,SW.EffectTemplate.Desperation.I；SW.EffectTemplate.Desperation.II；SW.EffectTemplate.Desperation.III
不屈,可随机出现,红石破坏者,近战武器,True,SW.Item.GiantClub_Unique1,SW.EffectTemplate.Desperation.I；SW.EffectTemplate.Desperation.II；SW.EffectTemplate.Desperation.III
不屈,可随机出现,探勘者之镐,近战武器,True,SW.Item.Pickaxe_Unique1,SW.EffectTemplate.Desperation.I；SW.EffectTemplate.Desperation.II；SW.EffectTemplate.Desperation.III
不屈,可随机出现,千刃,近战武器,True,SW.Item.Rapier_Unique1,SW.EffectTemplate.Desperation.I；SW.EffectTemplate.Desperation.II；SW.EffectTemplate.Desperation.III
不屈,可随机出现,大剑,近战武器,False,SW.Item.Claymore,SW.EffectTemplate.Desperation.I；SW.EffectTemplate.Desperation.II；SW.EffectTemplate.Desperation.III
不屈,可随机出现,巨剑,近战武器,False,SW.Item.Greatsword,SW.EffectTemplate.Desperation.I；SW.EffectTemplate.Desperation.II；SW.EffectTemplate.Desperation.III
不屈,可随机出现,狼爪,近战武器,False,SW.Item.Claws,SW.EffectTemplate.Desperation.I；SW.EffectTemplate.Desperation.II；SW.EffectTemplate.Desperation.III
不屈,可随机出现,长柄刀,近战武器,False,SW.Item.Glaive,SW.EffectTemplate.Desperation.I；SW.EffectTemplate.Desperation.II；SW.EffectTemplate.Desperation.III
不屈,可随机出现,战斗权杖,近战武器,False,SW.Item.Battlestaff,SW.EffectTemplate.Desperation.I；SW.EffectTemplate.Desperation.II；SW.EffectTemplate.Desperation.III
不屈,可随机出现,剁肉刀,近战武器,False,SW.Item.Cleaver,SW.EffectTemplate.Desperation.I；SW.EffectTemplate.Desperation.II；SW.EffectTemplate.Desperation.III
不屈,可随机出现,双镰,近战武器,False,SW.Item.Sickles,SW.EffectTemplate.Desperation.I；SW.EffectTemplate.Desperation.II；SW.EffectTemplate.Desperation.III
不屈,可随机出现,镰刀,近战武器,False,SW.Item.Scythe,SW.EffectTemplate.Desperation.I；SW.EffectTemplate.Desperation.II；SW.EffectTemplate.Desperation.III
不屈,可随机出现,重击者,近战武器,False,SW.Item.GiantClub,SW.EffectTemplate.Desperation.I；SW.EffectTemplate.Desperation.II；SW.EffectTemplate.Desperation.III
不屈,可随机出现,定型刀,近战武器,False,SW.Item.CurvedGreatsword,SW.EffectTemplate.Desperation.I；SW.EffectTemplate.Desperation.II；SW.EffectTemplate.Desperation.III
不屈,可随机出现,打怪木槌,近战武器,False,SW.Item.GiantMallet,SW.EffectTemplate.Desperation.I；SW.EffectTemplate.Desperation.II；SW.EffectTemplate.Desperation.III
不屈,可随机出现,长剑,近战武器,False,SW.Item.StraightSword,SW.EffectTemplate.Desperation.I；SW.EffectTemplate.Desperation.II；SW.EffectTemplate.Desperation.III
不屈,可随机出现,裂隙撕裂者,近战武器,False,SW.Item.CurvedLongsword,SW.EffectTemplate.Desperation.I；SW.EffectTemplate.Desperation.II；SW.EffectTemplate.Desperation.III
不屈,可随机出现,铁锹,近战武器,False,SW.Item.Shovel,SW.EffectTemplate.Desperation.I；SW.EffectTemplate.Desperation.II；SW.EffectTemplate.Desperation.III
不屈,可随机出现,重锤,近战武器,False,SW.Item.Mace,SW.EffectTemplate.Desperation.I；SW.EffectTemplate.Desperation.II；SW.EffectTemplate.Desperation.III
不屈,可随机出现,暮光匕首,近战武器,False,SW.Item.Dagger,SW.EffectTemplate.Desperation.I；SW.EffectTemplate.Desperation.II；SW.EffectTemplate.Desperation.III
不屈,可随机出现,军刀,近战武器,False,SW.Item.Sabre,SW.EffectTemplate.Desperation.I；SW.EffectTemplate.Desperation.II；SW.EffectTemplate.Desperation.III
不屈,可随机出现,战斗锤,近战武器,False,SW.Item.Hammer,SW.EffectTemplate.Desperation.I；SW.EffectTemplate.Desperation.II；SW.EffectTemplate.Desperation.III
不屈,可随机出现,潮汐镰刀,近战武器,False,SW.Item.MoonSword,SW.EffectTemplate.Desperation.I；SW.EffectTemplate.Desperation.II；SW.EffectTemplate.Desperation.III
不屈,可随机出现,巨斧,近战武器,False,SW.Item.GreatAxe,SW.EffectTemplate.Desperation.I；SW.EffectTemplate.Desperation.II；SW.EffectTemplate.Desperation.III
不屈,可随机出现,斩杀大剑,近战武器,True,SW.Item.Claymore_Unique1,SW.EffectTemplate.Desperation.I；SW.EffectTemplate.Desperation.II；SW.EffectTemplate.Desperation.III
不屈,可随机出现,暗晶剑,近战武器,True,SW.Item.Greatsword_Unique1,SW.EffectTemplate.Desperation.I；SW.EffectTemplate.Desperation.II；SW.EffectTemplate.Desperation.III
不屈,可随机出现,幽匿者之爪,近战武器,True,SW.Item.Claws_Unique1,SW.EffectTemplate.Desperation.I；SW.EffectTemplate.Desperation.II；SW.EffectTemplate.Desperation.III
不屈,可随机出现,黄金长柄刀,近战武器,True,SW.Item.Glaive_Unique1,SW.EffectTemplate.Desperation.I；SW.EffectTemplate.Desperation.II；SW.EffectTemplate.Desperation.III
不屈,可随机出现,元素权杖,近战武器,True,SW.Item.Battlestaff_Unique1,SW.EffectTemplate.Desperation.I；SW.EffectTemplate.Desperation.II；SW.EffectTemplate.Desperation.III
不屈,可随机出现,剁魂刀,近战武器,True,SW.Item.Cleaver_Unique1,SW.EffectTemplate.Desperation.I；SW.EffectTemplate.Desperation.II；SW.EffectTemplate.Desperation.III
不屈,可随机出现,汐浮镰刀,近战武器,True,SW.Item.Sickles_Unique1,SW.EffectTemplate.Desperation.I；SW.EffectTemplate.Desperation.II；SW.EffectTemplate.Desperation.III
不屈,可随机出现,摄魂者,近战武器,True,SW.Item.Scythe_Unique1,SW.EffectTemplate.Desperation.I；SW.EffectTemplate.Desperation.II；SW.EffectTemplate.Desperation.III
不屈,可随机出现,安眠之刃,近战武器,True,SW.Item.CurvedGreatsword_Unique1,SW.EffectTemplate.Desperation.I；SW.EffectTemplate.Desperation.II；SW.EffectTemplate.Desperation.III
不屈,可随机出现,怪物粉碎者,近战武器,True,SW.Item.GiantMallet_Unique1,SW.EffectTemplate.Desperation.I；SW.EffectTemplate.Desperation.II；SW.EffectTemplate.Desperation.III
不屈,可随机出现,霜冻剑,近战武器,True,SW.Item.StraightSword_Unique1,SW.EffectTemplate.Desperation.I；SW.EffectTemplate.Desperation.II；SW.EffectTemplate.Desperation.III
不屈,可随机出现,平原之傲,近战武器,True,SW.Item.CurvedLongsword_Unique1,SW.EffectTemplate.Desperation.I；SW.EffectTemplate.Desperation.II；SW.EffectTemplate.Desperation.III
不屈,可随机出现,钻石锹,近战武器,True,SW.Item.Shovel_Unique1,SW.EffectTemplate.Desperation.I；SW.EffectTemplate.Desperation.II；SW.EffectTemplate.Desperation.III
不屈,可随机出现,甲壳重锤,近战武器,True,SW.Item.Mace_Unique1,SW.EffectTemplate.Desperation.I；SW.EffectTemplate.Desperation.II；SW.EffectTemplate.Desperation.III
不屈,可随机出现,幽匿者克星,近战武器,True,SW.Item.Dagger_Unique1,SW.EffectTemplate.Desperation.I；SW.EffectTemplate.Desperation.II；SW.EffectTemplate.Desperation.III
不屈,可随机出现,调皮鬼军刀,近战武器,True,SW.Item.Sabre_Unique1,SW.EffectTemplate.Desperation.I；SW.EffectTemplate.Desperation.II；SW.EffectTemplate.Desperation.III
不屈,可随机出现,绿宝石锤,近战武器,True,SW.Item.Hammer_Unique1,SW.EffectTemplate.Desperation.I；SW.EffectTemplate.Desperation.II；SW.EffectTemplate.Desperation.III
不屈,可随机出现,弯月镰刀,近战武器,True,SW.Item.MoonSword_Unique1,SW.EffectTemplate.Desperation.I；SW.EffectTemplate.Desperation.II；SW.EffectTemplate.Desperation.III
不屈,可随机出现,神威巨斧,近战武器,True,SW.Item.GreatAxe_Unique1,SW.EffectTemplate.Desperation.I；SW.EffectTemplate.Desperation.II；SW.EffectTemplate.Desperation.III
不屈,可随机出现,弓,远程武器,False,SW.Item.Bow,SW.EffectTemplate.Desperation.I；SW.EffectTemplate.Desperation.II；SW.EffectTemplate.Desperation.III
不屈,可随机出现,弩,远程武器,False,SW.Item.Crossbow,SW.EffectTemplate.Desperation.I；SW.EffectTemplate.Desperation.II；SW.EffectTemplate.Desperation.III
不屈,可随机出现,短弓,远程武器,False,SW.Item.Shortbow,SW.EffectTemplate.Desperation.I；SW.EffectTemplate.Desperation.II；SW.EffectTemplate.Desperation.III
不屈,可随机出现,特技弓,远程武器,False,SW.Item.Trickbow,SW.EffectTemplate.Desperation.I；SW.EffectTemplate.Desperation.II；SW.EffectTemplate.Desperation.III
不屈,可随机出现,长弓,远程武器,False,SW.Item.Longbow,SW.EffectTemplate.Desperation.I；SW.EffectTemplate.Desperation.II；SW.EffectTemplate.Desperation.III
不屈,可随机出现,强弓,远程武器,False,SW.Item.Powerbow,SW.EffectTemplate.Desperation.I；SW.EffectTemplate.Desperation.II；SW.EffectTemplate.Desperation.III
不屈,可随机出现,散射弩,远程武器,False,SW.Item.ScatterCrossbow,SW.EffectTemplate.Desperation.I；SW.EffectTemplate.Desperation.II；SW.EffectTemplate.Desperation.III
不屈,可随机出现,重弩,远程武器,False,SW.Item.HeavyCrossbow,SW.EffectTemplate.Desperation.I；SW.EffectTemplate.Desperation.II；SW.EffectTemplate.Desperation.III
不屈,可随机出现,双持弩,远程武器,False,SW.Item.DualCrossbow,SW.EffectTemplate.Desperation.I；SW.EffectTemplate.Desperation.II；SW.EffectTemplate.Desperation.III
不屈,可随机出现,快弩,远程武器,False,SW.Item.RapidCrossbow,SW.EffectTemplate.Desperation.I；SW.EffectTemplate.Desperation.II；SW.EffectTemplate.Desperation.III
不屈,可随机出现,游侠之誓,远程武器,True,SW.Item.Bow_Unique1,SW.EffectTemplate.Desperation.I；SW.EffectTemplate.Desperation.II；SW.EffectTemplate.Desperation.III
不屈,可随机出现,定身弩,远程武器,True,SW.Item.Crossbow_Unique1,SW.EffectTemplate.Desperation.I；SW.EffectTemplate.Desperation.II；SW.EffectTemplate.Desperation.III
不屈,可随机出现,流星弓,远程武器,True,SW.Item.Shortbow_Unique1,SW.EffectTemplate.Desperation.I；SW.EffectTemplate.Desperation.II；SW.EffectTemplate.Desperation.III
不屈,可随机出现,幻翼弓,远程武器,True,SW.Item.Trickbow_Unique1,SW.EffectTemplate.Desperation.I；SW.EffectTemplate.Desperation.II；SW.EffectTemplate.Desperation.III
不屈,可随机出现,嘎枝之触,远程武器,True,SW.Item.Longbow_Unique1,SW.EffectTemplate.Desperation.I；SW.EffectTemplate.Desperation.II；SW.EffectTemplate.Desperation.III
不屈,可随机出现,典范弓,远程武器,True,SW.Item.Powerbow_Unique1,SW.EffectTemplate.Desperation.I；SW.EffectTemplate.Desperation.II；SW.EffectTemplate.Desperation.III
不屈,可随机出现,竖琴弩,远程武器,True,SW.Item.ScatterCrossbow_Unique1,SW.EffectTemplate.Desperation.I；SW.EffectTemplate.Desperation.II；SW.EffectTemplate.Desperation.III
不屈,可随机出现,近战游侠弩,远程武器,True,SW.Item.HeavyCrossbow_Unique1,SW.EffectTemplate.Desperation.I；SW.EffectTemplate.Desperation.II；SW.EffectTemplate.Desperation.III
不屈,可随机出现,授粉快弩,远程武器,True,SW.Item.RapidCrossbow_Unique1,SW.EffectTemplate.Desperation.I；SW.EffectTemplate.Desperation.II；SW.EffectTemplate.Desperation.III
不屈,可随机出现,巨弓,远程武器,False,SW.Item.Greatbow,SW.EffectTemplate.Desperation.I；SW.EffectTemplate.Desperation.II；SW.EffectTemplate.Desperation.III
不屈,可随机出现,背叛者双弩,远程武器,True,SW.Item.DualCrossbow_Unique1,SW.EffectTemplate.Desperation.I；SW.EffectTemplate.Desperation.II；SW.EffectTemplate.Desperation.III
不屈,可随机出现,轰鸣虫心弦,远程武器,True,SW.Item.Greatbow_Unique1,SW.EffectTemplate.Desperation.I；SW.EffectTemplate.Desperation.II；SW.EffectTemplate.Desperation.III
神射手,装备固有,灵魂腐化者面具,护甲,True,SW.Item.TimewornHelmet_Unique,SW.EffectTemplate.Supercharge.Unique
神射手,可随机出现,短弓,远程武器,False,SW.Item.Shortbow,SW.EffectTemplate.Supercharge.I；SW.EffectTemplate.Supercharge.II；SW.EffectTemplate.Supercharge.III
神射手,可随机出现,长弓,远程武器,False,SW.Item.Longbow,SW.EffectTemplate.Supercharge.I；SW.EffectTemplate.Supercharge.II；SW.EffectTemplate.Supercharge.III
神射手,可随机出现,强弓,远程武器,False,SW.Item.Powerbow,SW.EffectTemplate.Supercharge.I；SW.EffectTemplate.Supercharge.II；SW.EffectTemplate.Supercharge.III
神射手,可随机出现,流星弓,远程武器,True,SW.Item.Shortbow_Unique1,SW.EffectTemplate.Supercharge.I；SW.EffectTemplate.Supercharge.II；SW.EffectTemplate.Supercharge.III
神射手,可随机出现,嘎枝之触,远程武器,True,SW.Item.Longbow_Unique1,SW.EffectTemplate.Supercharge.I；SW.EffectTemplate.Supercharge.II；SW.EffectTemplate.Supercharge.III
神射手,可随机出现,典范弓,远程武器,True,SW.Item.Powerbow_Unique1,SW.EffectTemplate.Supercharge.I；SW.EffectTemplate.Supercharge.II；SW.EffectTemplate.Supercharge.III
神射手,可随机出现,巨弓,远程武器,False,SW.Item.Greatbow,SW.EffectTemplate.Supercharge.I；SW.EffectTemplate.Supercharge.II；SW.EffectTemplate.Supercharge.III
神射手,可随机出现,轰鸣虫心弦,远程武器,True,SW.Item.Greatbow_Unique1,SW.EffectTemplate.Supercharge.I；SW.EffectTemplate.Supercharge.II；SW.EffectTemplate.Supercharge.III
神射手,可随机出现,烟花箭,法器,False,SW.Item.Artifact.FireworkQuiver,SW.EffectTemplate.Supercharge.I；SW.EffectTemplate.Supercharge.II；SW.EffectTemplate.Supercharge.III
神射手,可随机出现,火焰箭袋,法器,False,SW.Item.Artifact.FlameQuiver,SW.EffectTemplate.Supercharge.I；SW.EffectTemplate.Supercharge.II；SW.EffectTemplate.Supercharge.III
神射手,可随机出现,剧毒箭袋,法器,False,SW.Item.Artifact.PoisonQuiver,SW.EffectTemplate.Supercharge.I；SW.EffectTemplate.Supercharge.II；SW.EffectTemplate.Supercharge.III
神射手,可随机出现,冰冻箭袋,法器,False,SW.Item.Artifact.FrostQuiver,SW.EffectTemplate.Supercharge.I；SW.EffectTemplate.Supercharge.II；SW.EffectTemplate.Supercharge.III
神射手,可随机出现,导电箭袋,法器,False,SW.Item.Artifact.LightningQuiver,SW.EffectTemplate.Supercharge.I；SW.EffectTemplate.Supercharge.II；SW.EffectTemplate.Supercharge.III
图腾范围,装备固有,灵魂腐化者风衣,护甲,True,SW.Item.TimewornChest_Unique,SW.EffectTemplate.Expand.Unique
图腾范围,装备固有,炼金术士礼帽,护甲,True,SW.Item.EvocationHelmet_Unique,SW.EffectTemplate.Expand.Unique
图腾范围,可随机出现,护林者面具,护甲,False,SW.Item.HewnBarkHelmet,SW.EffectTemplate.Expand.I；SW.EffectTemplate.Expand.II；SW.EffectTemplate.Expand.III
图腾范围,可随机出现,护林者胸甲,护甲,False,SW.Item.HewnBarkChest,SW.EffectTemplate.Expand.I；SW.EffectTemplate.Expand.II；SW.EffectTemplate.Expand.III
图腾范围,可随机出现,护林者护腿,护甲,False,SW.Item.HewnBarkLeggings,SW.EffectTemplate.Expand.I；SW.EffectTemplate.Expand.II；SW.EffectTemplate.Expand.III
图腾范围,可随机出现,护林者木屐,护甲,False,SW.Item.HewnBarkBoots,SW.EffectTemplate.Expand.I；SW.EffectTemplate.Expand.II；SW.EffectTemplate.Expand.III
图腾范围,可随机出现,养蜂人面罩,护甲,False,SW.Item.HoneyHelmet,SW.EffectTemplate.Expand.I；SW.EffectTemplate.Expand.II；SW.EffectTemplate.Expand.III
图腾范围,可随机出现,养蜂服,护甲,False,SW.Item.HoneyChest,SW.EffectTemplate.Expand.I；SW.EffectTemplate.Expand.II；SW.EffectTemplate.Expand.III
图腾范围,可随机出现,养蜂人护腿,护甲,False,SW.Item.HoneyLeggings,SW.EffectTemplate.Expand.I；SW.EffectTemplate.Expand.II；SW.EffectTemplate.Expand.III
图腾范围,可随机出现,养蜂人之靴,护甲,False,SW.Item.HoneyBoots,SW.EffectTemplate.Expand.I；SW.EffectTemplate.Expand.II；SW.EffectTemplate.Expand.III
图腾范围,可随机出现,汐浮特兜帽,护甲,False,SW.Item.WellspringHelmet,SW.EffectTemplate.Expand.I；SW.EffectTemplate.Expand.II；SW.EffectTemplate.Expand.III
图腾范围,可随机出现,汐浮特长袍,护甲,False,SW.Item.WellspringChest,SW.EffectTemplate.Expand.I；SW.EffectTemplate.Expand.II；SW.EffectTemplate.Expand.III
图腾范围,可随机出现,汐浮特护腿,护甲,False,SW.Item.WellspringLeggings,SW.EffectTemplate.Expand.I；SW.EffectTemplate.Expand.II；SW.EffectTemplate.Expand.III
图腾范围,可随机出现,汐浮特之靴,护甲,False,SW.Item.WellspringBoots,SW.EffectTemplate.Expand.I；SW.EffectTemplate.Expand.II；SW.EffectTemplate.Expand.III
图腾范围,可随机出现,木精灵王冠,护甲,True,SW.Item.HewnBarkHelmet_Unique,SW.EffectTemplate.Expand.I；SW.EffectTemplate.Expand.II；SW.EffectTemplate.Expand.III
图腾范围,可随机出现,木精灵树皮甲,护甲,True,SW.Item.HewnBarkChest_Unique,SW.EffectTemplate.Expand.I；SW.EffectTemplate.Expand.II；SW.EffectTemplate.Expand.III
图腾范围,可随机出现,木精灵树干护腿,护甲,True,SW.Item.HewnBarkLeggings_Unique,SW.EffectTemplate.Expand.I；SW.EffectTemplate.Expand.II；SW.EffectTemplate.Expand.III
图腾范围,可随机出现,木精灵根须靴,护甲,True,SW.Item.HewnBarkBoots_Unique,SW.EffectTemplate.Expand.I；SW.EffectTemplate.Expand.II；SW.EffectTemplate.Expand.III
图腾范围,可随机出现,蜂群意识安全帽,护甲,True,SW.Item.HoneyHelmet_Unique,SW.EffectTemplate.Expand.I；SW.EffectTemplate.Expand.II；SW.EffectTemplate.Expand.III
图腾范围,可随机出现,蜂群意识胸甲,护甲,True,SW.Item.HoneyChest_Unique,SW.EffectTemplate.Expand.I；SW.EffectTemplate.Expand.II；SW.EffectTemplate.Expand.III
图腾范围,可随机出现,蜂群意识长裤,护甲,True,SW.Item.HoneyLeggings_Unique,SW.EffectTemplate.Expand.I；SW.EffectTemplate.Expand.II；SW.EffectTemplate.Expand.III
图腾范围,可随机出现,蜂群意识刺靴,护甲,True,SW.Item.HoneyBoots_Unique,SW.EffectTemplate.Expand.I；SW.EffectTemplate.Expand.II；SW.EffectTemplate.Expand.III
图腾范围,可随机出现,狂怒汐浮特面具,护甲,True,SW.Item.WellspringHelmet_Unique,SW.EffectTemplate.Expand.I；SW.EffectTemplate.Expand.II；SW.EffectTemplate.Expand.III
图腾范围,可随机出现,狂怒汐浮特背心,护甲,True,SW.Item.WellspringChest_Unique,SW.EffectTemplate.Expand.I；SW.EffectTemplate.Expand.II；SW.EffectTemplate.Expand.III
图腾范围,可随机出现,狂怒汐浮特便裤,护甲,True,SW.Item.WellspringLeggings_Unique,SW.EffectTemplate.Expand.I；SW.EffectTemplate.Expand.II；SW.EffectTemplate.Expand.III
图腾范围,可随机出现,狂怒汐浮特之爪,护甲,True,SW.Item.WellspringBoots_Unique,SW.EffectTemplate.Expand.I；SW.EffectTemplate.Expand.II；SW.EffectTemplate.Expand.III
图腾范围,可随机出现,轰鸣号角,法器,False,SW.Item.Artifact.RallyingHorn,SW.EffectTemplate.Expand.I；SW.EffectTemplate.Expand.II；SW.EffectTemplate.Expand.III
图腾范围,可随机出现,回复图腾,法器,False,SW.Item.Artifact.TotemOfRegeneration,SW.EffectTemplate.Expand.I；SW.EffectTemplate.Expand.II；SW.EffectTemplate.Expand.III
图腾范围,可随机出现,野餐篮,法器,False,SW.Item.Artifact.PicnicBlanket,SW.EffectTemplate.Expand.I；SW.EffectTemplate.Expand.II；SW.EffectTemplate.Expand.III
图腾范围,可随机出现,护盾图腾,法器,False,SW.Item.Artifact.TotemOfShielding,SW.EffectTemplate.Expand.I；SW.EffectTemplate.Expand.II；SW.EffectTemplate.Expand.III
图腾范围,可随机出现,施法图腾,法器,False,SW.Item.Artifact.TotemOfCasting,SW.EffectTemplate.Expand.I；SW.EffectTemplate.Expand.II；SW.EffectTemplate.Expand.III
图腾范围,可随机出现,战旗,法器,False,SW.Item.Artifact.WarBanner,SW.EffectTemplate.Expand.I；SW.EffectTemplate.Expand.II；SW.EffectTemplate.Expand.III
元素防护,装备固有,寒霜护甲,护甲,True,SW.Item.FrostRimeChest_Unique,SW.EffectTemplate.ElementalProtection.Unique
元素防护,装备固有,巨兽胫甲,护甲,True,SW.Item.RedstoneLeggings_Unique,SW.EffectTemplate.ElementalProtection.Unique
元素防护,可随机出现,钢丝绒毛衣,护甲,False,SW.Item.FrostRimeChest,SW.EffectTemplate.ElementalProtection.I；SW.EffectTemplate.ElementalProtection.II；SW.EffectTemplate.ElementalProtection.III
元素防护,可随机出现,钢丝绒护腿,护甲,False,SW.Item.FrostRimeLeggings,SW.EffectTemplate.ElementalProtection.I；SW.EffectTemplate.ElementalProtection.II；SW.EffectTemplate.ElementalProtection.III
元素防护,可随机出现,钢丝绒靴,护甲,False,SW.Item.FrostRimeBoots,SW.EffectTemplate.ElementalProtection.I；SW.EffectTemplate.ElementalProtection.II；SW.EffectTemplate.ElementalProtection.III
元素防护,可随机出现,钢丝绒帽,护甲,False,SW.Item.FrostRimeHelmet,SW.EffectTemplate.ElementalProtection.I；SW.EffectTemplate.ElementalProtection.II；SW.EffectTemplate.ElementalProtection.III
元素防护,可随机出现,寒霜长衬裤,护甲,True,SW.Item.FrostRimeLeggings_Unique,SW.EffectTemplate.ElementalProtection.I；SW.EffectTemplate.ElementalProtection.II；SW.EffectTemplate.ElementalProtection.III
元素防护,可随机出现,寒霜踏雪靴,护甲,True,SW.Item.FrostRimeBoots_Unique,SW.EffectTemplate.ElementalProtection.I；SW.EffectTemplate.ElementalProtection.II；SW.EffectTemplate.ElementalProtection.III
元素防护,可随机出现,寒霜冰帽,护甲,True,SW.Item.FrostRimeHelmet_Unique,SW.EffectTemplate.ElementalProtection.I；SW.EffectTemplate.ElementalProtection.II；SW.EffectTemplate.ElementalProtection.III
元素防护,可随机出现,神秘头箍,护甲,False,SW.Item.MysticHelmet,SW.EffectTemplate.ElementalProtection.I；SW.EffectTemplate.ElementalProtection.II；SW.EffectTemplate.ElementalProtection.III
元素防护,可随机出现,神秘长袍,护甲,False,SW.Item.MysticChest,SW.EffectTemplate.ElementalProtection.I；SW.EffectTemplate.ElementalProtection.II；SW.EffectTemplate.ElementalProtection.III
元素防护,可随机出现,神秘护腿,护甲,False,SW.Item.MysticLeggings,SW.EffectTemplate.ElementalProtection.I；SW.EffectTemplate.ElementalProtection.II；SW.EffectTemplate.ElementalProtection.III
元素防护,可随机出现,神秘靴,护甲,False,SW.Item.MysticBoots,SW.EffectTemplate.ElementalProtection.I；SW.EffectTemplate.ElementalProtection.II；SW.EffectTemplate.ElementalProtection.III
元素防护,可随机出现,神谕王冠,护甲,True,SW.Item.MysticHelmet_Unique,SW.EffectTemplate.ElementalProtection.I；SW.EffectTemplate.ElementalProtection.II；SW.EffectTemplate.ElementalProtection.III
元素防护,可随机出现,神谕披风,护甲,True,SW.Item.MysticChest_Unique,SW.EffectTemplate.ElementalProtection.I；SW.EffectTemplate.ElementalProtection.II；SW.EffectTemplate.ElementalProtection.III
元素防护,可随机出现,神谕紧身裤,护甲,True,SW.Item.MysticLeggings_Unique,SW.EffectTemplate.ElementalProtection.I；SW.EffectTemplate.ElementalProtection.II；SW.EffectTemplate.ElementalProtection.III
元素防护,可随机出现,神谕凉鞋,护甲,True,SW.Item.MysticBoots_Unique,SW.EffectTemplate.ElementalProtection.I；SW.EffectTemplate.ElementalProtection.II；SW.EffectTemplate.ElementalProtection.III
元素防护,可随机出现,界域行者帽,护甲,False,SW.Item.TimewornHelmet,SW.EffectTemplate.ElementalProtection.I；SW.EffectTemplate.ElementalProtection.II；SW.EffectTemplate.ElementalProtection.III
元素防护,可随机出现,界域行者长袍,护甲,False,SW.Item.TimewornChest,SW.EffectTemplate.ElementalProtection.I；SW.EffectTemplate.ElementalProtection.II；SW.EffectTemplate.ElementalProtection.III
元素防护,可随机出现,界域行者护腿,护甲,False,SW.Item.TimewornLeggings,SW.EffectTemplate.ElementalProtection.I；SW.EffectTemplate.ElementalProtection.II；SW.EffectTemplate.ElementalProtection.III
元素防护,可随机出现,界域行者靴,护甲,False,SW.Item.TimewornBoots,SW.EffectTemplate.ElementalProtection.I；SW.EffectTemplate.ElementalProtection.II；SW.EffectTemplate.ElementalProtection.III
元素防护,可随机出现,蘑菇帽,护甲,False,SW.Item.MushroomHelmet,SW.EffectTemplate.ElementalProtection.I；SW.EffectTemplate.ElementalProtection.II；SW.EffectTemplate.ElementalProtection.III
元素防护,可随机出现,蘑菇长袍,护甲,False,SW.Item.MushroomChest,SW.EffectTemplate.ElementalProtection.I；SW.EffectTemplate.ElementalProtection.II；SW.EffectTemplate.ElementalProtection.III
元素防护,可随机出现,蘑菇护腿,护甲,False,SW.Item.MushroomLeggings,SW.EffectTemplate.ElementalProtection.I；SW.EffectTemplate.ElementalProtection.II；SW.EffectTemplate.ElementalProtection.III
元素防护,可随机出现,蘑菇靴,护甲,False,SW.Item.MushroomBoots,SW.EffectTemplate.ElementalProtection.I；SW.EffectTemplate.ElementalProtection.II；SW.EffectTemplate.ElementalProtection.III
元素防护,可随机出现,汐浮特兜帽,护甲,False,SW.Item.WellspringHelmet,SW.EffectTemplate.ElementalProtection.I；SW.EffectTemplate.ElementalProtection.II；SW.EffectTemplate.ElementalProtection.III
元素防护,可随机出现,汐浮特长袍,护甲,False,SW.Item.WellspringChest,SW.EffectTemplate.ElementalProtection.I；SW.EffectTemplate.ElementalProtection.II；SW.EffectTemplate.ElementalProtection.III
元素防护,可随机出现,汐浮特护腿,护甲,False,SW.Item.WellspringLeggings,SW.EffectTemplate.ElementalProtection.I；SW.EffectTemplate.ElementalProtection.II；SW.EffectTemplate.ElementalProtection.III
元素防护,可随机出现,汐浮特之靴,护甲,False,SW.Item.WellspringBoots,SW.EffectTemplate.ElementalProtection.I；SW.EffectTemplate.ElementalProtection.II；SW.EffectTemplate.ElementalProtection.III
元素防护,可随机出现,红石头盔,护甲,False,SW.Item.RedstoneHelmet,SW.EffectTemplate.ElementalProtection.I；SW.EffectTemplate.ElementalProtection.II；SW.EffectTemplate.ElementalProtection.III
元素防护,可随机出现,红石胸甲,护甲,False,SW.Item.RedstoneChest,SW.EffectTemplate.ElementalProtection.I；SW.EffectTemplate.ElementalProtection.II；SW.EffectTemplate.ElementalProtection.III
元素防护,可随机出现,红石护胫,护甲,False,SW.Item.RedstoneLeggings,SW.EffectTemplate.ElementalProtection.I；SW.EffectTemplate.ElementalProtection.II；SW.EffectTemplate.ElementalProtection.III
元素防护,可随机出现,红石靴,护甲,False,SW.Item.RedstoneBoots,SW.EffectTemplate.ElementalProtection.I；SW.EffectTemplate.ElementalProtection.II；SW.EffectTemplate.ElementalProtection.III
元素防护,可随机出现,巫师帽,护甲,False,SW.Item.EvocationHelmet,SW.EffectTemplate.ElementalProtection.I；SW.EffectTemplate.ElementalProtection.II；SW.EffectTemplate.ElementalProtection.III
元素防护,可随机出现,巫师长袍,护甲,False,SW.Item.EvocationChest,SW.EffectTemplate.ElementalProtection.I；SW.EffectTemplate.ElementalProtection.II；SW.EffectTemplate.ElementalProtection.III
元素防护,可随机出现,巫师护腿,护甲,False,SW.Item.EvocationLeggings,SW.EffectTemplate.ElementalProtection.I；SW.EffectTemplate.ElementalProtection.II；SW.EffectTemplate.ElementalProtection.III
元素防护,可随机出现,巫师靴,护甲,False,SW.Item.EvocationBoots,SW.EffectTemplate.ElementalProtection.I；SW.EffectTemplate.ElementalProtection.II；SW.EffectTemplate.ElementalProtection.III
元素防护,可随机出现,灵魂腐化者面具,护甲,True,SW.Item.TimewornHelmet_Unique,SW.EffectTemplate.ElementalProtection.I；SW.EffectTemplate.ElementalProtection.II；SW.EffectTemplate.ElementalProtection.III
元素防护,可随机出现,灵魂腐化者风衣,护甲,True,SW.Item.TimewornChest_Unique,SW.EffectTemplate.ElementalProtection.I；SW.EffectTemplate.ElementalProtection.II；SW.EffectTemplate.ElementalProtection.III
元素防护,可随机出现,灵魂腐化者腰带,护甲,True,SW.Item.TimewornLeggings_Unique,SW.EffectTemplate.ElementalProtection.I；SW.EffectTemplate.ElementalProtection.II；SW.EffectTemplate.ElementalProtection.III
元素防护,可随机出现,灵魂腐化者凉鞋,护甲,True,SW.Item.TimewornBoots_Unique,SW.EffectTemplate.ElementalProtection.I；SW.EffectTemplate.ElementalProtection.II；SW.EffectTemplate.ElementalProtection.III
元素防护,可随机出现,毒蝇伞帽,护甲,True,SW.Item.MushroomHelmet_Unique,SW.EffectTemplate.ElementalProtection.I；SW.EffectTemplate.ElementalProtection.II；SW.EffectTemplate.ElementalProtection.III
元素防护,可随机出现,毒蝇伞外套,护甲,True,SW.Item.MushroomChest_Unique,SW.EffectTemplate.ElementalProtection.I；SW.EffectTemplate.ElementalProtection.II；SW.EffectTemplate.ElementalProtection.III
元素防护,可随机出现,毒蝇伞长裤,护甲,True,SW.Item.MushroomLeggings_Unique,SW.EffectTemplate.ElementalProtection.I；SW.EffectTemplate.ElementalProtection.II；SW.EffectTemplate.ElementalProtection.III
元素防护,可随机出现,毒蝇伞雨鞋,护甲,True,SW.Item.MushroomBoots_Unique,SW.EffectTemplate.ElementalProtection.I；SW.EffectTemplate.ElementalProtection.II；SW.EffectTemplate.ElementalProtection.III
元素防护,可随机出现,狂怒汐浮特面具,护甲,True,SW.Item.WellspringHelmet_Unique,SW.EffectTemplate.ElementalProtection.I；SW.EffectTemplate.ElementalProtection.II；SW.EffectTemplate.ElementalProtection.III
元素防护,可随机出现,狂怒汐浮特背心,护甲,True,SW.Item.WellspringChest_Unique,SW.EffectTemplate.ElementalProtection.I；SW.EffectTemplate.ElementalProtection.II；SW.EffectTemplate.ElementalProtection.III
元素防护,可随机出现,狂怒汐浮特便裤,护甲,True,SW.Item.WellspringLeggings_Unique,SW.EffectTemplate.ElementalProtection.I；SW.EffectTemplate.ElementalProtection.II；SW.EffectTemplate.ElementalProtection.III
元素防护,可随机出现,狂怒汐浮特之爪,护甲,True,SW.Item.WellspringBoots_Unique,SW.EffectTemplate.ElementalProtection.I；SW.EffectTemplate.ElementalProtection.II；SW.EffectTemplate.ElementalProtection.III
元素防护,可随机出现,巨兽角盔,护甲,True,SW.Item.RedstoneHelmet_Unique,SW.EffectTemplate.ElementalProtection.I；SW.EffectTemplate.ElementalProtection.II；SW.EffectTemplate.ElementalProtection.III
元素防护,可随机出现,巨兽盔甲,护甲,True,SW.Item.RedstoneChest_Unique,SW.EffectTemplate.ElementalProtection.I；SW.EffectTemplate.ElementalProtection.II；SW.EffectTemplate.ElementalProtection.III
元素防护,可随机出现,巨兽战靴,护甲,True,SW.Item.RedstoneBoots_Unique,SW.EffectTemplate.ElementalProtection.I；SW.EffectTemplate.ElementalProtection.II；SW.EffectTemplate.ElementalProtection.III
元素防护,可随机出现,炼金术士礼帽,护甲,True,SW.Item.EvocationHelmet_Unique,SW.EffectTemplate.ElementalProtection.I；SW.EffectTemplate.ElementalProtection.II；SW.EffectTemplate.ElementalProtection.III
元素防护,可随机出现,炼金术士大衣,护甲,True,SW.Item.EvocationChest_Unique,SW.EffectTemplate.ElementalProtection.I；SW.EffectTemplate.ElementalProtection.II；SW.EffectTemplate.ElementalProtection.III
元素防护,可随机出现,炼金术士长裤,护甲,True,SW.Item.EvocationLeggings_Unique,SW.EffectTemplate.ElementalProtection.I；SW.EffectTemplate.ElementalProtection.II；SW.EffectTemplate.ElementalProtection.III
元素防护,可随机出现,炼金术士便鞋,护甲,True,SW.Item.EvocationBoots_Unique,SW.EffectTemplate.ElementalProtection.I；SW.EffectTemplate.ElementalProtection.II；SW.EffectTemplate.ElementalProtection.III
元素防护,可随机出现,幽匿者面具,护甲,False,SW.Item.ScavengerHelmet,SW.EffectTemplate.ElementalProtection.I；SW.EffectTemplate.ElementalProtection.II；SW.EffectTemplate.ElementalProtection.III
元素防护,可随机出现,幽匿者长袍,护甲,False,SW.Item.ScavengerChest,SW.EffectTemplate.ElementalProtection.I；SW.EffectTemplate.ElementalProtection.II；SW.EffectTemplate.ElementalProtection.III
元素防护,可随机出现,幽匿者便裤,护甲,False,SW.Item.ScavengerLeggings,SW.EffectTemplate.ElementalProtection.I；SW.EffectTemplate.ElementalProtection.II；SW.EffectTemplate.ElementalProtection.III
元素防护,可随机出现,幽匿者之靴,护甲,False,SW.Item.ScavengerBoots,SW.EffectTemplate.ElementalProtection.I；SW.EffectTemplate.ElementalProtection.II；SW.EffectTemplate.ElementalProtection.III
元素防护,可随机出现,君主王冠,护甲,True,SW.Item.ScavengerHelmet_Unique,SW.EffectTemplate.ElementalProtection.I；SW.EffectTemplate.ElementalProtection.II；SW.EffectTemplate.ElementalProtection.III
元素防护,可随机出现,君主披风,护甲,True,SW.Item.ScavengerChest_Unique,SW.EffectTemplate.ElementalProtection.I；SW.EffectTemplate.ElementalProtection.II；SW.EffectTemplate.ElementalProtection.III
元素防护,可随机出现,君主腰带,护甲,True,SW.Item.ScavengerLeggings_Unique,SW.EffectTemplate.ElementalProtection.I；SW.EffectTemplate.ElementalProtection.II；SW.EffectTemplate.ElementalProtection.III
元素防护,可随机出现,君主利爪,护甲,True,SW.Item.ScavengerBoots_Unique,SW.EffectTemplate.ElementalProtection.I；SW.EffectTemplate.ElementalProtection.II；SW.EffectTemplate.ElementalProtection.III
恶霸,装备固有,君主利爪,护甲,True,SW.Item.ScavengerBoots_Unique,SW.EffectTemplate.Opportunist.Unique
恶霸,可随机出现,双匕首,近战武器,False,SW.Item.Daggers,SW.EffectTemplate.Opportunist.I；SW.EffectTemplate.Opportunist.II；SW.EffectTemplate.Opportunist.III
恶霸,可随机出现,镐,近战武器,False,SW.Item.Pickaxe,SW.EffectTemplate.Opportunist.I；SW.EffectTemplate.Opportunist.II；SW.EffectTemplate.Opportunist.III
恶霸,可随机出现,细剑,近战武器,False,SW.Item.Rapier,SW.EffectTemplate.Opportunist.I；SW.EffectTemplate.Opportunist.II；SW.EffectTemplate.Opportunist.III
恶霸,可随机出现,探勘者之镐,近战武器,True,SW.Item.Pickaxe_Unique1,SW.EffectTemplate.Opportunist.I；SW.EffectTemplate.Opportunist.II；SW.EffectTemplate.Opportunist.III
恶霸,可随机出现,剁肉刀,近战武器,False,SW.Item.Cleaver,SW.EffectTemplate.Opportunist.I；SW.EffectTemplate.Opportunist.II；SW.EffectTemplate.Opportunist.III
恶霸,可随机出现,铁锹,近战武器,False,SW.Item.Shovel,SW.EffectTemplate.Opportunist.I；SW.EffectTemplate.Opportunist.II；SW.EffectTemplate.Opportunist.III
恶霸,可随机出现,军刀,近战武器,False,SW.Item.Sabre,SW.EffectTemplate.Opportunist.I；SW.EffectTemplate.Opportunist.II；SW.EffectTemplate.Opportunist.III
恶霸,可随机出现,战斗锤,近战武器,False,SW.Item.Hammer,SW.EffectTemplate.Opportunist.I；SW.EffectTemplate.Opportunist.II；SW.EffectTemplate.Opportunist.III
恶霸,可随机出现,巨斧,近战武器,False,SW.Item.GreatAxe,SW.EffectTemplate.Opportunist.I；SW.EffectTemplate.Opportunist.II；SW.EffectTemplate.Opportunist.III
恶霸,可随机出现,剁魂刀,近战武器,True,SW.Item.Cleaver_Unique1,SW.EffectTemplate.Opportunist.I；SW.EffectTemplate.Opportunist.II；SW.EffectTemplate.Opportunist.III
恶霸,可随机出现,安眠之刃,近战武器,True,SW.Item.CurvedGreatsword_Unique1,SW.EffectTemplate.Opportunist.I；SW.EffectTemplate.Opportunist.II；SW.EffectTemplate.Opportunist.III
恶霸,可随机出现,钻石锹,近战武器,True,SW.Item.Shovel_Unique1,SW.EffectTemplate.Opportunist.I；SW.EffectTemplate.Opportunist.II；SW.EffectTemplate.Opportunist.III
恶霸,可随机出现,绿宝石锤,近战武器,True,SW.Item.Hammer_Unique1,SW.EffectTemplate.Opportunist.I；SW.EffectTemplate.Opportunist.II；SW.EffectTemplate.Opportunist.III
恶霸,可随机出现,神威巨斧,近战武器,True,SW.Item.GreatAxe_Unique1,SW.EffectTemplate.Opportunist.I；SW.EffectTemplate.Opportunist.II；SW.EffectTemplate.Opportunist.III
恶霸,可随机出现,散射弩,远程武器,False,SW.Item.ScatterCrossbow,SW.EffectTemplate.Opportunist.I；SW.EffectTemplate.Opportunist.II；SW.EffectTemplate.Opportunist.III
恶霸,可随机出现,竖琴弩,远程武器,True,SW.Item.ScatterCrossbow_Unique1,SW.EffectTemplate.Opportunist.I；SW.EffectTemplate.Opportunist.II；SW.EffectTemplate.Opportunist.III
弹开,装备固有,漫游者肩甲,护甲,True,SW.Item.VoyagerChest_Unique,SW.EffectTemplate.Deflect.Unique
弹开,装备固有,狂怒汐浮特之爪,护甲,True,SW.Item.WellspringBoots_Unique,SW.EffectTemplate.Deflect.Unique
弹开,可随机出现,捣蛋鬼轻靴,护甲,False,SW.Item.ScampBoots,SW.EffectTemplate.Deflect.I；SW.EffectTemplate.Deflect.II；SW.EffectTemplate.Deflect.III
弹开,可随机出现,捣蛋鬼兜帽,护甲,False,SW.Item.ScampHelmet,SW.EffectTemplate.Deflect.I；SW.EffectTemplate.Deflect.II；SW.EffectTemplate.Deflect.III
弹开,可随机出现,捣蛋鬼夹克,护甲,False,SW.Item.ScampChest,SW.EffectTemplate.Deflect.I；SW.EffectTemplate.Deflect.II；SW.EffectTemplate.Deflect.III
弹开,可随机出现,捣蛋鬼护腿,护甲,False,SW.Item.ScampLeggings,SW.EffectTemplate.Deflect.I；SW.EffectTemplate.Deflect.II；SW.EffectTemplate.Deflect.III
弹开,可随机出现,幽匿挖掘者靴子,护甲,False,SW.Item.CaveCrawlerBoots,SW.EffectTemplate.Deflect.I；SW.EffectTemplate.Deflect.II；SW.EffectTemplate.Deflect.III
弹开,可随机出现,幽匿挖掘者长袍,护甲,False,SW.Item.CaveCrawlerChest,SW.EffectTemplate.Deflect.I；SW.EffectTemplate.Deflect.II；SW.EffectTemplate.Deflect.III
弹开,可随机出现,幽匿挖掘者兜帽,护甲,False,SW.Item.CaveCrawlerHelmet,SW.EffectTemplate.Deflect.I；SW.EffectTemplate.Deflect.II；SW.EffectTemplate.Deflect.III
弹开,可随机出现,幽匿挖掘者护腿,护甲,False,SW.Item.CaveCrawlerLeggings,SW.EffectTemplate.Deflect.I；SW.EffectTemplate.Deflect.II；SW.EffectTemplate.Deflect.III
弹开,可随机出现,无赖轻靴,护甲,True,SW.Item.ScampBoots_Unique,SW.EffectTemplate.Deflect.I；SW.EffectTemplate.Deflect.II；SW.EffectTemplate.Deflect.III
弹开,可随机出现,无赖兜帽,护甲,True,SW.Item.ScampHelmet_Unique,SW.EffectTemplate.Deflect.I；SW.EffectTemplate.Deflect.II；SW.EffectTemplate.Deflect.III
弹开,可随机出现,无赖西装外套,护甲,True,SW.Item.ScampChest_Unique,SW.EffectTemplate.Deflect.I；SW.EffectTemplate.Deflect.II；SW.EffectTemplate.Deflect.III
弹开,可随机出现,无赖套裤,护甲,True,SW.Item.ScampLeggings_Unique,SW.EffectTemplate.Deflect.I；SW.EffectTemplate.Deflect.II；SW.EffectTemplate.Deflect.III
弹开,可随机出现,扭曲监守者轻靴,护甲,True,SW.Item.CaveCrawlerBoots_Unique,SW.EffectTemplate.Deflect.I；SW.EffectTemplate.Deflect.II；SW.EffectTemplate.Deflect.III
弹开,可随机出现,扭曲监守者背心,护甲,True,SW.Item.CaveCrawlerChest_Unique,SW.EffectTemplate.Deflect.I；SW.EffectTemplate.Deflect.II；SW.EffectTemplate.Deflect.III
弹开,可随机出现,扭曲监守者眼罩,护甲,True,SW.Item.CaveCrawlerHelmet_Unique,SW.EffectTemplate.Deflect.I；SW.EffectTemplate.Deflect.II；SW.EffectTemplate.Deflect.III
弹开,可随机出现,扭曲监守者紧身裤,护甲,True,SW.Item.CaveCrawlerLeggings_Unique,SW.EffectTemplate.Deflect.I；SW.EffectTemplate.Deflect.II；SW.EffectTemplate.Deflect.III
弹开,可随机出现,幻翼头盔,护甲,False,SW.Item.PhantomHelmet,SW.EffectTemplate.Deflect.I；SW.EffectTemplate.Deflect.II；SW.EffectTemplate.Deflect.III
弹开,可随机出现,幻翼胸甲,护甲,False,SW.Item.PhantomChest,SW.EffectTemplate.Deflect.I；SW.EffectTemplate.Deflect.II；SW.EffectTemplate.Deflect.III
弹开,可随机出现,幻翼长裤,护甲,False,SW.Item.PhantomLeggings,SW.EffectTemplate.Deflect.I；SW.EffectTemplate.Deflect.II；SW.EffectTemplate.Deflect.III
弹开,可随机出现,幻翼靴,护甲,False,SW.Item.PhantomBoots,SW.EffectTemplate.Deflect.I；SW.EffectTemplate.Deflect.II；SW.EffectTemplate.Deflect.III
弹开,可随机出现,门徒面具,护甲,False,SW.Item.DiscipleHelmet,SW.EffectTemplate.Deflect.I；SW.EffectTemplate.Deflect.II；SW.EffectTemplate.Deflect.III
弹开,可随机出现,门徒长袍,护甲,False,SW.Item.DiscipleChest,SW.EffectTemplate.Deflect.I；SW.EffectTemplate.Deflect.II；SW.EffectTemplate.Deflect.III
弹开,可随机出现,门徒护腿,护甲,False,SW.Item.DiscipleLeggings,SW.EffectTemplate.Deflect.I；SW.EffectTemplate.Deflect.II；SW.EffectTemplate.Deflect.III
弹开,可随机出现,门徒裹足布,护甲,False,SW.Item.DiscipleBoots,SW.EffectTemplate.Deflect.I；SW.EffectTemplate.Deflect.II；SW.EffectTemplate.Deflect.III
弹开,可随机出现,驭梦者王冠,护甲,True,SW.Item.PhantomHelmet_Unique,SW.EffectTemplate.Deflect.I；SW.EffectTemplate.Deflect.II；SW.EffectTemplate.Deflect.III
弹开,可随机出现,驭梦者外袍,护甲,True,SW.Item.PhantomChest_Unique,SW.EffectTemplate.Deflect.I；SW.EffectTemplate.Deflect.II；SW.EffectTemplate.Deflect.III
弹开,可随机出现,驭梦者睡裤,护甲,True,SW.Item.PhantomLeggings_Unique,SW.EffectTemplate.Deflect.I；SW.EffectTemplate.Deflect.II；SW.EffectTemplate.Deflect.III
弹开,可随机出现,驭梦者拖鞋,护甲,True,SW.Item.PhantomBoots_Unique,SW.EffectTemplate.Deflect.I；SW.EffectTemplate.Deflect.II；SW.EffectTemplate.Deflect.III
弹开,可随机出现,贤者头带,护甲,True,SW.Item.DiscipleHelmet_Unique,SW.EffectTemplate.Deflect.I；SW.EffectTemplate.Deflect.II；SW.EffectTemplate.Deflect.III
弹开,可随机出现,贤者束衣,护甲,True,SW.Item.DiscipleChest_Unique,SW.EffectTemplate.Deflect.I；SW.EffectTemplate.Deflect.II；SW.EffectTemplate.Deflect.III
弹开,可随机出现,贤者腰带,护甲,True,SW.Item.DiscipleLeggings_Unique,SW.EffectTemplate.Deflect.I；SW.EffectTemplate.Deflect.II；SW.EffectTemplate.Deflect.III
弹开,可随机出现,贤者裹足布,护甲,True,SW.Item.DiscipleBoots_Unique,SW.EffectTemplate.Deflect.I；SW.EffectTemplate.Deflect.II；SW.EffectTemplate.Deflect.III
弹开,可随机出现,幽匿者面具,护甲,False,SW.Item.ScavengerHelmet,SW.EffectTemplate.Deflect.I；SW.EffectTemplate.Deflect.II；SW.EffectTemplate.Deflect.III
弹开,可随机出现,幽匿者长袍,护甲,False,SW.Item.ScavengerChest,SW.EffectTemplate.Deflect.I；SW.EffectTemplate.Deflect.II；SW.EffectTemplate.Deflect.III
弹开,可随机出现,幽匿者便裤,护甲,False,SW.Item.ScavengerLeggings,SW.EffectTemplate.Deflect.I；SW.EffectTemplate.Deflect.II；SW.EffectTemplate.Deflect.III
弹开,可随机出现,幽匿者之靴,护甲,False,SW.Item.ScavengerBoots,SW.EffectTemplate.Deflect.I；SW.EffectTemplate.Deflect.II；SW.EffectTemplate.Deflect.III
弹开,可随机出现,君主王冠,护甲,True,SW.Item.ScavengerHelmet_Unique,SW.EffectTemplate.Deflect.I；SW.EffectTemplate.Deflect.II；SW.EffectTemplate.Deflect.III
弹开,可随机出现,君主披风,护甲,True,SW.Item.ScavengerChest_Unique,SW.EffectTemplate.Deflect.I；SW.EffectTemplate.Deflect.II；SW.EffectTemplate.Deflect.III
弹开,可随机出现,君主腰带,护甲,True,SW.Item.ScavengerLeggings_Unique,SW.EffectTemplate.Deflect.I；SW.EffectTemplate.Deflect.II；SW.EffectTemplate.Deflect.III
弹开,可随机出现,君主利爪,护甲,True,SW.Item.ScavengerBoots_Unique,SW.EffectTemplate.Deflect.I；SW.EffectTemplate.Deflect.II；SW.EffectTemplate.Deflect.III
搜刮者,装备固有,君主王冠,护甲,True,SW.Item.ScavengerHelmet_Unique,SW.EffectTemplate.Looting.Unique
搜刮者,可随机出现,战锤,近战武器,False,SW.Item.WarHammer,SW.EffectTemplate.Looting.I；SW.EffectTemplate.Looting.II；SW.EffectTemplate.Looting.III
搜刮者,可随机出现,长矛,近战武器,False,SW.Item.Pike,SW.EffectTemplate.Looting.I；SW.EffectTemplate.Looting.II；SW.EffectTemplate.Looting.III
搜刮者,可随机出现,剑,近战武器,False,SW.Item.Sword,SW.EffectTemplate.Looting.I；SW.EffectTemplate.Looting.II；SW.EffectTemplate.Looting.III
搜刮者,可随机出现,护手,近战武器,False,SW.Item.Gauntlet,SW.EffectTemplate.Looting.I；SW.EffectTemplate.Looting.II；SW.EffectTemplate.Looting.III
搜刮者,可随机出现,双匕首,近战武器,False,SW.Item.Daggers,SW.EffectTemplate.Looting.I；SW.EffectTemplate.Looting.II；SW.EffectTemplate.Looting.III
搜刮者,可随机出现,斧头,近战武器,False,SW.Item.Axe,SW.EffectTemplate.Looting.I；SW.EffectTemplate.Looting.II；SW.EffectTemplate.Looting.III
搜刮者,可随机出现,短矛,近战武器,False,SW.Item.ShortSpear,SW.EffectTemplate.Looting.I；SW.EffectTemplate.Looting.II；SW.EffectTemplate.Looting.III
搜刮者,可随机出现,镐,近战武器,False,SW.Item.Pickaxe,SW.EffectTemplate.Looting.I；SW.EffectTemplate.Looting.II；SW.EffectTemplate.Looting.III
搜刮者,可随机出现,细剑,近战武器,False,SW.Item.Rapier,SW.EffectTemplate.Looting.I；SW.EffectTemplate.Looting.II；SW.EffectTemplate.Looting.III
搜刮者,可随机出现,碎心锤,近战武器,True,SW.Item.WarHammer_Unique1,SW.EffectTemplate.Looting.I；SW.EffectTemplate.Looting.II；SW.EffectTemplate.Looting.III
搜刮者,可随机出现,风暴召唤者,近战武器,True,SW.Item.Pike_Unique1,SW.EffectTemplate.Looting.I；SW.EffectTemplate.Looting.II；SW.EffectTemplate.Looting.III
搜刮者,可随机出现,烈焰之刃,近战武器,True,SW.Item.Sword_Unique1,SW.EffectTemplate.Looting.I；SW.EffectTemplate.Looting.II；SW.EffectTemplate.Looting.III
搜刮者,可随机出现,首席附魔师护手,近战武器,True,SW.Item.Gauntlet_Unique1,SW.EffectTemplate.Looting.I；SW.EffectTemplate.Looting.II；SW.EffectTemplate.Looting.III
搜刮者,可随机出现,毒牙,近战武器,True,SW.Item.Daggers_Unique1,SW.EffectTemplate.Looting.I；SW.EffectTemplate.Looting.II；SW.EffectTemplate.Looting.III
搜刮者,可随机出现,猎人手斧,近战武器,True,SW.Item.Axe_Unique1,SW.EffectTemplate.Looting.I；SW.EffectTemplate.Looting.II；SW.EffectTemplate.Looting.III
搜刮者,可随机出现,幽魂长矛,近战武器,True,SW.Item.ShortSpear_Unique1,SW.EffectTemplate.Looting.I；SW.EffectTemplate.Looting.II；SW.EffectTemplate.Looting.III
搜刮者,可随机出现,红石破坏者,近战武器,True,SW.Item.GiantClub_Unique1,SW.EffectTemplate.Looting.I；SW.EffectTemplate.Looting.II；SW.EffectTemplate.Looting.III
搜刮者,可随机出现,探勘者之镐,近战武器,True,SW.Item.Pickaxe_Unique1,SW.EffectTemplate.Looting.I；SW.EffectTemplate.Looting.II；SW.EffectTemplate.Looting.III
搜刮者,可随机出现,千刃,近战武器,True,SW.Item.Rapier_Unique1,SW.EffectTemplate.Looting.I；SW.EffectTemplate.Looting.II；SW.EffectTemplate.Looting.III
搜刮者,可随机出现,大剑,近战武器,False,SW.Item.Claymore,SW.EffectTemplate.Looting.I；SW.EffectTemplate.Looting.II；SW.EffectTemplate.Looting.III
搜刮者,可随机出现,巨剑,近战武器,False,SW.Item.Greatsword,SW.EffectTemplate.Looting.I；SW.EffectTemplate.Looting.II；SW.EffectTemplate.Looting.III
搜刮者,可随机出现,狼爪,近战武器,False,SW.Item.Claws,SW.EffectTemplate.Looting.I；SW.EffectTemplate.Looting.II；SW.EffectTemplate.Looting.III
搜刮者,可随机出现,长柄刀,近战武器,False,SW.Item.Glaive,SW.EffectTemplate.Looting.I；SW.EffectTemplate.Looting.II；SW.EffectTemplate.Looting.III
搜刮者,可随机出现,战斗权杖,近战武器,False,SW.Item.Battlestaff,SW.EffectTemplate.Looting.I；SW.EffectTemplate.Looting.II；SW.EffectTemplate.Looting.III
搜刮者,可随机出现,剁肉刀,近战武器,False,SW.Item.Cleaver,SW.EffectTemplate.Looting.I；SW.EffectTemplate.Looting.II；SW.EffectTemplate.Looting.III
搜刮者,可随机出现,双镰,近战武器,False,SW.Item.Sickles,SW.EffectTemplate.Looting.I；SW.EffectTemplate.Looting.II；SW.EffectTemplate.Looting.III
搜刮者,可随机出现,镰刀,近战武器,False,SW.Item.Scythe,SW.EffectTemplate.Looting.I；SW.EffectTemplate.Looting.II；SW.EffectTemplate.Looting.III
搜刮者,可随机出现,重击者,近战武器,False,SW.Item.GiantClub,SW.EffectTemplate.Looting.I；SW.EffectTemplate.Looting.II；SW.EffectTemplate.Looting.III
搜刮者,可随机出现,定型刀,近战武器,False,SW.Item.CurvedGreatsword,SW.EffectTemplate.Looting.I；SW.EffectTemplate.Looting.II；SW.EffectTemplate.Looting.III
搜刮者,可随机出现,打怪木槌,近战武器,False,SW.Item.GiantMallet,SW.EffectTemplate.Looting.I；SW.EffectTemplate.Looting.II；SW.EffectTemplate.Looting.III
搜刮者,可随机出现,长剑,近战武器,False,SW.Item.StraightSword,SW.EffectTemplate.Looting.I；SW.EffectTemplate.Looting.II；SW.EffectTemplate.Looting.III
搜刮者,可随机出现,裂隙撕裂者,近战武器,False,SW.Item.CurvedLongsword,SW.EffectTemplate.Looting.I；SW.EffectTemplate.Looting.II；SW.EffectTemplate.Looting.III
搜刮者,可随机出现,铁锹,近战武器,False,SW.Item.Shovel,SW.EffectTemplate.Looting.I；SW.EffectTemplate.Looting.II；SW.EffectTemplate.Looting.III
搜刮者,可随机出现,重锤,近战武器,False,SW.Item.Mace,SW.EffectTemplate.Looting.I；SW.EffectTemplate.Looting.II；SW.EffectTemplate.Looting.III
搜刮者,可随机出现,暮光匕首,近战武器,False,SW.Item.Dagger,SW.EffectTemplate.Looting.I；SW.EffectTemplate.Looting.II；SW.EffectTemplate.Looting.III
搜刮者,可随机出现,军刀,近战武器,False,SW.Item.Sabre,SW.EffectTemplate.Looting.I；SW.EffectTemplate.Looting.II；SW.EffectTemplate.Looting.III
搜刮者,可随机出现,战斗锤,近战武器,False,SW.Item.Hammer,SW.EffectTemplate.Looting.I；SW.EffectTemplate.Looting.II；SW.EffectTemplate.Looting.III
搜刮者,可随机出现,潮汐镰刀,近战武器,False,SW.Item.MoonSword,SW.EffectTemplate.Looting.I；SW.EffectTemplate.Looting.II；SW.EffectTemplate.Looting.III
搜刮者,可随机出现,巨斧,近战武器,False,SW.Item.GreatAxe,SW.EffectTemplate.Looting.I；SW.EffectTemplate.Looting.II；SW.EffectTemplate.Looting.III
搜刮者,可随机出现,斩杀大剑,近战武器,True,SW.Item.Claymore_Unique1,SW.EffectTemplate.Looting.I；SW.EffectTemplate.Looting.II；SW.EffectTemplate.Looting.III
搜刮者,可随机出现,暗晶剑,近战武器,True,SW.Item.Greatsword_Unique1,SW.EffectTemplate.Looting.I；SW.EffectTemplate.Looting.II；SW.EffectTemplate.Looting.III
搜刮者,可随机出现,幽匿者之爪,近战武器,True,SW.Item.Claws_Unique1,SW.EffectTemplate.Looting.I；SW.EffectTemplate.Looting.II；SW.EffectTemplate.Looting.III
搜刮者,可随机出现,黄金长柄刀,近战武器,True,SW.Item.Glaive_Unique1,SW.EffectTemplate.Looting.I；SW.EffectTemplate.Looting.II；SW.EffectTemplate.Looting.III
搜刮者,可随机出现,元素权杖,近战武器,True,SW.Item.Battlestaff_Unique1,SW.EffectTemplate.Looting.I；SW.EffectTemplate.Looting.II；SW.EffectTemplate.Looting.III
搜刮者,可随机出现,剁魂刀,近战武器,True,SW.Item.Cleaver_Unique1,SW.EffectTemplate.Looting.I；SW.EffectTemplate.Looting.II；SW.EffectTemplate.Looting.III
搜刮者,可随机出现,汐浮镰刀,近战武器,True,SW.Item.Sickles_Unique1,SW.EffectTemplate.Looting.I；SW.EffectTemplate.Looting.II；SW.EffectTemplate.Looting.III
搜刮者,可随机出现,摄魂者,近战武器,True,SW.Item.Scythe_Unique1,SW.EffectTemplate.Looting.I；SW.EffectTemplate.Looting.II；SW.EffectTemplate.Looting.III
搜刮者,可随机出现,安眠之刃,近战武器,True,SW.Item.CurvedGreatsword_Unique1,SW.EffectTemplate.Looting.I；SW.EffectTemplate.Looting.II；SW.EffectTemplate.Looting.III
搜刮者,可随机出现,怪物粉碎者,近战武器,True,SW.Item.GiantMallet_Unique1,SW.EffectTemplate.Looting.I；SW.EffectTemplate.Looting.II；SW.EffectTemplate.Looting.III
搜刮者,可随机出现,霜冻剑,近战武器,True,SW.Item.StraightSword_Unique1,SW.EffectTemplate.Looting.I；SW.EffectTemplate.Looting.II；SW.EffectTemplate.Looting.III
搜刮者,可随机出现,平原之傲,近战武器,True,SW.Item.CurvedLongsword_Unique1,SW.EffectTemplate.Looting.I；SW.EffectTemplate.Looting.II；SW.EffectTemplate.Looting.III
搜刮者,可随机出现,钻石锹,近战武器,True,SW.Item.Shovel_Unique1,SW.EffectTemplate.Looting.I；SW.EffectTemplate.Looting.II；SW.EffectTemplate.Looting.III
搜刮者,可随机出现,甲壳重锤,近战武器,True,SW.Item.Mace_Unique1,SW.EffectTemplate.Looting.I；SW.EffectTemplate.Looting.II；SW.EffectTemplate.Looting.III
搜刮者,可随机出现,幽匿者克星,近战武器,True,SW.Item.Dagger_Unique1,SW.EffectTemplate.Looting.I；SW.EffectTemplate.Looting.II；SW.EffectTemplate.Looting.III
搜刮者,可随机出现,调皮鬼军刀,近战武器,True,SW.Item.Sabre_Unique1,SW.EffectTemplate.Looting.I；SW.EffectTemplate.Looting.II；SW.EffectTemplate.Looting.III
搜刮者,可随机出现,绿宝石锤,近战武器,True,SW.Item.Hammer_Unique1,SW.EffectTemplate.Looting.I；SW.EffectTemplate.Looting.II；SW.EffectTemplate.Looting.III
搜刮者,可随机出现,弯月镰刀,近战武器,True,SW.Item.MoonSword_Unique1,SW.EffectTemplate.Looting.I；SW.EffectTemplate.Looting.II；SW.EffectTemplate.Looting.III
搜刮者,可随机出现,神威巨斧,近战武器,True,SW.Item.GreatAxe_Unique1,SW.EffectTemplate.Looting.I；SW.EffectTemplate.Looting.II；SW.EffectTemplate.Looting.III
搜刮者,可随机出现,弓,远程武器,False,SW.Item.Bow,SW.EffectTemplate.Looting.I；SW.EffectTemplate.Looting.II；SW.EffectTemplate.Looting.III
搜刮者,可随机出现,弩,远程武器,False,SW.Item.Crossbow,SW.EffectTemplate.Looting.I；SW.EffectTemplate.Looting.II；SW.EffectTemplate.Looting.III
搜刮者,可随机出现,短弓,远程武器,False,SW.Item.Shortbow,SW.EffectTemplate.Looting.I；SW.EffectTemplate.Looting.II；SW.EffectTemplate.Looting.III
搜刮者,可随机出现,特技弓,远程武器,False,SW.Item.Trickbow,SW.EffectTemplate.Looting.I；SW.EffectTemplate.Looting.II；SW.EffectTemplate.Looting.III
搜刮者,可随机出现,长弓,远程武器,False,SW.Item.Longbow,SW.EffectTemplate.Looting.I；SW.EffectTemplate.Looting.II；SW.EffectTemplate.Looting.III
搜刮者,可随机出现,强弓,远程武器,False,SW.Item.Powerbow,SW.EffectTemplate.Looting.I；SW.EffectTemplate.Looting.II；SW.EffectTemplate.Looting.III
搜刮者,可随机出现,散射弩,远程武器,False,SW.Item.ScatterCrossbow,SW.EffectTemplate.Looting.I；SW.EffectTemplate.Looting.II；SW.EffectTemplate.Looting.III
搜刮者,可随机出现,重弩,远程武器,False,SW.Item.HeavyCrossbow,SW.EffectTemplate.Looting.I；SW.EffectTemplate.Looting.II；SW.EffectTemplate.Looting.III
搜刮者,可随机出现,双持弩,远程武器,False,SW.Item.DualCrossbow,SW.EffectTemplate.Looting.I；SW.EffectTemplate.Looting.II；SW.EffectTemplate.Looting.III
搜刮者,可随机出现,快弩,远程武器,False,SW.Item.RapidCrossbow,SW.EffectTemplate.Looting.I；SW.EffectTemplate.Looting.II；SW.EffectTemplate.Looting.III
搜刮者,可随机出现,游侠之誓,远程武器,True,SW.Item.Bow_Unique1,SW.EffectTemplate.Looting.I；SW.EffectTemplate.Looting.II；SW.EffectTemplate.Looting.III
搜刮者,可随机出现,定身弩,远程武器,True,SW.Item.Crossbow_Unique1,SW.EffectTemplate.Looting.I；SW.EffectTemplate.Looting.II；SW.EffectTemplate.Looting.III
搜刮者,可随机出现,流星弓,远程武器,True,SW.Item.Shortbow_Unique1,SW.EffectTemplate.Looting.I；SW.EffectTemplate.Looting.II；SW.EffectTemplate.Looting.III
搜刮者,可随机出现,幻翼弓,远程武器,True,SW.Item.Trickbow_Unique1,SW.EffectTemplate.Looting.I；SW.EffectTemplate.Looting.II；SW.EffectTemplate.Looting.III
搜刮者,可随机出现,嘎枝之触,远程武器,True,SW.Item.Longbow_Unique1,SW.EffectTemplate.Looting.I；SW.EffectTemplate.Looting.II；SW.EffectTemplate.Looting.III
搜刮者,可随机出现,典范弓,远程武器,True,SW.Item.Powerbow_Unique1,SW.EffectTemplate.Looting.I；SW.EffectTemplate.Looting.II；SW.EffectTemplate.Looting.III
搜刮者,可随机出现,竖琴弩,远程武器,True,SW.Item.ScatterCrossbow_Unique1,SW.EffectTemplate.Looting.I；SW.EffectTemplate.Looting.II；SW.EffectTemplate.Looting.III
搜刮者,可随机出现,近战游侠弩,远程武器,True,SW.Item.HeavyCrossbow_Unique1,SW.EffectTemplate.Looting.I；SW.EffectTemplate.Looting.II；SW.EffectTemplate.Looting.III
搜刮者,可随机出现,授粉快弩,远程武器,True,SW.Item.RapidCrossbow_Unique1,SW.EffectTemplate.Looting.I；SW.EffectTemplate.Looting.II；SW.EffectTemplate.Looting.III
搜刮者,可随机出现,巨弓,远程武器,False,SW.Item.Greatbow,SW.EffectTemplate.Looting.I；SW.EffectTemplate.Looting.II；SW.EffectTemplate.Looting.III
搜刮者,可随机出现,背叛者双弩,远程武器,True,SW.Item.DualCrossbow_Unique1,SW.EffectTemplate.Looting.I；SW.EffectTemplate.Looting.II；SW.EffectTemplate.Looting.III
搜刮者,可随机出现,轰鸣虫心弦,远程武器,True,SW.Item.Greatbow_Unique1,SW.EffectTemplate.Looting.I；SW.EffectTemplate.Looting.II；SW.EffectTemplate.Looting.III
搜刮者,护符成长,幸运四叶草,护符,False,SW.Item.Talisman.DoubleDrop,SW.EffectTemplate.DoubleDrop.I；SW.EffectTemplate.DoubleDrop.II；SW.EffectTemplate.DoubleDrop.III
袭击者,装备固有,绿宝石锤,近战武器,True,SW.Item.Hammer_Unique1,SW.EffectTemplate.Opulence.Unique
袭击者,装备固有,神谕凉鞋,护甲,True,SW.Item.MysticBoots_Unique,SW.EffectTemplate.Opulence.Unique
袭击者,可随机出现,战锤,近战武器,False,SW.Item.WarHammer,SW.EffectTemplate.Opulence.I；SW.EffectTemplate.Opulence.II；SW.EffectTemplate.Opulence.III
袭击者,可随机出现,长矛,近战武器,False,SW.Item.Pike,SW.EffectTemplate.Opulence.I；SW.EffectTemplate.Opulence.II；SW.EffectTemplate.Opulence.III
袭击者,可随机出现,剑,近战武器,False,SW.Item.Sword,SW.EffectTemplate.Opulence.I；SW.EffectTemplate.Opulence.II；SW.EffectTemplate.Opulence.III
袭击者,可随机出现,护手,近战武器,False,SW.Item.Gauntlet,SW.EffectTemplate.Opulence.I；SW.EffectTemplate.Opulence.II；SW.EffectTemplate.Opulence.III
袭击者,可随机出现,双匕首,近战武器,False,SW.Item.Daggers,SW.EffectTemplate.Opulence.I；SW.EffectTemplate.Opulence.II；SW.EffectTemplate.Opulence.III
袭击者,可随机出现,斧头,近战武器,False,SW.Item.Axe,SW.EffectTemplate.Opulence.I；SW.EffectTemplate.Opulence.II；SW.EffectTemplate.Opulence.III
袭击者,可随机出现,短矛,近战武器,False,SW.Item.ShortSpear,SW.EffectTemplate.Opulence.I；SW.EffectTemplate.Opulence.II；SW.EffectTemplate.Opulence.III
袭击者,可随机出现,镐,近战武器,False,SW.Item.Pickaxe,SW.EffectTemplate.Opulence.I；SW.EffectTemplate.Opulence.II；SW.EffectTemplate.Opulence.III
袭击者,可随机出现,细剑,近战武器,False,SW.Item.Rapier,SW.EffectTemplate.Opulence.I；SW.EffectTemplate.Opulence.II；SW.EffectTemplate.Opulence.III
袭击者,可随机出现,碎心锤,近战武器,True,SW.Item.WarHammer_Unique1,SW.EffectTemplate.Opulence.I；SW.EffectTemplate.Opulence.II；SW.EffectTemplate.Opulence.III
袭击者,可随机出现,风暴召唤者,近战武器,True,SW.Item.Pike_Unique1,SW.EffectTemplate.Opulence.I；SW.EffectTemplate.Opulence.II；SW.EffectTemplate.Opulence.III
袭击者,可随机出现,烈焰之刃,近战武器,True,SW.Item.Sword_Unique1,SW.EffectTemplate.Opulence.I；SW.EffectTemplate.Opulence.II；SW.EffectTemplate.Opulence.III
袭击者,可随机出现,首席附魔师护手,近战武器,True,SW.Item.Gauntlet_Unique1,SW.EffectTemplate.Opulence.I；SW.EffectTemplate.Opulence.II；SW.EffectTemplate.Opulence.III
袭击者,可随机出现,毒牙,近战武器,True,SW.Item.Daggers_Unique1,SW.EffectTemplate.Opulence.I；SW.EffectTemplate.Opulence.II；SW.EffectTemplate.Opulence.III
袭击者,可随机出现,猎人手斧,近战武器,True,SW.Item.Axe_Unique1,SW.EffectTemplate.Opulence.I；SW.EffectTemplate.Opulence.II；SW.EffectTemplate.Opulence.III
袭击者,可随机出现,幽魂长矛,近战武器,True,SW.Item.ShortSpear_Unique1,SW.EffectTemplate.Opulence.I；SW.EffectTemplate.Opulence.II；SW.EffectTemplate.Opulence.III
袭击者,可随机出现,红石破坏者,近战武器,True,SW.Item.GiantClub_Unique1,SW.EffectTemplate.Opulence.I；SW.EffectTemplate.Opulence.II；SW.EffectTemplate.Opulence.III
袭击者,可随机出现,探勘者之镐,近战武器,True,SW.Item.Pickaxe_Unique1,SW.EffectTemplate.Opulence.I；SW.EffectTemplate.Opulence.II；SW.EffectTemplate.Opulence.III
袭击者,可随机出现,千刃,近战武器,True,SW.Item.Rapier_Unique1,SW.EffectTemplate.Opulence.I；SW.EffectTemplate.Opulence.II；SW.EffectTemplate.Opulence.III
袭击者,可随机出现,大剑,近战武器,False,SW.Item.Claymore,SW.EffectTemplate.Opulence.I；SW.EffectTemplate.Opulence.II；SW.EffectTemplate.Opulence.III
袭击者,可随机出现,巨剑,近战武器,False,SW.Item.Greatsword,SW.EffectTemplate.Opulence.I；SW.EffectTemplate.Opulence.II；SW.EffectTemplate.Opulence.III
袭击者,可随机出现,狼爪,近战武器,False,SW.Item.Claws,SW.EffectTemplate.Opulence.I；SW.EffectTemplate.Opulence.II；SW.EffectTemplate.Opulence.III
袭击者,可随机出现,长柄刀,近战武器,False,SW.Item.Glaive,SW.EffectTemplate.Opulence.I；SW.EffectTemplate.Opulence.II；SW.EffectTemplate.Opulence.III
袭击者,可随机出现,战斗权杖,近战武器,False,SW.Item.Battlestaff,SW.EffectTemplate.Opulence.I；SW.EffectTemplate.Opulence.II；SW.EffectTemplate.Opulence.III
袭击者,可随机出现,剁肉刀,近战武器,False,SW.Item.Cleaver,SW.EffectTemplate.Opulence.I；SW.EffectTemplate.Opulence.II；SW.EffectTemplate.Opulence.III
袭击者,可随机出现,双镰,近战武器,False,SW.Item.Sickles,SW.EffectTemplate.Opulence.I；SW.EffectTemplate.Opulence.II；SW.EffectTemplate.Opulence.III
袭击者,可随机出现,镰刀,近战武器,False,SW.Item.Scythe,SW.EffectTemplate.Opulence.I；SW.EffectTemplate.Opulence.II；SW.EffectTemplate.Opulence.III
袭击者,可随机出现,重击者,近战武器,False,SW.Item.GiantClub,SW.EffectTemplate.Opulence.I；SW.EffectTemplate.Opulence.II；SW.EffectTemplate.Opulence.III
袭击者,可随机出现,定型刀,近战武器,False,SW.Item.CurvedGreatsword,SW.EffectTemplate.Opulence.I；SW.EffectTemplate.Opulence.II；SW.EffectTemplate.Opulence.III
袭击者,可随机出现,打怪木槌,近战武器,False,SW.Item.GiantMallet,SW.EffectTemplate.Opulence.I；SW.EffectTemplate.Opulence.II；SW.EffectTemplate.Opulence.III
袭击者,可随机出现,长剑,近战武器,False,SW.Item.StraightSword,SW.EffectTemplate.Opulence.I；SW.EffectTemplate.Opulence.II；SW.EffectTemplate.Opulence.III
袭击者,可随机出现,裂隙撕裂者,近战武器,False,SW.Item.CurvedLongsword,SW.EffectTemplate.Opulence.I；SW.EffectTemplate.Opulence.II；SW.EffectTemplate.Opulence.III
袭击者,可随机出现,铁锹,近战武器,False,SW.Item.Shovel,SW.EffectTemplate.Opulence.I；SW.EffectTemplate.Opulence.II；SW.EffectTemplate.Opulence.III
袭击者,可随机出现,重锤,近战武器,False,SW.Item.Mace,SW.EffectTemplate.Opulence.I；SW.EffectTemplate.Opulence.II；SW.EffectTemplate.Opulence.III
袭击者,可随机出现,暮光匕首,近战武器,False,SW.Item.Dagger,SW.EffectTemplate.Opulence.I；SW.EffectTemplate.Opulence.II；SW.EffectTemplate.Opulence.III
袭击者,可随机出现,军刀,近战武器,False,SW.Item.Sabre,SW.EffectTemplate.Opulence.I；SW.EffectTemplate.Opulence.II；SW.EffectTemplate.Opulence.III
袭击者,可随机出现,战斗锤,近战武器,False,SW.Item.Hammer,SW.EffectTemplate.Opulence.I；SW.EffectTemplate.Opulence.II；SW.EffectTemplate.Opulence.III
袭击者,可随机出现,潮汐镰刀,近战武器,False,SW.Item.MoonSword,SW.EffectTemplate.Opulence.I；SW.EffectTemplate.Opulence.II；SW.EffectTemplate.Opulence.III
袭击者,可随机出现,巨斧,近战武器,False,SW.Item.GreatAxe,SW.EffectTemplate.Opulence.I；SW.EffectTemplate.Opulence.II；SW.EffectTemplate.Opulence.III
袭击者,可随机出现,斩杀大剑,近战武器,True,SW.Item.Claymore_Unique1,SW.EffectTemplate.Opulence.I；SW.EffectTemplate.Opulence.II；SW.EffectTemplate.Opulence.III
袭击者,可随机出现,暗晶剑,近战武器,True,SW.Item.Greatsword_Unique1,SW.EffectTemplate.Opulence.I；SW.EffectTemplate.Opulence.II；SW.EffectTemplate.Opulence.III
袭击者,可随机出现,幽匿者之爪,近战武器,True,SW.Item.Claws_Unique1,SW.EffectTemplate.Opulence.I；SW.EffectTemplate.Opulence.II；SW.EffectTemplate.Opulence.III
袭击者,可随机出现,黄金长柄刀,近战武器,True,SW.Item.Glaive_Unique1,SW.EffectTemplate.Opulence.I；SW.EffectTemplate.Opulence.II；SW.EffectTemplate.Opulence.III
袭击者,可随机出现,元素权杖,近战武器,True,SW.Item.Battlestaff_Unique1,SW.EffectTemplate.Opulence.I；SW.EffectTemplate.Opulence.II；SW.EffectTemplate.Opulence.III
袭击者,可随机出现,剁魂刀,近战武器,True,SW.Item.Cleaver_Unique1,SW.EffectTemplate.Opulence.I；SW.EffectTemplate.Opulence.II；SW.EffectTemplate.Opulence.III
袭击者,可随机出现,汐浮镰刀,近战武器,True,SW.Item.Sickles_Unique1,SW.EffectTemplate.Opulence.I；SW.EffectTemplate.Opulence.II；SW.EffectTemplate.Opulence.III
袭击者,可随机出现,摄魂者,近战武器,True,SW.Item.Scythe_Unique1,SW.EffectTemplate.Opulence.I；SW.EffectTemplate.Opulence.II；SW.EffectTemplate.Opulence.III
袭击者,可随机出现,安眠之刃,近战武器,True,SW.Item.CurvedGreatsword_Unique1,SW.EffectTemplate.Opulence.I；SW.EffectTemplate.Opulence.II；SW.EffectTemplate.Opulence.III
袭击者,可随机出现,怪物粉碎者,近战武器,True,SW.Item.GiantMallet_Unique1,SW.EffectTemplate.Opulence.I；SW.EffectTemplate.Opulence.II；SW.EffectTemplate.Opulence.III
袭击者,可随机出现,霜冻剑,近战武器,True,SW.Item.StraightSword_Unique1,SW.EffectTemplate.Opulence.I；SW.EffectTemplate.Opulence.II；SW.EffectTemplate.Opulence.III
袭击者,可随机出现,平原之傲,近战武器,True,SW.Item.CurvedLongsword_Unique1,SW.EffectTemplate.Opulence.I；SW.EffectTemplate.Opulence.II；SW.EffectTemplate.Opulence.III
袭击者,可随机出现,钻石锹,近战武器,True,SW.Item.Shovel_Unique1,SW.EffectTemplate.Opulence.I；SW.EffectTemplate.Opulence.II；SW.EffectTemplate.Opulence.III
袭击者,可随机出现,甲壳重锤,近战武器,True,SW.Item.Mace_Unique1,SW.EffectTemplate.Opulence.I；SW.EffectTemplate.Opulence.II；SW.EffectTemplate.Opulence.III
袭击者,可随机出现,幽匿者克星,近战武器,True,SW.Item.Dagger_Unique1,SW.EffectTemplate.Opulence.I；SW.EffectTemplate.Opulence.II；SW.EffectTemplate.Opulence.III
袭击者,可随机出现,调皮鬼军刀,近战武器,True,SW.Item.Sabre_Unique1,SW.EffectTemplate.Opulence.I；SW.EffectTemplate.Opulence.II；SW.EffectTemplate.Opulence.III
袭击者,可随机出现,弯月镰刀,近战武器,True,SW.Item.MoonSword_Unique1,SW.EffectTemplate.Opulence.I；SW.EffectTemplate.Opulence.II；SW.EffectTemplate.Opulence.III
袭击者,可随机出现,神威巨斧,近战武器,True,SW.Item.GreatAxe_Unique1,SW.EffectTemplate.Opulence.I；SW.EffectTemplate.Opulence.II；SW.EffectTemplate.Opulence.III
袭击者,可随机出现,弓,远程武器,False,SW.Item.Bow,SW.EffectTemplate.Opulence.I；SW.EffectTemplate.Opulence.II；SW.EffectTemplate.Opulence.III
袭击者,可随机出现,弩,远程武器,False,SW.Item.Crossbow,SW.EffectTemplate.Opulence.I；SW.EffectTemplate.Opulence.II；SW.EffectTemplate.Opulence.III
袭击者,可随机出现,短弓,远程武器,False,SW.Item.Shortbow,SW.EffectTemplate.Opulence.I；SW.EffectTemplate.Opulence.II；SW.EffectTemplate.Opulence.III
袭击者,可随机出现,特技弓,远程武器,False,SW.Item.Trickbow,SW.EffectTemplate.Opulence.I；SW.EffectTemplate.Opulence.II；SW.EffectTemplate.Opulence.III
袭击者,可随机出现,长弓,远程武器,False,SW.Item.Longbow,SW.EffectTemplate.Opulence.I；SW.EffectTemplate.Opulence.II；SW.EffectTemplate.Opulence.III
袭击者,可随机出现,强弓,远程武器,False,SW.Item.Powerbow,SW.EffectTemplate.Opulence.I；SW.EffectTemplate.Opulence.II；SW.EffectTemplate.Opulence.III
袭击者,可随机出现,散射弩,远程武器,False,SW.Item.ScatterCrossbow,SW.EffectTemplate.Opulence.I；SW.EffectTemplate.Opulence.II；SW.EffectTemplate.Opulence.III
袭击者,可随机出现,重弩,远程武器,False,SW.Item.HeavyCrossbow,SW.EffectTemplate.Opulence.I；SW.EffectTemplate.Opulence.II；SW.EffectTemplate.Opulence.III
袭击者,可随机出现,双持弩,远程武器,False,SW.Item.DualCrossbow,SW.EffectTemplate.Opulence.I；SW.EffectTemplate.Opulence.II；SW.EffectTemplate.Opulence.III
袭击者,可随机出现,快弩,远程武器,False,SW.Item.RapidCrossbow,SW.EffectTemplate.Opulence.I；SW.EffectTemplate.Opulence.II；SW.EffectTemplate.Opulence.III
袭击者,可随机出现,游侠之誓,远程武器,True,SW.Item.Bow_Unique1,SW.EffectTemplate.Opulence.I；SW.EffectTemplate.Opulence.II；SW.EffectTemplate.Opulence.III
袭击者,可随机出现,定身弩,远程武器,True,SW.Item.Crossbow_Unique1,SW.EffectTemplate.Opulence.I；SW.EffectTemplate.Opulence.II；SW.EffectTemplate.Opulence.III
袭击者,可随机出现,流星弓,远程武器,True,SW.Item.Shortbow_Unique1,SW.EffectTemplate.Opulence.I；SW.EffectTemplate.Opulence.II；SW.EffectTemplate.Opulence.III
袭击者,可随机出现,幻翼弓,远程武器,True,SW.Item.Trickbow_Unique1,SW.EffectTemplate.Opulence.I；SW.EffectTemplate.Opulence.II；SW.EffectTemplate.Opulence.III
袭击者,可随机出现,嘎枝之触,远程武器,True,SW.Item.Longbow_Unique1,SW.EffectTemplate.Opulence.I；SW.EffectTemplate.Opulence.II；SW.EffectTemplate.Opulence.III
袭击者,可随机出现,典范弓,远程武器,True,SW.Item.Powerbow_Unique1,SW.EffectTemplate.Opulence.I；SW.EffectTemplate.Opulence.II；SW.EffectTemplate.Opulence.III
袭击者,可随机出现,竖琴弩,远程武器,True,SW.Item.ScatterCrossbow_Unique1,SW.EffectTemplate.Opulence.I；SW.EffectTemplate.Opulence.II；SW.EffectTemplate.Opulence.III
袭击者,可随机出现,近战游侠弩,远程武器,True,SW.Item.HeavyCrossbow_Unique1,SW.EffectTemplate.Opulence.I；SW.EffectTemplate.Opulence.II；SW.EffectTemplate.Opulence.III
袭击者,可随机出现,授粉快弩,远程武器,True,SW.Item.RapidCrossbow_Unique1,SW.EffectTemplate.Opulence.I；SW.EffectTemplate.Opulence.II；SW.EffectTemplate.Opulence.III
袭击者,可随机出现,巨弓,远程武器,False,SW.Item.Greatbow,SW.EffectTemplate.Opulence.I；SW.EffectTemplate.Opulence.II；SW.EffectTemplate.Opulence.III
袭击者,可随机出现,背叛者双弩,远程武器,True,SW.Item.DualCrossbow_Unique1,SW.EffectTemplate.Opulence.I；SW.EffectTemplate.Opulence.II；SW.EffectTemplate.Opulence.III
袭击者,可随机出现,轰鸣虫心弦,远程武器,True,SW.Item.Greatbow_Unique1,SW.EffectTemplate.Opulence.I；SW.EffectTemplate.Opulence.II；SW.EffectTemplate.Opulence.III
神行者,装备固有,无赖轻靴,护甲,True,SW.Item.ScampBoots_Unique,SW.EffectTemplate.SwiftSneak.Unique
神行者,装备固有,驭梦者睡裤,护甲,True,SW.Item.PhantomLeggings_Unique,SW.EffectTemplate.SwiftSneak.Unique
神行者,可随机出现,捣蛋鬼轻靴,护甲,False,SW.Item.ScampBoots,SW.EffectTemplate.SwiftSneak.I；SW.EffectTemplate.SwiftSneak.II；SW.EffectTemplate.SwiftSneak.III
神行者,可随机出现,捣蛋鬼兜帽,护甲,False,SW.Item.ScampHelmet,SW.EffectTemplate.SwiftSneak.I；SW.EffectTemplate.SwiftSneak.II；SW.EffectTemplate.SwiftSneak.III
神行者,可随机出现,捣蛋鬼夹克,护甲,False,SW.Item.ScampChest,SW.EffectTemplate.SwiftSneak.I；SW.EffectTemplate.SwiftSneak.II；SW.EffectTemplate.SwiftSneak.III
神行者,可随机出现,捣蛋鬼护腿,护甲,False,SW.Item.ScampLeggings,SW.EffectTemplate.SwiftSneak.I；SW.EffectTemplate.SwiftSneak.II；SW.EffectTemplate.SwiftSneak.III
神行者,可随机出现,幽匿挖掘者靴子,护甲,False,SW.Item.CaveCrawlerBoots,SW.EffectTemplate.SwiftSneak.I；SW.EffectTemplate.SwiftSneak.II；SW.EffectTemplate.SwiftSneak.III
神行者,可随机出现,幽匿挖掘者长袍,护甲,False,SW.Item.CaveCrawlerChest,SW.EffectTemplate.SwiftSneak.I；SW.EffectTemplate.SwiftSneak.II；SW.EffectTemplate.SwiftSneak.III
神行者,可随机出现,幽匿挖掘者兜帽,护甲,False,SW.Item.CaveCrawlerHelmet,SW.EffectTemplate.SwiftSneak.I；SW.EffectTemplate.SwiftSneak.II；SW.EffectTemplate.SwiftSneak.III
神行者,可随机出现,幽匿挖掘者护腿,护甲,False,SW.Item.CaveCrawlerLeggings,SW.EffectTemplate.SwiftSneak.I；SW.EffectTemplate.SwiftSneak.II；SW.EffectTemplate.SwiftSneak.III
神行者,可随机出现,无赖兜帽,护甲,True,SW.Item.ScampHelmet_Unique,SW.EffectTemplate.SwiftSneak.I；SW.EffectTemplate.SwiftSneak.II；SW.EffectTemplate.SwiftSneak.III
神行者,可随机出现,无赖西装外套,护甲,True,SW.Item.ScampChest_Unique,SW.EffectTemplate.SwiftSneak.I；SW.EffectTemplate.SwiftSneak.II；SW.EffectTemplate.SwiftSneak.III
神行者,可随机出现,无赖套裤,护甲,True,SW.Item.ScampLeggings_Unique,SW.EffectTemplate.SwiftSneak.I；SW.EffectTemplate.SwiftSneak.II；SW.EffectTemplate.SwiftSneak.III
神行者,可随机出现,扭曲监守者轻靴,护甲,True,SW.Item.CaveCrawlerBoots_Unique,SW.EffectTemplate.SwiftSneak.I；SW.EffectTemplate.SwiftSneak.II；SW.EffectTemplate.SwiftSneak.III
神行者,可随机出现,扭曲监守者背心,护甲,True,SW.Item.CaveCrawlerChest_Unique,SW.EffectTemplate.SwiftSneak.I；SW.EffectTemplate.SwiftSneak.II；SW.EffectTemplate.SwiftSneak.III
神行者,可随机出现,扭曲监守者眼罩,护甲,True,SW.Item.CaveCrawlerHelmet_Unique,SW.EffectTemplate.SwiftSneak.I；SW.EffectTemplate.SwiftSneak.II；SW.EffectTemplate.SwiftSneak.III
神行者,可随机出现,扭曲监守者紧身裤,护甲,True,SW.Item.CaveCrawlerLeggings_Unique,SW.EffectTemplate.SwiftSneak.I；SW.EffectTemplate.SwiftSneak.II；SW.EffectTemplate.SwiftSneak.III
神行者,可随机出现,幻翼头盔,护甲,False,SW.Item.PhantomHelmet,SW.EffectTemplate.SwiftSneak.I；SW.EffectTemplate.SwiftSneak.II；SW.EffectTemplate.SwiftSneak.III
神行者,可随机出现,幻翼胸甲,护甲,False,SW.Item.PhantomChest,SW.EffectTemplate.SwiftSneak.I；SW.EffectTemplate.SwiftSneak.II；SW.EffectTemplate.SwiftSneak.III
神行者,可随机出现,幻翼长裤,护甲,False,SW.Item.PhantomLeggings,SW.EffectTemplate.SwiftSneak.I；SW.EffectTemplate.SwiftSneak.II；SW.EffectTemplate.SwiftSneak.III
神行者,可随机出现,幻翼靴,护甲,False,SW.Item.PhantomBoots,SW.EffectTemplate.SwiftSneak.I；SW.EffectTemplate.SwiftSneak.II；SW.EffectTemplate.SwiftSneak.III
神行者,可随机出现,门徒面具,护甲,False,SW.Item.DiscipleHelmet,SW.EffectTemplate.SwiftSneak.I；SW.EffectTemplate.SwiftSneak.II；SW.EffectTemplate.SwiftSneak.III
神行者,可随机出现,门徒长袍,护甲,False,SW.Item.DiscipleChest,SW.EffectTemplate.SwiftSneak.I；SW.EffectTemplate.SwiftSneak.II；SW.EffectTemplate.SwiftSneak.III
神行者,可随机出现,门徒护腿,护甲,False,SW.Item.DiscipleLeggings,SW.EffectTemplate.SwiftSneak.I；SW.EffectTemplate.SwiftSneak.II；SW.EffectTemplate.SwiftSneak.III
神行者,可随机出现,门徒裹足布,护甲,False,SW.Item.DiscipleBoots,SW.EffectTemplate.SwiftSneak.I；SW.EffectTemplate.SwiftSneak.II；SW.EffectTemplate.SwiftSneak.III
神行者,可随机出现,驭梦者王冠,护甲,True,SW.Item.PhantomHelmet_Unique,SW.EffectTemplate.SwiftSneak.I；SW.EffectTemplate.SwiftSneak.II；SW.EffectTemplate.SwiftSneak.III
神行者,可随机出现,驭梦者外袍,护甲,True,SW.Item.PhantomChest_Unique,SW.EffectTemplate.SwiftSneak.I；SW.EffectTemplate.SwiftSneak.II；SW.EffectTemplate.SwiftSneak.III
神行者,可随机出现,驭梦者拖鞋,护甲,True,SW.Item.PhantomBoots_Unique,SW.EffectTemplate.SwiftSneak.I；SW.EffectTemplate.SwiftSneak.II；SW.EffectTemplate.SwiftSneak.III
神行者,可随机出现,贤者头带,护甲,True,SW.Item.DiscipleHelmet_Unique,SW.EffectTemplate.SwiftSneak.I；SW.EffectTemplate.SwiftSneak.II；SW.EffectTemplate.SwiftSneak.III
神行者,可随机出现,贤者束衣,护甲,True,SW.Item.DiscipleChest_Unique,SW.EffectTemplate.SwiftSneak.I；SW.EffectTemplate.SwiftSneak.II；SW.EffectTemplate.SwiftSneak.III
神行者,可随机出现,贤者腰带,护甲,True,SW.Item.DiscipleLeggings_Unique,SW.EffectTemplate.SwiftSneak.I；SW.EffectTemplate.SwiftSneak.II；SW.EffectTemplate.SwiftSneak.III
神行者,可随机出现,贤者裹足布,护甲,True,SW.Item.DiscipleBoots_Unique,SW.EffectTemplate.SwiftSneak.I；SW.EffectTemplate.SwiftSneak.II；SW.EffectTemplate.SwiftSneak.III
神行者,可随机出现,幽匿者面具,护甲,False,SW.Item.ScavengerHelmet,SW.EffectTemplate.SwiftSneak.I；SW.EffectTemplate.SwiftSneak.II；SW.EffectTemplate.SwiftSneak.III
神行者,可随机出现,幽匿者长袍,护甲,False,SW.Item.ScavengerChest,SW.EffectTemplate.SwiftSneak.I；SW.EffectTemplate.SwiftSneak.II；SW.EffectTemplate.SwiftSneak.III
神行者,可随机出现,幽匿者便裤,护甲,False,SW.Item.ScavengerLeggings,SW.EffectTemplate.SwiftSneak.I；SW.EffectTemplate.SwiftSneak.II；SW.EffectTemplate.SwiftSneak.III
神行者,可随机出现,幽匿者之靴,护甲,False,SW.Item.ScavengerBoots,SW.EffectTemplate.SwiftSneak.I；SW.EffectTemplate.SwiftSneak.II；SW.EffectTemplate.SwiftSneak.III
神行者,可随机出现,君主王冠,护甲,True,SW.Item.ScavengerHelmet_Unique,SW.EffectTemplate.SwiftSneak.I；SW.EffectTemplate.SwiftSneak.II；SW.EffectTemplate.SwiftSneak.III
神行者,可随机出现,君主披风,护甲,True,SW.Item.ScavengerChest_Unique,SW.EffectTemplate.SwiftSneak.I；SW.EffectTemplate.SwiftSneak.II；SW.EffectTemplate.SwiftSneak.III
神行者,可随机出现,君主腰带,护甲,True,SW.Item.ScavengerLeggings_Unique,SW.EffectTemplate.SwiftSneak.I；SW.EffectTemplate.SwiftSneak.II；SW.EffectTemplate.SwiftSneak.III
神行者,可随机出现,君主利爪,护甲,True,SW.Item.ScavengerBoots_Unique,SW.EffectTemplate.SwiftSneak.I；SW.EffectTemplate.SwiftSneak.II；SW.EffectTemplate.SwiftSneak.III
刺客,装备固有,无赖兜帽,护甲,True,SW.Item.ScampHelmet_Unique,SW.EffectTemplate.Gambler.Unique
刺客,可随机出现,捣蛋鬼轻靴,护甲,False,SW.Item.ScampBoots,SW.EffectTemplate.Gambler.I；SW.EffectTemplate.Gambler.II；SW.EffectTemplate.Gambler.III
刺客,可随机出现,捣蛋鬼兜帽,护甲,False,SW.Item.ScampHelmet,SW.EffectTemplate.Gambler.I；SW.EffectTemplate.Gambler.II；SW.EffectTemplate.Gambler.III
刺客,可随机出现,捣蛋鬼夹克,护甲,False,SW.Item.ScampChest,SW.EffectTemplate.Gambler.I；SW.EffectTemplate.Gambler.II；SW.EffectTemplate.Gambler.III
刺客,可随机出现,捣蛋鬼护腿,护甲,False,SW.Item.ScampLeggings,SW.EffectTemplate.Gambler.I；SW.EffectTemplate.Gambler.II；SW.EffectTemplate.Gambler.III
刺客,可随机出现,幽匿挖掘者靴子,护甲,False,SW.Item.CaveCrawlerBoots,SW.EffectTemplate.Gambler.I；SW.EffectTemplate.Gambler.II；SW.EffectTemplate.Gambler.III
刺客,可随机出现,幽匿挖掘者长袍,护甲,False,SW.Item.CaveCrawlerChest,SW.EffectTemplate.Gambler.I；SW.EffectTemplate.Gambler.II；SW.EffectTemplate.Gambler.III
刺客,可随机出现,幽匿挖掘者兜帽,护甲,False,SW.Item.CaveCrawlerHelmet,SW.EffectTemplate.Gambler.I；SW.EffectTemplate.Gambler.II；SW.EffectTemplate.Gambler.III
刺客,可随机出现,幽匿挖掘者护腿,护甲,False,SW.Item.CaveCrawlerLeggings,SW.EffectTemplate.Gambler.I；SW.EffectTemplate.Gambler.II；SW.EffectTemplate.Gambler.III
刺客,可随机出现,无赖轻靴,护甲,True,SW.Item.ScampBoots_Unique,SW.EffectTemplate.Gambler.I；SW.EffectTemplate.Gambler.II；SW.EffectTemplate.Gambler.III
刺客,可随机出现,无赖西装外套,护甲,True,SW.Item.ScampChest_Unique,SW.EffectTemplate.Gambler.I；SW.EffectTemplate.Gambler.II；SW.EffectTemplate.Gambler.III
刺客,可随机出现,无赖套裤,护甲,True,SW.Item.ScampLeggings_Unique,SW.EffectTemplate.Gambler.I；SW.EffectTemplate.Gambler.II；SW.EffectTemplate.Gambler.III
刺客,可随机出现,扭曲监守者轻靴,护甲,True,SW.Item.CaveCrawlerBoots_Unique,SW.EffectTemplate.Gambler.I；SW.EffectTemplate.Gambler.II；SW.EffectTemplate.Gambler.III
刺客,可随机出现,扭曲监守者背心,护甲,True,SW.Item.CaveCrawlerChest_Unique,SW.EffectTemplate.Gambler.I；SW.EffectTemplate.Gambler.II；SW.EffectTemplate.Gambler.III
刺客,可随机出现,扭曲监守者眼罩,护甲,True,SW.Item.CaveCrawlerHelmet_Unique,SW.EffectTemplate.Gambler.I；SW.EffectTemplate.Gambler.II；SW.EffectTemplate.Gambler.III
刺客,可随机出现,扭曲监守者紧身裤,护甲,True,SW.Item.CaveCrawlerLeggings_Unique,SW.EffectTemplate.Gambler.I；SW.EffectTemplate.Gambler.II；SW.EffectTemplate.Gambler.III
刺客,可随机出现,幻翼头盔,护甲,False,SW.Item.PhantomHelmet,SW.EffectTemplate.Gambler.I；SW.EffectTemplate.Gambler.II；SW.EffectTemplate.Gambler.III
刺客,可随机出现,幻翼胸甲,护甲,False,SW.Item.PhantomChest,SW.EffectTemplate.Gambler.I；SW.EffectTemplate.Gambler.II；SW.EffectTemplate.Gambler.III
刺客,可随机出现,幻翼长裤,护甲,False,SW.Item.PhantomLeggings,SW.EffectTemplate.Gambler.I；SW.EffectTemplate.Gambler.II；SW.EffectTemplate.Gambler.III
刺客,可随机出现,幻翼靴,护甲,False,SW.Item.PhantomBoots,SW.EffectTemplate.Gambler.I；SW.EffectTemplate.Gambler.II；SW.EffectTemplate.Gambler.III
刺客,可随机出现,门徒面具,护甲,False,SW.Item.DiscipleHelmet,SW.EffectTemplate.Gambler.I；SW.EffectTemplate.Gambler.II；SW.EffectTemplate.Gambler.III
刺客,可随机出现,门徒长袍,护甲,False,SW.Item.DiscipleChest,SW.EffectTemplate.Gambler.I；SW.EffectTemplate.Gambler.II；SW.EffectTemplate.Gambler.III
刺客,可随机出现,门徒护腿,护甲,False,SW.Item.DiscipleLeggings,SW.EffectTemplate.Gambler.I；SW.EffectTemplate.Gambler.II；SW.EffectTemplate.Gambler.III
刺客,可随机出现,门徒裹足布,护甲,False,SW.Item.DiscipleBoots,SW.EffectTemplate.Gambler.I；SW.EffectTemplate.Gambler.II；SW.EffectTemplate.Gambler.III
刺客,可随机出现,驭梦者王冠,护甲,True,SW.Item.PhantomHelmet_Unique,SW.EffectTemplate.Gambler.I；SW.EffectTemplate.Gambler.II；SW.EffectTemplate.Gambler.III
刺客,可随机出现,驭梦者外袍,护甲,True,SW.Item.PhantomChest_Unique,SW.EffectTemplate.Gambler.I；SW.EffectTemplate.Gambler.II；SW.EffectTemplate.Gambler.III
刺客,可随机出现,驭梦者睡裤,护甲,True,SW.Item.PhantomLeggings_Unique,SW.EffectTemplate.Gambler.I；SW.EffectTemplate.Gambler.II；SW.EffectTemplate.Gambler.III
刺客,可随机出现,驭梦者拖鞋,护甲,True,SW.Item.PhantomBoots_Unique,SW.EffectTemplate.Gambler.I；SW.EffectTemplate.Gambler.II；SW.EffectTemplate.Gambler.III
刺客,可随机出现,贤者头带,护甲,True,SW.Item.DiscipleHelmet_Unique,SW.EffectTemplate.Gambler.I；SW.EffectTemplate.Gambler.II；SW.EffectTemplate.Gambler.III
刺客,可随机出现,贤者束衣,护甲,True,SW.Item.DiscipleChest_Unique,SW.EffectTemplate.Gambler.I；SW.EffectTemplate.Gambler.II；SW.EffectTemplate.Gambler.III
刺客,可随机出现,贤者腰带,护甲,True,SW.Item.DiscipleLeggings_Unique,SW.EffectTemplate.Gambler.I；SW.EffectTemplate.Gambler.II；SW.EffectTemplate.Gambler.III
刺客,可随机出现,贤者裹足布,护甲,True,SW.Item.DiscipleBoots_Unique,SW.EffectTemplate.Gambler.I；SW.EffectTemplate.Gambler.II；SW.EffectTemplate.Gambler.III
刺客,可随机出现,幽匿者面具,护甲,False,SW.Item.ScavengerHelmet,SW.EffectTemplate.Gambler.I；SW.EffectTemplate.Gambler.II；SW.EffectTemplate.Gambler.III
刺客,可随机出现,幽匿者长袍,护甲,False,SW.Item.ScavengerChest,SW.EffectTemplate.Gambler.I；SW.EffectTemplate.Gambler.II；SW.EffectTemplate.Gambler.III
刺客,可随机出现,幽匿者便裤,护甲,False,SW.Item.ScavengerLeggings,SW.EffectTemplate.Gambler.I；SW.EffectTemplate.Gambler.II；SW.EffectTemplate.Gambler.III
刺客,可随机出现,幽匿者之靴,护甲,False,SW.Item.ScavengerBoots,SW.EffectTemplate.Gambler.I；SW.EffectTemplate.Gambler.II；SW.EffectTemplate.Gambler.III
刺客,可随机出现,君主王冠,护甲,True,SW.Item.ScavengerHelmet_Unique,SW.EffectTemplate.Gambler.I；SW.EffectTemplate.Gambler.II；SW.EffectTemplate.Gambler.III
刺客,可随机出现,君主披风,护甲,True,SW.Item.ScavengerChest_Unique,SW.EffectTemplate.Gambler.I；SW.EffectTemplate.Gambler.II；SW.EffectTemplate.Gambler.III
刺客,可随机出现,君主腰带,护甲,True,SW.Item.ScavengerLeggings_Unique,SW.EffectTemplate.Gambler.I；SW.EffectTemplate.Gambler.II；SW.EffectTemplate.Gambler.III
刺客,可随机出现,君主利爪,护甲,True,SW.Item.ScavengerBoots_Unique,SW.EffectTemplate.Gambler.I；SW.EffectTemplate.Gambler.II；SW.EffectTemplate.Gambler.III
斗士,装备固有,斩杀大剑,近战武器,True,SW.Item.Claymore_Unique1,SW.EffectTemplate.SweepingEdge.Unique
斗士,装备固有,寒霜长衬裤,护甲,True,SW.Item.FrostRimeLeggings_Unique,SW.EffectTemplate.SweepingEdge.Unique
斗士,装备固有,轰鸣虫胫甲,护甲,True,SW.Item.StalwartLeggings_Unique,SW.EffectTemplate.SweepingEdge.Unique
斗士,可随机出现,战锤,近战武器,False,SW.Item.WarHammer,SW.EffectTemplate.SweepingEdge.I；SW.EffectTemplate.SweepingEdge.II；SW.EffectTemplate.SweepingEdge.III
斗士,可随机出现,碎心锤,近战武器,True,SW.Item.WarHammer_Unique1,SW.EffectTemplate.SweepingEdge.I；SW.EffectTemplate.SweepingEdge.II；SW.EffectTemplate.SweepingEdge.III
斗士,可随机出现,红石破坏者,近战武器,True,SW.Item.GiantClub_Unique1,SW.EffectTemplate.SweepingEdge.I；SW.EffectTemplate.SweepingEdge.II；SW.EffectTemplate.SweepingEdge.III
斗士,可随机出现,大剑,近战武器,False,SW.Item.Claymore,SW.EffectTemplate.SweepingEdge.I；SW.EffectTemplate.SweepingEdge.II；SW.EffectTemplate.SweepingEdge.III
斗士,可随机出现,巨剑,近战武器,False,SW.Item.Greatsword,SW.EffectTemplate.SweepingEdge.I；SW.EffectTemplate.SweepingEdge.II；SW.EffectTemplate.SweepingEdge.III
斗士,可随机出现,长柄刀,近战武器,False,SW.Item.Glaive,SW.EffectTemplate.SweepingEdge.I；SW.EffectTemplate.SweepingEdge.II；SW.EffectTemplate.SweepingEdge.III
斗士,可随机出现,重击者,近战武器,False,SW.Item.GiantClub,SW.EffectTemplate.SweepingEdge.I；SW.EffectTemplate.SweepingEdge.II；SW.EffectTemplate.SweepingEdge.III
斗士,可随机出现,打怪木槌,近战武器,False,SW.Item.GiantMallet,SW.EffectTemplate.SweepingEdge.I；SW.EffectTemplate.SweepingEdge.II；SW.EffectTemplate.SweepingEdge.III
斗士,可随机出现,铁锹,近战武器,False,SW.Item.Shovel,SW.EffectTemplate.SweepingEdge.I；SW.EffectTemplate.SweepingEdge.II；SW.EffectTemplate.SweepingEdge.III
斗士,可随机出现,重锤,近战武器,False,SW.Item.Mace,SW.EffectTemplate.SweepingEdge.I；SW.EffectTemplate.SweepingEdge.II；SW.EffectTemplate.SweepingEdge.III
斗士,可随机出现,战斗锤,近战武器,False,SW.Item.Hammer,SW.EffectTemplate.SweepingEdge.I；SW.EffectTemplate.SweepingEdge.II；SW.EffectTemplate.SweepingEdge.III
斗士,可随机出现,暗晶剑,近战武器,True,SW.Item.Greatsword_Unique1,SW.EffectTemplate.SweepingEdge.I；SW.EffectTemplate.SweepingEdge.II；SW.EffectTemplate.SweepingEdge.III
斗士,可随机出现,黄金长柄刀,近战武器,True,SW.Item.Glaive_Unique1,SW.EffectTemplate.SweepingEdge.I；SW.EffectTemplate.SweepingEdge.II；SW.EffectTemplate.SweepingEdge.III
斗士,可随机出现,怪物粉碎者,近战武器,True,SW.Item.GiantMallet_Unique1,SW.EffectTemplate.SweepingEdge.I；SW.EffectTemplate.SweepingEdge.II；SW.EffectTemplate.SweepingEdge.III
斗士,可随机出现,钻石锹,近战武器,True,SW.Item.Shovel_Unique1,SW.EffectTemplate.SweepingEdge.I；SW.EffectTemplate.SweepingEdge.II；SW.EffectTemplate.SweepingEdge.III
斗士,可随机出现,甲壳重锤,近战武器,True,SW.Item.Mace_Unique1,SW.EffectTemplate.SweepingEdge.I；SW.EffectTemplate.SweepingEdge.II；SW.EffectTemplate.SweepingEdge.III
斗士,可随机出现,绿宝石锤,近战武器,True,SW.Item.Hammer_Unique1,SW.EffectTemplate.SweepingEdge.I；SW.EffectTemplate.SweepingEdge.II；SW.EffectTemplate.SweepingEdge.III
反刺,装备固有,木精灵树干护腿,护甲,True,SW.Item.HewnBarkLeggings_Unique,SW.EffectTemplate.Thorns.Unique
反刺,可随机出现,赏金猎人之靴,护甲,False,SW.Item.UndauntedBoots,SW.EffectTemplate.Thorns.I；SW.EffectTemplate.Thorns.II；SW.EffectTemplate.Thorns.III
反刺,可随机出现,赏金猎人头盔,护甲,False,SW.Item.UndauntedHelmet,SW.EffectTemplate.Thorns.I；SW.EffectTemplate.Thorns.II；SW.EffectTemplate.Thorns.III
反刺,可随机出现,赏金猎人护胫,护甲,False,SW.Item.UndauntedLeggings,SW.EffectTemplate.Thorns.I；SW.EffectTemplate.Thorns.II；SW.EffectTemplate.Thorns.III
反刺,可随机出现,赏金猎人胸甲,护甲,False,SW.Item.UndauntedChest,SW.EffectTemplate.Thorns.I；SW.EffectTemplate.Thorns.II；SW.EffectTemplate.Thorns.III
反刺,可随机出现,钢丝绒毛衣,护甲,False,SW.Item.FrostRimeChest,SW.EffectTemplate.Thorns.I；SW.EffectTemplate.Thorns.II；SW.EffectTemplate.Thorns.III
反刺,可随机出现,钢丝绒护腿,护甲,False,SW.Item.FrostRimeLeggings,SW.EffectTemplate.Thorns.I；SW.EffectTemplate.Thorns.II；SW.EffectTemplate.Thorns.III
反刺,可随机出现,钢丝绒靴,护甲,False,SW.Item.FrostRimeBoots,SW.EffectTemplate.Thorns.I；SW.EffectTemplate.Thorns.II；SW.EffectTemplate.Thorns.III
反刺,可随机出现,钢丝绒帽,护甲,False,SW.Item.FrostRimeHelmet,SW.EffectTemplate.Thorns.I；SW.EffectTemplate.Thorns.II；SW.EffectTemplate.Thorns.III
反刺,可随机出现,幽匿挖掘者靴子,护甲,False,SW.Item.CaveCrawlerBoots,SW.EffectTemplate.Thorns.I；SW.EffectTemplate.Thorns.II；SW.EffectTemplate.Thorns.III
反刺,可随机出现,幽匿挖掘者长袍,护甲,False,SW.Item.CaveCrawlerChest,SW.EffectTemplate.Thorns.I；SW.EffectTemplate.Thorns.II；SW.EffectTemplate.Thorns.III
反刺,可随机出现,幽匿挖掘者兜帽,护甲,False,SW.Item.CaveCrawlerHelmet,SW.EffectTemplate.Thorns.I；SW.EffectTemplate.Thorns.II；SW.EffectTemplate.Thorns.III
反刺,可随机出现,幽匿挖掘者护腿,护甲,False,SW.Item.CaveCrawlerLeggings,SW.EffectTemplate.Thorns.I；SW.EffectTemplate.Thorns.II；SW.EffectTemplate.Thorns.III
反刺,可随机出现,无畏角盔,护甲,True,SW.Item.UndauntedHelmet_Unique,SW.EffectTemplate.Thorns.I；SW.EffectTemplate.Thorns.II；SW.EffectTemplate.Thorns.III
反刺,可随机出现,无畏肩甲,护甲,True,SW.Item.UndauntedChest_Unique,SW.EffectTemplate.Thorns.I；SW.EffectTemplate.Thorns.II；SW.EffectTemplate.Thorns.III
反刺,可随机出现,无畏胫甲,护甲,True,SW.Item.UndauntedLeggings_Unique,SW.EffectTemplate.Thorns.I；SW.EffectTemplate.Thorns.II；SW.EffectTemplate.Thorns.III
反刺,可随机出现,无畏足甲,护甲,True,SW.Item.UndauntedBoots_Unique,SW.EffectTemplate.Thorns.I；SW.EffectTemplate.Thorns.II；SW.EffectTemplate.Thorns.III
反刺,可随机出现,寒霜护甲,护甲,True,SW.Item.FrostRimeChest_Unique,SW.EffectTemplate.Thorns.I；SW.EffectTemplate.Thorns.II；SW.EffectTemplate.Thorns.III
反刺,可随机出现,寒霜长衬裤,护甲,True,SW.Item.FrostRimeLeggings_Unique,SW.EffectTemplate.Thorns.I；SW.EffectTemplate.Thorns.II；SW.EffectTemplate.Thorns.III
反刺,可随机出现,寒霜踏雪靴,护甲,True,SW.Item.FrostRimeBoots_Unique,SW.EffectTemplate.Thorns.I；SW.EffectTemplate.Thorns.II；SW.EffectTemplate.Thorns.III
反刺,可随机出现,寒霜冰帽,护甲,True,SW.Item.FrostRimeHelmet_Unique,SW.EffectTemplate.Thorns.I；SW.EffectTemplate.Thorns.II；SW.EffectTemplate.Thorns.III
反刺,可随机出现,扭曲监守者轻靴,护甲,True,SW.Item.CaveCrawlerBoots_Unique,SW.EffectTemplate.Thorns.I；SW.EffectTemplate.Thorns.II；SW.EffectTemplate.Thorns.III
反刺,可随机出现,扭曲监守者背心,护甲,True,SW.Item.CaveCrawlerChest_Unique,SW.EffectTemplate.Thorns.I；SW.EffectTemplate.Thorns.II；SW.EffectTemplate.Thorns.III
反刺,可随机出现,扭曲监守者眼罩,护甲,True,SW.Item.CaveCrawlerHelmet_Unique,SW.EffectTemplate.Thorns.I；SW.EffectTemplate.Thorns.II；SW.EffectTemplate.Thorns.III
反刺,可随机出现,扭曲监守者紧身裤,护甲,True,SW.Item.CaveCrawlerLeggings_Unique,SW.EffectTemplate.Thorns.I；SW.EffectTemplate.Thorns.II；SW.EffectTemplate.Thorns.III
反刺,可随机出现,守卫者头盔,护甲,False,SW.Item.StalwartHelmet,SW.EffectTemplate.Thorns.I；SW.EffectTemplate.Thorns.II；SW.EffectTemplate.Thorns.III
反刺,可随机出现,守卫者胸甲,护甲,False,SW.Item.StalwartChest,SW.EffectTemplate.Thorns.I；SW.EffectTemplate.Thorns.II；SW.EffectTemplate.Thorns.III
反刺,可随机出现,守卫者护胫,护甲,False,SW.Item.StalwartLeggings,SW.EffectTemplate.Thorns.I；SW.EffectTemplate.Thorns.II；SW.EffectTemplate.Thorns.III
反刺,可随机出现,守卫者之靴,护甲,False,SW.Item.StalwartBoots,SW.EffectTemplate.Thorns.I；SW.EffectTemplate.Thorns.II；SW.EffectTemplate.Thorns.III
反刺,可随机出现,轰鸣虫触角,护甲,True,SW.Item.StalwartHelmet_Unique,SW.EffectTemplate.Thorns.I；SW.EffectTemplate.Thorns.II；SW.EffectTemplate.Thorns.III
反刺,可随机出现,轰鸣虫甲壳,护甲,True,SW.Item.StalwartChest_Unique,SW.EffectTemplate.Thorns.I；SW.EffectTemplate.Thorns.II；SW.EffectTemplate.Thorns.III
反刺,可随机出现,轰鸣虫胫甲,护甲,True,SW.Item.StalwartLeggings_Unique,SW.EffectTemplate.Thorns.I；SW.EffectTemplate.Thorns.II；SW.EffectTemplate.Thorns.III
反刺,可随机出现,轰鸣虫跗靴,护甲,True,SW.Item.StalwartBoots_Unique,SW.EffectTemplate.Thorns.I；SW.EffectTemplate.Thorns.II；SW.EffectTemplate.Thorns.III
反刺,可随机出现,蘑菇帽,护甲,False,SW.Item.MushroomHelmet,SW.EffectTemplate.Thorns.I；SW.EffectTemplate.Thorns.II；SW.EffectTemplate.Thorns.III
反刺,可随机出现,蘑菇长袍,护甲,False,SW.Item.MushroomChest,SW.EffectTemplate.Thorns.I；SW.EffectTemplate.Thorns.II；SW.EffectTemplate.Thorns.III
反刺,可随机出现,蘑菇护腿,护甲,False,SW.Item.MushroomLeggings,SW.EffectTemplate.Thorns.I；SW.EffectTemplate.Thorns.II；SW.EffectTemplate.Thorns.III
反刺,可随机出现,蘑菇靴,护甲,False,SW.Item.MushroomBoots,SW.EffectTemplate.Thorns.I；SW.EffectTemplate.Thorns.II；SW.EffectTemplate.Thorns.III
反刺,可随机出现,红石头盔,护甲,False,SW.Item.RedstoneHelmet,SW.EffectTemplate.Thorns.I；SW.EffectTemplate.Thorns.II；SW.EffectTemplate.Thorns.III
反刺,可随机出现,红石胸甲,护甲,False,SW.Item.RedstoneChest,SW.EffectTemplate.Thorns.I；SW.EffectTemplate.Thorns.II；SW.EffectTemplate.Thorns.III
反刺,可随机出现,红石护胫,护甲,False,SW.Item.RedstoneLeggings,SW.EffectTemplate.Thorns.I；SW.EffectTemplate.Thorns.II；SW.EffectTemplate.Thorns.III
反刺,可随机出现,红石靴,护甲,False,SW.Item.RedstoneBoots,SW.EffectTemplate.Thorns.I；SW.EffectTemplate.Thorns.II；SW.EffectTemplate.Thorns.III
反刺,可随机出现,毒蝇伞帽,护甲,True,SW.Item.MushroomHelmet_Unique,SW.EffectTemplate.Thorns.I；SW.EffectTemplate.Thorns.II；SW.EffectTemplate.Thorns.III
反刺,可随机出现,毒蝇伞外套,护甲,True,SW.Item.MushroomChest_Unique,SW.EffectTemplate.Thorns.I；SW.EffectTemplate.Thorns.II；SW.EffectTemplate.Thorns.III
反刺,可随机出现,毒蝇伞长裤,护甲,True,SW.Item.MushroomLeggings_Unique,SW.EffectTemplate.Thorns.I；SW.EffectTemplate.Thorns.II；SW.EffectTemplate.Thorns.III
反刺,可随机出现,毒蝇伞雨鞋,护甲,True,SW.Item.MushroomBoots_Unique,SW.EffectTemplate.Thorns.I；SW.EffectTemplate.Thorns.II；SW.EffectTemplate.Thorns.III
反刺,可随机出现,巨兽角盔,护甲,True,SW.Item.RedstoneHelmet_Unique,SW.EffectTemplate.Thorns.I；SW.EffectTemplate.Thorns.II；SW.EffectTemplate.Thorns.III
反刺,可随机出现,巨兽盔甲,护甲,True,SW.Item.RedstoneChest_Unique,SW.EffectTemplate.Thorns.I；SW.EffectTemplate.Thorns.II；SW.EffectTemplate.Thorns.III
反刺,可随机出现,巨兽胫甲,护甲,True,SW.Item.RedstoneLeggings_Unique,SW.EffectTemplate.Thorns.I；SW.EffectTemplate.Thorns.II；SW.EffectTemplate.Thorns.III
反刺,可随机出现,巨兽战靴,护甲,True,SW.Item.RedstoneBoots_Unique,SW.EffectTemplate.Thorns.I；SW.EffectTemplate.Thorns.II；SW.EffectTemplate.Thorns.III
药剂师,可随机出现,赏金猎人之靴,护甲,False,SW.Item.UndauntedBoots,SW.EffectTemplate.PotionMaster.I；SW.EffectTemplate.PotionMaster.II；SW.EffectTemplate.PotionMaster.III
药剂师,可随机出现,赏金猎人头盔,护甲,False,SW.Item.UndauntedHelmet,SW.EffectTemplate.PotionMaster.I；SW.EffectTemplate.PotionMaster.II；SW.EffectTemplate.PotionMaster.III
药剂师,可随机出现,赏金猎人护胫,护甲,False,SW.Item.UndauntedLeggings,SW.EffectTemplate.PotionMaster.I；SW.EffectTemplate.PotionMaster.II；SW.EffectTemplate.PotionMaster.III
药剂师,可随机出现,赏金猎人胸甲,护甲,False,SW.Item.UndauntedChest,SW.EffectTemplate.PotionMaster.I；SW.EffectTemplate.PotionMaster.II；SW.EffectTemplate.PotionMaster.III
药剂师,可随机出现,钢丝绒毛衣,护甲,False,SW.Item.FrostRimeChest,SW.EffectTemplate.PotionMaster.I；SW.EffectTemplate.PotionMaster.II；SW.EffectTemplate.PotionMaster.III
药剂师,可随机出现,钢丝绒护腿,护甲,False,SW.Item.FrostRimeLeggings,SW.EffectTemplate.PotionMaster.I；SW.EffectTemplate.PotionMaster.II；SW.EffectTemplate.PotionMaster.III
药剂师,可随机出现,钢丝绒靴,护甲,False,SW.Item.FrostRimeBoots,SW.EffectTemplate.PotionMaster.I；SW.EffectTemplate.PotionMaster.II；SW.EffectTemplate.PotionMaster.III
药剂师,可随机出现,钢丝绒帽,护甲,False,SW.Item.FrostRimeHelmet,SW.EffectTemplate.PotionMaster.I；SW.EffectTemplate.PotionMaster.II；SW.EffectTemplate.PotionMaster.III
药剂师,可随机出现,幽匿挖掘者靴子,护甲,False,SW.Item.CaveCrawlerBoots,SW.EffectTemplate.PotionMaster.I；SW.EffectTemplate.PotionMaster.II；SW.EffectTemplate.PotionMaster.III
药剂师,可随机出现,幽匿挖掘者长袍,护甲,False,SW.Item.CaveCrawlerChest,SW.EffectTemplate.PotionMaster.I；SW.EffectTemplate.PotionMaster.II；SW.EffectTemplate.PotionMaster.III
药剂师,可随机出现,幽匿挖掘者兜帽,护甲,False,SW.Item.CaveCrawlerHelmet,SW.EffectTemplate.PotionMaster.I；SW.EffectTemplate.PotionMaster.II；SW.EffectTemplate.PotionMaster.III
药剂师,可随机出现,幽匿挖掘者护腿,护甲,False,SW.Item.CaveCrawlerLeggings,SW.EffectTemplate.PotionMaster.I；SW.EffectTemplate.PotionMaster.II；SW.EffectTemplate.PotionMaster.III
药剂师,可随机出现,无畏角盔,护甲,True,SW.Item.UndauntedHelmet_Unique,SW.EffectTemplate.PotionMaster.I；SW.EffectTemplate.PotionMaster.II；SW.EffectTemplate.PotionMaster.III
药剂师,可随机出现,无畏肩甲,护甲,True,SW.Item.UndauntedChest_Unique,SW.EffectTemplate.PotionMaster.I；SW.EffectTemplate.PotionMaster.II；SW.EffectTemplate.PotionMaster.III
药剂师,可随机出现,无畏胫甲,护甲,True,SW.Item.UndauntedLeggings_Unique,SW.EffectTemplate.PotionMaster.I；SW.EffectTemplate.PotionMaster.II；SW.EffectTemplate.PotionMaster.III
药剂师,可随机出现,无畏足甲,护甲,True,SW.Item.UndauntedBoots_Unique,SW.EffectTemplate.PotionMaster.I；SW.EffectTemplate.PotionMaster.II；SW.EffectTemplate.PotionMaster.III
药剂师,可随机出现,寒霜护甲,护甲,True,SW.Item.FrostRimeChest_Unique,SW.EffectTemplate.PotionMaster.I；SW.EffectTemplate.PotionMaster.II；SW.EffectTemplate.PotionMaster.III
药剂师,可随机出现,寒霜长衬裤,护甲,True,SW.Item.FrostRimeLeggings_Unique,SW.EffectTemplate.PotionMaster.I；SW.EffectTemplate.PotionMaster.II；SW.EffectTemplate.PotionMaster.III
药剂师,可随机出现,寒霜踏雪靴,护甲,True,SW.Item.FrostRimeBoots_Unique,SW.EffectTemplate.PotionMaster.I；SW.EffectTemplate.PotionMaster.II；SW.EffectTemplate.PotionMaster.III
药剂师,可随机出现,寒霜冰帽,护甲,True,SW.Item.FrostRimeHelmet_Unique,SW.EffectTemplate.PotionMaster.I；SW.EffectTemplate.PotionMaster.II；SW.EffectTemplate.PotionMaster.III
药剂师,可随机出现,扭曲监守者轻靴,护甲,True,SW.Item.CaveCrawlerBoots_Unique,SW.EffectTemplate.PotionMaster.I；SW.EffectTemplate.PotionMaster.II；SW.EffectTemplate.PotionMaster.III
药剂师,可随机出现,扭曲监守者背心,护甲,True,SW.Item.CaveCrawlerChest_Unique,SW.EffectTemplate.PotionMaster.I；SW.EffectTemplate.PotionMaster.II；SW.EffectTemplate.PotionMaster.III
药剂师,可随机出现,扭曲监守者眼罩,护甲,True,SW.Item.CaveCrawlerHelmet_Unique,SW.EffectTemplate.PotionMaster.I；SW.EffectTemplate.PotionMaster.II；SW.EffectTemplate.PotionMaster.III
药剂师,可随机出现,扭曲监守者紧身裤,护甲,True,SW.Item.CaveCrawlerLeggings_Unique,SW.EffectTemplate.PotionMaster.I；SW.EffectTemplate.PotionMaster.II；SW.EffectTemplate.PotionMaster.III
药剂师,可随机出现,守卫者头盔,护甲,False,SW.Item.StalwartHelmet,SW.EffectTemplate.PotionMaster.I；SW.EffectTemplate.PotionMaster.II；SW.EffectTemplate.PotionMaster.III
药剂师,可随机出现,守卫者胸甲,护甲,False,SW.Item.StalwartChest,SW.EffectTemplate.PotionMaster.I；SW.EffectTemplate.PotionMaster.II；SW.EffectTemplate.PotionMaster.III
药剂师,可随机出现,守卫者护胫,护甲,False,SW.Item.StalwartLeggings,SW.EffectTemplate.PotionMaster.I；SW.EffectTemplate.PotionMaster.II；SW.EffectTemplate.PotionMaster.III
药剂师,可随机出现,守卫者之靴,护甲,False,SW.Item.StalwartBoots,SW.EffectTemplate.PotionMaster.I；SW.EffectTemplate.PotionMaster.II；SW.EffectTemplate.PotionMaster.III
药剂师,可随机出现,轰鸣虫触角,护甲,True,SW.Item.StalwartHelmet_Unique,SW.EffectTemplate.PotionMaster.I；SW.EffectTemplate.PotionMaster.II；SW.EffectTemplate.PotionMaster.III
药剂师,可随机出现,轰鸣虫甲壳,护甲,True,SW.Item.StalwartChest_Unique,SW.EffectTemplate.PotionMaster.I；SW.EffectTemplate.PotionMaster.II；SW.EffectTemplate.PotionMaster.III
药剂师,可随机出现,轰鸣虫胫甲,护甲,True,SW.Item.StalwartLeggings_Unique,SW.EffectTemplate.PotionMaster.I；SW.EffectTemplate.PotionMaster.II；SW.EffectTemplate.PotionMaster.III
药剂师,可随机出现,轰鸣虫跗靴,护甲,True,SW.Item.StalwartBoots_Unique,SW.EffectTemplate.PotionMaster.I；SW.EffectTemplate.PotionMaster.II；SW.EffectTemplate.PotionMaster.III
药剂师,可随机出现,护林者面具,护甲,False,SW.Item.HewnBarkHelmet,SW.EffectTemplate.PotionMaster.I；SW.EffectTemplate.PotionMaster.II；SW.EffectTemplate.PotionMaster.III
药剂师,可随机出现,护林者胸甲,护甲,False,SW.Item.HewnBarkChest,SW.EffectTemplate.PotionMaster.I；SW.EffectTemplate.PotionMaster.II；SW.EffectTemplate.PotionMaster.III
药剂师,可随机出现,护林者护腿,护甲,False,SW.Item.HewnBarkLeggings,SW.EffectTemplate.PotionMaster.I；SW.EffectTemplate.PotionMaster.II；SW.EffectTemplate.PotionMaster.III
药剂师,可随机出现,护林者木屐,护甲,False,SW.Item.HewnBarkBoots,SW.EffectTemplate.PotionMaster.I；SW.EffectTemplate.PotionMaster.II；SW.EffectTemplate.PotionMaster.III
药剂师,可随机出现,养蜂人面罩,护甲,False,SW.Item.HoneyHelmet,SW.EffectTemplate.PotionMaster.I；SW.EffectTemplate.PotionMaster.II；SW.EffectTemplate.PotionMaster.III
药剂师,可随机出现,养蜂服,护甲,False,SW.Item.HoneyChest,SW.EffectTemplate.PotionMaster.I；SW.EffectTemplate.PotionMaster.II；SW.EffectTemplate.PotionMaster.III
药剂师,可随机出现,养蜂人护腿,护甲,False,SW.Item.HoneyLeggings,SW.EffectTemplate.PotionMaster.I；SW.EffectTemplate.PotionMaster.II；SW.EffectTemplate.PotionMaster.III
药剂师,可随机出现,养蜂人之靴,护甲,False,SW.Item.HoneyBoots,SW.EffectTemplate.PotionMaster.I；SW.EffectTemplate.PotionMaster.II；SW.EffectTemplate.PotionMaster.III
药剂师,可随机出现,蘑菇帽,护甲,False,SW.Item.MushroomHelmet,SW.EffectTemplate.PotionMaster.I；SW.EffectTemplate.PotionMaster.II；SW.EffectTemplate.PotionMaster.III
药剂师,可随机出现,蘑菇长袍,护甲,False,SW.Item.MushroomChest,SW.EffectTemplate.PotionMaster.I；SW.EffectTemplate.PotionMaster.II；SW.EffectTemplate.PotionMaster.III
药剂师,可随机出现,蘑菇护腿,护甲,False,SW.Item.MushroomLeggings,SW.EffectTemplate.PotionMaster.I；SW.EffectTemplate.PotionMaster.II；SW.EffectTemplate.PotionMaster.III
药剂师,可随机出现,蘑菇靴,护甲,False,SW.Item.MushroomBoots,SW.EffectTemplate.PotionMaster.I；SW.EffectTemplate.PotionMaster.II；SW.EffectTemplate.PotionMaster.III
药剂师,可随机出现,汐浮特兜帽,护甲,False,SW.Item.WellspringHelmet,SW.EffectTemplate.PotionMaster.I；SW.EffectTemplate.PotionMaster.II；SW.EffectTemplate.PotionMaster.III
药剂师,可随机出现,汐浮特长袍,护甲,False,SW.Item.WellspringChest,SW.EffectTemplate.PotionMaster.I；SW.EffectTemplate.PotionMaster.II；SW.EffectTemplate.PotionMaster.III
药剂师,可随机出现,汐浮特护腿,护甲,False,SW.Item.WellspringLeggings,SW.EffectTemplate.PotionMaster.I；SW.EffectTemplate.PotionMaster.II；SW.EffectTemplate.PotionMaster.III
药剂师,可随机出现,汐浮特之靴,护甲,False,SW.Item.WellspringBoots,SW.EffectTemplate.PotionMaster.I；SW.EffectTemplate.PotionMaster.II；SW.EffectTemplate.PotionMaster.III
药剂师,可随机出现,红石头盔,护甲,False,SW.Item.RedstoneHelmet,SW.EffectTemplate.PotionMaster.I；SW.EffectTemplate.PotionMaster.II；SW.EffectTemplate.PotionMaster.III
药剂师,可随机出现,红石胸甲,护甲,False,SW.Item.RedstoneChest,SW.EffectTemplate.PotionMaster.I；SW.EffectTemplate.PotionMaster.II；SW.EffectTemplate.PotionMaster.III
药剂师,可随机出现,红石护胫,护甲,False,SW.Item.RedstoneLeggings,SW.EffectTemplate.PotionMaster.I；SW.EffectTemplate.PotionMaster.II；SW.EffectTemplate.PotionMaster.III
药剂师,可随机出现,红石靴,护甲,False,SW.Item.RedstoneBoots,SW.EffectTemplate.PotionMaster.I；SW.EffectTemplate.PotionMaster.II；SW.EffectTemplate.PotionMaster.III
药剂师,可随机出现,木精灵王冠,护甲,True,SW.Item.HewnBarkHelmet_Unique,SW.EffectTemplate.PotionMaster.I；SW.EffectTemplate.PotionMaster.II；SW.EffectTemplate.PotionMaster.III
药剂师,可随机出现,木精灵树皮甲,护甲,True,SW.Item.HewnBarkChest_Unique,SW.EffectTemplate.PotionMaster.I；SW.EffectTemplate.PotionMaster.II；SW.EffectTemplate.PotionMaster.III
药剂师,可随机出现,木精灵树干护腿,护甲,True,SW.Item.HewnBarkLeggings_Unique,SW.EffectTemplate.PotionMaster.I；SW.EffectTemplate.PotionMaster.II；SW.EffectTemplate.PotionMaster.III
药剂师,可随机出现,木精灵根须靴,护甲,True,SW.Item.HewnBarkBoots_Unique,SW.EffectTemplate.PotionMaster.I；SW.EffectTemplate.PotionMaster.II；SW.EffectTemplate.PotionMaster.III
药剂师,可随机出现,蜂群意识安全帽,护甲,True,SW.Item.HoneyHelmet_Unique,SW.EffectTemplate.PotionMaster.I；SW.EffectTemplate.PotionMaster.II；SW.EffectTemplate.PotionMaster.III
药剂师,可随机出现,蜂群意识胸甲,护甲,True,SW.Item.HoneyChest_Unique,SW.EffectTemplate.PotionMaster.I；SW.EffectTemplate.PotionMaster.II；SW.EffectTemplate.PotionMaster.III
药剂师,可随机出现,蜂群意识长裤,护甲,True,SW.Item.HoneyLeggings_Unique,SW.EffectTemplate.PotionMaster.I；SW.EffectTemplate.PotionMaster.II；SW.EffectTemplate.PotionMaster.III
药剂师,可随机出现,蜂群意识刺靴,护甲,True,SW.Item.HoneyBoots_Unique,SW.EffectTemplate.PotionMaster.I；SW.EffectTemplate.PotionMaster.II；SW.EffectTemplate.PotionMaster.III
药剂师,可随机出现,毒蝇伞帽,护甲,True,SW.Item.MushroomHelmet_Unique,SW.EffectTemplate.PotionMaster.I；SW.EffectTemplate.PotionMaster.II；SW.EffectTemplate.PotionMaster.III
药剂师,可随机出现,毒蝇伞外套,护甲,True,SW.Item.MushroomChest_Unique,SW.EffectTemplate.PotionMaster.I；SW.EffectTemplate.PotionMaster.II；SW.EffectTemplate.PotionMaster.III
药剂师,可随机出现,毒蝇伞长裤,护甲,True,SW.Item.MushroomLeggings_Unique,SW.EffectTemplate.PotionMaster.I；SW.EffectTemplate.PotionMaster.II；SW.EffectTemplate.PotionMaster.III
药剂师,可随机出现,毒蝇伞雨鞋,护甲,True,SW.Item.MushroomBoots_Unique,SW.EffectTemplate.PotionMaster.I；SW.EffectTemplate.PotionMaster.II；SW.EffectTemplate.PotionMaster.III
药剂师,可随机出现,狂怒汐浮特面具,护甲,True,SW.Item.WellspringHelmet_Unique,SW.EffectTemplate.PotionMaster.I；SW.EffectTemplate.PotionMaster.II；SW.EffectTemplate.PotionMaster.III
药剂师,可随机出现,狂怒汐浮特背心,护甲,True,SW.Item.WellspringChest_Unique,SW.EffectTemplate.PotionMaster.I；SW.EffectTemplate.PotionMaster.II；SW.EffectTemplate.PotionMaster.III
药剂师,可随机出现,狂怒汐浮特便裤,护甲,True,SW.Item.WellspringLeggings_Unique,SW.EffectTemplate.PotionMaster.I；SW.EffectTemplate.PotionMaster.II；SW.EffectTemplate.PotionMaster.III
药剂师,可随机出现,狂怒汐浮特之爪,护甲,True,SW.Item.WellspringBoots_Unique,SW.EffectTemplate.PotionMaster.I；SW.EffectTemplate.PotionMaster.II；SW.EffectTemplate.PotionMaster.III
药剂师,可随机出现,巨兽角盔,护甲,True,SW.Item.RedstoneHelmet_Unique,SW.EffectTemplate.PotionMaster.I；SW.EffectTemplate.PotionMaster.II；SW.EffectTemplate.PotionMaster.III
药剂师,可随机出现,巨兽盔甲,护甲,True,SW.Item.RedstoneChest_Unique,SW.EffectTemplate.PotionMaster.I；SW.EffectTemplate.PotionMaster.II；SW.EffectTemplate.PotionMaster.III
药剂师,可随机出现,巨兽胫甲,护甲,True,SW.Item.RedstoneLeggings_Unique,SW.EffectTemplate.PotionMaster.I；SW.EffectTemplate.PotionMaster.II；SW.EffectTemplate.PotionMaster.III
药剂师,可随机出现,巨兽战靴,护甲,True,SW.Item.RedstoneBoots_Unique,SW.EffectTemplate.PotionMaster.I；SW.EffectTemplate.PotionMaster.II；SW.EffectTemplate.PotionMaster.III
药剂师,护符成长,萤石瓶,护符,False,SW.Item.Talisman.PotionCooldown,SW.EffectTemplate.PotionCooldown.I；SW.EffectTemplate.PotionCooldown.II；SW.EffectTemplate.PotionCooldown.III
冰霜法师,装备固有,霜冻剑,近战武器,True,SW.Item.StraightSword_Unique1,SW.EffectTemplate.FrostFocus.Unique
冰霜法师,装备固有,寒霜冰帽,护甲,True,SW.Item.FrostRimeHelmet_Unique,SW.EffectTemplate.FrostFocus.Unique
冰霜法师,可随机出现,钢丝绒毛衣,护甲,False,SW.Item.FrostRimeChest,SW.EffectTemplate.FrostFocus.I；SW.EffectTemplate.FrostFocus.II；SW.EffectTemplate.FrostFocus.III
冰霜法师,可随机出现,钢丝绒护腿,护甲,False,SW.Item.FrostRimeLeggings,SW.EffectTemplate.FrostFocus.I；SW.EffectTemplate.FrostFocus.II；SW.EffectTemplate.FrostFocus.III
冰霜法师,可随机出现,钢丝绒靴,护甲,False,SW.Item.FrostRimeBoots,SW.EffectTemplate.FrostFocus.I；SW.EffectTemplate.FrostFocus.II；SW.EffectTemplate.FrostFocus.III
冰霜法师,可随机出现,钢丝绒帽,护甲,False,SW.Item.FrostRimeHelmet,SW.EffectTemplate.FrostFocus.I；SW.EffectTemplate.FrostFocus.II；SW.EffectTemplate.FrostFocus.III
冰霜法师,可随机出现,寒霜护甲,护甲,True,SW.Item.FrostRimeChest_Unique,SW.EffectTemplate.FrostFocus.I；SW.EffectTemplate.FrostFocus.II；SW.EffectTemplate.FrostFocus.III
冰霜法师,可随机出现,寒霜长衬裤,护甲,True,SW.Item.FrostRimeLeggings_Unique,SW.EffectTemplate.FrostFocus.I；SW.EffectTemplate.FrostFocus.II；SW.EffectTemplate.FrostFocus.III
冰霜法师,可随机出现,寒霜踏雪靴,护甲,True,SW.Item.FrostRimeBoots_Unique,SW.EffectTemplate.FrostFocus.I；SW.EffectTemplate.FrostFocus.II；SW.EffectTemplate.FrostFocus.III
冰霜法师,可随机出现,神秘头箍,护甲,False,SW.Item.MysticHelmet,SW.EffectTemplate.FrostFocus.I；SW.EffectTemplate.FrostFocus.II；SW.EffectTemplate.FrostFocus.III
冰霜法师,可随机出现,神秘长袍,护甲,False,SW.Item.MysticChest,SW.EffectTemplate.FrostFocus.I；SW.EffectTemplate.FrostFocus.II；SW.EffectTemplate.FrostFocus.III
冰霜法师,可随机出现,神秘护腿,护甲,False,SW.Item.MysticLeggings,SW.EffectTemplate.FrostFocus.I；SW.EffectTemplate.FrostFocus.II；SW.EffectTemplate.FrostFocus.III
冰霜法师,可随机出现,神秘靴,护甲,False,SW.Item.MysticBoots,SW.EffectTemplate.FrostFocus.I；SW.EffectTemplate.FrostFocus.II；SW.EffectTemplate.FrostFocus.III
冰霜法师,可随机出现,神谕王冠,护甲,True,SW.Item.MysticHelmet_Unique,SW.EffectTemplate.FrostFocus.I；SW.EffectTemplate.FrostFocus.II；SW.EffectTemplate.FrostFocus.III
冰霜法师,可随机出现,神谕披风,护甲,True,SW.Item.MysticChest_Unique,SW.EffectTemplate.FrostFocus.I；SW.EffectTemplate.FrostFocus.II；SW.EffectTemplate.FrostFocus.III
冰霜法师,可随机出现,神谕紧身裤,护甲,True,SW.Item.MysticLeggings_Unique,SW.EffectTemplate.FrostFocus.I；SW.EffectTemplate.FrostFocus.II；SW.EffectTemplate.FrostFocus.III
冰霜法师,可随机出现,神谕凉鞋,护甲,True,SW.Item.MysticBoots_Unique,SW.EffectTemplate.FrostFocus.I；SW.EffectTemplate.FrostFocus.II；SW.EffectTemplate.FrostFocus.III
冰霜法师,可随机出现,界域行者帽,护甲,False,SW.Item.TimewornHelmet,SW.EffectTemplate.FrostFocus.I；SW.EffectTemplate.FrostFocus.II；SW.EffectTemplate.FrostFocus.III
冰霜法师,可随机出现,界域行者长袍,护甲,False,SW.Item.TimewornChest,SW.EffectTemplate.FrostFocus.I；SW.EffectTemplate.FrostFocus.II；SW.EffectTemplate.FrostFocus.III
冰霜法师,可随机出现,界域行者护腿,护甲,False,SW.Item.TimewornLeggings,SW.EffectTemplate.FrostFocus.I；SW.EffectTemplate.FrostFocus.II；SW.EffectTemplate.FrostFocus.III
冰霜法师,可随机出现,界域行者靴,护甲,False,SW.Item.TimewornBoots,SW.EffectTemplate.FrostFocus.I；SW.EffectTemplate.FrostFocus.II；SW.EffectTemplate.FrostFocus.III
冰霜法师,可随机出现,蘑菇帽,护甲,False,SW.Item.MushroomHelmet,SW.EffectTemplate.FrostFocus.I；SW.EffectTemplate.FrostFocus.II；SW.EffectTemplate.FrostFocus.III
冰霜法师,可随机出现,蘑菇长袍,护甲,False,SW.Item.MushroomChest,SW.EffectTemplate.FrostFocus.I；SW.EffectTemplate.FrostFocus.II；SW.EffectTemplate.FrostFocus.III
冰霜法师,可随机出现,蘑菇护腿,护甲,False,SW.Item.MushroomLeggings,SW.EffectTemplate.FrostFocus.I；SW.EffectTemplate.FrostFocus.II；SW.EffectTemplate.FrostFocus.III
冰霜法师,可随机出现,蘑菇靴,护甲,False,SW.Item.MushroomBoots,SW.EffectTemplate.FrostFocus.I；SW.EffectTemplate.FrostFocus.II；SW.EffectTemplate.FrostFocus.III
冰霜法师,可随机出现,汐浮特兜帽,护甲,False,SW.Item.WellspringHelmet,SW.EffectTemplate.FrostFocus.I；SW.EffectTemplate.FrostFocus.II；SW.EffectTemplate.FrostFocus.III
冰霜法师,可随机出现,汐浮特长袍,护甲,False,SW.Item.WellspringChest,SW.EffectTemplate.FrostFocus.I；SW.EffectTemplate.FrostFocus.II；SW.EffectTemplate.FrostFocus.III
冰霜法师,可随机出现,汐浮特护腿,护甲,False,SW.Item.WellspringLeggings,SW.EffectTemplate.FrostFocus.I；SW.EffectTemplate.FrostFocus.II；SW.EffectTemplate.FrostFocus.III
冰霜法师,可随机出现,汐浮特之靴,护甲,False,SW.Item.WellspringBoots,SW.EffectTemplate.FrostFocus.I；SW.EffectTemplate.FrostFocus.II；SW.EffectTemplate.FrostFocus.III
冰霜法师,可随机出现,红石头盔,护甲,False,SW.Item.RedstoneHelmet,SW.EffectTemplate.FrostFocus.I；SW.EffectTemplate.FrostFocus.II；SW.EffectTemplate.FrostFocus.III
冰霜法师,可随机出现,红石胸甲,护甲,False,SW.Item.RedstoneChest,SW.EffectTemplate.FrostFocus.I；SW.EffectTemplate.FrostFocus.II；SW.EffectTemplate.FrostFocus.III
冰霜法师,可随机出现,红石护胫,护甲,False,SW.Item.RedstoneLeggings,SW.EffectTemplate.FrostFocus.I；SW.EffectTemplate.FrostFocus.II；SW.EffectTemplate.FrostFocus.III
冰霜法师,可随机出现,红石靴,护甲,False,SW.Item.RedstoneBoots,SW.EffectTemplate.FrostFocus.I；SW.EffectTemplate.FrostFocus.II；SW.EffectTemplate.FrostFocus.III
冰霜法师,可随机出现,巫师帽,护甲,False,SW.Item.EvocationHelmet,SW.EffectTemplate.FrostFocus.I；SW.EffectTemplate.FrostFocus.II；SW.EffectTemplate.FrostFocus.III
冰霜法师,可随机出现,巫师长袍,护甲,False,SW.Item.EvocationChest,SW.EffectTemplate.FrostFocus.I；SW.EffectTemplate.FrostFocus.II；SW.EffectTemplate.FrostFocus.III
冰霜法师,可随机出现,巫师护腿,护甲,False,SW.Item.EvocationLeggings,SW.EffectTemplate.FrostFocus.I；SW.EffectTemplate.FrostFocus.II；SW.EffectTemplate.FrostFocus.III
冰霜法师,可随机出现,巫师靴,护甲,False,SW.Item.EvocationBoots,SW.EffectTemplate.FrostFocus.I；SW.EffectTemplate.FrostFocus.II；SW.EffectTemplate.FrostFocus.III
冰霜法师,可随机出现,灵魂腐化者面具,护甲,True,SW.Item.TimewornHelmet_Unique,SW.EffectTemplate.FrostFocus.I；SW.EffectTemplate.FrostFocus.II；SW.EffectTemplate.FrostFocus.III
冰霜法师,可随机出现,灵魂腐化者风衣,护甲,True,SW.Item.TimewornChest_Unique,SW.EffectTemplate.FrostFocus.I；SW.EffectTemplate.FrostFocus.II；SW.EffectTemplate.FrostFocus.III
冰霜法师,可随机出现,灵魂腐化者腰带,护甲,True,SW.Item.TimewornLeggings_Unique,SW.EffectTemplate.FrostFocus.I；SW.EffectTemplate.FrostFocus.II；SW.EffectTemplate.FrostFocus.III
冰霜法师,可随机出现,灵魂腐化者凉鞋,护甲,True,SW.Item.TimewornBoots_Unique,SW.EffectTemplate.FrostFocus.I；SW.EffectTemplate.FrostFocus.II；SW.EffectTemplate.FrostFocus.III
冰霜法师,可随机出现,毒蝇伞帽,护甲,True,SW.Item.MushroomHelmet_Unique,SW.EffectTemplate.FrostFocus.I；SW.EffectTemplate.FrostFocus.II；SW.EffectTemplate.FrostFocus.III
冰霜法师,可随机出现,毒蝇伞外套,护甲,True,SW.Item.MushroomChest_Unique,SW.EffectTemplate.FrostFocus.I；SW.EffectTemplate.FrostFocus.II；SW.EffectTemplate.FrostFocus.III
冰霜法师,可随机出现,毒蝇伞长裤,护甲,True,SW.Item.MushroomLeggings_Unique,SW.EffectTemplate.FrostFocus.I；SW.EffectTemplate.FrostFocus.II；SW.EffectTemplate.FrostFocus.III
冰霜法师,可随机出现,毒蝇伞雨鞋,护甲,True,SW.Item.MushroomBoots_Unique,SW.EffectTemplate.FrostFocus.I；SW.EffectTemplate.FrostFocus.II；SW.EffectTemplate.FrostFocus.III
冰霜法师,可随机出现,狂怒汐浮特面具,护甲,True,SW.Item.WellspringHelmet_Unique,SW.EffectTemplate.FrostFocus.I；SW.EffectTemplate.FrostFocus.II；SW.EffectTemplate.FrostFocus.III
冰霜法师,可随机出现,狂怒汐浮特背心,护甲,True,SW.Item.WellspringChest_Unique,SW.EffectTemplate.FrostFocus.I；SW.EffectTemplate.FrostFocus.II；SW.EffectTemplate.FrostFocus.III
冰霜法师,可随机出现,狂怒汐浮特便裤,护甲,True,SW.Item.WellspringLeggings_Unique,SW.EffectTemplate.FrostFocus.I；SW.EffectTemplate.FrostFocus.II；SW.EffectTemplate.FrostFocus.III
冰霜法师,可随机出现,狂怒汐浮特之爪,护甲,True,SW.Item.WellspringBoots_Unique,SW.EffectTemplate.FrostFocus.I；SW.EffectTemplate.FrostFocus.II；SW.EffectTemplate.FrostFocus.III
冰霜法师,可随机出现,巨兽角盔,护甲,True,SW.Item.RedstoneHelmet_Unique,SW.EffectTemplate.FrostFocus.I；SW.EffectTemplate.FrostFocus.II；SW.EffectTemplate.FrostFocus.III
冰霜法师,可随机出现,巨兽盔甲,护甲,True,SW.Item.RedstoneChest_Unique,SW.EffectTemplate.FrostFocus.I；SW.EffectTemplate.FrostFocus.II；SW.EffectTemplate.FrostFocus.III
冰霜法师,可随机出现,巨兽胫甲,护甲,True,SW.Item.RedstoneLeggings_Unique,SW.EffectTemplate.FrostFocus.I；SW.EffectTemplate.FrostFocus.II；SW.EffectTemplate.FrostFocus.III
冰霜法师,可随机出现,巨兽战靴,护甲,True,SW.Item.RedstoneBoots_Unique,SW.EffectTemplate.FrostFocus.I；SW.EffectTemplate.FrostFocus.II；SW.EffectTemplate.FrostFocus.III
冰霜法师,可随机出现,炼金术士礼帽,护甲,True,SW.Item.EvocationHelmet_Unique,SW.EffectTemplate.FrostFocus.I；SW.EffectTemplate.FrostFocus.II；SW.EffectTemplate.FrostFocus.III
冰霜法师,可随机出现,炼金术士大衣,护甲,True,SW.Item.EvocationChest_Unique,SW.EffectTemplate.FrostFocus.I；SW.EffectTemplate.FrostFocus.II；SW.EffectTemplate.FrostFocus.III
冰霜法师,可随机出现,炼金术士长裤,护甲,True,SW.Item.EvocationLeggings_Unique,SW.EffectTemplate.FrostFocus.I；SW.EffectTemplate.FrostFocus.II；SW.EffectTemplate.FrostFocus.III
冰霜法师,可随机出现,炼金术士便鞋,护甲,True,SW.Item.EvocationBoots_Unique,SW.EffectTemplate.FrostFocus.I；SW.EffectTemplate.FrostFocus.II；SW.EffectTemplate.FrostFocus.III
冰霜法师,可随机出现,幽匿者面具,护甲,False,SW.Item.ScavengerHelmet,SW.EffectTemplate.FrostFocus.I；SW.EffectTemplate.FrostFocus.II；SW.EffectTemplate.FrostFocus.III
冰霜法师,可随机出现,幽匿者长袍,护甲,False,SW.Item.ScavengerChest,SW.EffectTemplate.FrostFocus.I；SW.EffectTemplate.FrostFocus.II；SW.EffectTemplate.FrostFocus.III
冰霜法师,可随机出现,幽匿者便裤,护甲,False,SW.Item.ScavengerLeggings,SW.EffectTemplate.FrostFocus.I；SW.EffectTemplate.FrostFocus.II；SW.EffectTemplate.FrostFocus.III
冰霜法师,可随机出现,幽匿者之靴,护甲,False,SW.Item.ScavengerBoots,SW.EffectTemplate.FrostFocus.I；SW.EffectTemplate.FrostFocus.II；SW.EffectTemplate.FrostFocus.III
冰霜法师,可随机出现,君主王冠,护甲,True,SW.Item.ScavengerHelmet_Unique,SW.EffectTemplate.FrostFocus.I；SW.EffectTemplate.FrostFocus.II；SW.EffectTemplate.FrostFocus.III
冰霜法师,可随机出现,君主披风,护甲,True,SW.Item.ScavengerChest_Unique,SW.EffectTemplate.FrostFocus.I；SW.EffectTemplate.FrostFocus.II；SW.EffectTemplate.FrostFocus.III
冰霜法师,可随机出现,君主腰带,护甲,True,SW.Item.ScavengerLeggings_Unique,SW.EffectTemplate.FrostFocus.I；SW.EffectTemplate.FrostFocus.II；SW.EffectTemplate.FrostFocus.III
冰霜法师,可随机出现,君主利爪,护甲,True,SW.Item.ScavengerBoots_Unique,SW.EffectTemplate.FrostFocus.I；SW.EffectTemplate.FrostFocus.II；SW.EffectTemplate.FrostFocus.III
冰霜法师,可随机出现,轰鸣号角,法器,False,SW.Item.Artifact.RallyingHorn,SW.EffectTemplate.FrostFocus.I；SW.EffectTemplate.FrostFocus.II；SW.EffectTemplate.FrostFocus.III
冰霜法师,可随机出现,回复图腾,法器,False,SW.Item.Artifact.TotemOfRegeneration,SW.EffectTemplate.FrostFocus.I；SW.EffectTemplate.FrostFocus.II；SW.EffectTemplate.FrostFocus.III
冰霜法师,可随机出现,灵魂收割者,法器,False,SW.Item.Artifact.SoulHarvester,SW.EffectTemplate.FrostFocus.I；SW.EffectTemplate.FrostFocus.II；SW.EffectTemplate.FrostFocus.III
冰霜法师,可随机出现,野餐篮,法器,False,SW.Item.Artifact.PicnicBlanket,SW.EffectTemplate.FrostFocus.I；SW.EffectTemplate.FrostFocus.II；SW.EffectTemplate.FrostFocus.III
冰霜法师,可随机出现,腐化信标,法器,False,SW.Item.Artifact.CorruptedBeacon,SW.EffectTemplate.FrostFocus.I；SW.EffectTemplate.FrostFocus.II；SW.EffectTemplate.FrostFocus.III
冰霜法师,可随机出现,腐化种子,法器,False,SW.Item.Artifact.CorruptedSeeds,SW.EffectTemplate.FrostFocus.I；SW.EffectTemplate.FrostFocus.II；SW.EffectTemplate.FrostFocus.III
冰霜法师,可随机出现,死亡帽蘑菇,法器,False,SW.Item.Artifact.DeathcapMushroom,SW.EffectTemplate.FrostFocus.I；SW.EffectTemplate.FrostFocus.II；SW.EffectTemplate.FrostFocus.III
冰霜法师,可随机出现,护盾图腾,法器,False,SW.Item.Artifact.TotemOfShielding,SW.EffectTemplate.FrostFocus.I；SW.EffectTemplate.FrostFocus.II；SW.EffectTemplate.FrostFocus.III
冰霜法师,可随机出现,施法图腾,法器,False,SW.Item.Artifact.TotemOfCasting,SW.EffectTemplate.FrostFocus.I；SW.EffectTemplate.FrostFocus.II；SW.EffectTemplate.FrostFocus.III
冰霜法师,可随机出现,末影迷雾,法器,False,SW.Item.Artifact.SmokeBomb,SW.EffectTemplate.FrostFocus.I；SW.EffectTemplate.FrostFocus.II；SW.EffectTemplate.FrostFocus.III
冰霜法师,可随机出现,红石地雷发射器,法器,False,SW.Item.Artifact.RedstoneMines,SW.EffectTemplate.FrostFocus.I；SW.EffectTemplate.FrostFocus.II；SW.EffectTemplate.FrostFocus.III
冰霜法师,可随机出现,女巫药剂,法器,False,SW.Item.Artifact.WitchesBrew,SW.EffectTemplate.FrostFocus.I；SW.EffectTemplate.FrostFocus.II；SW.EffectTemplate.FrostFocus.III
冰霜法师,可随机出现,余烬小袋,法器,False,SW.Item.Artifact.Satchel.Fire,SW.EffectTemplate.FrostFocus.I；SW.EffectTemplate.FrostFocus.II；SW.EffectTemplate.FrostFocus.III
冰霜法师,可随机出现,寒霜小袋,法器,False,SW.Item.Artifact.Satchel.Freezing,SW.EffectTemplate.FrostFocus.I；SW.EffectTemplate.FrostFocus.II；SW.EffectTemplate.FrostFocus.III
冰霜法师,可随机出现,剧毒小袋,法器,False,SW.Item.Artifact.Satchel.Poison,SW.EffectTemplate.FrostFocus.I；SW.EffectTemplate.FrostFocus.II；SW.EffectTemplate.FrostFocus.III
冰霜法师,可随机出现,雷霆小袋,法器,False,SW.Item.Artifact.Satchel.Conductive,SW.EffectTemplate.FrostFocus.I；SW.EffectTemplate.FrostFocus.II；SW.EffectTemplate.FrostFocus.III
冰霜法师,可随机出现,苦力怕蜡烛,法器,False,SW.Item.Artifact.CreeperCandle,SW.EffectTemplate.FrostFocus.I；SW.EffectTemplate.FrostFocus.II；SW.EffectTemplate.FrostFocus.III
冰霜法师,可随机出现,雷霆之杖,法器,False,SW.Item.Artifact.LightningRod,SW.EffectTemplate.FrostFocus.I；SW.EffectTemplate.FrostFocus.II；SW.EffectTemplate.FrostFocus.III
冰霜法师,可随机出现,战斗真菌,法器,False,SW.Item.Artifact.MaimingMushroom,SW.EffectTemplate.FrostFocus.I；SW.EffectTemplate.FrostFocus.II；SW.EffectTemplate.FrostFocus.III
冰霜法师,可随机出现,迅捷松露,法器,False,SW.Item.Artifact.HasteMushroom,SW.EffectTemplate.FrostFocus.I；SW.EffectTemplate.FrostFocus.II；SW.EffectTemplate.FrostFocus.III
冰霜法师,可随机出现,战鼓,法器,False,SW.Item.Artifact.WarriorsDrums,SW.EffectTemplate.FrostFocus.I；SW.EffectTemplate.FrostFocus.II；SW.EffectTemplate.FrostFocus.III
冰霜法师,可随机出现,回响陶笛,法器,False,SW.Item.Artifact.CarapaceOcarina,SW.EffectTemplate.FrostFocus.I；SW.EffectTemplate.FrostFocus.II；SW.EffectTemplate.FrostFocus.III
冰霜法师,可随机出现,战士长笛,法器,False,SW.Item.Artifact.FightersFife,SW.EffectTemplate.FrostFocus.I；SW.EffectTemplate.FrostFocus.II；SW.EffectTemplate.FrostFocus.III
冰霜法师,可随机出现,磨刀石,法器,False,SW.Item.Artifact.Grindstone,SW.EffectTemplate.FrostFocus.I；SW.EffectTemplate.FrostFocus.II；SW.EffectTemplate.FrostFocus.III
冰霜法师,可随机出现,神龟曼陀林,法器,False,SW.Item.Artifact.IronHideLute,SW.EffectTemplate.FrostFocus.I；SW.EffectTemplate.FrostFocus.II；SW.EffectTemplate.FrostFocus.III
冰霜法师,可随机出现,守护风铃,法器,False,SW.Item.Artifact.WardingChimes,SW.EffectTemplate.FrostFocus.I；SW.EffectTemplate.FrostFocus.II；SW.EffectTemplate.FrostFocus.III
冰霜法师,可随机出现,战旗,法器,False,SW.Item.Artifact.WarBanner,SW.EffectTemplate.FrostFocus.I；SW.EffectTemplate.FrostFocus.II；SW.EffectTemplate.FrostFocus.III
冰霜法师,可随机出现,蜂蜜蘸棒,法器,False,SW.Item.Artifact.Honeypot,SW.EffectTemplate.FrostFocus.I；SW.EffectTemplate.FrostFocus.II；SW.EffectTemplate.FrostFocus.III
冰霜法师,可随机出现,余烬权杖,法器,False,SW.Item.Artifact.FlameSceptre,SW.EffectTemplate.FrostFocus.I；SW.EffectTemplate.FrostFocus.II；SW.EffectTemplate.FrostFocus.III
冰霜法师,可随机出现,寒冬法杖,法器,False,SW.Item.Artifact.BlizzardStaff,SW.EffectTemplate.FrostFocus.I；SW.EffectTemplate.FrostFocus.II；SW.EffectTemplate.FrostFocus.III
冰霜法师,可随机出现,烈焰手环,法器,False,SW.Item.Artifact.FireBracelet,SW.EffectTemplate.FrostFocus.I；SW.EffectTemplate.FrostFocus.II；SW.EffectTemplate.FrostFocus.III
冰霜法师,可随机出现,暴雪手环,法器,False,SW.Item.Artifact.FrostBracelet,SW.EffectTemplate.FrostFocus.I；SW.EffectTemplate.FrostFocus.II；SW.EffectTemplate.FrostFocus.III
冰霜法师,可随机出现,枯萎手环,法器,False,SW.Item.Artifact.PoisonBracelet,SW.EffectTemplate.FrostFocus.I；SW.EffectTemplate.FrostFocus.II；SW.EffectTemplate.FrostFocus.III
冰霜法师,可随机出现,电击手环,法器,False,SW.Item.Artifact.ConductiveBracelet,SW.EffectTemplate.FrostFocus.I；SW.EffectTemplate.FrostFocus.II；SW.EffectTemplate.FrostFocus.III
冰霜法师,可随机出现,巨力砂槌,法器,False,SW.Item.Artifact.Powershaker,SW.EffectTemplate.FrostFocus.I；SW.EffectTemplate.FrostFocus.II；SW.EffectTemplate.FrostFocus.III
冰霜法师,可随机出现,烟花箭,法器,False,SW.Item.Artifact.FireworkQuiver,SW.EffectTemplate.FrostFocus.I；SW.EffectTemplate.FrostFocus.II；SW.EffectTemplate.FrostFocus.III
冰霜法师,可随机出现,火焰箭袋,法器,False,SW.Item.Artifact.FlameQuiver,SW.EffectTemplate.FrostFocus.I；SW.EffectTemplate.FrostFocus.II；SW.EffectTemplate.FrostFocus.III
冰霜法师,可随机出现,剧毒箭袋,法器,False,SW.Item.Artifact.PoisonQuiver,SW.EffectTemplate.FrostFocus.I；SW.EffectTemplate.FrostFocus.II；SW.EffectTemplate.FrostFocus.III
冰霜法师,可随机出现,冰冻箭袋,法器,False,SW.Item.Artifact.FrostQuiver,SW.EffectTemplate.FrostFocus.I；SW.EffectTemplate.FrostFocus.II；SW.EffectTemplate.FrostFocus.III
冰霜法师,可随机出现,导电箭袋,法器,False,SW.Item.Artifact.LightningQuiver,SW.EffectTemplate.FrostFocus.I；SW.EffectTemplate.FrostFocus.II；SW.EffectTemplate.FrostFocus.III
贴身射击,装备固有,近战游侠弩,远程武器,True,SW.Item.HeavyCrossbow_Unique1,SW.EffectTemplate.PointBlank.Unique
贴身射击,装备固有,无赖西装外套,护甲,True,SW.Item.ScampChest_Unique,SW.EffectTemplate.PointBlank.Unique
贴身射击,可随机出现,重弩,远程武器,False,SW.Item.HeavyCrossbow,SW.EffectTemplate.PointBlank.I；SW.EffectTemplate.PointBlank.II；SW.EffectTemplate.PointBlank.III
贴身射击,可随机出现,轰鸣虫心弦,远程武器,True,SW.Item.Greatbow_Unique1,SW.EffectTemplate.PointBlank.I；SW.EffectTemplate.PointBlank.II；SW.EffectTemplate.PointBlank.III
狙击手,装备固有,嘎枝之触,远程武器,True,SW.Item.Longbow_Unique1,SW.EffectTemplate.Sniper.Unique
狙击手,装备固有,头狼口套,护甲,True,SW.Item.WolfclutchHelmet_Unique,SW.EffectTemplate.Sniper.Unique
狙击手,可随机出现,短弓,远程武器,False,SW.Item.Shortbow,SW.EffectTemplate.Sniper.I；SW.EffectTemplate.Sniper.II；SW.EffectTemplate.Sniper.III
狙击手,可随机出现,长弓,远程武器,False,SW.Item.Longbow,SW.EffectTemplate.Sniper.I；SW.EffectTemplate.Sniper.II；SW.EffectTemplate.Sniper.III
狙击手,可随机出现,强弓,远程武器,False,SW.Item.Powerbow,SW.EffectTemplate.Sniper.I；SW.EffectTemplate.Sniper.II；SW.EffectTemplate.Sniper.III
狙击手,可随机出现,快弩,远程武器,False,SW.Item.RapidCrossbow,SW.EffectTemplate.Sniper.I；SW.EffectTemplate.Sniper.II；SW.EffectTemplate.Sniper.III
狙击手,可随机出现,流星弓,远程武器,True,SW.Item.Shortbow_Unique1,SW.EffectTemplate.Sniper.I；SW.EffectTemplate.Sniper.II；SW.EffectTemplate.Sniper.III
狙击手,可随机出现,典范弓,远程武器,True,SW.Item.Powerbow_Unique1,SW.EffectTemplate.Sniper.I；SW.EffectTemplate.Sniper.II；SW.EffectTemplate.Sniper.III
狙击手,可随机出现,授粉快弩,远程武器,True,SW.Item.RapidCrossbow_Unique1,SW.EffectTemplate.Sniper.I；SW.EffectTemplate.Sniper.II；SW.EffectTemplate.Sniper.III
狙击手,可随机出现,巨弓,远程武器,False,SW.Item.Greatbow,SW.EffectTemplate.Sniper.I；SW.EffectTemplate.Sniper.II；SW.EffectTemplate.Sniper.III
狙击手,可随机出现,轰鸣虫心弦,远程武器,True,SW.Item.Greatbow_Unique1,SW.EffectTemplate.Sniper.I；SW.EffectTemplate.Sniper.II；SW.EffectTemplate.Sniper.III
狙击手,可随机出现,烟花箭,法器,False,SW.Item.Artifact.FireworkQuiver,SW.EffectTemplate.Sniper.I；SW.EffectTemplate.Sniper.II；SW.EffectTemplate.Sniper.III
狙击手,可随机出现,火焰箭袋,法器,False,SW.Item.Artifact.FlameQuiver,SW.EffectTemplate.Sniper.I；SW.EffectTemplate.Sniper.II；SW.EffectTemplate.Sniper.III
狙击手,可随机出现,剧毒箭袋,法器,False,SW.Item.Artifact.PoisonQuiver,SW.EffectTemplate.Sniper.I；SW.EffectTemplate.Sniper.II；SW.EffectTemplate.Sniper.III
狙击手,可随机出现,冰冻箭袋,法器,False,SW.Item.Artifact.FrostQuiver,SW.EffectTemplate.Sniper.I；SW.EffectTemplate.Sniper.II；SW.EffectTemplate.Sniper.III
狙击手,可随机出现,导电箭袋,法器,False,SW.Item.Artifact.LightningQuiver,SW.EffectTemplate.Sniper.I；SW.EffectTemplate.Sniper.II；SW.EffectTemplate.Sniper.III
灵性,装备固有,无畏足甲,护甲,True,SW.Item.UndauntedBoots_Unique,SW.EffectTemplate.BagOfSouls.Unique
灵性,装备固有,炼金术士便鞋,护甲,True,SW.Item.EvocationBoots_Unique,SW.EffectTemplate.BagOfSouls.Unique
灵性,装备固有,君主腰带,护甲,True,SW.Item.ScavengerLeggings_Unique,SW.EffectTemplate.BagOfSouls.Unique
灵性,可随机出现,钢丝绒毛衣,护甲,False,SW.Item.FrostRimeChest,SW.EffectTemplate.BagOfSouls.I；SW.EffectTemplate.BagOfSouls.II；SW.EffectTemplate.BagOfSouls.III
灵性,可随机出现,钢丝绒护腿,护甲,False,SW.Item.FrostRimeLeggings,SW.EffectTemplate.BagOfSouls.I；SW.EffectTemplate.BagOfSouls.II；SW.EffectTemplate.BagOfSouls.III
灵性,可随机出现,钢丝绒靴,护甲,False,SW.Item.FrostRimeBoots,SW.EffectTemplate.BagOfSouls.I；SW.EffectTemplate.BagOfSouls.II；SW.EffectTemplate.BagOfSouls.III
灵性,可随机出现,钢丝绒帽,护甲,False,SW.Item.FrostRimeHelmet,SW.EffectTemplate.BagOfSouls.I；SW.EffectTemplate.BagOfSouls.II；SW.EffectTemplate.BagOfSouls.III
灵性,可随机出现,寒霜护甲,护甲,True,SW.Item.FrostRimeChest_Unique,SW.EffectTemplate.BagOfSouls.I；SW.EffectTemplate.BagOfSouls.II；SW.EffectTemplate.BagOfSouls.III
灵性,可随机出现,寒霜长衬裤,护甲,True,SW.Item.FrostRimeLeggings_Unique,SW.EffectTemplate.BagOfSouls.I；SW.EffectTemplate.BagOfSouls.II；SW.EffectTemplate.BagOfSouls.III
灵性,可随机出现,寒霜踏雪靴,护甲,True,SW.Item.FrostRimeBoots_Unique,SW.EffectTemplate.BagOfSouls.I；SW.EffectTemplate.BagOfSouls.II；SW.EffectTemplate.BagOfSouls.III
灵性,可随机出现,寒霜冰帽,护甲,True,SW.Item.FrostRimeHelmet_Unique,SW.EffectTemplate.BagOfSouls.I；SW.EffectTemplate.BagOfSouls.II；SW.EffectTemplate.BagOfSouls.III
灵性,可随机出现,神秘头箍,护甲,False,SW.Item.MysticHelmet,SW.EffectTemplate.BagOfSouls.I；SW.EffectTemplate.BagOfSouls.II；SW.EffectTemplate.BagOfSouls.III
灵性,可随机出现,神秘长袍,护甲,False,SW.Item.MysticChest,SW.EffectTemplate.BagOfSouls.I；SW.EffectTemplate.BagOfSouls.II；SW.EffectTemplate.BagOfSouls.III
灵性,可随机出现,神秘护腿,护甲,False,SW.Item.MysticLeggings,SW.EffectTemplate.BagOfSouls.I；SW.EffectTemplate.BagOfSouls.II；SW.EffectTemplate.BagOfSouls.III
灵性,可随机出现,神秘靴,护甲,False,SW.Item.MysticBoots,SW.EffectTemplate.BagOfSouls.I；SW.EffectTemplate.BagOfSouls.II；SW.EffectTemplate.BagOfSouls.III
灵性,可随机出现,神谕王冠,护甲,True,SW.Item.MysticHelmet_Unique,SW.EffectTemplate.BagOfSouls.I；SW.EffectTemplate.BagOfSouls.II；SW.EffectTemplate.BagOfSouls.III
灵性,可随机出现,神谕披风,护甲,True,SW.Item.MysticChest_Unique,SW.EffectTemplate.BagOfSouls.I；SW.EffectTemplate.BagOfSouls.II；SW.EffectTemplate.BagOfSouls.III
灵性,可随机出现,神谕紧身裤,护甲,True,SW.Item.MysticLeggings_Unique,SW.EffectTemplate.BagOfSouls.I；SW.EffectTemplate.BagOfSouls.II；SW.EffectTemplate.BagOfSouls.III
灵性,可随机出现,神谕凉鞋,护甲,True,SW.Item.MysticBoots_Unique,SW.EffectTemplate.BagOfSouls.I；SW.EffectTemplate.BagOfSouls.II；SW.EffectTemplate.BagOfSouls.III
灵性,可随机出现,界域行者帽,护甲,False,SW.Item.TimewornHelmet,SW.EffectTemplate.BagOfSouls.I；SW.EffectTemplate.BagOfSouls.II；SW.EffectTemplate.BagOfSouls.III
灵性,可随机出现,界域行者长袍,护甲,False,SW.Item.TimewornChest,SW.EffectTemplate.BagOfSouls.I；SW.EffectTemplate.BagOfSouls.II；SW.EffectTemplate.BagOfSouls.III
灵性,可随机出现,界域行者护腿,护甲,False,SW.Item.TimewornLeggings,SW.EffectTemplate.BagOfSouls.I；SW.EffectTemplate.BagOfSouls.II；SW.EffectTemplate.BagOfSouls.III
灵性,可随机出现,界域行者靴,护甲,False,SW.Item.TimewornBoots,SW.EffectTemplate.BagOfSouls.I；SW.EffectTemplate.BagOfSouls.II；SW.EffectTemplate.BagOfSouls.III
灵性,可随机出现,蘑菇帽,护甲,False,SW.Item.MushroomHelmet,SW.EffectTemplate.BagOfSouls.I；SW.EffectTemplate.BagOfSouls.II；SW.EffectTemplate.BagOfSouls.III
灵性,可随机出现,蘑菇长袍,护甲,False,SW.Item.MushroomChest,SW.EffectTemplate.BagOfSouls.I；SW.EffectTemplate.BagOfSouls.II；SW.EffectTemplate.BagOfSouls.III
灵性,可随机出现,蘑菇护腿,护甲,False,SW.Item.MushroomLeggings,SW.EffectTemplate.BagOfSouls.I；SW.EffectTemplate.BagOfSouls.II；SW.EffectTemplate.BagOfSouls.III
灵性,可随机出现,蘑菇靴,护甲,False,SW.Item.MushroomBoots,SW.EffectTemplate.BagOfSouls.I；SW.EffectTemplate.BagOfSouls.II；SW.EffectTemplate.BagOfSouls.III
灵性,可随机出现,汐浮特兜帽,护甲,False,SW.Item.WellspringHelmet,SW.EffectTemplate.BagOfSouls.I；SW.EffectTemplate.BagOfSouls.II；SW.EffectTemplate.BagOfSouls.III
灵性,可随机出现,汐浮特长袍,护甲,False,SW.Item.WellspringChest,SW.EffectTemplate.BagOfSouls.I；SW.EffectTemplate.BagOfSouls.II；SW.EffectTemplate.BagOfSouls.III
灵性,可随机出现,汐浮特护腿,护甲,False,SW.Item.WellspringLeggings,SW.EffectTemplate.BagOfSouls.I；SW.EffectTemplate.BagOfSouls.II；SW.EffectTemplate.BagOfSouls.III
灵性,可随机出现,汐浮特之靴,护甲,False,SW.Item.WellspringBoots,SW.EffectTemplate.BagOfSouls.I；SW.EffectTemplate.BagOfSouls.II；SW.EffectTemplate.BagOfSouls.III
灵性,可随机出现,红石头盔,护甲,False,SW.Item.RedstoneHelmet,SW.EffectTemplate.BagOfSouls.I；SW.EffectTemplate.BagOfSouls.II；SW.EffectTemplate.BagOfSouls.III
灵性,可随机出现,红石胸甲,护甲,False,SW.Item.RedstoneChest,SW.EffectTemplate.BagOfSouls.I；SW.EffectTemplate.BagOfSouls.II；SW.EffectTemplate.BagOfSouls.III
灵性,可随机出现,红石护胫,护甲,False,SW.Item.RedstoneLeggings,SW.EffectTemplate.BagOfSouls.I；SW.EffectTemplate.BagOfSouls.II；SW.EffectTemplate.BagOfSouls.III
灵性,可随机出现,红石靴,护甲,False,SW.Item.RedstoneBoots,SW.EffectTemplate.BagOfSouls.I；SW.EffectTemplate.BagOfSouls.II；SW.EffectTemplate.BagOfSouls.III
灵性,可随机出现,巫师帽,护甲,False,SW.Item.EvocationHelmet,SW.EffectTemplate.BagOfSouls.I；SW.EffectTemplate.BagOfSouls.II；SW.EffectTemplate.BagOfSouls.III
灵性,可随机出现,巫师长袍,护甲,False,SW.Item.EvocationChest,SW.EffectTemplate.BagOfSouls.I；SW.EffectTemplate.BagOfSouls.II；SW.EffectTemplate.BagOfSouls.III
灵性,可随机出现,巫师护腿,护甲,False,SW.Item.EvocationLeggings,SW.EffectTemplate.BagOfSouls.I；SW.EffectTemplate.BagOfSouls.II；SW.EffectTemplate.BagOfSouls.III
灵性,可随机出现,巫师靴,护甲,False,SW.Item.EvocationBoots,SW.EffectTemplate.BagOfSouls.I；SW.EffectTemplate.BagOfSouls.II；SW.EffectTemplate.BagOfSouls.III
灵性,可随机出现,灵魂腐化者面具,护甲,True,SW.Item.TimewornHelmet_Unique,SW.EffectTemplate.BagOfSouls.I；SW.EffectTemplate.BagOfSouls.II；SW.EffectTemplate.BagOfSouls.III
灵性,可随机出现,灵魂腐化者风衣,护甲,True,SW.Item.TimewornChest_Unique,SW.EffectTemplate.BagOfSouls.I；SW.EffectTemplate.BagOfSouls.II；SW.EffectTemplate.BagOfSouls.III
灵性,可随机出现,灵魂腐化者腰带,护甲,True,SW.Item.TimewornLeggings_Unique,SW.EffectTemplate.BagOfSouls.I；SW.EffectTemplate.BagOfSouls.II；SW.EffectTemplate.BagOfSouls.III
灵性,可随机出现,灵魂腐化者凉鞋,护甲,True,SW.Item.TimewornBoots_Unique,SW.EffectTemplate.BagOfSouls.I；SW.EffectTemplate.BagOfSouls.II；SW.EffectTemplate.BagOfSouls.III
灵性,可随机出现,毒蝇伞帽,护甲,True,SW.Item.MushroomHelmet_Unique,SW.EffectTemplate.BagOfSouls.I；SW.EffectTemplate.BagOfSouls.II；SW.EffectTemplate.BagOfSouls.III
灵性,可随机出现,毒蝇伞外套,护甲,True,SW.Item.MushroomChest_Unique,SW.EffectTemplate.BagOfSouls.I；SW.EffectTemplate.BagOfSouls.II；SW.EffectTemplate.BagOfSouls.III
灵性,可随机出现,毒蝇伞长裤,护甲,True,SW.Item.MushroomLeggings_Unique,SW.EffectTemplate.BagOfSouls.I；SW.EffectTemplate.BagOfSouls.II；SW.EffectTemplate.BagOfSouls.III
灵性,可随机出现,毒蝇伞雨鞋,护甲,True,SW.Item.MushroomBoots_Unique,SW.EffectTemplate.BagOfSouls.I；SW.EffectTemplate.BagOfSouls.II；SW.EffectTemplate.BagOfSouls.III
灵性,可随机出现,狂怒汐浮特面具,护甲,True,SW.Item.WellspringHelmet_Unique,SW.EffectTemplate.BagOfSouls.I；SW.EffectTemplate.BagOfSouls.II；SW.EffectTemplate.BagOfSouls.III
灵性,可随机出现,狂怒汐浮特背心,护甲,True,SW.Item.WellspringChest_Unique,SW.EffectTemplate.BagOfSouls.I；SW.EffectTemplate.BagOfSouls.II；SW.EffectTemplate.BagOfSouls.III
灵性,可随机出现,狂怒汐浮特便裤,护甲,True,SW.Item.WellspringLeggings_Unique,SW.EffectTemplate.BagOfSouls.I；SW.EffectTemplate.BagOfSouls.II；SW.EffectTemplate.BagOfSouls.III
灵性,可随机出现,狂怒汐浮特之爪,护甲,True,SW.Item.WellspringBoots_Unique,SW.EffectTemplate.BagOfSouls.I；SW.EffectTemplate.BagOfSouls.II；SW.EffectTemplate.BagOfSouls.III
灵性,可随机出现,巨兽角盔,护甲,True,SW.Item.RedstoneHelmet_Unique,SW.EffectTemplate.BagOfSouls.I；SW.EffectTemplate.BagOfSouls.II；SW.EffectTemplate.BagOfSouls.III
灵性,可随机出现,巨兽盔甲,护甲,True,SW.Item.RedstoneChest_Unique,SW.EffectTemplate.BagOfSouls.I；SW.EffectTemplate.BagOfSouls.II；SW.EffectTemplate.BagOfSouls.III
灵性,可随机出现,巨兽胫甲,护甲,True,SW.Item.RedstoneLeggings_Unique,SW.EffectTemplate.BagOfSouls.I；SW.EffectTemplate.BagOfSouls.II；SW.EffectTemplate.BagOfSouls.III
灵性,可随机出现,巨兽战靴,护甲,True,SW.Item.RedstoneBoots_Unique,SW.EffectTemplate.BagOfSouls.I；SW.EffectTemplate.BagOfSouls.II；SW.EffectTemplate.BagOfSouls.III
灵性,可随机出现,炼金术士礼帽,护甲,True,SW.Item.EvocationHelmet_Unique,SW.EffectTemplate.BagOfSouls.I；SW.EffectTemplate.BagOfSouls.II；SW.EffectTemplate.BagOfSouls.III
灵性,可随机出现,炼金术士大衣,护甲,True,SW.Item.EvocationChest_Unique,SW.EffectTemplate.BagOfSouls.I；SW.EffectTemplate.BagOfSouls.II；SW.EffectTemplate.BagOfSouls.III
灵性,可随机出现,炼金术士长裤,护甲,True,SW.Item.EvocationLeggings_Unique,SW.EffectTemplate.BagOfSouls.I；SW.EffectTemplate.BagOfSouls.II；SW.EffectTemplate.BagOfSouls.III
灵性,可随机出现,幽匿者面具,护甲,False,SW.Item.ScavengerHelmet,SW.EffectTemplate.BagOfSouls.I；SW.EffectTemplate.BagOfSouls.II；SW.EffectTemplate.BagOfSouls.III
灵性,可随机出现,幽匿者长袍,护甲,False,SW.Item.ScavengerChest,SW.EffectTemplate.BagOfSouls.I；SW.EffectTemplate.BagOfSouls.II；SW.EffectTemplate.BagOfSouls.III
灵性,可随机出现,幽匿者便裤,护甲,False,SW.Item.ScavengerLeggings,SW.EffectTemplate.BagOfSouls.I；SW.EffectTemplate.BagOfSouls.II；SW.EffectTemplate.BagOfSouls.III
灵性,可随机出现,幽匿者之靴,护甲,False,SW.Item.ScavengerBoots,SW.EffectTemplate.BagOfSouls.I；SW.EffectTemplate.BagOfSouls.II；SW.EffectTemplate.BagOfSouls.III
灵性,可随机出现,君主王冠,护甲,True,SW.Item.ScavengerHelmet_Unique,SW.EffectTemplate.BagOfSouls.I；SW.EffectTemplate.BagOfSouls.II；SW.EffectTemplate.BagOfSouls.III
灵性,可随机出现,君主披风,护甲,True,SW.Item.ScavengerChest_Unique,SW.EffectTemplate.BagOfSouls.I；SW.EffectTemplate.BagOfSouls.II；SW.EffectTemplate.BagOfSouls.III
灵性,可随机出现,君主利爪,护甲,True,SW.Item.ScavengerBoots_Unique,SW.EffectTemplate.BagOfSouls.I；SW.EffectTemplate.BagOfSouls.II；SW.EffectTemplate.BagOfSouls.III
灵性,可随机出现,轰鸣号角,法器,False,SW.Item.Artifact.RallyingHorn,SW.EffectTemplate.BagOfSouls.I；SW.EffectTemplate.BagOfSouls.II；SW.EffectTemplate.BagOfSouls.III
灵性,可随机出现,回复图腾,法器,False,SW.Item.Artifact.TotemOfRegeneration,SW.EffectTemplate.BagOfSouls.I；SW.EffectTemplate.BagOfSouls.II；SW.EffectTemplate.BagOfSouls.III
灵性,可随机出现,灵魂收割者,法器,False,SW.Item.Artifact.SoulHarvester,SW.EffectTemplate.BagOfSouls.I；SW.EffectTemplate.BagOfSouls.II；SW.EffectTemplate.BagOfSouls.III
灵性,可随机出现,野餐篮,法器,False,SW.Item.Artifact.PicnicBlanket,SW.EffectTemplate.BagOfSouls.I；SW.EffectTemplate.BagOfSouls.II；SW.EffectTemplate.BagOfSouls.III
灵性,可随机出现,腐化信标,法器,False,SW.Item.Artifact.CorruptedBeacon,SW.EffectTemplate.BagOfSouls.I；SW.EffectTemplate.BagOfSouls.II；SW.EffectTemplate.BagOfSouls.III
灵性,可随机出现,腐化种子,法器,False,SW.Item.Artifact.CorruptedSeeds,SW.EffectTemplate.BagOfSouls.I；SW.EffectTemplate.BagOfSouls.II；SW.EffectTemplate.BagOfSouls.III
灵性,可随机出现,死亡帽蘑菇,法器,False,SW.Item.Artifact.DeathcapMushroom,SW.EffectTemplate.BagOfSouls.I；SW.EffectTemplate.BagOfSouls.II；SW.EffectTemplate.BagOfSouls.III
灵性,可随机出现,护盾图腾,法器,False,SW.Item.Artifact.TotemOfShielding,SW.EffectTemplate.BagOfSouls.I；SW.EffectTemplate.BagOfSouls.II；SW.EffectTemplate.BagOfSouls.III
灵性,可随机出现,施法图腾,法器,False,SW.Item.Artifact.TotemOfCasting,SW.EffectTemplate.BagOfSouls.I；SW.EffectTemplate.BagOfSouls.II；SW.EffectTemplate.BagOfSouls.III
灵性,可随机出现,末影迷雾,法器,False,SW.Item.Artifact.SmokeBomb,SW.EffectTemplate.BagOfSouls.I；SW.EffectTemplate.BagOfSouls.II；SW.EffectTemplate.BagOfSouls.III
灵性,可随机出现,红石地雷发射器,法器,False,SW.Item.Artifact.RedstoneMines,SW.EffectTemplate.BagOfSouls.I；SW.EffectTemplate.BagOfSouls.II；SW.EffectTemplate.BagOfSouls.III
灵性,可随机出现,女巫药剂,法器,False,SW.Item.Artifact.WitchesBrew,SW.EffectTemplate.BagOfSouls.I；SW.EffectTemplate.BagOfSouls.II；SW.EffectTemplate.BagOfSouls.III
灵性,可随机出现,余烬小袋,法器,False,SW.Item.Artifact.Satchel.Fire,SW.EffectTemplate.BagOfSouls.I；SW.EffectTemplate.BagOfSouls.II；SW.EffectTemplate.BagOfSouls.III
灵性,可随机出现,寒霜小袋,法器,False,SW.Item.Artifact.Satchel.Freezing,SW.EffectTemplate.BagOfSouls.I；SW.EffectTemplate.BagOfSouls.II；SW.EffectTemplate.BagOfSouls.III
灵性,可随机出现,剧毒小袋,法器,False,SW.Item.Artifact.Satchel.Poison,SW.EffectTemplate.BagOfSouls.I；SW.EffectTemplate.BagOfSouls.II；SW.EffectTemplate.BagOfSouls.III
灵性,可随机出现,雷霆小袋,法器,False,SW.Item.Artifact.Satchel.Conductive,SW.EffectTemplate.BagOfSouls.I；SW.EffectTemplate.BagOfSouls.II；SW.EffectTemplate.BagOfSouls.III
灵性,可随机出现,苦力怕蜡烛,法器,False,SW.Item.Artifact.CreeperCandle,SW.EffectTemplate.BagOfSouls.I；SW.EffectTemplate.BagOfSouls.II；SW.EffectTemplate.BagOfSouls.III
灵性,可随机出现,雷霆之杖,法器,False,SW.Item.Artifact.LightningRod,SW.EffectTemplate.BagOfSouls.I；SW.EffectTemplate.BagOfSouls.II；SW.EffectTemplate.BagOfSouls.III
灵性,可随机出现,战斗真菌,法器,False,SW.Item.Artifact.MaimingMushroom,SW.EffectTemplate.BagOfSouls.I；SW.EffectTemplate.BagOfSouls.II；SW.EffectTemplate.BagOfSouls.III
灵性,可随机出现,迅捷松露,法器,False,SW.Item.Artifact.HasteMushroom,SW.EffectTemplate.BagOfSouls.I；SW.EffectTemplate.BagOfSouls.II；SW.EffectTemplate.BagOfSouls.III
灵性,可随机出现,战鼓,法器,False,SW.Item.Artifact.WarriorsDrums,SW.EffectTemplate.BagOfSouls.I；SW.EffectTemplate.BagOfSouls.II；SW.EffectTemplate.BagOfSouls.III
灵性,可随机出现,回响陶笛,法器,False,SW.Item.Artifact.CarapaceOcarina,SW.EffectTemplate.BagOfSouls.I；SW.EffectTemplate.BagOfSouls.II；SW.EffectTemplate.BagOfSouls.III
灵性,可随机出现,战士长笛,法器,False,SW.Item.Artifact.FightersFife,SW.EffectTemplate.BagOfSouls.I；SW.EffectTemplate.BagOfSouls.II；SW.EffectTemplate.BagOfSouls.III
灵性,可随机出现,磨刀石,法器,False,SW.Item.Artifact.Grindstone,SW.EffectTemplate.BagOfSouls.I；SW.EffectTemplate.BagOfSouls.II；SW.EffectTemplate.BagOfSouls.III
灵性,可随机出现,神龟曼陀林,法器,False,SW.Item.Artifact.IronHideLute,SW.EffectTemplate.BagOfSouls.I；SW.EffectTemplate.BagOfSouls.II；SW.EffectTemplate.BagOfSouls.III
灵性,可随机出现,守护风铃,法器,False,SW.Item.Artifact.WardingChimes,SW.EffectTemplate.BagOfSouls.I；SW.EffectTemplate.BagOfSouls.II；SW.EffectTemplate.BagOfSouls.III
灵性,可随机出现,战旗,法器,False,SW.Item.Artifact.WarBanner,SW.EffectTemplate.BagOfSouls.I；SW.EffectTemplate.BagOfSouls.II；SW.EffectTemplate.BagOfSouls.III
灵性,可随机出现,蜂蜜蘸棒,法器,False,SW.Item.Artifact.Honeypot,SW.EffectTemplate.BagOfSouls.I；SW.EffectTemplate.BagOfSouls.II；SW.EffectTemplate.BagOfSouls.III
灵性,可随机出现,余烬权杖,法器,False,SW.Item.Artifact.FlameSceptre,SW.EffectTemplate.BagOfSouls.I；SW.EffectTemplate.BagOfSouls.II；SW.EffectTemplate.BagOfSouls.III
灵性,可随机出现,寒冬法杖,法器,False,SW.Item.Artifact.BlizzardStaff,SW.EffectTemplate.BagOfSouls.I；SW.EffectTemplate.BagOfSouls.II；SW.EffectTemplate.BagOfSouls.III
灵性,可随机出现,烈焰手环,法器,False,SW.Item.Artifact.FireBracelet,SW.EffectTemplate.BagOfSouls.I；SW.EffectTemplate.BagOfSouls.II；SW.EffectTemplate.BagOfSouls.III
灵性,可随机出现,暴雪手环,法器,False,SW.Item.Artifact.FrostBracelet,SW.EffectTemplate.BagOfSouls.I；SW.EffectTemplate.BagOfSouls.II；SW.EffectTemplate.BagOfSouls.III
灵性,可随机出现,枯萎手环,法器,False,SW.Item.Artifact.PoisonBracelet,SW.EffectTemplate.BagOfSouls.I；SW.EffectTemplate.BagOfSouls.II；SW.EffectTemplate.BagOfSouls.III
灵性,可随机出现,电击手环,法器,False,SW.Item.Artifact.ConductiveBracelet,SW.EffectTemplate.BagOfSouls.I；SW.EffectTemplate.BagOfSouls.II；SW.EffectTemplate.BagOfSouls.III
灵性,可随机出现,巨力砂槌,法器,False,SW.Item.Artifact.Powershaker,SW.EffectTemplate.BagOfSouls.I；SW.EffectTemplate.BagOfSouls.II；SW.EffectTemplate.BagOfSouls.III
灵性,可随机出现,烟花箭,法器,False,SW.Item.Artifact.FireworkQuiver,SW.EffectTemplate.BagOfSouls.I；SW.EffectTemplate.BagOfSouls.II；SW.EffectTemplate.BagOfSouls.III
灵性,可随机出现,火焰箭袋,法器,False,SW.Item.Artifact.FlameQuiver,SW.EffectTemplate.BagOfSouls.I；SW.EffectTemplate.BagOfSouls.II；SW.EffectTemplate.BagOfSouls.III
灵性,可随机出现,剧毒箭袋,法器,False,SW.Item.Artifact.PoisonQuiver,SW.EffectTemplate.BagOfSouls.I；SW.EffectTemplate.BagOfSouls.II；SW.EffectTemplate.BagOfSouls.III
灵性,可随机出现,冰冻箭袋,法器,False,SW.Item.Artifact.FrostQuiver,SW.EffectTemplate.BagOfSouls.I；SW.EffectTemplate.BagOfSouls.II；SW.EffectTemplate.BagOfSouls.III
灵性,可随机出现,导电箭袋,法器,False,SW.Item.Artifact.LightningQuiver,SW.EffectTemplate.BagOfSouls.I；SW.EffectTemplate.BagOfSouls.II；SW.EffectTemplate.BagOfSouls.III
灵性,护符成长,灵魂碎片,护符,False,SW.Item.Talisman.SoulCapacity,SW.EffectTemplate.SoulCapacity.I；SW.EffectTemplate.SoulCapacity.II；SW.EffectTemplate.SoulCapacity.III
死神,装备固有,摄魂者,近战武器,True,SW.Item.Scythe_Unique1,SW.EffectTemplate.SoulSiphon.Unique
死神,装备固有,驭梦者王冠,护甲,True,SW.Item.PhantomHelmet_Unique,SW.EffectTemplate.SoulSiphon.Unique
死神,可随机出现,长矛,近战武器,False,SW.Item.Pike,SW.EffectTemplate.SoulSiphon.I；SW.EffectTemplate.SoulSiphon.II；SW.EffectTemplate.SoulSiphon.III
死神,可随机出现,双匕首,近战武器,False,SW.Item.Daggers,SW.EffectTemplate.SoulSiphon.I；SW.EffectTemplate.SoulSiphon.II；SW.EffectTemplate.SoulSiphon.III
死神,可随机出现,斧头,近战武器,False,SW.Item.Axe,SW.EffectTemplate.SoulSiphon.I；SW.EffectTemplate.SoulSiphon.II；SW.EffectTemplate.SoulSiphon.III
死神,可随机出现,短矛,近战武器,False,SW.Item.ShortSpear,SW.EffectTemplate.SoulSiphon.I；SW.EffectTemplate.SoulSiphon.II；SW.EffectTemplate.SoulSiphon.III
死神,可随机出现,镐,近战武器,False,SW.Item.Pickaxe,SW.EffectTemplate.SoulSiphon.I；SW.EffectTemplate.SoulSiphon.II；SW.EffectTemplate.SoulSiphon.III
死神,可随机出现,细剑,近战武器,False,SW.Item.Rapier,SW.EffectTemplate.SoulSiphon.I；SW.EffectTemplate.SoulSiphon.II；SW.EffectTemplate.SoulSiphon.III
死神,可随机出现,风暴召唤者,近战武器,True,SW.Item.Pike_Unique1,SW.EffectTemplate.SoulSiphon.I；SW.EffectTemplate.SoulSiphon.II；SW.EffectTemplate.SoulSiphon.III
死神,可随机出现,猎人手斧,近战武器,True,SW.Item.Axe_Unique1,SW.EffectTemplate.SoulSiphon.I；SW.EffectTemplate.SoulSiphon.II；SW.EffectTemplate.SoulSiphon.III
死神,可随机出现,幽魂长矛,近战武器,True,SW.Item.ShortSpear_Unique1,SW.EffectTemplate.SoulSiphon.I；SW.EffectTemplate.SoulSiphon.II；SW.EffectTemplate.SoulSiphon.III
死神,可随机出现,探勘者之镐,近战武器,True,SW.Item.Pickaxe_Unique1,SW.EffectTemplate.SoulSiphon.I；SW.EffectTemplate.SoulSiphon.II；SW.EffectTemplate.SoulSiphon.III
死神,可随机出现,狼爪,近战武器,False,SW.Item.Claws,SW.EffectTemplate.SoulSiphon.I；SW.EffectTemplate.SoulSiphon.II；SW.EffectTemplate.SoulSiphon.III
死神,可随机出现,战斗权杖,近战武器,False,SW.Item.Battlestaff,SW.EffectTemplate.SoulSiphon.I；SW.EffectTemplate.SoulSiphon.II；SW.EffectTemplate.SoulSiphon.III
死神,可随机出现,剁肉刀,近战武器,False,SW.Item.Cleaver,SW.EffectTemplate.SoulSiphon.I；SW.EffectTemplate.SoulSiphon.II；SW.EffectTemplate.SoulSiphon.III
死神,可随机出现,双镰,近战武器,False,SW.Item.Sickles,SW.EffectTemplate.SoulSiphon.I；SW.EffectTemplate.SoulSiphon.II；SW.EffectTemplate.SoulSiphon.III
死神,可随机出现,镰刀,近战武器,False,SW.Item.Scythe,SW.EffectTemplate.SoulSiphon.I；SW.EffectTemplate.SoulSiphon.II；SW.EffectTemplate.SoulSiphon.III
死神,可随机出现,长剑,近战武器,False,SW.Item.StraightSword,SW.EffectTemplate.SoulSiphon.I；SW.EffectTemplate.SoulSiphon.II；SW.EffectTemplate.SoulSiphon.III
死神,可随机出现,铁锹,近战武器,False,SW.Item.Shovel,SW.EffectTemplate.SoulSiphon.I；SW.EffectTemplate.SoulSiphon.II；SW.EffectTemplate.SoulSiphon.III
死神,可随机出现,重锤,近战武器,False,SW.Item.Mace,SW.EffectTemplate.SoulSiphon.I；SW.EffectTemplate.SoulSiphon.II；SW.EffectTemplate.SoulSiphon.III
死神,可随机出现,暮光匕首,近战武器,False,SW.Item.Dagger,SW.EffectTemplate.SoulSiphon.I；SW.EffectTemplate.SoulSiphon.II；SW.EffectTemplate.SoulSiphon.III
死神,可随机出现,军刀,近战武器,False,SW.Item.Sabre,SW.EffectTemplate.SoulSiphon.I；SW.EffectTemplate.SoulSiphon.II；SW.EffectTemplate.SoulSiphon.III
死神,可随机出现,战斗锤,近战武器,False,SW.Item.Hammer,SW.EffectTemplate.SoulSiphon.I；SW.EffectTemplate.SoulSiphon.II；SW.EffectTemplate.SoulSiphon.III
死神,可随机出现,潮汐镰刀,近战武器,False,SW.Item.MoonSword,SW.EffectTemplate.SoulSiphon.I；SW.EffectTemplate.SoulSiphon.II；SW.EffectTemplate.SoulSiphon.III
死神,可随机出现,巨斧,近战武器,False,SW.Item.GreatAxe,SW.EffectTemplate.SoulSiphon.I；SW.EffectTemplate.SoulSiphon.II；SW.EffectTemplate.SoulSiphon.III
死神,可随机出现,幽匿者之爪,近战武器,True,SW.Item.Claws_Unique1,SW.EffectTemplate.SoulSiphon.I；SW.EffectTemplate.SoulSiphon.II；SW.EffectTemplate.SoulSiphon.III
死神,可随机出现,元素权杖,近战武器,True,SW.Item.Battlestaff_Unique1,SW.EffectTemplate.SoulSiphon.I；SW.EffectTemplate.SoulSiphon.II；SW.EffectTemplate.SoulSiphon.III
死神,可随机出现,剁魂刀,近战武器,True,SW.Item.Cleaver_Unique1,SW.EffectTemplate.SoulSiphon.I；SW.EffectTemplate.SoulSiphon.II；SW.EffectTemplate.SoulSiphon.III
死神,可随机出现,汐浮镰刀,近战武器,True,SW.Item.Sickles_Unique1,SW.EffectTemplate.SoulSiphon.I；SW.EffectTemplate.SoulSiphon.II；SW.EffectTemplate.SoulSiphon.III
死神,可随机出现,安眠之刃,近战武器,True,SW.Item.CurvedGreatsword_Unique1,SW.EffectTemplate.SoulSiphon.I；SW.EffectTemplate.SoulSiphon.II；SW.EffectTemplate.SoulSiphon.III
死神,可随机出现,霜冻剑,近战武器,True,SW.Item.StraightSword_Unique1,SW.EffectTemplate.SoulSiphon.I；SW.EffectTemplate.SoulSiphon.II；SW.EffectTemplate.SoulSiphon.III
死神,可随机出现,钻石锹,近战武器,True,SW.Item.Shovel_Unique1,SW.EffectTemplate.SoulSiphon.I；SW.EffectTemplate.SoulSiphon.II；SW.EffectTemplate.SoulSiphon.III
死神,可随机出现,甲壳重锤,近战武器,True,SW.Item.Mace_Unique1,SW.EffectTemplate.SoulSiphon.I；SW.EffectTemplate.SoulSiphon.II；SW.EffectTemplate.SoulSiphon.III
死神,可随机出现,幽匿者克星,近战武器,True,SW.Item.Dagger_Unique1,SW.EffectTemplate.SoulSiphon.I；SW.EffectTemplate.SoulSiphon.II；SW.EffectTemplate.SoulSiphon.III
死神,可随机出现,绿宝石锤,近战武器,True,SW.Item.Hammer_Unique1,SW.EffectTemplate.SoulSiphon.I；SW.EffectTemplate.SoulSiphon.II；SW.EffectTemplate.SoulSiphon.III
死神,可随机出现,弯月镰刀,近战武器,True,SW.Item.MoonSword_Unique1,SW.EffectTemplate.SoulSiphon.I；SW.EffectTemplate.SoulSiphon.II；SW.EffectTemplate.SoulSiphon.III
死神,可随机出现,神威巨斧,近战武器,True,SW.Item.GreatAxe_Unique1,SW.EffectTemplate.SoulSiphon.I；SW.EffectTemplate.SoulSiphon.II；SW.EffectTemplate.SoulSiphon.III
死神,可随机出现,散射弩,远程武器,False,SW.Item.ScatterCrossbow,SW.EffectTemplate.SoulSiphon.I；SW.EffectTemplate.SoulSiphon.II；SW.EffectTemplate.SoulSiphon.III
死神,可随机出现,双持弩,远程武器,False,SW.Item.DualCrossbow,SW.EffectTemplate.SoulSiphon.I；SW.EffectTemplate.SoulSiphon.II；SW.EffectTemplate.SoulSiphon.III
死神,可随机出现,竖琴弩,远程武器,True,SW.Item.ScatterCrossbow_Unique1,SW.EffectTemplate.SoulSiphon.I；SW.EffectTemplate.SoulSiphon.II；SW.EffectTemplate.SoulSiphon.III
死神,可随机出现,背叛者双弩,远程武器,True,SW.Item.DualCrossbow_Unique1,SW.EffectTemplate.SoulSiphon.I；SW.EffectTemplate.SoulSiphon.II；SW.EffectTemplate.SoulSiphon.III
特技,装备固有,调皮鬼军刀,近战武器,True,SW.Item.Sabre_Unique1,SW.EffectTemplate.Acrobat.Unique
特技,装备固有,贤者腰带,护甲,True,SW.Item.DiscipleLeggings_Unique,SW.EffectTemplate.Acrobat.Unique
特技,可随机出现,捣蛋鬼轻靴,护甲,False,SW.Item.ScampBoots,SW.EffectTemplate.Acrobat.I；SW.EffectTemplate.Acrobat.II；SW.EffectTemplate.Acrobat.III
特技,可随机出现,捣蛋鬼兜帽,护甲,False,SW.Item.ScampHelmet,SW.EffectTemplate.Acrobat.I；SW.EffectTemplate.Acrobat.II；SW.EffectTemplate.Acrobat.III
特技,可随机出现,捣蛋鬼夹克,护甲,False,SW.Item.ScampChest,SW.EffectTemplate.Acrobat.I；SW.EffectTemplate.Acrobat.II；SW.EffectTemplate.Acrobat.III
特技,可随机出现,捣蛋鬼护腿,护甲,False,SW.Item.ScampLeggings,SW.EffectTemplate.Acrobat.I；SW.EffectTemplate.Acrobat.II；SW.EffectTemplate.Acrobat.III
特技,可随机出现,幽匿挖掘者靴子,护甲,False,SW.Item.CaveCrawlerBoots,SW.EffectTemplate.Acrobat.I；SW.EffectTemplate.Acrobat.II；SW.EffectTemplate.Acrobat.III
特技,可随机出现,幽匿挖掘者长袍,护甲,False,SW.Item.CaveCrawlerChest,SW.EffectTemplate.Acrobat.I；SW.EffectTemplate.Acrobat.II；SW.EffectTemplate.Acrobat.III
特技,可随机出现,幽匿挖掘者兜帽,护甲,False,SW.Item.CaveCrawlerHelmet,SW.EffectTemplate.Acrobat.I；SW.EffectTemplate.Acrobat.II；SW.EffectTemplate.Acrobat.III
特技,可随机出现,幽匿挖掘者护腿,护甲,False,SW.Item.CaveCrawlerLeggings,SW.EffectTemplate.Acrobat.I；SW.EffectTemplate.Acrobat.II；SW.EffectTemplate.Acrobat.III
特技,可随机出现,无赖轻靴,护甲,True,SW.Item.ScampBoots_Unique,SW.EffectTemplate.Acrobat.I；SW.EffectTemplate.Acrobat.II；SW.EffectTemplate.Acrobat.III
特技,可随机出现,无赖兜帽,护甲,True,SW.Item.ScampHelmet_Unique,SW.EffectTemplate.Acrobat.I；SW.EffectTemplate.Acrobat.II；SW.EffectTemplate.Acrobat.III
特技,可随机出现,无赖西装外套,护甲,True,SW.Item.ScampChest_Unique,SW.EffectTemplate.Acrobat.I；SW.EffectTemplate.Acrobat.II；SW.EffectTemplate.Acrobat.III
特技,可随机出现,无赖套裤,护甲,True,SW.Item.ScampLeggings_Unique,SW.EffectTemplate.Acrobat.I；SW.EffectTemplate.Acrobat.II；SW.EffectTemplate.Acrobat.III
特技,可随机出现,扭曲监守者轻靴,护甲,True,SW.Item.CaveCrawlerBoots_Unique,SW.EffectTemplate.Acrobat.I；SW.EffectTemplate.Acrobat.II；SW.EffectTemplate.Acrobat.III
特技,可随机出现,扭曲监守者背心,护甲,True,SW.Item.CaveCrawlerChest_Unique,SW.EffectTemplate.Acrobat.I；SW.EffectTemplate.Acrobat.II；SW.EffectTemplate.Acrobat.III
特技,可随机出现,扭曲监守者眼罩,护甲,True,SW.Item.CaveCrawlerHelmet_Unique,SW.EffectTemplate.Acrobat.I；SW.EffectTemplate.Acrobat.II；SW.EffectTemplate.Acrobat.III
特技,可随机出现,扭曲监守者紧身裤,护甲,True,SW.Item.CaveCrawlerLeggings_Unique,SW.EffectTemplate.Acrobat.I；SW.EffectTemplate.Acrobat.II；SW.EffectTemplate.Acrobat.III
特技,可随机出现,幻翼头盔,护甲,False,SW.Item.PhantomHelmet,SW.EffectTemplate.Acrobat.I；SW.EffectTemplate.Acrobat.II；SW.EffectTemplate.Acrobat.III
特技,可随机出现,幻翼胸甲,护甲,False,SW.Item.PhantomChest,SW.EffectTemplate.Acrobat.I；SW.EffectTemplate.Acrobat.II；SW.EffectTemplate.Acrobat.III
特技,可随机出现,幻翼长裤,护甲,False,SW.Item.PhantomLeggings,SW.EffectTemplate.Acrobat.I；SW.EffectTemplate.Acrobat.II；SW.EffectTemplate.Acrobat.III
特技,可随机出现,幻翼靴,护甲,False,SW.Item.PhantomBoots,SW.EffectTemplate.Acrobat.I；SW.EffectTemplate.Acrobat.II；SW.EffectTemplate.Acrobat.III
特技,可随机出现,门徒面具,护甲,False,SW.Item.DiscipleHelmet,SW.EffectTemplate.Acrobat.I；SW.EffectTemplate.Acrobat.II；SW.EffectTemplate.Acrobat.III
特技,可随机出现,门徒长袍,护甲,False,SW.Item.DiscipleChest,SW.EffectTemplate.Acrobat.I；SW.EffectTemplate.Acrobat.II；SW.EffectTemplate.Acrobat.III
特技,可随机出现,门徒护腿,护甲,False,SW.Item.DiscipleLeggings,SW.EffectTemplate.Acrobat.I；SW.EffectTemplate.Acrobat.II；SW.EffectTemplate.Acrobat.III
特技,可随机出现,门徒裹足布,护甲,False,SW.Item.DiscipleBoots,SW.EffectTemplate.Acrobat.I；SW.EffectTemplate.Acrobat.II；SW.EffectTemplate.Acrobat.III
特技,可随机出现,驭梦者王冠,护甲,True,SW.Item.PhantomHelmet_Unique,SW.EffectTemplate.Acrobat.I；SW.EffectTemplate.Acrobat.II；SW.EffectTemplate.Acrobat.III
特技,可随机出现,驭梦者外袍,护甲,True,SW.Item.PhantomChest_Unique,SW.EffectTemplate.Acrobat.I；SW.EffectTemplate.Acrobat.II；SW.EffectTemplate.Acrobat.III
特技,可随机出现,驭梦者睡裤,护甲,True,SW.Item.PhantomLeggings_Unique,SW.EffectTemplate.Acrobat.I；SW.EffectTemplate.Acrobat.II；SW.EffectTemplate.Acrobat.III
特技,可随机出现,驭梦者拖鞋,护甲,True,SW.Item.PhantomBoots_Unique,SW.EffectTemplate.Acrobat.I；SW.EffectTemplate.Acrobat.II；SW.EffectTemplate.Acrobat.III
特技,可随机出现,贤者头带,护甲,True,SW.Item.DiscipleHelmet_Unique,SW.EffectTemplate.Acrobat.I；SW.EffectTemplate.Acrobat.II；SW.EffectTemplate.Acrobat.III
特技,可随机出现,贤者束衣,护甲,True,SW.Item.DiscipleChest_Unique,SW.EffectTemplate.Acrobat.I；SW.EffectTemplate.Acrobat.II；SW.EffectTemplate.Acrobat.III
特技,可随机出现,贤者裹足布,护甲,True,SW.Item.DiscipleBoots_Unique,SW.EffectTemplate.Acrobat.I；SW.EffectTemplate.Acrobat.II；SW.EffectTemplate.Acrobat.III
特技,可随机出现,幽匿者面具,护甲,False,SW.Item.ScavengerHelmet,SW.EffectTemplate.Acrobat.I；SW.EffectTemplate.Acrobat.II；SW.EffectTemplate.Acrobat.III
特技,可随机出现,幽匿者长袍,护甲,False,SW.Item.ScavengerChest,SW.EffectTemplate.Acrobat.I；SW.EffectTemplate.Acrobat.II；SW.EffectTemplate.Acrobat.III
特技,可随机出现,幽匿者便裤,护甲,False,SW.Item.ScavengerLeggings,SW.EffectTemplate.Acrobat.I；SW.EffectTemplate.Acrobat.II；SW.EffectTemplate.Acrobat.III
特技,可随机出现,幽匿者之靴,护甲,False,SW.Item.ScavengerBoots,SW.EffectTemplate.Acrobat.I；SW.EffectTemplate.Acrobat.II；SW.EffectTemplate.Acrobat.III
特技,可随机出现,君主王冠,护甲,True,SW.Item.ScavengerHelmet_Unique,SW.EffectTemplate.Acrobat.I；SW.EffectTemplate.Acrobat.II；SW.EffectTemplate.Acrobat.III
特技,可随机出现,君主披风,护甲,True,SW.Item.ScavengerChest_Unique,SW.EffectTemplate.Acrobat.I；SW.EffectTemplate.Acrobat.II；SW.EffectTemplate.Acrobat.III
特技,可随机出现,君主腰带,护甲,True,SW.Item.ScavengerLeggings_Unique,SW.EffectTemplate.Acrobat.I；SW.EffectTemplate.Acrobat.II；SW.EffectTemplate.Acrobat.III
特技,可随机出现,君主利爪,护甲,True,SW.Item.ScavengerBoots_Unique,SW.EffectTemplate.Acrobat.I；SW.EffectTemplate.Acrobat.II；SW.EffectTemplate.Acrobat.III
特技,护符成长,犰狳护身符,护符,False,SW.Item.Talisman.RollingCooldown,SW.EffectTemplate.RollingCooldown.I；SW.EffectTemplate.RollingCooldown.II；SW.EffectTemplate.RollingCooldown.III
炼金术士,装备固有,剁魂刀,近战武器,True,SW.Item.Cleaver_Unique1,SW.EffectTemplate.AnimaConduit.Unique
游侠,装备固有,竖琴弩,远程武器,True,SW.Item.ScatterCrossbow_Unique1,SW.EffectTemplate.MultiShot.Unique
游侠,装备固有,神射手软呢帽,护甲,True,SW.Item.RealmreacherHelmet_Unique,SW.EffectTemplate.MultiShot.Unique
游侠,可随机出现,短弓,远程武器,False,SW.Item.Shortbow,SW.EffectTemplate.MultiShot.I；SW.EffectTemplate.MultiShot.II；SW.EffectTemplate.MultiShot.III
游侠,可随机出现,长弓,远程武器,False,SW.Item.Longbow,SW.EffectTemplate.MultiShot.I；SW.EffectTemplate.MultiShot.II；SW.EffectTemplate.MultiShot.III
游侠,可随机出现,强弓,远程武器,False,SW.Item.Powerbow,SW.EffectTemplate.MultiShot.I；SW.EffectTemplate.MultiShot.II；SW.EffectTemplate.MultiShot.III
游侠,可随机出现,快弩,远程武器,False,SW.Item.RapidCrossbow,SW.EffectTemplate.MultiShot.I；SW.EffectTemplate.MultiShot.II；SW.EffectTemplate.MultiShot.III
游侠,可随机出现,流星弓,远程武器,True,SW.Item.Shortbow_Unique1,SW.EffectTemplate.MultiShot.I；SW.EffectTemplate.MultiShot.II；SW.EffectTemplate.MultiShot.III
游侠,可随机出现,嘎枝之触,远程武器,True,SW.Item.Longbow_Unique1,SW.EffectTemplate.MultiShot.I；SW.EffectTemplate.MultiShot.II；SW.EffectTemplate.MultiShot.III
游侠,可随机出现,典范弓,远程武器,True,SW.Item.Powerbow_Unique1,SW.EffectTemplate.MultiShot.I；SW.EffectTemplate.MultiShot.II；SW.EffectTemplate.MultiShot.III
游侠,可随机出现,授粉快弩,远程武器,True,SW.Item.RapidCrossbow_Unique1,SW.EffectTemplate.MultiShot.I；SW.EffectTemplate.MultiShot.II；SW.EffectTemplate.MultiShot.III
游侠,可随机出现,巨弓,远程武器,False,SW.Item.Greatbow,SW.EffectTemplate.MultiShot.I；SW.EffectTemplate.MultiShot.II；SW.EffectTemplate.MultiShot.III
游侠,可随机出现,轰鸣虫心弦,远程武器,True,SW.Item.Greatbow_Unique1,SW.EffectTemplate.MultiShot.I；SW.EffectTemplate.MultiShot.II；SW.EffectTemplate.MultiShot.III
游侠,可随机出现,烟花箭,法器,False,SW.Item.Artifact.FireworkQuiver,SW.EffectTemplate.MultiShot.I；SW.EffectTemplate.MultiShot.II；SW.EffectTemplate.MultiShot.III
游侠,可随机出现,火焰箭袋,法器,False,SW.Item.Artifact.FlameQuiver,SW.EffectTemplate.MultiShot.I；SW.EffectTemplate.MultiShot.II；SW.EffectTemplate.MultiShot.III
游侠,可随机出现,剧毒箭袋,法器,False,SW.Item.Artifact.PoisonQuiver,SW.EffectTemplate.MultiShot.I；SW.EffectTemplate.MultiShot.II；SW.EffectTemplate.MultiShot.III
游侠,可随机出现,冰冻箭袋,法器,False,SW.Item.Artifact.FrostQuiver,SW.EffectTemplate.MultiShot.I；SW.EffectTemplate.MultiShot.II；SW.EffectTemplate.MultiShot.III
游侠,可随机出现,导电箭袋,法器,False,SW.Item.Artifact.LightningQuiver,SW.EffectTemplate.MultiShot.I；SW.EffectTemplate.MultiShot.II；SW.EffectTemplate.MultiShot.III
盟友,装备固有,蜂群意识安全帽,护甲,True,SW.Item.HoneyHelmet_Unique,SW.EffectTemplate.Vivify.Unique
盟友,可随机出现,狼群之靴,护甲,False,SW.Item.WolfclutchBoots,SW.EffectTemplate.Vivify.I；SW.EffectTemplate.Vivify.II；SW.EffectTemplate.Vivify.III
盟友,可随机出现,狼群夹克,护甲,False,SW.Item.WolfclutchChest,SW.EffectTemplate.Vivify.I；SW.EffectTemplate.Vivify.II；SW.EffectTemplate.Vivify.III
盟友,可随机出现,狼群兜帽,护甲,False,SW.Item.WolfclutchHelmet,SW.EffectTemplate.Vivify.I；SW.EffectTemplate.Vivify.II；SW.EffectTemplate.Vivify.III
盟友,可随机出现,狼群护腿,护甲,False,SW.Item.WolfclutchLeggings,SW.EffectTemplate.Vivify.I；SW.EffectTemplate.Vivify.II；SW.EffectTemplate.Vivify.III
盟友,可随机出现,头狼之爪,护甲,True,SW.Item.WolfclutchBoots_Unique,SW.EffectTemplate.Vivify.I；SW.EffectTemplate.Vivify.II；SW.EffectTemplate.Vivify.III
盟友,可随机出现,头狼兽皮,护甲,True,SW.Item.WolfclutchChest_Unique,SW.EffectTemplate.Vivify.I；SW.EffectTemplate.Vivify.II；SW.EffectTemplate.Vivify.III
盟友,可随机出现,头狼口套,护甲,True,SW.Item.WolfclutchHelmet_Unique,SW.EffectTemplate.Vivify.I；SW.EffectTemplate.Vivify.II；SW.EffectTemplate.Vivify.III
盟友,可随机出现,头狼毛皮套裤,护甲,True,SW.Item.WolfclutchLeggings_Unique,SW.EffectTemplate.Vivify.I；SW.EffectTemplate.Vivify.II；SW.EffectTemplate.Vivify.III
盟友,可随机出现,护林者面具,护甲,False,SW.Item.HewnBarkHelmet,SW.EffectTemplate.Vivify.I；SW.EffectTemplate.Vivify.II；SW.EffectTemplate.Vivify.III
盟友,可随机出现,护林者胸甲,护甲,False,SW.Item.HewnBarkChest,SW.EffectTemplate.Vivify.I；SW.EffectTemplate.Vivify.II；SW.EffectTemplate.Vivify.III
盟友,可随机出现,护林者护腿,护甲,False,SW.Item.HewnBarkLeggings,SW.EffectTemplate.Vivify.I；SW.EffectTemplate.Vivify.II；SW.EffectTemplate.Vivify.III
盟友,可随机出现,护林者木屐,护甲,False,SW.Item.HewnBarkBoots,SW.EffectTemplate.Vivify.I；SW.EffectTemplate.Vivify.II；SW.EffectTemplate.Vivify.III
盟友,可随机出现,养蜂人面罩,护甲,False,SW.Item.HoneyHelmet,SW.EffectTemplate.Vivify.I；SW.EffectTemplate.Vivify.II；SW.EffectTemplate.Vivify.III
盟友,可随机出现,养蜂服,护甲,False,SW.Item.HoneyChest,SW.EffectTemplate.Vivify.I；SW.EffectTemplate.Vivify.II；SW.EffectTemplate.Vivify.III
盟友,可随机出现,养蜂人护腿,护甲,False,SW.Item.HoneyLeggings,SW.EffectTemplate.Vivify.I；SW.EffectTemplate.Vivify.II；SW.EffectTemplate.Vivify.III
盟友,可随机出现,养蜂人之靴,护甲,False,SW.Item.HoneyBoots,SW.EffectTemplate.Vivify.I；SW.EffectTemplate.Vivify.II；SW.EffectTemplate.Vivify.III
盟友,可随机出现,汐浮特兜帽,护甲,False,SW.Item.WellspringHelmet,SW.EffectTemplate.Vivify.I；SW.EffectTemplate.Vivify.II；SW.EffectTemplate.Vivify.III
盟友,可随机出现,汐浮特长袍,护甲,False,SW.Item.WellspringChest,SW.EffectTemplate.Vivify.I；SW.EffectTemplate.Vivify.II；SW.EffectTemplate.Vivify.III
盟友,可随机出现,汐浮特护腿,护甲,False,SW.Item.WellspringLeggings,SW.EffectTemplate.Vivify.I；SW.EffectTemplate.Vivify.II；SW.EffectTemplate.Vivify.III
盟友,可随机出现,汐浮特之靴,护甲,False,SW.Item.WellspringBoots,SW.EffectTemplate.Vivify.I；SW.EffectTemplate.Vivify.II；SW.EffectTemplate.Vivify.III
盟友,可随机出现,木精灵王冠,护甲,True,SW.Item.HewnBarkHelmet_Unique,SW.EffectTemplate.Vivify.I；SW.EffectTemplate.Vivify.II；SW.EffectTemplate.Vivify.III
盟友,可随机出现,木精灵树皮甲,护甲,True,SW.Item.HewnBarkChest_Unique,SW.EffectTemplate.Vivify.I；SW.EffectTemplate.Vivify.II；SW.EffectTemplate.Vivify.III
盟友,可随机出现,木精灵树干护腿,护甲,True,SW.Item.HewnBarkLeggings_Unique,SW.EffectTemplate.Vivify.I；SW.EffectTemplate.Vivify.II；SW.EffectTemplate.Vivify.III
盟友,可随机出现,木精灵根须靴,护甲,True,SW.Item.HewnBarkBoots_Unique,SW.EffectTemplate.Vivify.I；SW.EffectTemplate.Vivify.II；SW.EffectTemplate.Vivify.III
盟友,可随机出现,蜂群意识胸甲,护甲,True,SW.Item.HoneyChest_Unique,SW.EffectTemplate.Vivify.I；SW.EffectTemplate.Vivify.II；SW.EffectTemplate.Vivify.III
盟友,可随机出现,蜂群意识长裤,护甲,True,SW.Item.HoneyLeggings_Unique,SW.EffectTemplate.Vivify.I；SW.EffectTemplate.Vivify.II；SW.EffectTemplate.Vivify.III
盟友,可随机出现,蜂群意识刺靴,护甲,True,SW.Item.HoneyBoots_Unique,SW.EffectTemplate.Vivify.I；SW.EffectTemplate.Vivify.II；SW.EffectTemplate.Vivify.III
盟友,可随机出现,狂怒汐浮特面具,护甲,True,SW.Item.WellspringHelmet_Unique,SW.EffectTemplate.Vivify.I；SW.EffectTemplate.Vivify.II；SW.EffectTemplate.Vivify.III
盟友,可随机出现,狂怒汐浮特背心,护甲,True,SW.Item.WellspringChest_Unique,SW.EffectTemplate.Vivify.I；SW.EffectTemplate.Vivify.II；SW.EffectTemplate.Vivify.III
盟友,可随机出现,狂怒汐浮特便裤,护甲,True,SW.Item.WellspringLeggings_Unique,SW.EffectTemplate.Vivify.I；SW.EffectTemplate.Vivify.II；SW.EffectTemplate.Vivify.III
盟友,可随机出现,狂怒汐浮特之爪,护甲,True,SW.Item.WellspringBoots_Unique,SW.EffectTemplate.Vivify.I；SW.EffectTemplate.Vivify.II；SW.EffectTemplate.Vivify.III
盟友,可随机出现,轰鸣号角,法器,False,SW.Item.Artifact.RallyingHorn,SW.EffectTemplate.Vivify.I；SW.EffectTemplate.Vivify.II；SW.EffectTemplate.Vivify.III
盟友,可随机出现,回复图腾,法器,False,SW.Item.Artifact.TotemOfRegeneration,SW.EffectTemplate.Vivify.I；SW.EffectTemplate.Vivify.II；SW.EffectTemplate.Vivify.III
盟友,可随机出现,野餐篮,法器,False,SW.Item.Artifact.PicnicBlanket,SW.EffectTemplate.Vivify.I；SW.EffectTemplate.Vivify.II；SW.EffectTemplate.Vivify.III
盟友,可随机出现,护盾图腾,法器,False,SW.Item.Artifact.TotemOfShielding,SW.EffectTemplate.Vivify.I；SW.EffectTemplate.Vivify.II；SW.EffectTemplate.Vivify.III
盟友,可随机出现,施法图腾,法器,False,SW.Item.Artifact.TotemOfCasting,SW.EffectTemplate.Vivify.I；SW.EffectTemplate.Vivify.II；SW.EffectTemplate.Vivify.III
盟友,可随机出现,战士长笛,法器,False,SW.Item.Artifact.FightersFife,SW.EffectTemplate.Vivify.I；SW.EffectTemplate.Vivify.II；SW.EffectTemplate.Vivify.III
盟友,可随机出现,战旗,法器,False,SW.Item.Artifact.WarBanner,SW.EffectTemplate.Vivify.I；SW.EffectTemplate.Vivify.II；SW.EffectTemplate.Vivify.III
盟友,可随机出现,蜂蜜蘸棒,法器,False,SW.Item.Artifact.Honeypot,SW.EffectTemplate.Vivify.I；SW.EffectTemplate.Vivify.II；SW.EffectTemplate.Vivify.III
韧性,装备固有,蜂群意识长裤,护甲,True,SW.Item.HoneyLeggings_Unique,SW.EffectTemplate.Resilience.Unique
韧性,装备固有,君主披风,护甲,True,SW.Item.ScavengerChest_Unique,SW.EffectTemplate.Resilience.Unique
韧性,可随机出现,赏金猎人之靴,护甲,False,SW.Item.UndauntedBoots,SW.EffectTemplate.Resilience.I；SW.EffectTemplate.Resilience.II；SW.EffectTemplate.Resilience.III
韧性,可随机出现,赏金猎人头盔,护甲,False,SW.Item.UndauntedHelmet,SW.EffectTemplate.Resilience.I；SW.EffectTemplate.Resilience.II；SW.EffectTemplate.Resilience.III
韧性,可随机出现,赏金猎人护胫,护甲,False,SW.Item.UndauntedLeggings,SW.EffectTemplate.Resilience.I；SW.EffectTemplate.Resilience.II；SW.EffectTemplate.Resilience.III
韧性,可随机出现,赏金猎人胸甲,护甲,False,SW.Item.UndauntedChest,SW.EffectTemplate.Resilience.I；SW.EffectTemplate.Resilience.II；SW.EffectTemplate.Resilience.III
韧性,可随机出现,钢丝绒毛衣,护甲,False,SW.Item.FrostRimeChest,SW.EffectTemplate.Resilience.I；SW.EffectTemplate.Resilience.II；SW.EffectTemplate.Resilience.III
韧性,可随机出现,钢丝绒护腿,护甲,False,SW.Item.FrostRimeLeggings,SW.EffectTemplate.Resilience.I；SW.EffectTemplate.Resilience.II；SW.EffectTemplate.Resilience.III
韧性,可随机出现,钢丝绒靴,护甲,False,SW.Item.FrostRimeBoots,SW.EffectTemplate.Resilience.I；SW.EffectTemplate.Resilience.II；SW.EffectTemplate.Resilience.III
韧性,可随机出现,钢丝绒帽,护甲,False,SW.Item.FrostRimeHelmet,SW.EffectTemplate.Resilience.I；SW.EffectTemplate.Resilience.II；SW.EffectTemplate.Resilience.III
韧性,可随机出现,幽匿挖掘者靴子,护甲,False,SW.Item.CaveCrawlerBoots,SW.EffectTemplate.Resilience.I；SW.EffectTemplate.Resilience.II；SW.EffectTemplate.Resilience.III
韧性,可随机出现,幽匿挖掘者长袍,护甲,False,SW.Item.CaveCrawlerChest,SW.EffectTemplate.Resilience.I；SW.EffectTemplate.Resilience.II；SW.EffectTemplate.Resilience.III
韧性,可随机出现,幽匿挖掘者兜帽,护甲,False,SW.Item.CaveCrawlerHelmet,SW.EffectTemplate.Resilience.I；SW.EffectTemplate.Resilience.II；SW.EffectTemplate.Resilience.III
韧性,可随机出现,幽匿挖掘者护腿,护甲,False,SW.Item.CaveCrawlerLeggings,SW.EffectTemplate.Resilience.I；SW.EffectTemplate.Resilience.II；SW.EffectTemplate.Resilience.III
韧性,可随机出现,无畏角盔,护甲,True,SW.Item.UndauntedHelmet_Unique,SW.EffectTemplate.Resilience.I；SW.EffectTemplate.Resilience.II；SW.EffectTemplate.Resilience.III
韧性,可随机出现,无畏肩甲,护甲,True,SW.Item.UndauntedChest_Unique,SW.EffectTemplate.Resilience.I；SW.EffectTemplate.Resilience.II；SW.EffectTemplate.Resilience.III
韧性,可随机出现,无畏胫甲,护甲,True,SW.Item.UndauntedLeggings_Unique,SW.EffectTemplate.Resilience.I；SW.EffectTemplate.Resilience.II；SW.EffectTemplate.Resilience.III
韧性,可随机出现,无畏足甲,护甲,True,SW.Item.UndauntedBoots_Unique,SW.EffectTemplate.Resilience.I；SW.EffectTemplate.Resilience.II；SW.EffectTemplate.Resilience.III
韧性,可随机出现,寒霜护甲,护甲,True,SW.Item.FrostRimeChest_Unique,SW.EffectTemplate.Resilience.I；SW.EffectTemplate.Resilience.II；SW.EffectTemplate.Resilience.III
韧性,可随机出现,寒霜长衬裤,护甲,True,SW.Item.FrostRimeLeggings_Unique,SW.EffectTemplate.Resilience.I；SW.EffectTemplate.Resilience.II；SW.EffectTemplate.Resilience.III
韧性,可随机出现,寒霜踏雪靴,护甲,True,SW.Item.FrostRimeBoots_Unique,SW.EffectTemplate.Resilience.I；SW.EffectTemplate.Resilience.II；SW.EffectTemplate.Resilience.III
韧性,可随机出现,寒霜冰帽,护甲,True,SW.Item.FrostRimeHelmet_Unique,SW.EffectTemplate.Resilience.I；SW.EffectTemplate.Resilience.II；SW.EffectTemplate.Resilience.III
韧性,可随机出现,扭曲监守者轻靴,护甲,True,SW.Item.CaveCrawlerBoots_Unique,SW.EffectTemplate.Resilience.I；SW.EffectTemplate.Resilience.II；SW.EffectTemplate.Resilience.III
韧性,可随机出现,扭曲监守者背心,护甲,True,SW.Item.CaveCrawlerChest_Unique,SW.EffectTemplate.Resilience.I；SW.EffectTemplate.Resilience.II；SW.EffectTemplate.Resilience.III
韧性,可随机出现,扭曲监守者眼罩,护甲,True,SW.Item.CaveCrawlerHelmet_Unique,SW.EffectTemplate.Resilience.I；SW.EffectTemplate.Resilience.II；SW.EffectTemplate.Resilience.III
韧性,可随机出现,扭曲监守者紧身裤,护甲,True,SW.Item.CaveCrawlerLeggings_Unique,SW.EffectTemplate.Resilience.I；SW.EffectTemplate.Resilience.II；SW.EffectTemplate.Resilience.III
韧性,可随机出现,守卫者头盔,护甲,False,SW.Item.StalwartHelmet,SW.EffectTemplate.Resilience.I；SW.EffectTemplate.Resilience.II；SW.EffectTemplate.Resilience.III
韧性,可随机出现,守卫者胸甲,护甲,False,SW.Item.StalwartChest,SW.EffectTemplate.Resilience.I；SW.EffectTemplate.Resilience.II；SW.EffectTemplate.Resilience.III
韧性,可随机出现,守卫者护胫,护甲,False,SW.Item.StalwartLeggings,SW.EffectTemplate.Resilience.I；SW.EffectTemplate.Resilience.II；SW.EffectTemplate.Resilience.III
韧性,可随机出现,守卫者之靴,护甲,False,SW.Item.StalwartBoots,SW.EffectTemplate.Resilience.I；SW.EffectTemplate.Resilience.II；SW.EffectTemplate.Resilience.III
韧性,可随机出现,轰鸣虫触角,护甲,True,SW.Item.StalwartHelmet_Unique,SW.EffectTemplate.Resilience.I；SW.EffectTemplate.Resilience.II；SW.EffectTemplate.Resilience.III
韧性,可随机出现,轰鸣虫甲壳,护甲,True,SW.Item.StalwartChest_Unique,SW.EffectTemplate.Resilience.I；SW.EffectTemplate.Resilience.II；SW.EffectTemplate.Resilience.III
韧性,可随机出现,轰鸣虫胫甲,护甲,True,SW.Item.StalwartLeggings_Unique,SW.EffectTemplate.Resilience.I；SW.EffectTemplate.Resilience.II；SW.EffectTemplate.Resilience.III
韧性,可随机出现,轰鸣虫跗靴,护甲,True,SW.Item.StalwartBoots_Unique,SW.EffectTemplate.Resilience.I；SW.EffectTemplate.Resilience.II；SW.EffectTemplate.Resilience.III
韧性,可随机出现,蘑菇帽,护甲,False,SW.Item.MushroomHelmet,SW.EffectTemplate.Resilience.I；SW.EffectTemplate.Resilience.II；SW.EffectTemplate.Resilience.III
韧性,可随机出现,蘑菇长袍,护甲,False,SW.Item.MushroomChest,SW.EffectTemplate.Resilience.I；SW.EffectTemplate.Resilience.II；SW.EffectTemplate.Resilience.III
韧性,可随机出现,蘑菇护腿,护甲,False,SW.Item.MushroomLeggings,SW.EffectTemplate.Resilience.I；SW.EffectTemplate.Resilience.II；SW.EffectTemplate.Resilience.III
韧性,可随机出现,蘑菇靴,护甲,False,SW.Item.MushroomBoots,SW.EffectTemplate.Resilience.I；SW.EffectTemplate.Resilience.II；SW.EffectTemplate.Resilience.III
韧性,可随机出现,红石头盔,护甲,False,SW.Item.RedstoneHelmet,SW.EffectTemplate.Resilience.I；SW.EffectTemplate.Resilience.II；SW.EffectTemplate.Resilience.III
韧性,可随机出现,红石胸甲,护甲,False,SW.Item.RedstoneChest,SW.EffectTemplate.Resilience.I；SW.EffectTemplate.Resilience.II；SW.EffectTemplate.Resilience.III
韧性,可随机出现,红石护胫,护甲,False,SW.Item.RedstoneLeggings,SW.EffectTemplate.Resilience.I；SW.EffectTemplate.Resilience.II；SW.EffectTemplate.Resilience.III
韧性,可随机出现,红石靴,护甲,False,SW.Item.RedstoneBoots,SW.EffectTemplate.Resilience.I；SW.EffectTemplate.Resilience.II；SW.EffectTemplate.Resilience.III
韧性,可随机出现,毒蝇伞帽,护甲,True,SW.Item.MushroomHelmet_Unique,SW.EffectTemplate.Resilience.I；SW.EffectTemplate.Resilience.II；SW.EffectTemplate.Resilience.III
韧性,可随机出现,毒蝇伞外套,护甲,True,SW.Item.MushroomChest_Unique,SW.EffectTemplate.Resilience.I；SW.EffectTemplate.Resilience.II；SW.EffectTemplate.Resilience.III
韧性,可随机出现,毒蝇伞长裤,护甲,True,SW.Item.MushroomLeggings_Unique,SW.EffectTemplate.Resilience.I；SW.EffectTemplate.Resilience.II；SW.EffectTemplate.Resilience.III
韧性,可随机出现,毒蝇伞雨鞋,护甲,True,SW.Item.MushroomBoots_Unique,SW.EffectTemplate.Resilience.I；SW.EffectTemplate.Resilience.II；SW.EffectTemplate.Resilience.III
韧性,可随机出现,巨兽角盔,护甲,True,SW.Item.RedstoneHelmet_Unique,SW.EffectTemplate.Resilience.I；SW.EffectTemplate.Resilience.II；SW.EffectTemplate.Resilience.III
韧性,可随机出现,巨兽盔甲,护甲,True,SW.Item.RedstoneChest_Unique,SW.EffectTemplate.Resilience.I；SW.EffectTemplate.Resilience.II；SW.EffectTemplate.Resilience.III
韧性,可随机出现,巨兽胫甲,护甲,True,SW.Item.RedstoneLeggings_Unique,SW.EffectTemplate.Resilience.I；SW.EffectTemplate.Resilience.II；SW.EffectTemplate.Resilience.III
韧性,可随机出现,巨兽战靴,护甲,True,SW.Item.RedstoneBoots_Unique,SW.EffectTemplate.Resilience.I；SW.EffectTemplate.Resilience.II；SW.EffectTemplate.Resilience.III
污染,装备固有,寒霜踏雪靴,护甲,True,SW.Item.FrostRimeBoots_Unique,SW.EffectTemplate.Saboteur.Unique
污染,装备固有,神谕披风,护甲,True,SW.Item.MysticChest_Unique,SW.EffectTemplate.Saboteur.Unique
污染,装备固有,狂怒汐浮特面具,护甲,True,SW.Item.WellspringHelmet_Unique,SW.EffectTemplate.Saboteur.Unique
污染,可随机出现,护林者面具,护甲,False,SW.Item.HewnBarkHelmet,SW.EffectTemplate.Saboteur.I；SW.EffectTemplate.Saboteur.II；SW.EffectTemplate.Saboteur.III
污染,可随机出现,护林者胸甲,护甲,False,SW.Item.HewnBarkChest,SW.EffectTemplate.Saboteur.I；SW.EffectTemplate.Saboteur.II；SW.EffectTemplate.Saboteur.III
污染,可随机出现,护林者护腿,护甲,False,SW.Item.HewnBarkLeggings,SW.EffectTemplate.Saboteur.I；SW.EffectTemplate.Saboteur.II；SW.EffectTemplate.Saboteur.III
污染,可随机出现,护林者木屐,护甲,False,SW.Item.HewnBarkBoots,SW.EffectTemplate.Saboteur.I；SW.EffectTemplate.Saboteur.II；SW.EffectTemplate.Saboteur.III
污染,可随机出现,养蜂人面罩,护甲,False,SW.Item.HoneyHelmet,SW.EffectTemplate.Saboteur.I；SW.EffectTemplate.Saboteur.II；SW.EffectTemplate.Saboteur.III
污染,可随机出现,养蜂服,护甲,False,SW.Item.HoneyChest,SW.EffectTemplate.Saboteur.I；SW.EffectTemplate.Saboteur.II；SW.EffectTemplate.Saboteur.III
污染,可随机出现,养蜂人护腿,护甲,False,SW.Item.HoneyLeggings,SW.EffectTemplate.Saboteur.I；SW.EffectTemplate.Saboteur.II；SW.EffectTemplate.Saboteur.III
污染,可随机出现,养蜂人之靴,护甲,False,SW.Item.HoneyBoots,SW.EffectTemplate.Saboteur.I；SW.EffectTemplate.Saboteur.II；SW.EffectTemplate.Saboteur.III
污染,可随机出现,汐浮特兜帽,护甲,False,SW.Item.WellspringHelmet,SW.EffectTemplate.Saboteur.I；SW.EffectTemplate.Saboteur.II；SW.EffectTemplate.Saboteur.III
污染,可随机出现,汐浮特长袍,护甲,False,SW.Item.WellspringChest,SW.EffectTemplate.Saboteur.I；SW.EffectTemplate.Saboteur.II；SW.EffectTemplate.Saboteur.III
污染,可随机出现,汐浮特护腿,护甲,False,SW.Item.WellspringLeggings,SW.EffectTemplate.Saboteur.I；SW.EffectTemplate.Saboteur.II；SW.EffectTemplate.Saboteur.III
污染,可随机出现,汐浮特之靴,护甲,False,SW.Item.WellspringBoots,SW.EffectTemplate.Saboteur.I；SW.EffectTemplate.Saboteur.II；SW.EffectTemplate.Saboteur.III
污染,可随机出现,木精灵王冠,护甲,True,SW.Item.HewnBarkHelmet_Unique,SW.EffectTemplate.Saboteur.I；SW.EffectTemplate.Saboteur.II；SW.EffectTemplate.Saboteur.III
污染,可随机出现,木精灵树皮甲,护甲,True,SW.Item.HewnBarkChest_Unique,SW.EffectTemplate.Saboteur.I；SW.EffectTemplate.Saboteur.II；SW.EffectTemplate.Saboteur.III
污染,可随机出现,木精灵树干护腿,护甲,True,SW.Item.HewnBarkLeggings_Unique,SW.EffectTemplate.Saboteur.I；SW.EffectTemplate.Saboteur.II；SW.EffectTemplate.Saboteur.III
污染,可随机出现,木精灵根须靴,护甲,True,SW.Item.HewnBarkBoots_Unique,SW.EffectTemplate.Saboteur.I；SW.EffectTemplate.Saboteur.II；SW.EffectTemplate.Saboteur.III
污染,可随机出现,蜂群意识安全帽,护甲,True,SW.Item.HoneyHelmet_Unique,SW.EffectTemplate.Saboteur.I；SW.EffectTemplate.Saboteur.II；SW.EffectTemplate.Saboteur.III
污染,可随机出现,蜂群意识胸甲,护甲,True,SW.Item.HoneyChest_Unique,SW.EffectTemplate.Saboteur.I；SW.EffectTemplate.Saboteur.II；SW.EffectTemplate.Saboteur.III
污染,可随机出现,蜂群意识长裤,护甲,True,SW.Item.HoneyLeggings_Unique,SW.EffectTemplate.Saboteur.I；SW.EffectTemplate.Saboteur.II；SW.EffectTemplate.Saboteur.III
污染,可随机出现,蜂群意识刺靴,护甲,True,SW.Item.HoneyBoots_Unique,SW.EffectTemplate.Saboteur.I；SW.EffectTemplate.Saboteur.II；SW.EffectTemplate.Saboteur.III
污染,可随机出现,狂怒汐浮特背心,护甲,True,SW.Item.WellspringChest_Unique,SW.EffectTemplate.Saboteur.I；SW.EffectTemplate.Saboteur.II；SW.EffectTemplate.Saboteur.III
污染,可随机出现,狂怒汐浮特便裤,护甲,True,SW.Item.WellspringLeggings_Unique,SW.EffectTemplate.Saboteur.I；SW.EffectTemplate.Saboteur.II；SW.EffectTemplate.Saboteur.III
污染,可随机出现,狂怒汐浮特之爪,护甲,True,SW.Item.WellspringBoots_Unique,SW.EffectTemplate.Saboteur.I；SW.EffectTemplate.Saboteur.II；SW.EffectTemplate.Saboteur.III
桎梏,装备固有,定身弩,远程武器,True,SW.Item.Crossbow_Unique1,SW.EffectTemplate.Chains.Unique
桎梏,可随机出现,双匕首,近战武器,False,SW.Item.Daggers,SW.EffectTemplate.Chains.I；SW.EffectTemplate.Chains.II；SW.EffectTemplate.Chains.III
桎梏,可随机出现,镐,近战武器,False,SW.Item.Pickaxe,SW.EffectTemplate.Chains.I；SW.EffectTemplate.Chains.II；SW.EffectTemplate.Chains.III
桎梏,可随机出现,细剑,近战武器,False,SW.Item.Rapier,SW.EffectTemplate.Chains.I；SW.EffectTemplate.Chains.II；SW.EffectTemplate.Chains.III
桎梏,可随机出现,探勘者之镐,近战武器,True,SW.Item.Pickaxe_Unique1,SW.EffectTemplate.Chains.I；SW.EffectTemplate.Chains.II；SW.EffectTemplate.Chains.III
桎梏,可随机出现,剁肉刀,近战武器,False,SW.Item.Cleaver,SW.EffectTemplate.Chains.I；SW.EffectTemplate.Chains.II；SW.EffectTemplate.Chains.III
桎梏,可随机出现,铁锹,近战武器,False,SW.Item.Shovel,SW.EffectTemplate.Chains.I；SW.EffectTemplate.Chains.II；SW.EffectTemplate.Chains.III
桎梏,可随机出现,军刀,近战武器,False,SW.Item.Sabre,SW.EffectTemplate.Chains.I；SW.EffectTemplate.Chains.II；SW.EffectTemplate.Chains.III
桎梏,可随机出现,战斗锤,近战武器,False,SW.Item.Hammer,SW.EffectTemplate.Chains.I；SW.EffectTemplate.Chains.II；SW.EffectTemplate.Chains.III
桎梏,可随机出现,巨斧,近战武器,False,SW.Item.GreatAxe,SW.EffectTemplate.Chains.I；SW.EffectTemplate.Chains.II；SW.EffectTemplate.Chains.III
桎梏,可随机出现,剁魂刀,近战武器,True,SW.Item.Cleaver_Unique1,SW.EffectTemplate.Chains.I；SW.EffectTemplate.Chains.II；SW.EffectTemplate.Chains.III
桎梏,可随机出现,安眠之刃,近战武器,True,SW.Item.CurvedGreatsword_Unique1,SW.EffectTemplate.Chains.I；SW.EffectTemplate.Chains.II；SW.EffectTemplate.Chains.III
桎梏,可随机出现,钻石锹,近战武器,True,SW.Item.Shovel_Unique1,SW.EffectTemplate.Chains.I；SW.EffectTemplate.Chains.II；SW.EffectTemplate.Chains.III
桎梏,可随机出现,绿宝石锤,近战武器,True,SW.Item.Hammer_Unique1,SW.EffectTemplate.Chains.I；SW.EffectTemplate.Chains.II；SW.EffectTemplate.Chains.III
桎梏,可随机出现,神威巨斧,近战武器,True,SW.Item.GreatAxe_Unique1,SW.EffectTemplate.Chains.I；SW.EffectTemplate.Chains.II；SW.EffectTemplate.Chains.III
桎梏,可随机出现,散射弩,远程武器,False,SW.Item.ScatterCrossbow,SW.EffectTemplate.Chains.I；SW.EffectTemplate.Chains.II；SW.EffectTemplate.Chains.III
桎梏,可随机出现,竖琴弩,远程武器,True,SW.Item.ScatterCrossbow_Unique1,SW.EffectTemplate.Chains.I；SW.EffectTemplate.Chains.II；SW.EffectTemplate.Chains.III
治疗者,装备固有,汐浮镰刀,近战武器,True,SW.Item.Sickles_Unique1,SW.EffectTemplate.HealingFocus.Unique
治疗者,装备固有,蜂群意识胸甲,护甲,True,SW.Item.HoneyChest_Unique,SW.EffectTemplate.HealingFocus.Unique
治疗者,可随机出现,狼群之靴,护甲,False,SW.Item.WolfclutchBoots,SW.EffectTemplate.HealingFocus.I；SW.EffectTemplate.HealingFocus.II；SW.EffectTemplate.HealingFocus.III
治疗者,可随机出现,狼群夹克,护甲,False,SW.Item.WolfclutchChest,SW.EffectTemplate.HealingFocus.I；SW.EffectTemplate.HealingFocus.II；SW.EffectTemplate.HealingFocus.III
治疗者,可随机出现,狼群兜帽,护甲,False,SW.Item.WolfclutchHelmet,SW.EffectTemplate.HealingFocus.I；SW.EffectTemplate.HealingFocus.II；SW.EffectTemplate.HealingFocus.III
治疗者,可随机出现,狼群护腿,护甲,False,SW.Item.WolfclutchLeggings,SW.EffectTemplate.HealingFocus.I；SW.EffectTemplate.HealingFocus.II；SW.EffectTemplate.HealingFocus.III
治疗者,可随机出现,头狼之爪,护甲,True,SW.Item.WolfclutchBoots_Unique,SW.EffectTemplate.HealingFocus.I；SW.EffectTemplate.HealingFocus.II；SW.EffectTemplate.HealingFocus.III
治疗者,可随机出现,头狼兽皮,护甲,True,SW.Item.WolfclutchChest_Unique,SW.EffectTemplate.HealingFocus.I；SW.EffectTemplate.HealingFocus.II；SW.EffectTemplate.HealingFocus.III
治疗者,可随机出现,头狼口套,护甲,True,SW.Item.WolfclutchHelmet_Unique,SW.EffectTemplate.HealingFocus.I；SW.EffectTemplate.HealingFocus.II；SW.EffectTemplate.HealingFocus.III
治疗者,可随机出现,头狼毛皮套裤,护甲,True,SW.Item.WolfclutchLeggings_Unique,SW.EffectTemplate.HealingFocus.I；SW.EffectTemplate.HealingFocus.II；SW.EffectTemplate.HealingFocus.III
治疗者,可随机出现,护林者面具,护甲,False,SW.Item.HewnBarkHelmet,SW.EffectTemplate.HealingFocus.I；SW.EffectTemplate.HealingFocus.II；SW.EffectTemplate.HealingFocus.III
治疗者,可随机出现,护林者胸甲,护甲,False,SW.Item.HewnBarkChest,SW.EffectTemplate.HealingFocus.I；SW.EffectTemplate.HealingFocus.II；SW.EffectTemplate.HealingFocus.III
治疗者,可随机出现,护林者护腿,护甲,False,SW.Item.HewnBarkLeggings,SW.EffectTemplate.HealingFocus.I；SW.EffectTemplate.HealingFocus.II；SW.EffectTemplate.HealingFocus.III
治疗者,可随机出现,护林者木屐,护甲,False,SW.Item.HewnBarkBoots,SW.EffectTemplate.HealingFocus.I；SW.EffectTemplate.HealingFocus.II；SW.EffectTemplate.HealingFocus.III
治疗者,可随机出现,养蜂人面罩,护甲,False,SW.Item.HoneyHelmet,SW.EffectTemplate.HealingFocus.I；SW.EffectTemplate.HealingFocus.II；SW.EffectTemplate.HealingFocus.III
治疗者,可随机出现,养蜂服,护甲,False,SW.Item.HoneyChest,SW.EffectTemplate.HealingFocus.I；SW.EffectTemplate.HealingFocus.II；SW.EffectTemplate.HealingFocus.III
治疗者,可随机出现,养蜂人护腿,护甲,False,SW.Item.HoneyLeggings,SW.EffectTemplate.HealingFocus.I；SW.EffectTemplate.HealingFocus.II；SW.EffectTemplate.HealingFocus.III
治疗者,可随机出现,养蜂人之靴,护甲,False,SW.Item.HoneyBoots,SW.EffectTemplate.HealingFocus.I；SW.EffectTemplate.HealingFocus.II；SW.EffectTemplate.HealingFocus.III
治疗者,可随机出现,汐浮特兜帽,护甲,False,SW.Item.WellspringHelmet,SW.EffectTemplate.HealingFocus.I；SW.EffectTemplate.HealingFocus.II；SW.EffectTemplate.HealingFocus.III
治疗者,可随机出现,汐浮特长袍,护甲,False,SW.Item.WellspringChest,SW.EffectTemplate.HealingFocus.I；SW.EffectTemplate.HealingFocus.II；SW.EffectTemplate.HealingFocus.III
治疗者,可随机出现,汐浮特护腿,护甲,False,SW.Item.WellspringLeggings,SW.EffectTemplate.HealingFocus.I；SW.EffectTemplate.HealingFocus.II；SW.EffectTemplate.HealingFocus.III
治疗者,可随机出现,汐浮特之靴,护甲,False,SW.Item.WellspringBoots,SW.EffectTemplate.HealingFocus.I；SW.EffectTemplate.HealingFocus.II；SW.EffectTemplate.HealingFocus.III
治疗者,可随机出现,木精灵王冠,护甲,True,SW.Item.HewnBarkHelmet_Unique,SW.EffectTemplate.HealingFocus.I；SW.EffectTemplate.HealingFocus.II；SW.EffectTemplate.HealingFocus.III
治疗者,可随机出现,木精灵树皮甲,护甲,True,SW.Item.HewnBarkChest_Unique,SW.EffectTemplate.HealingFocus.I；SW.EffectTemplate.HealingFocus.II；SW.EffectTemplate.HealingFocus.III
治疗者,可随机出现,木精灵树干护腿,护甲,True,SW.Item.HewnBarkLeggings_Unique,SW.EffectTemplate.HealingFocus.I；SW.EffectTemplate.HealingFocus.II；SW.EffectTemplate.HealingFocus.III
治疗者,可随机出现,木精灵根须靴,护甲,True,SW.Item.HewnBarkBoots_Unique,SW.EffectTemplate.HealingFocus.I；SW.EffectTemplate.HealingFocus.II；SW.EffectTemplate.HealingFocus.III
治疗者,可随机出现,蜂群意识安全帽,护甲,True,SW.Item.HoneyHelmet_Unique,SW.EffectTemplate.HealingFocus.I；SW.EffectTemplate.HealingFocus.II；SW.EffectTemplate.HealingFocus.III
治疗者,可随机出现,蜂群意识长裤,护甲,True,SW.Item.HoneyLeggings_Unique,SW.EffectTemplate.HealingFocus.I；SW.EffectTemplate.HealingFocus.II；SW.EffectTemplate.HealingFocus.III
治疗者,可随机出现,蜂群意识刺靴,护甲,True,SW.Item.HoneyBoots_Unique,SW.EffectTemplate.HealingFocus.I；SW.EffectTemplate.HealingFocus.II；SW.EffectTemplate.HealingFocus.III
治疗者,可随机出现,狂怒汐浮特面具,护甲,True,SW.Item.WellspringHelmet_Unique,SW.EffectTemplate.HealingFocus.I；SW.EffectTemplate.HealingFocus.II；SW.EffectTemplate.HealingFocus.III
治疗者,可随机出现,狂怒汐浮特背心,护甲,True,SW.Item.WellspringChest_Unique,SW.EffectTemplate.HealingFocus.I；SW.EffectTemplate.HealingFocus.II；SW.EffectTemplate.HealingFocus.III
治疗者,可随机出现,狂怒汐浮特便裤,护甲,True,SW.Item.WellspringLeggings_Unique,SW.EffectTemplate.HealingFocus.I；SW.EffectTemplate.HealingFocus.II；SW.EffectTemplate.HealingFocus.III
治疗者,可随机出现,狂怒汐浮特之爪,护甲,True,SW.Item.WellspringBoots_Unique,SW.EffectTemplate.HealingFocus.I；SW.EffectTemplate.HealingFocus.II；SW.EffectTemplate.HealingFocus.III
治疗者,可随机出现,轰鸣号角,法器,False,SW.Item.Artifact.RallyingHorn,SW.EffectTemplate.HealingFocus.I；SW.EffectTemplate.HealingFocus.II；SW.EffectTemplate.HealingFocus.III
治疗者,可随机出现,回复图腾,法器,False,SW.Item.Artifact.TotemOfRegeneration,SW.EffectTemplate.HealingFocus.I；SW.EffectTemplate.HealingFocus.II；SW.EffectTemplate.HealingFocus.III
治疗者,可随机出现,野餐篮,法器,False,SW.Item.Artifact.PicnicBlanket,SW.EffectTemplate.HealingFocus.I；SW.EffectTemplate.HealingFocus.II；SW.EffectTemplate.HealingFocus.III
治疗者,可随机出现,护盾图腾,法器,False,SW.Item.Artifact.TotemOfShielding,SW.EffectTemplate.HealingFocus.I；SW.EffectTemplate.HealingFocus.II；SW.EffectTemplate.HealingFocus.III
治疗者,可随机出现,施法图腾,法器,False,SW.Item.Artifact.TotemOfCasting,SW.EffectTemplate.HealingFocus.I；SW.EffectTemplate.HealingFocus.II；SW.EffectTemplate.HealingFocus.III
治疗者,可随机出现,战士长笛,法器,False,SW.Item.Artifact.FightersFife,SW.EffectTemplate.HealingFocus.I；SW.EffectTemplate.HealingFocus.II；SW.EffectTemplate.HealingFocus.III
治疗者,可随机出现,战旗,法器,False,SW.Item.Artifact.WarBanner,SW.EffectTemplate.HealingFocus.I；SW.EffectTemplate.HealingFocus.II；SW.EffectTemplate.HealingFocus.III
治疗者,可随机出现,蜂蜜蘸棒,法器,False,SW.Item.Artifact.Honeypot,SW.EffectTemplate.HealingFocus.I；SW.EffectTemplate.HealingFocus.II；SW.EffectTemplate.HealingFocus.III
潜行,装备固有,扭曲监守者紧身裤,护甲,True,SW.Item.CaveCrawlerLeggings_Unique,SW.EffectTemplate.ShadowWalk.Unique
潜行,可随机出现,捣蛋鬼轻靴,护甲,False,SW.Item.ScampBoots,SW.EffectTemplate.ShadowWalk.I；SW.EffectTemplate.ShadowWalk.II；SW.EffectTemplate.ShadowWalk.III
潜行,可随机出现,捣蛋鬼兜帽,护甲,False,SW.Item.ScampHelmet,SW.EffectTemplate.ShadowWalk.I；SW.EffectTemplate.ShadowWalk.II；SW.EffectTemplate.ShadowWalk.III
潜行,可随机出现,捣蛋鬼夹克,护甲,False,SW.Item.ScampChest,SW.EffectTemplate.ShadowWalk.I；SW.EffectTemplate.ShadowWalk.II；SW.EffectTemplate.ShadowWalk.III
潜行,可随机出现,捣蛋鬼护腿,护甲,False,SW.Item.ScampLeggings,SW.EffectTemplate.ShadowWalk.I；SW.EffectTemplate.ShadowWalk.II；SW.EffectTemplate.ShadowWalk.III
潜行,可随机出现,幽匿挖掘者靴子,护甲,False,SW.Item.CaveCrawlerBoots,SW.EffectTemplate.ShadowWalk.I；SW.EffectTemplate.ShadowWalk.II；SW.EffectTemplate.ShadowWalk.III
潜行,可随机出现,幽匿挖掘者长袍,护甲,False,SW.Item.CaveCrawlerChest,SW.EffectTemplate.ShadowWalk.I；SW.EffectTemplate.ShadowWalk.II；SW.EffectTemplate.ShadowWalk.III
潜行,可随机出现,幽匿挖掘者兜帽,护甲,False,SW.Item.CaveCrawlerHelmet,SW.EffectTemplate.ShadowWalk.I；SW.EffectTemplate.ShadowWalk.II；SW.EffectTemplate.ShadowWalk.III
潜行,可随机出现,幽匿挖掘者护腿,护甲,False,SW.Item.CaveCrawlerLeggings,SW.EffectTemplate.ShadowWalk.I；SW.EffectTemplate.ShadowWalk.II；SW.EffectTemplate.ShadowWalk.III
潜行,可随机出现,无赖轻靴,护甲,True,SW.Item.ScampBoots_Unique,SW.EffectTemplate.ShadowWalk.I；SW.EffectTemplate.ShadowWalk.II；SW.EffectTemplate.ShadowWalk.III
潜行,可随机出现,无赖兜帽,护甲,True,SW.Item.ScampHelmet_Unique,SW.EffectTemplate.ShadowWalk.I；SW.EffectTemplate.ShadowWalk.II；SW.EffectTemplate.ShadowWalk.III
潜行,可随机出现,无赖西装外套,护甲,True,SW.Item.ScampChest_Unique,SW.EffectTemplate.ShadowWalk.I；SW.EffectTemplate.ShadowWalk.II；SW.EffectTemplate.ShadowWalk.III
潜行,可随机出现,无赖套裤,护甲,True,SW.Item.ScampLeggings_Unique,SW.EffectTemplate.ShadowWalk.I；SW.EffectTemplate.ShadowWalk.II；SW.EffectTemplate.ShadowWalk.III
潜行,可随机出现,扭曲监守者轻靴,护甲,True,SW.Item.CaveCrawlerBoots_Unique,SW.EffectTemplate.ShadowWalk.I；SW.EffectTemplate.ShadowWalk.II；SW.EffectTemplate.ShadowWalk.III
潜行,可随机出现,扭曲监守者背心,护甲,True,SW.Item.CaveCrawlerChest_Unique,SW.EffectTemplate.ShadowWalk.I；SW.EffectTemplate.ShadowWalk.II；SW.EffectTemplate.ShadowWalk.III
潜行,可随机出现,扭曲监守者眼罩,护甲,True,SW.Item.CaveCrawlerHelmet_Unique,SW.EffectTemplate.ShadowWalk.I；SW.EffectTemplate.ShadowWalk.II；SW.EffectTemplate.ShadowWalk.III
潜行,可随机出现,幻翼头盔,护甲,False,SW.Item.PhantomHelmet,SW.EffectTemplate.ShadowWalk.I；SW.EffectTemplate.ShadowWalk.II；SW.EffectTemplate.ShadowWalk.III
潜行,可随机出现,幻翼胸甲,护甲,False,SW.Item.PhantomChest,SW.EffectTemplate.ShadowWalk.I；SW.EffectTemplate.ShadowWalk.II；SW.EffectTemplate.ShadowWalk.III
潜行,可随机出现,幻翼长裤,护甲,False,SW.Item.PhantomLeggings,SW.EffectTemplate.ShadowWalk.I；SW.EffectTemplate.ShadowWalk.II；SW.EffectTemplate.ShadowWalk.III
潜行,可随机出现,幻翼靴,护甲,False,SW.Item.PhantomBoots,SW.EffectTemplate.ShadowWalk.I；SW.EffectTemplate.ShadowWalk.II；SW.EffectTemplate.ShadowWalk.III
潜行,可随机出现,门徒面具,护甲,False,SW.Item.DiscipleHelmet,SW.EffectTemplate.ShadowWalk.I；SW.EffectTemplate.ShadowWalk.II；SW.EffectTemplate.ShadowWalk.III
潜行,可随机出现,门徒长袍,护甲,False,SW.Item.DiscipleChest,SW.EffectTemplate.ShadowWalk.I；SW.EffectTemplate.ShadowWalk.II；SW.EffectTemplate.ShadowWalk.III
潜行,可随机出现,门徒护腿,护甲,False,SW.Item.DiscipleLeggings,SW.EffectTemplate.ShadowWalk.I；SW.EffectTemplate.ShadowWalk.II；SW.EffectTemplate.ShadowWalk.III
潜行,可随机出现,门徒裹足布,护甲,False,SW.Item.DiscipleBoots,SW.EffectTemplate.ShadowWalk.I；SW.EffectTemplate.ShadowWalk.II；SW.EffectTemplate.ShadowWalk.III
潜行,可随机出现,驭梦者王冠,护甲,True,SW.Item.PhantomHelmet_Unique,SW.EffectTemplate.ShadowWalk.I；SW.EffectTemplate.ShadowWalk.II；SW.EffectTemplate.ShadowWalk.III
潜行,可随机出现,驭梦者外袍,护甲,True,SW.Item.PhantomChest_Unique,SW.EffectTemplate.ShadowWalk.I；SW.EffectTemplate.ShadowWalk.II；SW.EffectTemplate.ShadowWalk.III
潜行,可随机出现,驭梦者睡裤,护甲,True,SW.Item.PhantomLeggings_Unique,SW.EffectTemplate.ShadowWalk.I；SW.EffectTemplate.ShadowWalk.II；SW.EffectTemplate.ShadowWalk.III
潜行,可随机出现,驭梦者拖鞋,护甲,True,SW.Item.PhantomBoots_Unique,SW.EffectTemplate.ShadowWalk.I；SW.EffectTemplate.ShadowWalk.II；SW.EffectTemplate.ShadowWalk.III
潜行,可随机出现,贤者头带,护甲,True,SW.Item.DiscipleHelmet_Unique,SW.EffectTemplate.ShadowWalk.I；SW.EffectTemplate.ShadowWalk.II；SW.EffectTemplate.ShadowWalk.III
潜行,可随机出现,贤者束衣,护甲,True,SW.Item.DiscipleChest_Unique,SW.EffectTemplate.ShadowWalk.I；SW.EffectTemplate.ShadowWalk.II；SW.EffectTemplate.ShadowWalk.III
潜行,可随机出现,贤者腰带,护甲,True,SW.Item.DiscipleLeggings_Unique,SW.EffectTemplate.ShadowWalk.I；SW.EffectTemplate.ShadowWalk.II；SW.EffectTemplate.ShadowWalk.III
潜行,可随机出现,贤者裹足布,护甲,True,SW.Item.DiscipleBoots_Unique,SW.EffectTemplate.ShadowWalk.I；SW.EffectTemplate.ShadowWalk.II；SW.EffectTemplate.ShadowWalk.III
潜行,可随机出现,幽匿者面具,护甲,False,SW.Item.ScavengerHelmet,SW.EffectTemplate.ShadowWalk.I；SW.EffectTemplate.ShadowWalk.II；SW.EffectTemplate.ShadowWalk.III
潜行,可随机出现,幽匿者长袍,护甲,False,SW.Item.ScavengerChest,SW.EffectTemplate.ShadowWalk.I；SW.EffectTemplate.ShadowWalk.II；SW.EffectTemplate.ShadowWalk.III
潜行,可随机出现,幽匿者便裤,护甲,False,SW.Item.ScavengerLeggings,SW.EffectTemplate.ShadowWalk.I；SW.EffectTemplate.ShadowWalk.II；SW.EffectTemplate.ShadowWalk.III
潜行,可随机出现,幽匿者之靴,护甲,False,SW.Item.ScavengerBoots,SW.EffectTemplate.ShadowWalk.I；SW.EffectTemplate.ShadowWalk.II；SW.EffectTemplate.ShadowWalk.III
潜行,可随机出现,君主王冠,护甲,True,SW.Item.ScavengerHelmet_Unique,SW.EffectTemplate.ShadowWalk.I；SW.EffectTemplate.ShadowWalk.II；SW.EffectTemplate.ShadowWalk.III
潜行,可随机出现,君主披风,护甲,True,SW.Item.ScavengerChest_Unique,SW.EffectTemplate.ShadowWalk.I；SW.EffectTemplate.ShadowWalk.II；SW.EffectTemplate.ShadowWalk.III
潜行,可随机出现,君主腰带,护甲,True,SW.Item.ScavengerLeggings_Unique,SW.EffectTemplate.ShadowWalk.I；SW.EffectTemplate.ShadowWalk.II；SW.EffectTemplate.ShadowWalk.III
潜行,可随机出现,君主利爪,护甲,True,SW.Item.ScavengerBoots_Unique,SW.EffectTemplate.ShadowWalk.I；SW.EffectTemplate.ShadowWalk.II；SW.EffectTemplate.ShadowWalk.III
探勘者,装备固有,探勘者之镐,近战武器,True,SW.Item.Pickaxe_Unique1,SW.EffectTemplate.Prospector.Unique
探勘者,可随机出现,捣蛋鬼轻靴,护甲,False,SW.Item.ScampBoots,SW.EffectTemplate.Prospector.I；SW.EffectTemplate.Prospector.II；SW.EffectTemplate.Prospector.III
探勘者,可随机出现,捣蛋鬼兜帽,护甲,False,SW.Item.ScampHelmet,SW.EffectTemplate.Prospector.I；SW.EffectTemplate.Prospector.II；SW.EffectTemplate.Prospector.III
探勘者,可随机出现,捣蛋鬼夹克,护甲,False,SW.Item.ScampChest,SW.EffectTemplate.Prospector.I；SW.EffectTemplate.Prospector.II；SW.EffectTemplate.Prospector.III
探勘者,可随机出现,捣蛋鬼护腿,护甲,False,SW.Item.ScampLeggings,SW.EffectTemplate.Prospector.I；SW.EffectTemplate.Prospector.II；SW.EffectTemplate.Prospector.III
探勘者,可随机出现,游牧者之靴,护甲,False,SW.Item.VoyagerBoots,SW.EffectTemplate.Prospector.I；SW.EffectTemplate.Prospector.II；SW.EffectTemplate.Prospector.III
探勘者,可随机出现,游牧者胸甲,护甲,False,SW.Item.VoyagerChest,SW.EffectTemplate.Prospector.I；SW.EffectTemplate.Prospector.II；SW.EffectTemplate.Prospector.III
探勘者,可随机出现,游牧者兜帽,护甲,False,SW.Item.VoyagerHelmet,SW.EffectTemplate.Prospector.I；SW.EffectTemplate.Prospector.II；SW.EffectTemplate.Prospector.III
探勘者,可随机出现,游牧者护腿,护甲,False,SW.Item.VoyagerLeggings,SW.EffectTemplate.Prospector.I；SW.EffectTemplate.Prospector.II；SW.EffectTemplate.Prospector.III
探勘者,可随机出现,游侠夹克,护甲,False,SW.Item.RealmreacherChest,SW.EffectTemplate.Prospector.I；SW.EffectTemplate.Prospector.II；SW.EffectTemplate.Prospector.III
探勘者,可随机出现,游侠护腿,护甲,False,SW.Item.RealmreacherLeggings,SW.EffectTemplate.Prospector.I；SW.EffectTemplate.Prospector.II；SW.EffectTemplate.Prospector.III
探勘者,可随机出现,游侠靴,护甲,False,SW.Item.RealmreacherBoots,SW.EffectTemplate.Prospector.I；SW.EffectTemplate.Prospector.II；SW.EffectTemplate.Prospector.III
探勘者,可随机出现,游侠帽,护甲,False,SW.Item.RealmreacherHelmet,SW.EffectTemplate.Prospector.I；SW.EffectTemplate.Prospector.II；SW.EffectTemplate.Prospector.III
探勘者,可随机出现,狼群之靴,护甲,False,SW.Item.WolfclutchBoots,SW.EffectTemplate.Prospector.I；SW.EffectTemplate.Prospector.II；SW.EffectTemplate.Prospector.III
探勘者,可随机出现,狼群夹克,护甲,False,SW.Item.WolfclutchChest,SW.EffectTemplate.Prospector.I；SW.EffectTemplate.Prospector.II；SW.EffectTemplate.Prospector.III
探勘者,可随机出现,狼群兜帽,护甲,False,SW.Item.WolfclutchHelmet,SW.EffectTemplate.Prospector.I；SW.EffectTemplate.Prospector.II；SW.EffectTemplate.Prospector.III
探勘者,可随机出现,狼群护腿,护甲,False,SW.Item.WolfclutchLeggings,SW.EffectTemplate.Prospector.I；SW.EffectTemplate.Prospector.II；SW.EffectTemplate.Prospector.III
探勘者,可随机出现,赏金猎人之靴,护甲,False,SW.Item.UndauntedBoots,SW.EffectTemplate.Prospector.I；SW.EffectTemplate.Prospector.II；SW.EffectTemplate.Prospector.III
探勘者,可随机出现,赏金猎人头盔,护甲,False,SW.Item.UndauntedHelmet,SW.EffectTemplate.Prospector.I；SW.EffectTemplate.Prospector.II；SW.EffectTemplate.Prospector.III
探勘者,可随机出现,赏金猎人护胫,护甲,False,SW.Item.UndauntedLeggings,SW.EffectTemplate.Prospector.I；SW.EffectTemplate.Prospector.II；SW.EffectTemplate.Prospector.III
探勘者,可随机出现,赏金猎人胸甲,护甲,False,SW.Item.UndauntedChest,SW.EffectTemplate.Prospector.I；SW.EffectTemplate.Prospector.II；SW.EffectTemplate.Prospector.III
探勘者,可随机出现,钢丝绒毛衣,护甲,False,SW.Item.FrostRimeChest,SW.EffectTemplate.Prospector.I；SW.EffectTemplate.Prospector.II；SW.EffectTemplate.Prospector.III
探勘者,可随机出现,钢丝绒护腿,护甲,False,SW.Item.FrostRimeLeggings,SW.EffectTemplate.Prospector.I；SW.EffectTemplate.Prospector.II；SW.EffectTemplate.Prospector.III
探勘者,可随机出现,钢丝绒靴,护甲,False,SW.Item.FrostRimeBoots,SW.EffectTemplate.Prospector.I；SW.EffectTemplate.Prospector.II；SW.EffectTemplate.Prospector.III
探勘者,可随机出现,钢丝绒帽,护甲,False,SW.Item.FrostRimeHelmet,SW.EffectTemplate.Prospector.I；SW.EffectTemplate.Prospector.II；SW.EffectTemplate.Prospector.III
探勘者,可随机出现,幽匿挖掘者靴子,护甲,False,SW.Item.CaveCrawlerBoots,SW.EffectTemplate.Prospector.I；SW.EffectTemplate.Prospector.II；SW.EffectTemplate.Prospector.III
探勘者,可随机出现,幽匿挖掘者长袍,护甲,False,SW.Item.CaveCrawlerChest,SW.EffectTemplate.Prospector.I；SW.EffectTemplate.Prospector.II；SW.EffectTemplate.Prospector.III
探勘者,可随机出现,幽匿挖掘者兜帽,护甲,False,SW.Item.CaveCrawlerHelmet,SW.EffectTemplate.Prospector.I；SW.EffectTemplate.Prospector.II；SW.EffectTemplate.Prospector.III
探勘者,可随机出现,幽匿挖掘者护腿,护甲,False,SW.Item.CaveCrawlerLeggings,SW.EffectTemplate.Prospector.I；SW.EffectTemplate.Prospector.II；SW.EffectTemplate.Prospector.III
探勘者,可随机出现,无畏角盔,护甲,True,SW.Item.UndauntedHelmet_Unique,SW.EffectTemplate.Prospector.I；SW.EffectTemplate.Prospector.II；SW.EffectTemplate.Prospector.III
探勘者,可随机出现,无畏肩甲,护甲,True,SW.Item.UndauntedChest_Unique,SW.EffectTemplate.Prospector.I；SW.EffectTemplate.Prospector.II；SW.EffectTemplate.Prospector.III
探勘者,可随机出现,无畏胫甲,护甲,True,SW.Item.UndauntedLeggings_Unique,SW.EffectTemplate.Prospector.I；SW.EffectTemplate.Prospector.II；SW.EffectTemplate.Prospector.III
探勘者,可随机出现,无畏足甲,护甲,True,SW.Item.UndauntedBoots_Unique,SW.EffectTemplate.Prospector.I；SW.EffectTemplate.Prospector.II；SW.EffectTemplate.Prospector.III
探勘者,可随机出现,寒霜护甲,护甲,True,SW.Item.FrostRimeChest_Unique,SW.EffectTemplate.Prospector.I；SW.EffectTemplate.Prospector.II；SW.EffectTemplate.Prospector.III
探勘者,可随机出现,寒霜长衬裤,护甲,True,SW.Item.FrostRimeLeggings_Unique,SW.EffectTemplate.Prospector.I；SW.EffectTemplate.Prospector.II；SW.EffectTemplate.Prospector.III
探勘者,可随机出现,寒霜踏雪靴,护甲,True,SW.Item.FrostRimeBoots_Unique,SW.EffectTemplate.Prospector.I；SW.EffectTemplate.Prospector.II；SW.EffectTemplate.Prospector.III
探勘者,可随机出现,寒霜冰帽,护甲,True,SW.Item.FrostRimeHelmet_Unique,SW.EffectTemplate.Prospector.I；SW.EffectTemplate.Prospector.II；SW.EffectTemplate.Prospector.III
探勘者,可随机出现,无赖轻靴,护甲,True,SW.Item.ScampBoots_Unique,SW.EffectTemplate.Prospector.I；SW.EffectTemplate.Prospector.II；SW.EffectTemplate.Prospector.III
探勘者,可随机出现,无赖兜帽,护甲,True,SW.Item.ScampHelmet_Unique,SW.EffectTemplate.Prospector.I；SW.EffectTemplate.Prospector.II；SW.EffectTemplate.Prospector.III
探勘者,可随机出现,无赖西装外套,护甲,True,SW.Item.ScampChest_Unique,SW.EffectTemplate.Prospector.I；SW.EffectTemplate.Prospector.II；SW.EffectTemplate.Prospector.III
探勘者,可随机出现,无赖套裤,护甲,True,SW.Item.ScampLeggings_Unique,SW.EffectTemplate.Prospector.I；SW.EffectTemplate.Prospector.II；SW.EffectTemplate.Prospector.III
探勘者,可随机出现,漫游者足甲,护甲,True,SW.Item.VoyagerBoots_Unique,SW.EffectTemplate.Prospector.I；SW.EffectTemplate.Prospector.II；SW.EffectTemplate.Prospector.III
探勘者,可随机出现,漫游者肩甲,护甲,True,SW.Item.VoyagerChest_Unique,SW.EffectTemplate.Prospector.I；SW.EffectTemplate.Prospector.II；SW.EffectTemplate.Prospector.III
探勘者,可随机出现,漫游者面甲,护甲,True,SW.Item.VoyagerHelmet_Unique,SW.EffectTemplate.Prospector.I；SW.EffectTemplate.Prospector.II；SW.EffectTemplate.Prospector.III
探勘者,可随机出现,漫游者绑腿,护甲,True,SW.Item.VoyagerLeggings_Unique,SW.EffectTemplate.Prospector.I；SW.EffectTemplate.Prospector.II；SW.EffectTemplate.Prospector.III
探勘者,可随机出现,扭曲监守者轻靴,护甲,True,SW.Item.CaveCrawlerBoots_Unique,SW.EffectTemplate.Prospector.I；SW.EffectTemplate.Prospector.II；SW.EffectTemplate.Prospector.III
探勘者,可随机出现,扭曲监守者背心,护甲,True,SW.Item.CaveCrawlerChest_Unique,SW.EffectTemplate.Prospector.I；SW.EffectTemplate.Prospector.II；SW.EffectTemplate.Prospector.III
探勘者,可随机出现,扭曲监守者眼罩,护甲,True,SW.Item.CaveCrawlerHelmet_Unique,SW.EffectTemplate.Prospector.I；SW.EffectTemplate.Prospector.II；SW.EffectTemplate.Prospector.III
探勘者,可随机出现,扭曲监守者紧身裤,护甲,True,SW.Item.CaveCrawlerLeggings_Unique,SW.EffectTemplate.Prospector.I；SW.EffectTemplate.Prospector.II；SW.EffectTemplate.Prospector.III
探勘者,可随机出现,神射手风衣,护甲,True,SW.Item.RealmreacherChest_Unique,SW.EffectTemplate.Prospector.I；SW.EffectTemplate.Prospector.II；SW.EffectTemplate.Prospector.III
探勘者,可随机出现,神射手套裤,护甲,True,SW.Item.RealmreacherLeggings_Unique,SW.EffectTemplate.Prospector.I；SW.EffectTemplate.Prospector.II；SW.EffectTemplate.Prospector.III
探勘者,可随机出现,神射手马刺靴,护甲,True,SW.Item.RealmreacherBoots_Unique,SW.EffectTemplate.Prospector.I；SW.EffectTemplate.Prospector.II；SW.EffectTemplate.Prospector.III
探勘者,可随机出现,神射手软呢帽,护甲,True,SW.Item.RealmreacherHelmet_Unique,SW.EffectTemplate.Prospector.I；SW.EffectTemplate.Prospector.II；SW.EffectTemplate.Prospector.III
探勘者,可随机出现,守卫者头盔,护甲,False,SW.Item.StalwartHelmet,SW.EffectTemplate.Prospector.I；SW.EffectTemplate.Prospector.II；SW.EffectTemplate.Prospector.III
探勘者,可随机出现,守卫者胸甲,护甲,False,SW.Item.StalwartChest,SW.EffectTemplate.Prospector.I；SW.EffectTemplate.Prospector.II；SW.EffectTemplate.Prospector.III
探勘者,可随机出现,守卫者护胫,护甲,False,SW.Item.StalwartLeggings,SW.EffectTemplate.Prospector.I；SW.EffectTemplate.Prospector.II；SW.EffectTemplate.Prospector.III
探勘者,可随机出现,守卫者之靴,护甲,False,SW.Item.StalwartBoots,SW.EffectTemplate.Prospector.I；SW.EffectTemplate.Prospector.II；SW.EffectTemplate.Prospector.III
探勘者,可随机出现,轰鸣虫触角,护甲,True,SW.Item.StalwartHelmet_Unique,SW.EffectTemplate.Prospector.I；SW.EffectTemplate.Prospector.II；SW.EffectTemplate.Prospector.III
探勘者,可随机出现,轰鸣虫甲壳,护甲,True,SW.Item.StalwartChest_Unique,SW.EffectTemplate.Prospector.I；SW.EffectTemplate.Prospector.II；SW.EffectTemplate.Prospector.III
探勘者,可随机出现,轰鸣虫胫甲,护甲,True,SW.Item.StalwartLeggings_Unique,SW.EffectTemplate.Prospector.I；SW.EffectTemplate.Prospector.II；SW.EffectTemplate.Prospector.III
探勘者,可随机出现,轰鸣虫跗靴,护甲,True,SW.Item.StalwartBoots_Unique,SW.EffectTemplate.Prospector.I；SW.EffectTemplate.Prospector.II；SW.EffectTemplate.Prospector.III
探勘者,可随机出现,头狼之爪,护甲,True,SW.Item.WolfclutchBoots_Unique,SW.EffectTemplate.Prospector.I；SW.EffectTemplate.Prospector.II；SW.EffectTemplate.Prospector.III
探勘者,可随机出现,头狼兽皮,护甲,True,SW.Item.WolfclutchChest_Unique,SW.EffectTemplate.Prospector.I；SW.EffectTemplate.Prospector.II；SW.EffectTemplate.Prospector.III
探勘者,可随机出现,头狼口套,护甲,True,SW.Item.WolfclutchHelmet_Unique,SW.EffectTemplate.Prospector.I；SW.EffectTemplate.Prospector.II；SW.EffectTemplate.Prospector.III
探勘者,可随机出现,头狼毛皮套裤,护甲,True,SW.Item.WolfclutchLeggings_Unique,SW.EffectTemplate.Prospector.I；SW.EffectTemplate.Prospector.II；SW.EffectTemplate.Prospector.III
探勘者,可随机出现,神秘头箍,护甲,False,SW.Item.MysticHelmet,SW.EffectTemplate.Prospector.I；SW.EffectTemplate.Prospector.II；SW.EffectTemplate.Prospector.III
探勘者,可随机出现,神秘长袍,护甲,False,SW.Item.MysticChest,SW.EffectTemplate.Prospector.I；SW.EffectTemplate.Prospector.II；SW.EffectTemplate.Prospector.III
探勘者,可随机出现,神秘护腿,护甲,False,SW.Item.MysticLeggings,SW.EffectTemplate.Prospector.I；SW.EffectTemplate.Prospector.II；SW.EffectTemplate.Prospector.III
探勘者,可随机出现,神秘靴,护甲,False,SW.Item.MysticBoots,SW.EffectTemplate.Prospector.I；SW.EffectTemplate.Prospector.II；SW.EffectTemplate.Prospector.III
探勘者,可随机出现,神谕王冠,护甲,True,SW.Item.MysticHelmet_Unique,SW.EffectTemplate.Prospector.I；SW.EffectTemplate.Prospector.II；SW.EffectTemplate.Prospector.III
探勘者,可随机出现,神谕披风,护甲,True,SW.Item.MysticChest_Unique,SW.EffectTemplate.Prospector.I；SW.EffectTemplate.Prospector.II；SW.EffectTemplate.Prospector.III
探勘者,可随机出现,神谕紧身裤,护甲,True,SW.Item.MysticLeggings_Unique,SW.EffectTemplate.Prospector.I；SW.EffectTemplate.Prospector.II；SW.EffectTemplate.Prospector.III
探勘者,可随机出现,神谕凉鞋,护甲,True,SW.Item.MysticBoots_Unique,SW.EffectTemplate.Prospector.I；SW.EffectTemplate.Prospector.II；SW.EffectTemplate.Prospector.III
探勘者,可随机出现,幻翼头盔,护甲,False,SW.Item.PhantomHelmet,SW.EffectTemplate.Prospector.I；SW.EffectTemplate.Prospector.II；SW.EffectTemplate.Prospector.III
探勘者,可随机出现,幻翼胸甲,护甲,False,SW.Item.PhantomChest,SW.EffectTemplate.Prospector.I；SW.EffectTemplate.Prospector.II；SW.EffectTemplate.Prospector.III
探勘者,可随机出现,幻翼长裤,护甲,False,SW.Item.PhantomLeggings,SW.EffectTemplate.Prospector.I；SW.EffectTemplate.Prospector.II；SW.EffectTemplate.Prospector.III
探勘者,可随机出现,幻翼靴,护甲,False,SW.Item.PhantomBoots,SW.EffectTemplate.Prospector.I；SW.EffectTemplate.Prospector.II；SW.EffectTemplate.Prospector.III
探勘者,可随机出现,护林者面具,护甲,False,SW.Item.HewnBarkHelmet,SW.EffectTemplate.Prospector.I；SW.EffectTemplate.Prospector.II；SW.EffectTemplate.Prospector.III
探勘者,可随机出现,护林者胸甲,护甲,False,SW.Item.HewnBarkChest,SW.EffectTemplate.Prospector.I；SW.EffectTemplate.Prospector.II；SW.EffectTemplate.Prospector.III
探勘者,可随机出现,护林者护腿,护甲,False,SW.Item.HewnBarkLeggings,SW.EffectTemplate.Prospector.I；SW.EffectTemplate.Prospector.II；SW.EffectTemplate.Prospector.III
探勘者,可随机出现,护林者木屐,护甲,False,SW.Item.HewnBarkBoots,SW.EffectTemplate.Prospector.I；SW.EffectTemplate.Prospector.II；SW.EffectTemplate.Prospector.III
探勘者,可随机出现,界域行者帽,护甲,False,SW.Item.TimewornHelmet,SW.EffectTemplate.Prospector.I；SW.EffectTemplate.Prospector.II；SW.EffectTemplate.Prospector.III
探勘者,可随机出现,界域行者长袍,护甲,False,SW.Item.TimewornChest,SW.EffectTemplate.Prospector.I；SW.EffectTemplate.Prospector.II；SW.EffectTemplate.Prospector.III
探勘者,可随机出现,界域行者护腿,护甲,False,SW.Item.TimewornLeggings,SW.EffectTemplate.Prospector.I；SW.EffectTemplate.Prospector.II；SW.EffectTemplate.Prospector.III
探勘者,可随机出现,界域行者靴,护甲,False,SW.Item.TimewornBoots,SW.EffectTemplate.Prospector.I；SW.EffectTemplate.Prospector.II；SW.EffectTemplate.Prospector.III
探勘者,可随机出现,养蜂人面罩,护甲,False,SW.Item.HoneyHelmet,SW.EffectTemplate.Prospector.I；SW.EffectTemplate.Prospector.II；SW.EffectTemplate.Prospector.III
探勘者,可随机出现,养蜂服,护甲,False,SW.Item.HoneyChest,SW.EffectTemplate.Prospector.I；SW.EffectTemplate.Prospector.II；SW.EffectTemplate.Prospector.III
探勘者,可随机出现,养蜂人护腿,护甲,False,SW.Item.HoneyLeggings,SW.EffectTemplate.Prospector.I；SW.EffectTemplate.Prospector.II；SW.EffectTemplate.Prospector.III
探勘者,可随机出现,养蜂人之靴,护甲,False,SW.Item.HoneyBoots,SW.EffectTemplate.Prospector.I；SW.EffectTemplate.Prospector.II；SW.EffectTemplate.Prospector.III
探勘者,可随机出现,蘑菇帽,护甲,False,SW.Item.MushroomHelmet,SW.EffectTemplate.Prospector.I；SW.EffectTemplate.Prospector.II；SW.EffectTemplate.Prospector.III
探勘者,可随机出现,蘑菇长袍,护甲,False,SW.Item.MushroomChest,SW.EffectTemplate.Prospector.I；SW.EffectTemplate.Prospector.II；SW.EffectTemplate.Prospector.III
探勘者,可随机出现,蘑菇护腿,护甲,False,SW.Item.MushroomLeggings,SW.EffectTemplate.Prospector.I；SW.EffectTemplate.Prospector.II；SW.EffectTemplate.Prospector.III
探勘者,可随机出现,蘑菇靴,护甲,False,SW.Item.MushroomBoots,SW.EffectTemplate.Prospector.I；SW.EffectTemplate.Prospector.II；SW.EffectTemplate.Prospector.III
探勘者,可随机出现,门徒面具,护甲,False,SW.Item.DiscipleHelmet,SW.EffectTemplate.Prospector.I；SW.EffectTemplate.Prospector.II；SW.EffectTemplate.Prospector.III
探勘者,可随机出现,门徒长袍,护甲,False,SW.Item.DiscipleChest,SW.EffectTemplate.Prospector.I；SW.EffectTemplate.Prospector.II；SW.EffectTemplate.Prospector.III
探勘者,可随机出现,门徒护腿,护甲,False,SW.Item.DiscipleLeggings,SW.EffectTemplate.Prospector.I；SW.EffectTemplate.Prospector.II；SW.EffectTemplate.Prospector.III
探勘者,可随机出现,门徒裹足布,护甲,False,SW.Item.DiscipleBoots,SW.EffectTemplate.Prospector.I；SW.EffectTemplate.Prospector.II；SW.EffectTemplate.Prospector.III
探勘者,可随机出现,汐浮特兜帽,护甲,False,SW.Item.WellspringHelmet,SW.EffectTemplate.Prospector.I；SW.EffectTemplate.Prospector.II；SW.EffectTemplate.Prospector.III
探勘者,可随机出现,汐浮特长袍,护甲,False,SW.Item.WellspringChest,SW.EffectTemplate.Prospector.I；SW.EffectTemplate.Prospector.II；SW.EffectTemplate.Prospector.III
探勘者,可随机出现,汐浮特护腿,护甲,False,SW.Item.WellspringLeggings,SW.EffectTemplate.Prospector.I；SW.EffectTemplate.Prospector.II；SW.EffectTemplate.Prospector.III
探勘者,可随机出现,汐浮特之靴,护甲,False,SW.Item.WellspringBoots,SW.EffectTemplate.Prospector.I；SW.EffectTemplate.Prospector.II；SW.EffectTemplate.Prospector.III
探勘者,可随机出现,红石头盔,护甲,False,SW.Item.RedstoneHelmet,SW.EffectTemplate.Prospector.I；SW.EffectTemplate.Prospector.II；SW.EffectTemplate.Prospector.III
探勘者,可随机出现,红石胸甲,护甲,False,SW.Item.RedstoneChest,SW.EffectTemplate.Prospector.I；SW.EffectTemplate.Prospector.II；SW.EffectTemplate.Prospector.III
探勘者,可随机出现,红石护胫,护甲,False,SW.Item.RedstoneLeggings,SW.EffectTemplate.Prospector.I；SW.EffectTemplate.Prospector.II；SW.EffectTemplate.Prospector.III
探勘者,可随机出现,红石靴,护甲,False,SW.Item.RedstoneBoots,SW.EffectTemplate.Prospector.I；SW.EffectTemplate.Prospector.II；SW.EffectTemplate.Prospector.III
探勘者,可随机出现,巫师帽,护甲,False,SW.Item.EvocationHelmet,SW.EffectTemplate.Prospector.I；SW.EffectTemplate.Prospector.II；SW.EffectTemplate.Prospector.III
探勘者,可随机出现,巫师长袍,护甲,False,SW.Item.EvocationChest,SW.EffectTemplate.Prospector.I；SW.EffectTemplate.Prospector.II；SW.EffectTemplate.Prospector.III
探勘者,可随机出现,巫师护腿,护甲,False,SW.Item.EvocationLeggings,SW.EffectTemplate.Prospector.I；SW.EffectTemplate.Prospector.II；SW.EffectTemplate.Prospector.III
探勘者,可随机出现,巫师靴,护甲,False,SW.Item.EvocationBoots,SW.EffectTemplate.Prospector.I；SW.EffectTemplate.Prospector.II；SW.EffectTemplate.Prospector.III
探勘者,可随机出现,驭梦者王冠,护甲,True,SW.Item.PhantomHelmet_Unique,SW.EffectTemplate.Prospector.I；SW.EffectTemplate.Prospector.II；SW.EffectTemplate.Prospector.III
探勘者,可随机出现,驭梦者外袍,护甲,True,SW.Item.PhantomChest_Unique,SW.EffectTemplate.Prospector.I；SW.EffectTemplate.Prospector.II；SW.EffectTemplate.Prospector.III
探勘者,可随机出现,驭梦者睡裤,护甲,True,SW.Item.PhantomLeggings_Unique,SW.EffectTemplate.Prospector.I；SW.EffectTemplate.Prospector.II；SW.EffectTemplate.Prospector.III
探勘者,可随机出现,驭梦者拖鞋,护甲,True,SW.Item.PhantomBoots_Unique,SW.EffectTemplate.Prospector.I；SW.EffectTemplate.Prospector.II；SW.EffectTemplate.Prospector.III
探勘者,可随机出现,木精灵王冠,护甲,True,SW.Item.HewnBarkHelmet_Unique,SW.EffectTemplate.Prospector.I；SW.EffectTemplate.Prospector.II；SW.EffectTemplate.Prospector.III
探勘者,可随机出现,木精灵树皮甲,护甲,True,SW.Item.HewnBarkChest_Unique,SW.EffectTemplate.Prospector.I；SW.EffectTemplate.Prospector.II；SW.EffectTemplate.Prospector.III
探勘者,可随机出现,木精灵树干护腿,护甲,True,SW.Item.HewnBarkLeggings_Unique,SW.EffectTemplate.Prospector.I；SW.EffectTemplate.Prospector.II；SW.EffectTemplate.Prospector.III
探勘者,可随机出现,木精灵根须靴,护甲,True,SW.Item.HewnBarkBoots_Unique,SW.EffectTemplate.Prospector.I；SW.EffectTemplate.Prospector.II；SW.EffectTemplate.Prospector.III
探勘者,可随机出现,灵魂腐化者面具,护甲,True,SW.Item.TimewornHelmet_Unique,SW.EffectTemplate.Prospector.I；SW.EffectTemplate.Prospector.II；SW.EffectTemplate.Prospector.III
探勘者,可随机出现,灵魂腐化者风衣,护甲,True,SW.Item.TimewornChest_Unique,SW.EffectTemplate.Prospector.I；SW.EffectTemplate.Prospector.II；SW.EffectTemplate.Prospector.III
探勘者,可随机出现,灵魂腐化者腰带,护甲,True,SW.Item.TimewornLeggings_Unique,SW.EffectTemplate.Prospector.I；SW.EffectTemplate.Prospector.II；SW.EffectTemplate.Prospector.III
探勘者,可随机出现,灵魂腐化者凉鞋,护甲,True,SW.Item.TimewornBoots_Unique,SW.EffectTemplate.Prospector.I；SW.EffectTemplate.Prospector.II；SW.EffectTemplate.Prospector.III
探勘者,可随机出现,蜂群意识安全帽,护甲,True,SW.Item.HoneyHelmet_Unique,SW.EffectTemplate.Prospector.I；SW.EffectTemplate.Prospector.II；SW.EffectTemplate.Prospector.III
探勘者,可随机出现,蜂群意识胸甲,护甲,True,SW.Item.HoneyChest_Unique,SW.EffectTemplate.Prospector.I；SW.EffectTemplate.Prospector.II；SW.EffectTemplate.Prospector.III
探勘者,可随机出现,蜂群意识长裤,护甲,True,SW.Item.HoneyLeggings_Unique,SW.EffectTemplate.Prospector.I；SW.EffectTemplate.Prospector.II；SW.EffectTemplate.Prospector.III
探勘者,可随机出现,蜂群意识刺靴,护甲,True,SW.Item.HoneyBoots_Unique,SW.EffectTemplate.Prospector.I；SW.EffectTemplate.Prospector.II；SW.EffectTemplate.Prospector.III
探勘者,可随机出现,毒蝇伞帽,护甲,True,SW.Item.MushroomHelmet_Unique,SW.EffectTemplate.Prospector.I；SW.EffectTemplate.Prospector.II；SW.EffectTemplate.Prospector.III
探勘者,可随机出现,毒蝇伞外套,护甲,True,SW.Item.MushroomChest_Unique,SW.EffectTemplate.Prospector.I；SW.EffectTemplate.Prospector.II；SW.EffectTemplate.Prospector.III
探勘者,可随机出现,毒蝇伞长裤,护甲,True,SW.Item.MushroomLeggings_Unique,SW.EffectTemplate.Prospector.I；SW.EffectTemplate.Prospector.II；SW.EffectTemplate.Prospector.III
探勘者,可随机出现,毒蝇伞雨鞋,护甲,True,SW.Item.MushroomBoots_Unique,SW.EffectTemplate.Prospector.I；SW.EffectTemplate.Prospector.II；SW.EffectTemplate.Prospector.III
探勘者,可随机出现,贤者头带,护甲,True,SW.Item.DiscipleHelmet_Unique,SW.EffectTemplate.Prospector.I；SW.EffectTemplate.Prospector.II；SW.EffectTemplate.Prospector.III
探勘者,可随机出现,贤者束衣,护甲,True,SW.Item.DiscipleChest_Unique,SW.EffectTemplate.Prospector.I；SW.EffectTemplate.Prospector.II；SW.EffectTemplate.Prospector.III
探勘者,可随机出现,贤者腰带,护甲,True,SW.Item.DiscipleLeggings_Unique,SW.EffectTemplate.Prospector.I；SW.EffectTemplate.Prospector.II；SW.EffectTemplate.Prospector.III
探勘者,可随机出现,贤者裹足布,护甲,True,SW.Item.DiscipleBoots_Unique,SW.EffectTemplate.Prospector.I；SW.EffectTemplate.Prospector.II；SW.EffectTemplate.Prospector.III
探勘者,可随机出现,狂怒汐浮特面具,护甲,True,SW.Item.WellspringHelmet_Unique,SW.EffectTemplate.Prospector.I；SW.EffectTemplate.Prospector.II；SW.EffectTemplate.Prospector.III
探勘者,可随机出现,狂怒汐浮特背心,护甲,True,SW.Item.WellspringChest_Unique,SW.EffectTemplate.Prospector.I；SW.EffectTemplate.Prospector.II；SW.EffectTemplate.Prospector.III
探勘者,可随机出现,狂怒汐浮特便裤,护甲,True,SW.Item.WellspringLeggings_Unique,SW.EffectTemplate.Prospector.I；SW.EffectTemplate.Prospector.II；SW.EffectTemplate.Prospector.III
探勘者,可随机出现,狂怒汐浮特之爪,护甲,True,SW.Item.WellspringBoots_Unique,SW.EffectTemplate.Prospector.I；SW.EffectTemplate.Prospector.II；SW.EffectTemplate.Prospector.III
探勘者,可随机出现,巨兽角盔,护甲,True,SW.Item.RedstoneHelmet_Unique,SW.EffectTemplate.Prospector.I；SW.EffectTemplate.Prospector.II；SW.EffectTemplate.Prospector.III
探勘者,可随机出现,巨兽盔甲,护甲,True,SW.Item.RedstoneChest_Unique,SW.EffectTemplate.Prospector.I；SW.EffectTemplate.Prospector.II；SW.EffectTemplate.Prospector.III
探勘者,可随机出现,巨兽胫甲,护甲,True,SW.Item.RedstoneLeggings_Unique,SW.EffectTemplate.Prospector.I；SW.EffectTemplate.Prospector.II；SW.EffectTemplate.Prospector.III
探勘者,可随机出现,巨兽战靴,护甲,True,SW.Item.RedstoneBoots_Unique,SW.EffectTemplate.Prospector.I；SW.EffectTemplate.Prospector.II；SW.EffectTemplate.Prospector.III
探勘者,可随机出现,炼金术士礼帽,护甲,True,SW.Item.EvocationHelmet_Unique,SW.EffectTemplate.Prospector.I；SW.EffectTemplate.Prospector.II；SW.EffectTemplate.Prospector.III
探勘者,可随机出现,炼金术士大衣,护甲,True,SW.Item.EvocationChest_Unique,SW.EffectTemplate.Prospector.I；SW.EffectTemplate.Prospector.II；SW.EffectTemplate.Prospector.III
探勘者,可随机出现,炼金术士长裤,护甲,True,SW.Item.EvocationLeggings_Unique,SW.EffectTemplate.Prospector.I；SW.EffectTemplate.Prospector.II；SW.EffectTemplate.Prospector.III
探勘者,可随机出现,炼金术士便鞋,护甲,True,SW.Item.EvocationBoots_Unique,SW.EffectTemplate.Prospector.I；SW.EffectTemplate.Prospector.II；SW.EffectTemplate.Prospector.III
探勘者,可随机出现,幽匿者面具,护甲,False,SW.Item.ScavengerHelmet,SW.EffectTemplate.Prospector.I；SW.EffectTemplate.Prospector.II；SW.EffectTemplate.Prospector.III
探勘者,可随机出现,幽匿者长袍,护甲,False,SW.Item.ScavengerChest,SW.EffectTemplate.Prospector.I；SW.EffectTemplate.Prospector.II；SW.EffectTemplate.Prospector.III
探勘者,可随机出现,幽匿者便裤,护甲,False,SW.Item.ScavengerLeggings,SW.EffectTemplate.Prospector.I；SW.EffectTemplate.Prospector.II；SW.EffectTemplate.Prospector.III
探勘者,可随机出现,幽匿者之靴,护甲,False,SW.Item.ScavengerBoots,SW.EffectTemplate.Prospector.I；SW.EffectTemplate.Prospector.II；SW.EffectTemplate.Prospector.III
探勘者,可随机出现,君主王冠,护甲,True,SW.Item.ScavengerHelmet_Unique,SW.EffectTemplate.Prospector.I；SW.EffectTemplate.Prospector.II；SW.EffectTemplate.Prospector.III
探勘者,可随机出现,君主披风,护甲,True,SW.Item.ScavengerChest_Unique,SW.EffectTemplate.Prospector.I；SW.EffectTemplate.Prospector.II；SW.EffectTemplate.Prospector.III
探勘者,可随机出现,君主腰带,护甲,True,SW.Item.ScavengerLeggings_Unique,SW.EffectTemplate.Prospector.I；SW.EffectTemplate.Prospector.II；SW.EffectTemplate.Prospector.III
探勘者,可随机出现,君主利爪,护甲,True,SW.Item.ScavengerBoots_Unique,SW.EffectTemplate.Prospector.I；SW.EffectTemplate.Prospector.II；SW.EffectTemplate.Prospector.III
探勘者,护符成长,幸运绿宝石,护符,False,SW.Item.Talisman.EmeraldIncrease,SW.EffectTemplate.EmeraldIncrease.I；SW.EffectTemplate.EmeraldIncrease.II；SW.EffectTemplate.EmeraldIncrease.III
决斗者,装备固有,平原之傲,近战武器,True,SW.Item.CurvedLongsword_Unique1,SW.EffectTemplate.Duelist.Unique
决斗者,装备固有,驭梦者外袍,护甲,True,SW.Item.PhantomChest_Unique,SW.EffectTemplate.Duelist.Unique
决斗者,可随机出现,剑,近战武器,False,SW.Item.Sword,SW.EffectTemplate.Duelist.I；SW.EffectTemplate.Duelist.II；SW.EffectTemplate.Duelist.III
决斗者,可随机出现,护手,近战武器,False,SW.Item.Gauntlet,SW.EffectTemplate.Duelist.I；SW.EffectTemplate.Duelist.II；SW.EffectTemplate.Duelist.III
决斗者,可随机出现,烈焰之刃,近战武器,True,SW.Item.Sword_Unique1,SW.EffectTemplate.Duelist.I；SW.EffectTemplate.Duelist.II；SW.EffectTemplate.Duelist.III
决斗者,可随机出现,首席附魔师护手,近战武器,True,SW.Item.Gauntlet_Unique1,SW.EffectTemplate.Duelist.I；SW.EffectTemplate.Duelist.II；SW.EffectTemplate.Duelist.III
决斗者,可随机出现,大剑,近战武器,False,SW.Item.Claymore,SW.EffectTemplate.Duelist.I；SW.EffectTemplate.Duelist.II；SW.EffectTemplate.Duelist.III
决斗者,可随机出现,巨剑,近战武器,False,SW.Item.Greatsword,SW.EffectTemplate.Duelist.I；SW.EffectTemplate.Duelist.II；SW.EffectTemplate.Duelist.III
决斗者,可随机出现,定型刀,近战武器,False,SW.Item.CurvedGreatsword,SW.EffectTemplate.Duelist.I；SW.EffectTemplate.Duelist.II；SW.EffectTemplate.Duelist.III
决斗者,可随机出现,裂隙撕裂者,近战武器,False,SW.Item.CurvedLongsword,SW.EffectTemplate.Duelist.I；SW.EffectTemplate.Duelist.II；SW.EffectTemplate.Duelist.III
决斗者,可随机出现,军刀,近战武器,False,SW.Item.Sabre,SW.EffectTemplate.Duelist.I；SW.EffectTemplate.Duelist.II；SW.EffectTemplate.Duelist.III
决斗者,可随机出现,巨斧,近战武器,False,SW.Item.GreatAxe,SW.EffectTemplate.Duelist.I；SW.EffectTemplate.Duelist.II；SW.EffectTemplate.Duelist.III
决斗者,可随机出现,斩杀大剑,近战武器,True,SW.Item.Claymore_Unique1,SW.EffectTemplate.Duelist.I；SW.EffectTemplate.Duelist.II；SW.EffectTemplate.Duelist.III
决斗者,可随机出现,暗晶剑,近战武器,True,SW.Item.Greatsword_Unique1,SW.EffectTemplate.Duelist.I；SW.EffectTemplate.Duelist.II；SW.EffectTemplate.Duelist.III
决斗者,可随机出现,调皮鬼军刀,近战武器,True,SW.Item.Sabre_Unique1,SW.EffectTemplate.Duelist.I；SW.EffectTemplate.Duelist.II；SW.EffectTemplate.Duelist.III
决斗者,可随机出现,神威巨斧,近战武器,True,SW.Item.GreatAxe_Unique1,SW.EffectTemplate.Duelist.I；SW.EffectTemplate.Duelist.II；SW.EffectTemplate.Duelist.III
幸运,可随机出现,捣蛋鬼轻靴,护甲,False,SW.Item.ScampBoots,SW.EffectTemplate.Lucky.I；SW.EffectTemplate.Lucky.II；SW.EffectTemplate.Lucky.III
幸运,可随机出现,捣蛋鬼兜帽,护甲,False,SW.Item.ScampHelmet,SW.EffectTemplate.Lucky.I；SW.EffectTemplate.Lucky.II；SW.EffectTemplate.Lucky.III
幸运,可随机出现,捣蛋鬼夹克,护甲,False,SW.Item.ScampChest,SW.EffectTemplate.Lucky.I；SW.EffectTemplate.Lucky.II；SW.EffectTemplate.Lucky.III
幸运,可随机出现,捣蛋鬼护腿,护甲,False,SW.Item.ScampLeggings,SW.EffectTemplate.Lucky.I；SW.EffectTemplate.Lucky.II；SW.EffectTemplate.Lucky.III
幸运,可随机出现,游牧者之靴,护甲,False,SW.Item.VoyagerBoots,SW.EffectTemplate.Lucky.I；SW.EffectTemplate.Lucky.II；SW.EffectTemplate.Lucky.III
幸运,可随机出现,游牧者胸甲,护甲,False,SW.Item.VoyagerChest,SW.EffectTemplate.Lucky.I；SW.EffectTemplate.Lucky.II；SW.EffectTemplate.Lucky.III
幸运,可随机出现,游牧者兜帽,护甲,False,SW.Item.VoyagerHelmet,SW.EffectTemplate.Lucky.I；SW.EffectTemplate.Lucky.II；SW.EffectTemplate.Lucky.III
幸运,可随机出现,游牧者护腿,护甲,False,SW.Item.VoyagerLeggings,SW.EffectTemplate.Lucky.I；SW.EffectTemplate.Lucky.II；SW.EffectTemplate.Lucky.III
幸运,可随机出现,游侠夹克,护甲,False,SW.Item.RealmreacherChest,SW.EffectTemplate.Lucky.I；SW.EffectTemplate.Lucky.II；SW.EffectTemplate.Lucky.III
幸运,可随机出现,游侠护腿,护甲,False,SW.Item.RealmreacherLeggings,SW.EffectTemplate.Lucky.I；SW.EffectTemplate.Lucky.II；SW.EffectTemplate.Lucky.III
幸运,可随机出现,游侠靴,护甲,False,SW.Item.RealmreacherBoots,SW.EffectTemplate.Lucky.I；SW.EffectTemplate.Lucky.II；SW.EffectTemplate.Lucky.III
幸运,可随机出现,游侠帽,护甲,False,SW.Item.RealmreacherHelmet,SW.EffectTemplate.Lucky.I；SW.EffectTemplate.Lucky.II；SW.EffectTemplate.Lucky.III
幸运,可随机出现,狼群之靴,护甲,False,SW.Item.WolfclutchBoots,SW.EffectTemplate.Lucky.I；SW.EffectTemplate.Lucky.II；SW.EffectTemplate.Lucky.III
幸运,可随机出现,狼群夹克,护甲,False,SW.Item.WolfclutchChest,SW.EffectTemplate.Lucky.I；SW.EffectTemplate.Lucky.II；SW.EffectTemplate.Lucky.III
幸运,可随机出现,狼群兜帽,护甲,False,SW.Item.WolfclutchHelmet,SW.EffectTemplate.Lucky.I；SW.EffectTemplate.Lucky.II；SW.EffectTemplate.Lucky.III
幸运,可随机出现,狼群护腿,护甲,False,SW.Item.WolfclutchLeggings,SW.EffectTemplate.Lucky.I；SW.EffectTemplate.Lucky.II；SW.EffectTemplate.Lucky.III
幸运,可随机出现,赏金猎人之靴,护甲,False,SW.Item.UndauntedBoots,SW.EffectTemplate.Lucky.I；SW.EffectTemplate.Lucky.II；SW.EffectTemplate.Lucky.III
幸运,可随机出现,赏金猎人头盔,护甲,False,SW.Item.UndauntedHelmet,SW.EffectTemplate.Lucky.I；SW.EffectTemplate.Lucky.II；SW.EffectTemplate.Lucky.III
幸运,可随机出现,赏金猎人护胫,护甲,False,SW.Item.UndauntedLeggings,SW.EffectTemplate.Lucky.I；SW.EffectTemplate.Lucky.II；SW.EffectTemplate.Lucky.III
幸运,可随机出现,赏金猎人胸甲,护甲,False,SW.Item.UndauntedChest,SW.EffectTemplate.Lucky.I；SW.EffectTemplate.Lucky.II；SW.EffectTemplate.Lucky.III
幸运,可随机出现,钢丝绒毛衣,护甲,False,SW.Item.FrostRimeChest,SW.EffectTemplate.Lucky.I；SW.EffectTemplate.Lucky.II；SW.EffectTemplate.Lucky.III
幸运,可随机出现,钢丝绒护腿,护甲,False,SW.Item.FrostRimeLeggings,SW.EffectTemplate.Lucky.I；SW.EffectTemplate.Lucky.II；SW.EffectTemplate.Lucky.III
幸运,可随机出现,钢丝绒靴,护甲,False,SW.Item.FrostRimeBoots,SW.EffectTemplate.Lucky.I；SW.EffectTemplate.Lucky.II；SW.EffectTemplate.Lucky.III
幸运,可随机出现,钢丝绒帽,护甲,False,SW.Item.FrostRimeHelmet,SW.EffectTemplate.Lucky.I；SW.EffectTemplate.Lucky.II；SW.EffectTemplate.Lucky.III
幸运,可随机出现,幽匿挖掘者靴子,护甲,False,SW.Item.CaveCrawlerBoots,SW.EffectTemplate.Lucky.I；SW.EffectTemplate.Lucky.II；SW.EffectTemplate.Lucky.III
幸运,可随机出现,幽匿挖掘者长袍,护甲,False,SW.Item.CaveCrawlerChest,SW.EffectTemplate.Lucky.I；SW.EffectTemplate.Lucky.II；SW.EffectTemplate.Lucky.III
幸运,可随机出现,幽匿挖掘者兜帽,护甲,False,SW.Item.CaveCrawlerHelmet,SW.EffectTemplate.Lucky.I；SW.EffectTemplate.Lucky.II；SW.EffectTemplate.Lucky.III
幸运,可随机出现,幽匿挖掘者护腿,护甲,False,SW.Item.CaveCrawlerLeggings,SW.EffectTemplate.Lucky.I；SW.EffectTemplate.Lucky.II；SW.EffectTemplate.Lucky.III
幸运,可随机出现,无畏角盔,护甲,True,SW.Item.UndauntedHelmet_Unique,SW.EffectTemplate.Lucky.I；SW.EffectTemplate.Lucky.II；SW.EffectTemplate.Lucky.III
幸运,可随机出现,无畏肩甲,护甲,True,SW.Item.UndauntedChest_Unique,SW.EffectTemplate.Lucky.I；SW.EffectTemplate.Lucky.II；SW.EffectTemplate.Lucky.III
幸运,可随机出现,无畏胫甲,护甲,True,SW.Item.UndauntedLeggings_Unique,SW.EffectTemplate.Lucky.I；SW.EffectTemplate.Lucky.II；SW.EffectTemplate.Lucky.III
幸运,可随机出现,无畏足甲,护甲,True,SW.Item.UndauntedBoots_Unique,SW.EffectTemplate.Lucky.I；SW.EffectTemplate.Lucky.II；SW.EffectTemplate.Lucky.III
幸运,可随机出现,寒霜护甲,护甲,True,SW.Item.FrostRimeChest_Unique,SW.EffectTemplate.Lucky.I；SW.EffectTemplate.Lucky.II；SW.EffectTemplate.Lucky.III
幸运,可随机出现,寒霜长衬裤,护甲,True,SW.Item.FrostRimeLeggings_Unique,SW.EffectTemplate.Lucky.I；SW.EffectTemplate.Lucky.II；SW.EffectTemplate.Lucky.III
幸运,可随机出现,寒霜踏雪靴,护甲,True,SW.Item.FrostRimeBoots_Unique,SW.EffectTemplate.Lucky.I；SW.EffectTemplate.Lucky.II；SW.EffectTemplate.Lucky.III
幸运,可随机出现,寒霜冰帽,护甲,True,SW.Item.FrostRimeHelmet_Unique,SW.EffectTemplate.Lucky.I；SW.EffectTemplate.Lucky.II；SW.EffectTemplate.Lucky.III
幸运,可随机出现,无赖轻靴,护甲,True,SW.Item.ScampBoots_Unique,SW.EffectTemplate.Lucky.I；SW.EffectTemplate.Lucky.II；SW.EffectTemplate.Lucky.III
幸运,可随机出现,无赖兜帽,护甲,True,SW.Item.ScampHelmet_Unique,SW.EffectTemplate.Lucky.I；SW.EffectTemplate.Lucky.II；SW.EffectTemplate.Lucky.III
幸运,可随机出现,无赖西装外套,护甲,True,SW.Item.ScampChest_Unique,SW.EffectTemplate.Lucky.I；SW.EffectTemplate.Lucky.II；SW.EffectTemplate.Lucky.III
幸运,可随机出现,无赖套裤,护甲,True,SW.Item.ScampLeggings_Unique,SW.EffectTemplate.Lucky.I；SW.EffectTemplate.Lucky.II；SW.EffectTemplate.Lucky.III
幸运,可随机出现,漫游者足甲,护甲,True,SW.Item.VoyagerBoots_Unique,SW.EffectTemplate.Lucky.I；SW.EffectTemplate.Lucky.II；SW.EffectTemplate.Lucky.III
幸运,可随机出现,漫游者肩甲,护甲,True,SW.Item.VoyagerChest_Unique,SW.EffectTemplate.Lucky.I；SW.EffectTemplate.Lucky.II；SW.EffectTemplate.Lucky.III
幸运,可随机出现,漫游者面甲,护甲,True,SW.Item.VoyagerHelmet_Unique,SW.EffectTemplate.Lucky.I；SW.EffectTemplate.Lucky.II；SW.EffectTemplate.Lucky.III
幸运,可随机出现,漫游者绑腿,护甲,True,SW.Item.VoyagerLeggings_Unique,SW.EffectTemplate.Lucky.I；SW.EffectTemplate.Lucky.II；SW.EffectTemplate.Lucky.III
幸运,可随机出现,扭曲监守者轻靴,护甲,True,SW.Item.CaveCrawlerBoots_Unique,SW.EffectTemplate.Lucky.I；SW.EffectTemplate.Lucky.II；SW.EffectTemplate.Lucky.III
幸运,可随机出现,扭曲监守者背心,护甲,True,SW.Item.CaveCrawlerChest_Unique,SW.EffectTemplate.Lucky.I；SW.EffectTemplate.Lucky.II；SW.EffectTemplate.Lucky.III
幸运,可随机出现,扭曲监守者眼罩,护甲,True,SW.Item.CaveCrawlerHelmet_Unique,SW.EffectTemplate.Lucky.I；SW.EffectTemplate.Lucky.II；SW.EffectTemplate.Lucky.III
幸运,可随机出现,扭曲监守者紧身裤,护甲,True,SW.Item.CaveCrawlerLeggings_Unique,SW.EffectTemplate.Lucky.I；SW.EffectTemplate.Lucky.II；SW.EffectTemplate.Lucky.III
幸运,可随机出现,神射手风衣,护甲,True,SW.Item.RealmreacherChest_Unique,SW.EffectTemplate.Lucky.I；SW.EffectTemplate.Lucky.II；SW.EffectTemplate.Lucky.III
幸运,可随机出现,神射手套裤,护甲,True,SW.Item.RealmreacherLeggings_Unique,SW.EffectTemplate.Lucky.I；SW.EffectTemplate.Lucky.II；SW.EffectTemplate.Lucky.III
幸运,可随机出现,神射手马刺靴,护甲,True,SW.Item.RealmreacherBoots_Unique,SW.EffectTemplate.Lucky.I；SW.EffectTemplate.Lucky.II；SW.EffectTemplate.Lucky.III
幸运,可随机出现,神射手软呢帽,护甲,True,SW.Item.RealmreacherHelmet_Unique,SW.EffectTemplate.Lucky.I；SW.EffectTemplate.Lucky.II；SW.EffectTemplate.Lucky.III
幸运,可随机出现,守卫者头盔,护甲,False,SW.Item.StalwartHelmet,SW.EffectTemplate.Lucky.I；SW.EffectTemplate.Lucky.II；SW.EffectTemplate.Lucky.III
幸运,可随机出现,守卫者胸甲,护甲,False,SW.Item.StalwartChest,SW.EffectTemplate.Lucky.I；SW.EffectTemplate.Lucky.II；SW.EffectTemplate.Lucky.III
幸运,可随机出现,守卫者护胫,护甲,False,SW.Item.StalwartLeggings,SW.EffectTemplate.Lucky.I；SW.EffectTemplate.Lucky.II；SW.EffectTemplate.Lucky.III
幸运,可随机出现,守卫者之靴,护甲,False,SW.Item.StalwartBoots,SW.EffectTemplate.Lucky.I；SW.EffectTemplate.Lucky.II；SW.EffectTemplate.Lucky.III
幸运,可随机出现,轰鸣虫触角,护甲,True,SW.Item.StalwartHelmet_Unique,SW.EffectTemplate.Lucky.I；SW.EffectTemplate.Lucky.II；SW.EffectTemplate.Lucky.III
幸运,可随机出现,轰鸣虫甲壳,护甲,True,SW.Item.StalwartChest_Unique,SW.EffectTemplate.Lucky.I；SW.EffectTemplate.Lucky.II；SW.EffectTemplate.Lucky.III
幸运,可随机出现,轰鸣虫胫甲,护甲,True,SW.Item.StalwartLeggings_Unique,SW.EffectTemplate.Lucky.I；SW.EffectTemplate.Lucky.II；SW.EffectTemplate.Lucky.III
幸运,可随机出现,轰鸣虫跗靴,护甲,True,SW.Item.StalwartBoots_Unique,SW.EffectTemplate.Lucky.I；SW.EffectTemplate.Lucky.II；SW.EffectTemplate.Lucky.III
幸运,可随机出现,头狼之爪,护甲,True,SW.Item.WolfclutchBoots_Unique,SW.EffectTemplate.Lucky.I；SW.EffectTemplate.Lucky.II；SW.EffectTemplate.Lucky.III
幸运,可随机出现,头狼兽皮,护甲,True,SW.Item.WolfclutchChest_Unique,SW.EffectTemplate.Lucky.I；SW.EffectTemplate.Lucky.II；SW.EffectTemplate.Lucky.III
幸运,可随机出现,头狼口套,护甲,True,SW.Item.WolfclutchHelmet_Unique,SW.EffectTemplate.Lucky.I；SW.EffectTemplate.Lucky.II；SW.EffectTemplate.Lucky.III
幸运,可随机出现,头狼毛皮套裤,护甲,True,SW.Item.WolfclutchLeggings_Unique,SW.EffectTemplate.Lucky.I；SW.EffectTemplate.Lucky.II；SW.EffectTemplate.Lucky.III
幸运,可随机出现,神秘头箍,护甲,False,SW.Item.MysticHelmet,SW.EffectTemplate.Lucky.I；SW.EffectTemplate.Lucky.II；SW.EffectTemplate.Lucky.III
幸运,可随机出现,神秘长袍,护甲,False,SW.Item.MysticChest,SW.EffectTemplate.Lucky.I；SW.EffectTemplate.Lucky.II；SW.EffectTemplate.Lucky.III
幸运,可随机出现,神秘护腿,护甲,False,SW.Item.MysticLeggings,SW.EffectTemplate.Lucky.I；SW.EffectTemplate.Lucky.II；SW.EffectTemplate.Lucky.III
幸运,可随机出现,神秘靴,护甲,False,SW.Item.MysticBoots,SW.EffectTemplate.Lucky.I；SW.EffectTemplate.Lucky.II；SW.EffectTemplate.Lucky.III
幸运,可随机出现,神谕王冠,护甲,True,SW.Item.MysticHelmet_Unique,SW.EffectTemplate.Lucky.I；SW.EffectTemplate.Lucky.II；SW.EffectTemplate.Lucky.III
幸运,可随机出现,神谕披风,护甲,True,SW.Item.MysticChest_Unique,SW.EffectTemplate.Lucky.I；SW.EffectTemplate.Lucky.II；SW.EffectTemplate.Lucky.III
幸运,可随机出现,神谕紧身裤,护甲,True,SW.Item.MysticLeggings_Unique,SW.EffectTemplate.Lucky.I；SW.EffectTemplate.Lucky.II；SW.EffectTemplate.Lucky.III
幸运,可随机出现,神谕凉鞋,护甲,True,SW.Item.MysticBoots_Unique,SW.EffectTemplate.Lucky.I；SW.EffectTemplate.Lucky.II；SW.EffectTemplate.Lucky.III
幸运,可随机出现,幻翼头盔,护甲,False,SW.Item.PhantomHelmet,SW.EffectTemplate.Lucky.I；SW.EffectTemplate.Lucky.II；SW.EffectTemplate.Lucky.III
幸运,可随机出现,幻翼胸甲,护甲,False,SW.Item.PhantomChest,SW.EffectTemplate.Lucky.I；SW.EffectTemplate.Lucky.II；SW.EffectTemplate.Lucky.III
幸运,可随机出现,幻翼长裤,护甲,False,SW.Item.PhantomLeggings,SW.EffectTemplate.Lucky.I；SW.EffectTemplate.Lucky.II；SW.EffectTemplate.Lucky.III
幸运,可随机出现,幻翼靴,护甲,False,SW.Item.PhantomBoots,SW.EffectTemplate.Lucky.I；SW.EffectTemplate.Lucky.II；SW.EffectTemplate.Lucky.III
幸运,可随机出现,护林者面具,护甲,False,SW.Item.HewnBarkHelmet,SW.EffectTemplate.Lucky.I；SW.EffectTemplate.Lucky.II；SW.EffectTemplate.Lucky.III
幸运,可随机出现,护林者胸甲,护甲,False,SW.Item.HewnBarkChest,SW.EffectTemplate.Lucky.I；SW.EffectTemplate.Lucky.II；SW.EffectTemplate.Lucky.III
幸运,可随机出现,护林者护腿,护甲,False,SW.Item.HewnBarkLeggings,SW.EffectTemplate.Lucky.I；SW.EffectTemplate.Lucky.II；SW.EffectTemplate.Lucky.III
幸运,可随机出现,护林者木屐,护甲,False,SW.Item.HewnBarkBoots,SW.EffectTemplate.Lucky.I；SW.EffectTemplate.Lucky.II；SW.EffectTemplate.Lucky.III
幸运,可随机出现,界域行者帽,护甲,False,SW.Item.TimewornHelmet,SW.EffectTemplate.Lucky.I；SW.EffectTemplate.Lucky.II；SW.EffectTemplate.Lucky.III
幸运,可随机出现,界域行者长袍,护甲,False,SW.Item.TimewornChest,SW.EffectTemplate.Lucky.I；SW.EffectTemplate.Lucky.II；SW.EffectTemplate.Lucky.III
幸运,可随机出现,界域行者护腿,护甲,False,SW.Item.TimewornLeggings,SW.EffectTemplate.Lucky.I；SW.EffectTemplate.Lucky.II；SW.EffectTemplate.Lucky.III
幸运,可随机出现,界域行者靴,护甲,False,SW.Item.TimewornBoots,SW.EffectTemplate.Lucky.I；SW.EffectTemplate.Lucky.II；SW.EffectTemplate.Lucky.III
幸运,可随机出现,养蜂人面罩,护甲,False,SW.Item.HoneyHelmet,SW.EffectTemplate.Lucky.I；SW.EffectTemplate.Lucky.II；SW.EffectTemplate.Lucky.III
幸运,可随机出现,养蜂服,护甲,False,SW.Item.HoneyChest,SW.EffectTemplate.Lucky.I；SW.EffectTemplate.Lucky.II；SW.EffectTemplate.Lucky.III
幸运,可随机出现,养蜂人护腿,护甲,False,SW.Item.HoneyLeggings,SW.EffectTemplate.Lucky.I；SW.EffectTemplate.Lucky.II；SW.EffectTemplate.Lucky.III
幸运,可随机出现,养蜂人之靴,护甲,False,SW.Item.HoneyBoots,SW.EffectTemplate.Lucky.I；SW.EffectTemplate.Lucky.II；SW.EffectTemplate.Lucky.III
幸运,可随机出现,蘑菇帽,护甲,False,SW.Item.MushroomHelmet,SW.EffectTemplate.Lucky.I；SW.EffectTemplate.Lucky.II；SW.EffectTemplate.Lucky.III
幸运,可随机出现,蘑菇长袍,护甲,False,SW.Item.MushroomChest,SW.EffectTemplate.Lucky.I；SW.EffectTemplate.Lucky.II；SW.EffectTemplate.Lucky.III
幸运,可随机出现,蘑菇护腿,护甲,False,SW.Item.MushroomLeggings,SW.EffectTemplate.Lucky.I；SW.EffectTemplate.Lucky.II；SW.EffectTemplate.Lucky.III
幸运,可随机出现,蘑菇靴,护甲,False,SW.Item.MushroomBoots,SW.EffectTemplate.Lucky.I；SW.EffectTemplate.Lucky.II；SW.EffectTemplate.Lucky.III
幸运,可随机出现,门徒面具,护甲,False,SW.Item.DiscipleHelmet,SW.EffectTemplate.Lucky.I；SW.EffectTemplate.Lucky.II；SW.EffectTemplate.Lucky.III
幸运,可随机出现,门徒长袍,护甲,False,SW.Item.DiscipleChest,SW.EffectTemplate.Lucky.I；SW.EffectTemplate.Lucky.II；SW.EffectTemplate.Lucky.III
幸运,可随机出现,门徒护腿,护甲,False,SW.Item.DiscipleLeggings,SW.EffectTemplate.Lucky.I；SW.EffectTemplate.Lucky.II；SW.EffectTemplate.Lucky.III
幸运,可随机出现,门徒裹足布,护甲,False,SW.Item.DiscipleBoots,SW.EffectTemplate.Lucky.I；SW.EffectTemplate.Lucky.II；SW.EffectTemplate.Lucky.III
幸运,可随机出现,汐浮特兜帽,护甲,False,SW.Item.WellspringHelmet,SW.EffectTemplate.Lucky.I；SW.EffectTemplate.Lucky.II；SW.EffectTemplate.Lucky.III
幸运,可随机出现,汐浮特长袍,护甲,False,SW.Item.WellspringChest,SW.EffectTemplate.Lucky.I；SW.EffectTemplate.Lucky.II；SW.EffectTemplate.Lucky.III
幸运,可随机出现,汐浮特护腿,护甲,False,SW.Item.WellspringLeggings,SW.EffectTemplate.Lucky.I；SW.EffectTemplate.Lucky.II；SW.EffectTemplate.Lucky.III
幸运,可随机出现,汐浮特之靴,护甲,False,SW.Item.WellspringBoots,SW.EffectTemplate.Lucky.I；SW.EffectTemplate.Lucky.II；SW.EffectTemplate.Lucky.III
幸运,可随机出现,红石头盔,护甲,False,SW.Item.RedstoneHelmet,SW.EffectTemplate.Lucky.I；SW.EffectTemplate.Lucky.II；SW.EffectTemplate.Lucky.III
幸运,可随机出现,红石胸甲,护甲,False,SW.Item.RedstoneChest,SW.EffectTemplate.Lucky.I；SW.EffectTemplate.Lucky.II；SW.EffectTemplate.Lucky.III
幸运,可随机出现,红石护胫,护甲,False,SW.Item.RedstoneLeggings,SW.EffectTemplate.Lucky.I；SW.EffectTemplate.Lucky.II；SW.EffectTemplate.Lucky.III
幸运,可随机出现,红石靴,护甲,False,SW.Item.RedstoneBoots,SW.EffectTemplate.Lucky.I；SW.EffectTemplate.Lucky.II；SW.EffectTemplate.Lucky.III
幸运,可随机出现,巫师帽,护甲,False,SW.Item.EvocationHelmet,SW.EffectTemplate.Lucky.I；SW.EffectTemplate.Lucky.II；SW.EffectTemplate.Lucky.III
幸运,可随机出现,巫师长袍,护甲,False,SW.Item.EvocationChest,SW.EffectTemplate.Lucky.I；SW.EffectTemplate.Lucky.II；SW.EffectTemplate.Lucky.III
幸运,可随机出现,巫师护腿,护甲,False,SW.Item.EvocationLeggings,SW.EffectTemplate.Lucky.I；SW.EffectTemplate.Lucky.II；SW.EffectTemplate.Lucky.III
幸运,可随机出现,巫师靴,护甲,False,SW.Item.EvocationBoots,SW.EffectTemplate.Lucky.I；SW.EffectTemplate.Lucky.II；SW.EffectTemplate.Lucky.III
幸运,可随机出现,驭梦者王冠,护甲,True,SW.Item.PhantomHelmet_Unique,SW.EffectTemplate.Lucky.I；SW.EffectTemplate.Lucky.II；SW.EffectTemplate.Lucky.III
幸运,可随机出现,驭梦者外袍,护甲,True,SW.Item.PhantomChest_Unique,SW.EffectTemplate.Lucky.I；SW.EffectTemplate.Lucky.II；SW.EffectTemplate.Lucky.III
幸运,可随机出现,驭梦者睡裤,护甲,True,SW.Item.PhantomLeggings_Unique,SW.EffectTemplate.Lucky.I；SW.EffectTemplate.Lucky.II；SW.EffectTemplate.Lucky.III
幸运,可随机出现,驭梦者拖鞋,护甲,True,SW.Item.PhantomBoots_Unique,SW.EffectTemplate.Lucky.I；SW.EffectTemplate.Lucky.II；SW.EffectTemplate.Lucky.III
幸运,可随机出现,木精灵王冠,护甲,True,SW.Item.HewnBarkHelmet_Unique,SW.EffectTemplate.Lucky.I；SW.EffectTemplate.Lucky.II；SW.EffectTemplate.Lucky.III
幸运,可随机出现,木精灵树皮甲,护甲,True,SW.Item.HewnBarkChest_Unique,SW.EffectTemplate.Lucky.I；SW.EffectTemplate.Lucky.II；SW.EffectTemplate.Lucky.III
幸运,可随机出现,木精灵树干护腿,护甲,True,SW.Item.HewnBarkLeggings_Unique,SW.EffectTemplate.Lucky.I；SW.EffectTemplate.Lucky.II；SW.EffectTemplate.Lucky.III
幸运,可随机出现,木精灵根须靴,护甲,True,SW.Item.HewnBarkBoots_Unique,SW.EffectTemplate.Lucky.I；SW.EffectTemplate.Lucky.II；SW.EffectTemplate.Lucky.III
幸运,可随机出现,灵魂腐化者面具,护甲,True,SW.Item.TimewornHelmet_Unique,SW.EffectTemplate.Lucky.I；SW.EffectTemplate.Lucky.II；SW.EffectTemplate.Lucky.III
幸运,可随机出现,灵魂腐化者风衣,护甲,True,SW.Item.TimewornChest_Unique,SW.EffectTemplate.Lucky.I；SW.EffectTemplate.Lucky.II；SW.EffectTemplate.Lucky.III
幸运,可随机出现,灵魂腐化者腰带,护甲,True,SW.Item.TimewornLeggings_Unique,SW.EffectTemplate.Lucky.I；SW.EffectTemplate.Lucky.II；SW.EffectTemplate.Lucky.III
幸运,可随机出现,灵魂腐化者凉鞋,护甲,True,SW.Item.TimewornBoots_Unique,SW.EffectTemplate.Lucky.I；SW.EffectTemplate.Lucky.II；SW.EffectTemplate.Lucky.III
幸运,可随机出现,蜂群意识安全帽,护甲,True,SW.Item.HoneyHelmet_Unique,SW.EffectTemplate.Lucky.I；SW.EffectTemplate.Lucky.II；SW.EffectTemplate.Lucky.III
幸运,可随机出现,蜂群意识胸甲,护甲,True,SW.Item.HoneyChest_Unique,SW.EffectTemplate.Lucky.I；SW.EffectTemplate.Lucky.II；SW.EffectTemplate.Lucky.III
幸运,可随机出现,蜂群意识长裤,护甲,True,SW.Item.HoneyLeggings_Unique,SW.EffectTemplate.Lucky.I；SW.EffectTemplate.Lucky.II；SW.EffectTemplate.Lucky.III
幸运,可随机出现,蜂群意识刺靴,护甲,True,SW.Item.HoneyBoots_Unique,SW.EffectTemplate.Lucky.I；SW.EffectTemplate.Lucky.II；SW.EffectTemplate.Lucky.III
幸运,可随机出现,毒蝇伞帽,护甲,True,SW.Item.MushroomHelmet_Unique,SW.EffectTemplate.Lucky.I；SW.EffectTemplate.Lucky.II；SW.EffectTemplate.Lucky.III
幸运,可随机出现,毒蝇伞外套,护甲,True,SW.Item.MushroomChest_Unique,SW.EffectTemplate.Lucky.I；SW.EffectTemplate.Lucky.II；SW.EffectTemplate.Lucky.III
幸运,可随机出现,毒蝇伞长裤,护甲,True,SW.Item.MushroomLeggings_Unique,SW.EffectTemplate.Lucky.I；SW.EffectTemplate.Lucky.II；SW.EffectTemplate.Lucky.III
幸运,可随机出现,毒蝇伞雨鞋,护甲,True,SW.Item.MushroomBoots_Unique,SW.EffectTemplate.Lucky.I；SW.EffectTemplate.Lucky.II；SW.EffectTemplate.Lucky.III
幸运,可随机出现,贤者头带,护甲,True,SW.Item.DiscipleHelmet_Unique,SW.EffectTemplate.Lucky.I；SW.EffectTemplate.Lucky.II；SW.EffectTemplate.Lucky.III
幸运,可随机出现,贤者束衣,护甲,True,SW.Item.DiscipleChest_Unique,SW.EffectTemplate.Lucky.I；SW.EffectTemplate.Lucky.II；SW.EffectTemplate.Lucky.III
幸运,可随机出现,贤者腰带,护甲,True,SW.Item.DiscipleLeggings_Unique,SW.EffectTemplate.Lucky.I；SW.EffectTemplate.Lucky.II；SW.EffectTemplate.Lucky.III
幸运,可随机出现,贤者裹足布,护甲,True,SW.Item.DiscipleBoots_Unique,SW.EffectTemplate.Lucky.I；SW.EffectTemplate.Lucky.II；SW.EffectTemplate.Lucky.III
幸运,可随机出现,狂怒汐浮特面具,护甲,True,SW.Item.WellspringHelmet_Unique,SW.EffectTemplate.Lucky.I；SW.EffectTemplate.Lucky.II；SW.EffectTemplate.Lucky.III
幸运,可随机出现,狂怒汐浮特背心,护甲,True,SW.Item.WellspringChest_Unique,SW.EffectTemplate.Lucky.I；SW.EffectTemplate.Lucky.II；SW.EffectTemplate.Lucky.III
幸运,可随机出现,狂怒汐浮特便裤,护甲,True,SW.Item.WellspringLeggings_Unique,SW.EffectTemplate.Lucky.I；SW.EffectTemplate.Lucky.II；SW.EffectTemplate.Lucky.III
幸运,可随机出现,狂怒汐浮特之爪,护甲,True,SW.Item.WellspringBoots_Unique,SW.EffectTemplate.Lucky.I；SW.EffectTemplate.Lucky.II；SW.EffectTemplate.Lucky.III
幸运,可随机出现,巨兽角盔,护甲,True,SW.Item.RedstoneHelmet_Unique,SW.EffectTemplate.Lucky.I；SW.EffectTemplate.Lucky.II；SW.EffectTemplate.Lucky.III
幸运,可随机出现,巨兽盔甲,护甲,True,SW.Item.RedstoneChest_Unique,SW.EffectTemplate.Lucky.I；SW.EffectTemplate.Lucky.II；SW.EffectTemplate.Lucky.III
幸运,可随机出现,巨兽胫甲,护甲,True,SW.Item.RedstoneLeggings_Unique,SW.EffectTemplate.Lucky.I；SW.EffectTemplate.Lucky.II；SW.EffectTemplate.Lucky.III
幸运,可随机出现,巨兽战靴,护甲,True,SW.Item.RedstoneBoots_Unique,SW.EffectTemplate.Lucky.I；SW.EffectTemplate.Lucky.II；SW.EffectTemplate.Lucky.III
幸运,可随机出现,炼金术士礼帽,护甲,True,SW.Item.EvocationHelmet_Unique,SW.EffectTemplate.Lucky.I；SW.EffectTemplate.Lucky.II；SW.EffectTemplate.Lucky.III
幸运,可随机出现,炼金术士大衣,护甲,True,SW.Item.EvocationChest_Unique,SW.EffectTemplate.Lucky.I；SW.EffectTemplate.Lucky.II；SW.EffectTemplate.Lucky.III
幸运,可随机出现,炼金术士长裤,护甲,True,SW.Item.EvocationLeggings_Unique,SW.EffectTemplate.Lucky.I；SW.EffectTemplate.Lucky.II；SW.EffectTemplate.Lucky.III
幸运,可随机出现,炼金术士便鞋,护甲,True,SW.Item.EvocationBoots_Unique,SW.EffectTemplate.Lucky.I；SW.EffectTemplate.Lucky.II；SW.EffectTemplate.Lucky.III
幸运,可随机出现,幽匿者面具,护甲,False,SW.Item.ScavengerHelmet,SW.EffectTemplate.Lucky.I；SW.EffectTemplate.Lucky.II；SW.EffectTemplate.Lucky.III
幸运,可随机出现,幽匿者长袍,护甲,False,SW.Item.ScavengerChest,SW.EffectTemplate.Lucky.I；SW.EffectTemplate.Lucky.II；SW.EffectTemplate.Lucky.III
幸运,可随机出现,幽匿者便裤,护甲,False,SW.Item.ScavengerLeggings,SW.EffectTemplate.Lucky.I；SW.EffectTemplate.Lucky.II；SW.EffectTemplate.Lucky.III
幸运,可随机出现,幽匿者之靴,护甲,False,SW.Item.ScavengerBoots,SW.EffectTemplate.Lucky.I；SW.EffectTemplate.Lucky.II；SW.EffectTemplate.Lucky.III
幸运,可随机出现,君主王冠,护甲,True,SW.Item.ScavengerHelmet_Unique,SW.EffectTemplate.Lucky.I；SW.EffectTemplate.Lucky.II；SW.EffectTemplate.Lucky.III
幸运,可随机出现,君主披风,护甲,True,SW.Item.ScavengerChest_Unique,SW.EffectTemplate.Lucky.I；SW.EffectTemplate.Lucky.II；SW.EffectTemplate.Lucky.III
幸运,可随机出现,君主腰带,护甲,True,SW.Item.ScavengerLeggings_Unique,SW.EffectTemplate.Lucky.I；SW.EffectTemplate.Lucky.II；SW.EffectTemplate.Lucky.III
幸运,可随机出现,君主利爪,护甲,True,SW.Item.ScavengerBoots_Unique,SW.EffectTemplate.Lucky.I；SW.EffectTemplate.Lucky.II；SW.EffectTemplate.Lucky.III
群兽首领,装备固有,头狼兽皮,护甲,True,SW.Item.WolfclutchChest_Unique,SW.EffectTemplate.BeastBoss.Unique
群兽首领,装备固有,毒蝇伞长裤,护甲,True,SW.Item.MushroomLeggings_Unique,SW.EffectTemplate.BeastBoss.Unique
群兽首领,可随机出现,长矛,近战武器,False,SW.Item.Pike,SW.EffectTemplate.BeastBoss.I；SW.EffectTemplate.BeastBoss.II；SW.EffectTemplate.BeastBoss.III
群兽首领,可随机出现,斧头,近战武器,False,SW.Item.Axe,SW.EffectTemplate.BeastBoss.I；SW.EffectTemplate.BeastBoss.II；SW.EffectTemplate.BeastBoss.III
群兽首领,可随机出现,短矛,近战武器,False,SW.Item.ShortSpear,SW.EffectTemplate.BeastBoss.I；SW.EffectTemplate.BeastBoss.II；SW.EffectTemplate.BeastBoss.III
群兽首领,可随机出现,猎人手斧,近战武器,True,SW.Item.Axe_Unique1,SW.EffectTemplate.BeastBoss.I；SW.EffectTemplate.BeastBoss.II；SW.EffectTemplate.BeastBoss.III
群兽首领,可随机出现,幽魂长矛,近战武器,True,SW.Item.ShortSpear_Unique1,SW.EffectTemplate.BeastBoss.I；SW.EffectTemplate.BeastBoss.II；SW.EffectTemplate.BeastBoss.III
群兽首领,可随机出现,狼爪,近战武器,False,SW.Item.Claws,SW.EffectTemplate.BeastBoss.I；SW.EffectTemplate.BeastBoss.II；SW.EffectTemplate.BeastBoss.III
群兽首领,可随机出现,剁肉刀,近战武器,False,SW.Item.Cleaver,SW.EffectTemplate.BeastBoss.I；SW.EffectTemplate.BeastBoss.II；SW.EffectTemplate.BeastBoss.III
群兽首领,可随机出现,双镰,近战武器,False,SW.Item.Sickles,SW.EffectTemplate.BeastBoss.I；SW.EffectTemplate.BeastBoss.II；SW.EffectTemplate.BeastBoss.III
群兽首领,可随机出现,重锤,近战武器,False,SW.Item.Mace,SW.EffectTemplate.BeastBoss.I；SW.EffectTemplate.BeastBoss.II；SW.EffectTemplate.BeastBoss.III
群兽首领,可随机出现,幽匿者之爪,近战武器,True,SW.Item.Claws_Unique1,SW.EffectTemplate.BeastBoss.I；SW.EffectTemplate.BeastBoss.II；SW.EffectTemplate.BeastBoss.III
群兽首领,可随机出现,剁魂刀,近战武器,True,SW.Item.Cleaver_Unique1,SW.EffectTemplate.BeastBoss.I；SW.EffectTemplate.BeastBoss.II；SW.EffectTemplate.BeastBoss.III
群兽首领,可随机出现,汐浮镰刀,近战武器,True,SW.Item.Sickles_Unique1,SW.EffectTemplate.BeastBoss.I；SW.EffectTemplate.BeastBoss.II；SW.EffectTemplate.BeastBoss.III
群兽首领,可随机出现,甲壳重锤,近战武器,True,SW.Item.Mace_Unique1,SW.EffectTemplate.BeastBoss.I；SW.EffectTemplate.BeastBoss.II；SW.EffectTemplate.BeastBoss.III
群兽首领,可随机出现,散射弩,远程武器,False,SW.Item.ScatterCrossbow,SW.EffectTemplate.BeastBoss.I；SW.EffectTemplate.BeastBoss.II；SW.EffectTemplate.BeastBoss.III
群兽首领,可随机出现,竖琴弩,远程武器,True,SW.Item.ScatterCrossbow_Unique1,SW.EffectTemplate.BeastBoss.I；SW.EffectTemplate.BeastBoss.II；SW.EffectTemplate.BeastBoss.III
制弓师,装备固有,头狼之爪,护甲,True,SW.Item.WolfclutchBoots_Unique,SW.EffectTemplate.ArrowBurst.Unique
制弓师,可随机出现,游侠夹克,护甲,False,SW.Item.RealmreacherChest,SW.EffectTemplate.ArrowBurst.I；SW.EffectTemplate.ArrowBurst.II；SW.EffectTemplate.ArrowBurst.III
制弓师,可随机出现,游侠护腿,护甲,False,SW.Item.RealmreacherLeggings,SW.EffectTemplate.ArrowBurst.I；SW.EffectTemplate.ArrowBurst.II；SW.EffectTemplate.ArrowBurst.III
制弓师,可随机出现,游侠靴,护甲,False,SW.Item.RealmreacherBoots,SW.EffectTemplate.ArrowBurst.I；SW.EffectTemplate.ArrowBurst.II；SW.EffectTemplate.ArrowBurst.III
制弓师,可随机出现,游侠帽,护甲,False,SW.Item.RealmreacherHelmet,SW.EffectTemplate.ArrowBurst.I；SW.EffectTemplate.ArrowBurst.II；SW.EffectTemplate.ArrowBurst.III
制弓师,可随机出现,神射手风衣,护甲,True,SW.Item.RealmreacherChest_Unique,SW.EffectTemplate.ArrowBurst.I；SW.EffectTemplate.ArrowBurst.II；SW.EffectTemplate.ArrowBurst.III
制弓师,可随机出现,神射手套裤,护甲,True,SW.Item.RealmreacherLeggings_Unique,SW.EffectTemplate.ArrowBurst.I；SW.EffectTemplate.ArrowBurst.II；SW.EffectTemplate.ArrowBurst.III
制弓师,可随机出现,神射手马刺靴,护甲,True,SW.Item.RealmreacherBoots_Unique,SW.EffectTemplate.ArrowBurst.I；SW.EffectTemplate.ArrowBurst.II；SW.EffectTemplate.ArrowBurst.III
制弓师,可随机出现,神射手软呢帽,护甲,True,SW.Item.RealmreacherHelmet_Unique,SW.EffectTemplate.ArrowBurst.I；SW.EffectTemplate.ArrowBurst.II；SW.EffectTemplate.ArrowBurst.III
制弓师,可随机出现,幻翼头盔,护甲,False,SW.Item.PhantomHelmet,SW.EffectTemplate.ArrowBurst.I；SW.EffectTemplate.ArrowBurst.II；SW.EffectTemplate.ArrowBurst.III
制弓师,可随机出现,幻翼胸甲,护甲,False,SW.Item.PhantomChest,SW.EffectTemplate.ArrowBurst.I；SW.EffectTemplate.ArrowBurst.II；SW.EffectTemplate.ArrowBurst.III
制弓师,可随机出现,幻翼长裤,护甲,False,SW.Item.PhantomLeggings,SW.EffectTemplate.ArrowBurst.I；SW.EffectTemplate.ArrowBurst.II；SW.EffectTemplate.ArrowBurst.III
制弓师,可随机出现,幻翼靴,护甲,False,SW.Item.PhantomBoots,SW.EffectTemplate.ArrowBurst.I；SW.EffectTemplate.ArrowBurst.II；SW.EffectTemplate.ArrowBurst.III
制弓师,可随机出现,界域行者帽,护甲,False,SW.Item.TimewornHelmet,SW.EffectTemplate.ArrowBurst.I；SW.EffectTemplate.ArrowBurst.II；SW.EffectTemplate.ArrowBurst.III
制弓师,可随机出现,界域行者长袍,护甲,False,SW.Item.TimewornChest,SW.EffectTemplate.ArrowBurst.I；SW.EffectTemplate.ArrowBurst.II；SW.EffectTemplate.ArrowBurst.III
制弓师,可随机出现,界域行者护腿,护甲,False,SW.Item.TimewornLeggings,SW.EffectTemplate.ArrowBurst.I；SW.EffectTemplate.ArrowBurst.II；SW.EffectTemplate.ArrowBurst.III
制弓师,可随机出现,界域行者靴,护甲,False,SW.Item.TimewornBoots,SW.EffectTemplate.ArrowBurst.I；SW.EffectTemplate.ArrowBurst.II；SW.EffectTemplate.ArrowBurst.III
制弓师,可随机出现,驭梦者王冠,护甲,True,SW.Item.PhantomHelmet_Unique,SW.EffectTemplate.ArrowBurst.I；SW.EffectTemplate.ArrowBurst.II；SW.EffectTemplate.ArrowBurst.III
制弓师,可随机出现,驭梦者外袍,护甲,True,SW.Item.PhantomChest_Unique,SW.EffectTemplate.ArrowBurst.I；SW.EffectTemplate.ArrowBurst.II；SW.EffectTemplate.ArrowBurst.III
制弓师,可随机出现,驭梦者睡裤,护甲,True,SW.Item.PhantomLeggings_Unique,SW.EffectTemplate.ArrowBurst.I；SW.EffectTemplate.ArrowBurst.II；SW.EffectTemplate.ArrowBurst.III
制弓师,可随机出现,驭梦者拖鞋,护甲,True,SW.Item.PhantomBoots_Unique,SW.EffectTemplate.ArrowBurst.I；SW.EffectTemplate.ArrowBurst.II；SW.EffectTemplate.ArrowBurst.III
制弓师,可随机出现,灵魂腐化者面具,护甲,True,SW.Item.TimewornHelmet_Unique,SW.EffectTemplate.ArrowBurst.I；SW.EffectTemplate.ArrowBurst.II；SW.EffectTemplate.ArrowBurst.III
制弓师,可随机出现,灵魂腐化者风衣,护甲,True,SW.Item.TimewornChest_Unique,SW.EffectTemplate.ArrowBurst.I；SW.EffectTemplate.ArrowBurst.II；SW.EffectTemplate.ArrowBurst.III
制弓师,可随机出现,灵魂腐化者腰带,护甲,True,SW.Item.TimewornLeggings_Unique,SW.EffectTemplate.ArrowBurst.I；SW.EffectTemplate.ArrowBurst.II；SW.EffectTemplate.ArrowBurst.III
制弓师,可随机出现,灵魂腐化者凉鞋,护甲,True,SW.Item.TimewornBoots_Unique,SW.EffectTemplate.ArrowBurst.I；SW.EffectTemplate.ArrowBurst.II；SW.EffectTemplate.ArrowBurst.III
击退,装备固有,无畏角盔,护甲,True,SW.Item.UndauntedHelmet_Unique,SW.EffectTemplate.Knockback.Unique
击退,可随机出现,战锤,近战武器,False,SW.Item.WarHammer,SW.EffectTemplate.Knockback.I；SW.EffectTemplate.Knockback.II；SW.EffectTemplate.Knockback.III
击退,可随机出现,长矛,近战武器,False,SW.Item.Pike,SW.EffectTemplate.Knockback.I；SW.EffectTemplate.Knockback.II；SW.EffectTemplate.Knockback.III
击退,可随机出现,剑,近战武器,False,SW.Item.Sword,SW.EffectTemplate.Knockback.I；SW.EffectTemplate.Knockback.II；SW.EffectTemplate.Knockback.III
击退,可随机出现,护手,近战武器,False,SW.Item.Gauntlet,SW.EffectTemplate.Knockback.I；SW.EffectTemplate.Knockback.II；SW.EffectTemplate.Knockback.III
击退,可随机出现,双匕首,近战武器,False,SW.Item.Daggers,SW.EffectTemplate.Knockback.I；SW.EffectTemplate.Knockback.II；SW.EffectTemplate.Knockback.III
击退,可随机出现,斧头,近战武器,False,SW.Item.Axe,SW.EffectTemplate.Knockback.I；SW.EffectTemplate.Knockback.II；SW.EffectTemplate.Knockback.III
击退,可随机出现,短矛,近战武器,False,SW.Item.ShortSpear,SW.EffectTemplate.Knockback.I；SW.EffectTemplate.Knockback.II；SW.EffectTemplate.Knockback.III
击退,可随机出现,镐,近战武器,False,SW.Item.Pickaxe,SW.EffectTemplate.Knockback.I；SW.EffectTemplate.Knockback.II；SW.EffectTemplate.Knockback.III
击退,可随机出现,细剑,近战武器,False,SW.Item.Rapier,SW.EffectTemplate.Knockback.I；SW.EffectTemplate.Knockback.II；SW.EffectTemplate.Knockback.III
击退,可随机出现,碎心锤,近战武器,True,SW.Item.WarHammer_Unique1,SW.EffectTemplate.Knockback.I；SW.EffectTemplate.Knockback.II；SW.EffectTemplate.Knockback.III
击退,可随机出现,风暴召唤者,近战武器,True,SW.Item.Pike_Unique1,SW.EffectTemplate.Knockback.I；SW.EffectTemplate.Knockback.II；SW.EffectTemplate.Knockback.III
击退,可随机出现,烈焰之刃,近战武器,True,SW.Item.Sword_Unique1,SW.EffectTemplate.Knockback.I；SW.EffectTemplate.Knockback.II；SW.EffectTemplate.Knockback.III
击退,可随机出现,首席附魔师护手,近战武器,True,SW.Item.Gauntlet_Unique1,SW.EffectTemplate.Knockback.I；SW.EffectTemplate.Knockback.II；SW.EffectTemplate.Knockback.III
击退,可随机出现,毒牙,近战武器,True,SW.Item.Daggers_Unique1,SW.EffectTemplate.Knockback.I；SW.EffectTemplate.Knockback.II；SW.EffectTemplate.Knockback.III
击退,可随机出现,猎人手斧,近战武器,True,SW.Item.Axe_Unique1,SW.EffectTemplate.Knockback.I；SW.EffectTemplate.Knockback.II；SW.EffectTemplate.Knockback.III
击退,可随机出现,幽魂长矛,近战武器,True,SW.Item.ShortSpear_Unique1,SW.EffectTemplate.Knockback.I；SW.EffectTemplate.Knockback.II；SW.EffectTemplate.Knockback.III
击退,可随机出现,红石破坏者,近战武器,True,SW.Item.GiantClub_Unique1,SW.EffectTemplate.Knockback.I；SW.EffectTemplate.Knockback.II；SW.EffectTemplate.Knockback.III
击退,可随机出现,探勘者之镐,近战武器,True,SW.Item.Pickaxe_Unique1,SW.EffectTemplate.Knockback.I；SW.EffectTemplate.Knockback.II；SW.EffectTemplate.Knockback.III
击退,可随机出现,千刃,近战武器,True,SW.Item.Rapier_Unique1,SW.EffectTemplate.Knockback.I；SW.EffectTemplate.Knockback.II；SW.EffectTemplate.Knockback.III
击退,可随机出现,大剑,近战武器,False,SW.Item.Claymore,SW.EffectTemplate.Knockback.I；SW.EffectTemplate.Knockback.II；SW.EffectTemplate.Knockback.III
击退,可随机出现,巨剑,近战武器,False,SW.Item.Greatsword,SW.EffectTemplate.Knockback.I；SW.EffectTemplate.Knockback.II；SW.EffectTemplate.Knockback.III
击退,可随机出现,狼爪,近战武器,False,SW.Item.Claws,SW.EffectTemplate.Knockback.I；SW.EffectTemplate.Knockback.II；SW.EffectTemplate.Knockback.III
击退,可随机出现,长柄刀,近战武器,False,SW.Item.Glaive,SW.EffectTemplate.Knockback.I；SW.EffectTemplate.Knockback.II；SW.EffectTemplate.Knockback.III
击退,可随机出现,战斗权杖,近战武器,False,SW.Item.Battlestaff,SW.EffectTemplate.Knockback.I；SW.EffectTemplate.Knockback.II；SW.EffectTemplate.Knockback.III
击退,可随机出现,剁肉刀,近战武器,False,SW.Item.Cleaver,SW.EffectTemplate.Knockback.I；SW.EffectTemplate.Knockback.II；SW.EffectTemplate.Knockback.III
击退,可随机出现,双镰,近战武器,False,SW.Item.Sickles,SW.EffectTemplate.Knockback.I；SW.EffectTemplate.Knockback.II；SW.EffectTemplate.Knockback.III
击退,可随机出现,镰刀,近战武器,False,SW.Item.Scythe,SW.EffectTemplate.Knockback.I；SW.EffectTemplate.Knockback.II；SW.EffectTemplate.Knockback.III
击退,可随机出现,重击者,近战武器,False,SW.Item.GiantClub,SW.EffectTemplate.Knockback.I；SW.EffectTemplate.Knockback.II；SW.EffectTemplate.Knockback.III
击退,可随机出现,定型刀,近战武器,False,SW.Item.CurvedGreatsword,SW.EffectTemplate.Knockback.I；SW.EffectTemplate.Knockback.II；SW.EffectTemplate.Knockback.III
击退,可随机出现,打怪木槌,近战武器,False,SW.Item.GiantMallet,SW.EffectTemplate.Knockback.I；SW.EffectTemplate.Knockback.II；SW.EffectTemplate.Knockback.III
击退,可随机出现,长剑,近战武器,False,SW.Item.StraightSword,SW.EffectTemplate.Knockback.I；SW.EffectTemplate.Knockback.II；SW.EffectTemplate.Knockback.III
击退,可随机出现,裂隙撕裂者,近战武器,False,SW.Item.CurvedLongsword,SW.EffectTemplate.Knockback.I；SW.EffectTemplate.Knockback.II；SW.EffectTemplate.Knockback.III
击退,可随机出现,铁锹,近战武器,False,SW.Item.Shovel,SW.EffectTemplate.Knockback.I；SW.EffectTemplate.Knockback.II；SW.EffectTemplate.Knockback.III
击退,可随机出现,重锤,近战武器,False,SW.Item.Mace,SW.EffectTemplate.Knockback.I；SW.EffectTemplate.Knockback.II；SW.EffectTemplate.Knockback.III
击退,可随机出现,暮光匕首,近战武器,False,SW.Item.Dagger,SW.EffectTemplate.Knockback.I；SW.EffectTemplate.Knockback.II；SW.EffectTemplate.Knockback.III
击退,可随机出现,军刀,近战武器,False,SW.Item.Sabre,SW.EffectTemplate.Knockback.I；SW.EffectTemplate.Knockback.II；SW.EffectTemplate.Knockback.III
击退,可随机出现,战斗锤,近战武器,False,SW.Item.Hammer,SW.EffectTemplate.Knockback.I；SW.EffectTemplate.Knockback.II；SW.EffectTemplate.Knockback.III
击退,可随机出现,潮汐镰刀,近战武器,False,SW.Item.MoonSword,SW.EffectTemplate.Knockback.I；SW.EffectTemplate.Knockback.II；SW.EffectTemplate.Knockback.III
击退,可随机出现,巨斧,近战武器,False,SW.Item.GreatAxe,SW.EffectTemplate.Knockback.I；SW.EffectTemplate.Knockback.II；SW.EffectTemplate.Knockback.III
击退,可随机出现,斩杀大剑,近战武器,True,SW.Item.Claymore_Unique1,SW.EffectTemplate.Knockback.I；SW.EffectTemplate.Knockback.II；SW.EffectTemplate.Knockback.III
击退,可随机出现,暗晶剑,近战武器,True,SW.Item.Greatsword_Unique1,SW.EffectTemplate.Knockback.I；SW.EffectTemplate.Knockback.II；SW.EffectTemplate.Knockback.III
击退,可随机出现,幽匿者之爪,近战武器,True,SW.Item.Claws_Unique1,SW.EffectTemplate.Knockback.I；SW.EffectTemplate.Knockback.II；SW.EffectTemplate.Knockback.III
击退,可随机出现,黄金长柄刀,近战武器,True,SW.Item.Glaive_Unique1,SW.EffectTemplate.Knockback.I；SW.EffectTemplate.Knockback.II；SW.EffectTemplate.Knockback.III
击退,可随机出现,元素权杖,近战武器,True,SW.Item.Battlestaff_Unique1,SW.EffectTemplate.Knockback.I；SW.EffectTemplate.Knockback.II；SW.EffectTemplate.Knockback.III
击退,可随机出现,剁魂刀,近战武器,True,SW.Item.Cleaver_Unique1,SW.EffectTemplate.Knockback.I；SW.EffectTemplate.Knockback.II；SW.EffectTemplate.Knockback.III
击退,可随机出现,汐浮镰刀,近战武器,True,SW.Item.Sickles_Unique1,SW.EffectTemplate.Knockback.I；SW.EffectTemplate.Knockback.II；SW.EffectTemplate.Knockback.III
击退,可随机出现,摄魂者,近战武器,True,SW.Item.Scythe_Unique1,SW.EffectTemplate.Knockback.I；SW.EffectTemplate.Knockback.II；SW.EffectTemplate.Knockback.III
击退,可随机出现,安眠之刃,近战武器,True,SW.Item.CurvedGreatsword_Unique1,SW.EffectTemplate.Knockback.I；SW.EffectTemplate.Knockback.II；SW.EffectTemplate.Knockback.III
击退,可随机出现,怪物粉碎者,近战武器,True,SW.Item.GiantMallet_Unique1,SW.EffectTemplate.Knockback.I；SW.EffectTemplate.Knockback.II；SW.EffectTemplate.Knockback.III
击退,可随机出现,霜冻剑,近战武器,True,SW.Item.StraightSword_Unique1,SW.EffectTemplate.Knockback.I；SW.EffectTemplate.Knockback.II；SW.EffectTemplate.Knockback.III
击退,可随机出现,平原之傲,近战武器,True,SW.Item.CurvedLongsword_Unique1,SW.EffectTemplate.Knockback.I；SW.EffectTemplate.Knockback.II；SW.EffectTemplate.Knockback.III
击退,可随机出现,钻石锹,近战武器,True,SW.Item.Shovel_Unique1,SW.EffectTemplate.Knockback.I；SW.EffectTemplate.Knockback.II；SW.EffectTemplate.Knockback.III
击退,可随机出现,甲壳重锤,近战武器,True,SW.Item.Mace_Unique1,SW.EffectTemplate.Knockback.I；SW.EffectTemplate.Knockback.II；SW.EffectTemplate.Knockback.III
击退,可随机出现,幽匿者克星,近战武器,True,SW.Item.Dagger_Unique1,SW.EffectTemplate.Knockback.I；SW.EffectTemplate.Knockback.II；SW.EffectTemplate.Knockback.III
击退,可随机出现,调皮鬼军刀,近战武器,True,SW.Item.Sabre_Unique1,SW.EffectTemplate.Knockback.I；SW.EffectTemplate.Knockback.II；SW.EffectTemplate.Knockback.III
击退,可随机出现,绿宝石锤,近战武器,True,SW.Item.Hammer_Unique1,SW.EffectTemplate.Knockback.I；SW.EffectTemplate.Knockback.II；SW.EffectTemplate.Knockback.III
击退,可随机出现,弯月镰刀,近战武器,True,SW.Item.MoonSword_Unique1,SW.EffectTemplate.Knockback.I；SW.EffectTemplate.Knockback.II；SW.EffectTemplate.Knockback.III
击退,可随机出现,神威巨斧,近战武器,True,SW.Item.GreatAxe_Unique1,SW.EffectTemplate.Knockback.I；SW.EffectTemplate.Knockback.II；SW.EffectTemplate.Knockback.III
击退,可随机出现,弓,远程武器,False,SW.Item.Bow,SW.EffectTemplate.Knockback.I；SW.EffectTemplate.Knockback.II；SW.EffectTemplate.Knockback.III
击退,可随机出现,弩,远程武器,False,SW.Item.Crossbow,SW.EffectTemplate.Knockback.I；SW.EffectTemplate.Knockback.II；SW.EffectTemplate.Knockback.III
击退,可随机出现,短弓,远程武器,False,SW.Item.Shortbow,SW.EffectTemplate.Knockback.I；SW.EffectTemplate.Knockback.II；SW.EffectTemplate.Knockback.III
击退,可随机出现,特技弓,远程武器,False,SW.Item.Trickbow,SW.EffectTemplate.Knockback.I；SW.EffectTemplate.Knockback.II；SW.EffectTemplate.Knockback.III
击退,可随机出现,长弓,远程武器,False,SW.Item.Longbow,SW.EffectTemplate.Knockback.I；SW.EffectTemplate.Knockback.II；SW.EffectTemplate.Knockback.III
击退,可随机出现,强弓,远程武器,False,SW.Item.Powerbow,SW.EffectTemplate.Knockback.I；SW.EffectTemplate.Knockback.II；SW.EffectTemplate.Knockback.III
击退,可随机出现,散射弩,远程武器,False,SW.Item.ScatterCrossbow,SW.EffectTemplate.Knockback.I；SW.EffectTemplate.Knockback.II；SW.EffectTemplate.Knockback.III
击退,可随机出现,重弩,远程武器,False,SW.Item.HeavyCrossbow,SW.EffectTemplate.Knockback.I；SW.EffectTemplate.Knockback.II；SW.EffectTemplate.Knockback.III
击退,可随机出现,双持弩,远程武器,False,SW.Item.DualCrossbow,SW.EffectTemplate.Knockback.I；SW.EffectTemplate.Knockback.II；SW.EffectTemplate.Knockback.III
击退,可随机出现,快弩,远程武器,False,SW.Item.RapidCrossbow,SW.EffectTemplate.Knockback.I；SW.EffectTemplate.Knockback.II；SW.EffectTemplate.Knockback.III
击退,可随机出现,游侠之誓,远程武器,True,SW.Item.Bow_Unique1,SW.EffectTemplate.Knockback.I；SW.EffectTemplate.Knockback.II；SW.EffectTemplate.Knockback.III
击退,可随机出现,定身弩,远程武器,True,SW.Item.Crossbow_Unique1,SW.EffectTemplate.Knockback.I；SW.EffectTemplate.Knockback.II；SW.EffectTemplate.Knockback.III
击退,可随机出现,流星弓,远程武器,True,SW.Item.Shortbow_Unique1,SW.EffectTemplate.Knockback.I；SW.EffectTemplate.Knockback.II；SW.EffectTemplate.Knockback.III
击退,可随机出现,幻翼弓,远程武器,True,SW.Item.Trickbow_Unique1,SW.EffectTemplate.Knockback.I；SW.EffectTemplate.Knockback.II；SW.EffectTemplate.Knockback.III
击退,可随机出现,嘎枝之触,远程武器,True,SW.Item.Longbow_Unique1,SW.EffectTemplate.Knockback.I；SW.EffectTemplate.Knockback.II；SW.EffectTemplate.Knockback.III
击退,可随机出现,典范弓,远程武器,True,SW.Item.Powerbow_Unique1,SW.EffectTemplate.Knockback.I；SW.EffectTemplate.Knockback.II；SW.EffectTemplate.Knockback.III
击退,可随机出现,竖琴弩,远程武器,True,SW.Item.ScatterCrossbow_Unique1,SW.EffectTemplate.Knockback.I；SW.EffectTemplate.Knockback.II；SW.EffectTemplate.Knockback.III
击退,可随机出现,近战游侠弩,远程武器,True,SW.Item.HeavyCrossbow_Unique1,SW.EffectTemplate.Knockback.I；SW.EffectTemplate.Knockback.II；SW.EffectTemplate.Knockback.III
击退,可随机出现,授粉快弩,远程武器,True,SW.Item.RapidCrossbow_Unique1,SW.EffectTemplate.Knockback.I；SW.EffectTemplate.Knockback.II；SW.EffectTemplate.Knockback.III
击退,可随机出现,巨弓,远程武器,False,SW.Item.Greatbow,SW.EffectTemplate.Knockback.I；SW.EffectTemplate.Knockback.II；SW.EffectTemplate.Knockback.III
击退,可随机出现,背叛者双弩,远程武器,True,SW.Item.DualCrossbow_Unique1,SW.EffectTemplate.Knockback.I；SW.EffectTemplate.Knockback.II；SW.EffectTemplate.Knockback.III
击退,可随机出现,轰鸣虫心弦,远程武器,True,SW.Item.Greatbow_Unique1,SW.EffectTemplate.Knockback.I；SW.EffectTemplate.Knockback.II；SW.EffectTemplate.Knockback.III
牧羊人,装备固有,木精灵王冠,护甲,True,SW.Item.HewnBarkHelmet_Unique,SW.EffectTemplate.Friendship.Unique
牧羊人,装备固有,毒蝇伞雨鞋,护甲,True,SW.Item.MushroomBoots_Unique,SW.EffectTemplate.Friendship.Unique
牧羊人,可随机出现,狼群之靴,护甲,False,SW.Item.WolfclutchBoots,SW.EffectTemplate.Friendship.I；SW.EffectTemplate.Friendship.II；SW.EffectTemplate.Friendship.III
牧羊人,可随机出现,狼群夹克,护甲,False,SW.Item.WolfclutchChest,SW.EffectTemplate.Friendship.I；SW.EffectTemplate.Friendship.II；SW.EffectTemplate.Friendship.III
牧羊人,可随机出现,狼群兜帽,护甲,False,SW.Item.WolfclutchHelmet,SW.EffectTemplate.Friendship.I；SW.EffectTemplate.Friendship.II；SW.EffectTemplate.Friendship.III
牧羊人,可随机出现,狼群护腿,护甲,False,SW.Item.WolfclutchLeggings,SW.EffectTemplate.Friendship.I；SW.EffectTemplate.Friendship.II；SW.EffectTemplate.Friendship.III
牧羊人,可随机出现,头狼之爪,护甲,True,SW.Item.WolfclutchBoots_Unique,SW.EffectTemplate.Friendship.I；SW.EffectTemplate.Friendship.II；SW.EffectTemplate.Friendship.III
牧羊人,可随机出现,头狼兽皮,护甲,True,SW.Item.WolfclutchChest_Unique,SW.EffectTemplate.Friendship.I；SW.EffectTemplate.Friendship.II；SW.EffectTemplate.Friendship.III
牧羊人,可随机出现,头狼口套,护甲,True,SW.Item.WolfclutchHelmet_Unique,SW.EffectTemplate.Friendship.I；SW.EffectTemplate.Friendship.II；SW.EffectTemplate.Friendship.III
牧羊人,可随机出现,头狼毛皮套裤,护甲,True,SW.Item.WolfclutchLeggings_Unique,SW.EffectTemplate.Friendship.I；SW.EffectTemplate.Friendship.II；SW.EffectTemplate.Friendship.III
牧羊人,可随机出现,护林者面具,护甲,False,SW.Item.HewnBarkHelmet,SW.EffectTemplate.Friendship.I；SW.EffectTemplate.Friendship.II；SW.EffectTemplate.Friendship.III
牧羊人,可随机出现,护林者胸甲,护甲,False,SW.Item.HewnBarkChest,SW.EffectTemplate.Friendship.I；SW.EffectTemplate.Friendship.II；SW.EffectTemplate.Friendship.III
牧羊人,可随机出现,护林者护腿,护甲,False,SW.Item.HewnBarkLeggings,SW.EffectTemplate.Friendship.I；SW.EffectTemplate.Friendship.II；SW.EffectTemplate.Friendship.III
牧羊人,可随机出现,护林者木屐,护甲,False,SW.Item.HewnBarkBoots,SW.EffectTemplate.Friendship.I；SW.EffectTemplate.Friendship.II；SW.EffectTemplate.Friendship.III
牧羊人,可随机出现,木精灵树皮甲,护甲,True,SW.Item.HewnBarkChest_Unique,SW.EffectTemplate.Friendship.I；SW.EffectTemplate.Friendship.II；SW.EffectTemplate.Friendship.III
牧羊人,可随机出现,木精灵树干护腿,护甲,True,SW.Item.HewnBarkLeggings_Unique,SW.EffectTemplate.Friendship.I；SW.EffectTemplate.Friendship.II；SW.EffectTemplate.Friendship.III
牧羊人,可随机出现,木精灵根须靴,护甲,True,SW.Item.HewnBarkBoots_Unique,SW.EffectTemplate.Friendship.I；SW.EffectTemplate.Friendship.II；SW.EffectTemplate.Friendship.III
牧羊人,可随机出现,轰鸣号角,法器,False,SW.Item.Artifact.RallyingHorn,SW.EffectTemplate.Friendship.I；SW.EffectTemplate.Friendship.II；SW.EffectTemplate.Friendship.III
牧羊人,可随机出现,回复图腾,法器,False,SW.Item.Artifact.TotemOfRegeneration,SW.EffectTemplate.Friendship.I；SW.EffectTemplate.Friendship.II；SW.EffectTemplate.Friendship.III
牧羊人,可随机出现,战士长笛,法器,False,SW.Item.Artifact.FightersFife,SW.EffectTemplate.Friendship.I；SW.EffectTemplate.Friendship.II；SW.EffectTemplate.Friendship.III
牧羊人,可随机出现,战旗,法器,False,SW.Item.Artifact.WarBanner,SW.EffectTemplate.Friendship.I；SW.EffectTemplate.Friendship.II；SW.EffectTemplate.Friendship.III
牧羊人,可随机出现,蜂蜜蘸棒,法器,False,SW.Item.Artifact.Honeypot,SW.EffectTemplate.Friendship.I；SW.EffectTemplate.Friendship.II；SW.EffectTemplate.Friendship.III
兽医,装备固有,头狼毛皮套裤,护甲,True,SW.Item.WolfclutchLeggings_Unique,SW.EffectTemplate.FriendsForever.Unique
兽医,可随机出现,狼群之靴,护甲,False,SW.Item.WolfclutchBoots,SW.EffectTemplate.FriendsForever.I；SW.EffectTemplate.FriendsForever.II；SW.EffectTemplate.FriendsForever.III
兽医,可随机出现,狼群夹克,护甲,False,SW.Item.WolfclutchChest,SW.EffectTemplate.FriendsForever.I；SW.EffectTemplate.FriendsForever.II；SW.EffectTemplate.FriendsForever.III
兽医,可随机出现,狼群兜帽,护甲,False,SW.Item.WolfclutchHelmet,SW.EffectTemplate.FriendsForever.I；SW.EffectTemplate.FriendsForever.II；SW.EffectTemplate.FriendsForever.III
兽医,可随机出现,狼群护腿,护甲,False,SW.Item.WolfclutchLeggings,SW.EffectTemplate.FriendsForever.I；SW.EffectTemplate.FriendsForever.II；SW.EffectTemplate.FriendsForever.III
兽医,可随机出现,头狼之爪,护甲,True,SW.Item.WolfclutchBoots_Unique,SW.EffectTemplate.FriendsForever.I；SW.EffectTemplate.FriendsForever.II；SW.EffectTemplate.FriendsForever.III
兽医,可随机出现,头狼兽皮,护甲,True,SW.Item.WolfclutchChest_Unique,SW.EffectTemplate.FriendsForever.I；SW.EffectTemplate.FriendsForever.II；SW.EffectTemplate.FriendsForever.III
兽医,可随机出现,头狼口套,护甲,True,SW.Item.WolfclutchHelmet_Unique,SW.EffectTemplate.FriendsForever.I；SW.EffectTemplate.FriendsForever.II；SW.EffectTemplate.FriendsForever.III
兽医,可随机出现,护林者面具,护甲,False,SW.Item.HewnBarkHelmet,SW.EffectTemplate.FriendsForever.I；SW.EffectTemplate.FriendsForever.II；SW.EffectTemplate.FriendsForever.III
兽医,可随机出现,护林者胸甲,护甲,False,SW.Item.HewnBarkChest,SW.EffectTemplate.FriendsForever.I；SW.EffectTemplate.FriendsForever.II；SW.EffectTemplate.FriendsForever.III
兽医,可随机出现,护林者护腿,护甲,False,SW.Item.HewnBarkLeggings,SW.EffectTemplate.FriendsForever.I；SW.EffectTemplate.FriendsForever.II；SW.EffectTemplate.FriendsForever.III
兽医,可随机出现,护林者木屐,护甲,False,SW.Item.HewnBarkBoots,SW.EffectTemplate.FriendsForever.I；SW.EffectTemplate.FriendsForever.II；SW.EffectTemplate.FriendsForever.III
兽医,可随机出现,木精灵王冠,护甲,True,SW.Item.HewnBarkHelmet_Unique,SW.EffectTemplate.FriendsForever.I；SW.EffectTemplate.FriendsForever.II；SW.EffectTemplate.FriendsForever.III
兽医,可随机出现,木精灵树皮甲,护甲,True,SW.Item.HewnBarkChest_Unique,SW.EffectTemplate.FriendsForever.I；SW.EffectTemplate.FriendsForever.II；SW.EffectTemplate.FriendsForever.III
兽医,可随机出现,木精灵树干护腿,护甲,True,SW.Item.HewnBarkLeggings_Unique,SW.EffectTemplate.FriendsForever.I；SW.EffectTemplate.FriendsForever.II；SW.EffectTemplate.FriendsForever.III
兽医,可随机出现,木精灵根须靴,护甲,True,SW.Item.HewnBarkBoots_Unique,SW.EffectTemplate.FriendsForever.I；SW.EffectTemplate.FriendsForever.II；SW.EffectTemplate.FriendsForever.III
兽医,可随机出现,轰鸣号角,法器,False,SW.Item.Artifact.RallyingHorn,SW.EffectTemplate.FriendsForever.I；SW.EffectTemplate.FriendsForever.II；SW.EffectTemplate.FriendsForever.III
兽医,可随机出现,回复图腾,法器,False,SW.Item.Artifact.TotemOfRegeneration,SW.EffectTemplate.FriendsForever.I；SW.EffectTemplate.FriendsForever.II；SW.EffectTemplate.FriendsForever.III
兽医,可随机出现,战士长笛,法器,False,SW.Item.Artifact.FightersFife,SW.EffectTemplate.FriendsForever.I；SW.EffectTemplate.FriendsForever.II；SW.EffectTemplate.FriendsForever.III
兽医,可随机出现,战旗,法器,False,SW.Item.Artifact.WarBanner,SW.EffectTemplate.FriendsForever.I；SW.EffectTemplate.FriendsForever.II；SW.EffectTemplate.FriendsForever.III
兽医,可随机出现,蜂蜜蘸棒,法器,False,SW.Item.Artifact.Honeypot,SW.EffectTemplate.FriendsForever.I；SW.EffectTemplate.FriendsForever.II；SW.EffectTemplate.FriendsForever.III
赏金猎人,装备固有,贤者束衣,护甲,True,SW.Item.DiscipleChest_Unique,SW.EffectTemplate.Committed.Unique
赏金猎人,可随机出现,剑,近战武器,False,SW.Item.Sword,SW.EffectTemplate.Committed.I；SW.EffectTemplate.Committed.II；SW.EffectTemplate.Committed.III
赏金猎人,可随机出现,护手,近战武器,False,SW.Item.Gauntlet,SW.EffectTemplate.Committed.I；SW.EffectTemplate.Committed.II；SW.EffectTemplate.Committed.III
赏金猎人,可随机出现,细剑,近战武器,False,SW.Item.Rapier,SW.EffectTemplate.Committed.I；SW.EffectTemplate.Committed.II；SW.EffectTemplate.Committed.III
赏金猎人,可随机出现,烈焰之刃,近战武器,True,SW.Item.Sword_Unique1,SW.EffectTemplate.Committed.I；SW.EffectTemplate.Committed.II；SW.EffectTemplate.Committed.III
赏金猎人,可随机出现,首席附魔师护手,近战武器,True,SW.Item.Gauntlet_Unique1,SW.EffectTemplate.Committed.I；SW.EffectTemplate.Committed.II；SW.EffectTemplate.Committed.III
赏金猎人,可随机出现,毒牙,近战武器,True,SW.Item.Daggers_Unique1,SW.EffectTemplate.Committed.I；SW.EffectTemplate.Committed.II；SW.EffectTemplate.Committed.III
赏金猎人,可随机出现,千刃,近战武器,True,SW.Item.Rapier_Unique1,SW.EffectTemplate.Committed.I；SW.EffectTemplate.Committed.II；SW.EffectTemplate.Committed.III
赏金猎人,可随机出现,大剑,近战武器,False,SW.Item.Claymore,SW.EffectTemplate.Committed.I；SW.EffectTemplate.Committed.II；SW.EffectTemplate.Committed.III
赏金猎人,可随机出现,巨剑,近战武器,False,SW.Item.Greatsword,SW.EffectTemplate.Committed.I；SW.EffectTemplate.Committed.II；SW.EffectTemplate.Committed.III
赏金猎人,可随机出现,狼爪,近战武器,False,SW.Item.Claws,SW.EffectTemplate.Committed.I；SW.EffectTemplate.Committed.II；SW.EffectTemplate.Committed.III
赏金猎人,可随机出现,双镰,近战武器,False,SW.Item.Sickles,SW.EffectTemplate.Committed.I；SW.EffectTemplate.Committed.II；SW.EffectTemplate.Committed.III
赏金猎人,可随机出现,定型刀,近战武器,False,SW.Item.CurvedGreatsword,SW.EffectTemplate.Committed.I；SW.EffectTemplate.Committed.II；SW.EffectTemplate.Committed.III
赏金猎人,可随机出现,裂隙撕裂者,近战武器,False,SW.Item.CurvedLongsword,SW.EffectTemplate.Committed.I；SW.EffectTemplate.Committed.II；SW.EffectTemplate.Committed.III
赏金猎人,可随机出现,军刀,近战武器,False,SW.Item.Sabre,SW.EffectTemplate.Committed.I；SW.EffectTemplate.Committed.II；SW.EffectTemplate.Committed.III
赏金猎人,可随机出现,巨斧,近战武器,False,SW.Item.GreatAxe,SW.EffectTemplate.Committed.I；SW.EffectTemplate.Committed.II；SW.EffectTemplate.Committed.III
赏金猎人,可随机出现,斩杀大剑,近战武器,True,SW.Item.Claymore_Unique1,SW.EffectTemplate.Committed.I；SW.EffectTemplate.Committed.II；SW.EffectTemplate.Committed.III
赏金猎人,可随机出现,暗晶剑,近战武器,True,SW.Item.Greatsword_Unique1,SW.EffectTemplate.Committed.I；SW.EffectTemplate.Committed.II；SW.EffectTemplate.Committed.III
赏金猎人,可随机出现,幽匿者之爪,近战武器,True,SW.Item.Claws_Unique1,SW.EffectTemplate.Committed.I；SW.EffectTemplate.Committed.II；SW.EffectTemplate.Committed.III
赏金猎人,可随机出现,汐浮镰刀,近战武器,True,SW.Item.Sickles_Unique1,SW.EffectTemplate.Committed.I；SW.EffectTemplate.Committed.II；SW.EffectTemplate.Committed.III
赏金猎人,可随机出现,平原之傲,近战武器,True,SW.Item.CurvedLongsword_Unique1,SW.EffectTemplate.Committed.I；SW.EffectTemplate.Committed.II；SW.EffectTemplate.Committed.III
赏金猎人,可随机出现,幽匿者克星,近战武器,True,SW.Item.Dagger_Unique1,SW.EffectTemplate.Committed.I；SW.EffectTemplate.Committed.II；SW.EffectTemplate.Committed.III
赏金猎人,可随机出现,调皮鬼军刀,近战武器,True,SW.Item.Sabre_Unique1,SW.EffectTemplate.Committed.I；SW.EffectTemplate.Committed.II；SW.EffectTemplate.Committed.III
赏金猎人,可随机出现,神威巨斧,近战武器,True,SW.Item.GreatAxe_Unique1,SW.EffectTemplate.Committed.I；SW.EffectTemplate.Committed.II；SW.EffectTemplate.Committed.III
赏金猎人,可随机出现,弩,远程武器,False,SW.Item.Crossbow,SW.EffectTemplate.Committed.I；SW.EffectTemplate.Committed.II；SW.EffectTemplate.Committed.III
赏金猎人,可随机出现,短弓,远程武器,False,SW.Item.Shortbow,SW.EffectTemplate.Committed.I；SW.EffectTemplate.Committed.II；SW.EffectTemplate.Committed.III
赏金猎人,可随机出现,特技弓,远程武器,False,SW.Item.Trickbow,SW.EffectTemplate.Committed.I；SW.EffectTemplate.Committed.II；SW.EffectTemplate.Committed.III
赏金猎人,可随机出现,强弓,远程武器,False,SW.Item.Powerbow,SW.EffectTemplate.Committed.I；SW.EffectTemplate.Committed.II；SW.EffectTemplate.Committed.III
赏金猎人,可随机出现,重弩,远程武器,False,SW.Item.HeavyCrossbow,SW.EffectTemplate.Committed.I；SW.EffectTemplate.Committed.II；SW.EffectTemplate.Committed.III
赏金猎人,可随机出现,双持弩,远程武器,False,SW.Item.DualCrossbow,SW.EffectTemplate.Committed.I；SW.EffectTemplate.Committed.II；SW.EffectTemplate.Committed.III
赏金猎人,可随机出现,快弩,远程武器,False,SW.Item.RapidCrossbow,SW.EffectTemplate.Committed.I；SW.EffectTemplate.Committed.II；SW.EffectTemplate.Committed.III
赏金猎人,可随机出现,定身弩,远程武器,True,SW.Item.Crossbow_Unique1,SW.EffectTemplate.Committed.I；SW.EffectTemplate.Committed.II；SW.EffectTemplate.Committed.III
赏金猎人,可随机出现,流星弓,远程武器,True,SW.Item.Shortbow_Unique1,SW.EffectTemplate.Committed.I；SW.EffectTemplate.Committed.II；SW.EffectTemplate.Committed.III
赏金猎人,可随机出现,幻翼弓,远程武器,True,SW.Item.Trickbow_Unique1,SW.EffectTemplate.Committed.I；SW.EffectTemplate.Committed.II；SW.EffectTemplate.Committed.III
赏金猎人,可随机出现,典范弓,远程武器,True,SW.Item.Powerbow_Unique1,SW.EffectTemplate.Committed.I；SW.EffectTemplate.Committed.II；SW.EffectTemplate.Committed.III
赏金猎人,可随机出现,近战游侠弩,远程武器,True,SW.Item.HeavyCrossbow_Unique1,SW.EffectTemplate.Committed.I；SW.EffectTemplate.Committed.II；SW.EffectTemplate.Committed.III
赏金猎人,可随机出现,授粉快弩,远程武器,True,SW.Item.RapidCrossbow_Unique1,SW.EffectTemplate.Committed.I；SW.EffectTemplate.Committed.II；SW.EffectTemplate.Committed.III
赏金猎人,可随机出现,巨弓,远程武器,False,SW.Item.Greatbow,SW.EffectTemplate.Committed.I；SW.EffectTemplate.Committed.II；SW.EffectTemplate.Committed.III
赏金猎人,可随机出现,背叛者双弩,远程武器,True,SW.Item.DualCrossbow_Unique1,SW.EffectTemplate.Committed.I；SW.EffectTemplate.Committed.II；SW.EffectTemplate.Committed.III
赏金猎人,可随机出现,轰鸣虫心弦,远程武器,True,SW.Item.Greatbow_Unique1,SW.EffectTemplate.Committed.I；SW.EffectTemplate.Committed.II；SW.EffectTemplate.Committed.III
先锋,装备固有,黄金长柄刀,近战武器,True,SW.Item.Glaive_Unique1,SW.EffectTemplate.Vanguard.Unique
先锋,装备固有,无畏胫甲,护甲,True,SW.Item.UndauntedLeggings_Unique,SW.EffectTemplate.Vanguard.Unique
先锋,可随机出现,剑,近战武器,False,SW.Item.Sword,SW.EffectTemplate.Vanguard.I；SW.EffectTemplate.Vanguard.II；SW.EffectTemplate.Vanguard.III
先锋,可随机出现,护手,近战武器,False,SW.Item.Gauntlet,SW.EffectTemplate.Vanguard.I；SW.EffectTemplate.Vanguard.II；SW.EffectTemplate.Vanguard.III
先锋,可随机出现,烈焰之刃,近战武器,True,SW.Item.Sword_Unique1,SW.EffectTemplate.Vanguard.I；SW.EffectTemplate.Vanguard.II；SW.EffectTemplate.Vanguard.III
先锋,可随机出现,首席附魔师护手,近战武器,True,SW.Item.Gauntlet_Unique1,SW.EffectTemplate.Vanguard.I；SW.EffectTemplate.Vanguard.II；SW.EffectTemplate.Vanguard.III
先锋,可随机出现,大剑,近战武器,False,SW.Item.Claymore,SW.EffectTemplate.Vanguard.I；SW.EffectTemplate.Vanguard.II；SW.EffectTemplate.Vanguard.III
先锋,可随机出现,巨剑,近战武器,False,SW.Item.Greatsword,SW.EffectTemplate.Vanguard.I；SW.EffectTemplate.Vanguard.II；SW.EffectTemplate.Vanguard.III
先锋,可随机出现,定型刀,近战武器,False,SW.Item.CurvedGreatsword,SW.EffectTemplate.Vanguard.I；SW.EffectTemplate.Vanguard.II；SW.EffectTemplate.Vanguard.III
先锋,可随机出现,裂隙撕裂者,近战武器,False,SW.Item.CurvedLongsword,SW.EffectTemplate.Vanguard.I；SW.EffectTemplate.Vanguard.II；SW.EffectTemplate.Vanguard.III
先锋,可随机出现,军刀,近战武器,False,SW.Item.Sabre,SW.EffectTemplate.Vanguard.I；SW.EffectTemplate.Vanguard.II；SW.EffectTemplate.Vanguard.III
先锋,可随机出现,巨斧,近战武器,False,SW.Item.GreatAxe,SW.EffectTemplate.Vanguard.I；SW.EffectTemplate.Vanguard.II；SW.EffectTemplate.Vanguard.III
先锋,可随机出现,斩杀大剑,近战武器,True,SW.Item.Claymore_Unique1,SW.EffectTemplate.Vanguard.I；SW.EffectTemplate.Vanguard.II；SW.EffectTemplate.Vanguard.III
先锋,可随机出现,暗晶剑,近战武器,True,SW.Item.Greatsword_Unique1,SW.EffectTemplate.Vanguard.I；SW.EffectTemplate.Vanguard.II；SW.EffectTemplate.Vanguard.III
先锋,可随机出现,平原之傲,近战武器,True,SW.Item.CurvedLongsword_Unique1,SW.EffectTemplate.Vanguard.I；SW.EffectTemplate.Vanguard.II；SW.EffectTemplate.Vanguard.III
先锋,可随机出现,调皮鬼军刀,近战武器,True,SW.Item.Sabre_Unique1,SW.EffectTemplate.Vanguard.I；SW.EffectTemplate.Vanguard.II；SW.EffectTemplate.Vanguard.III
先锋,可随机出现,神威巨斧,近战武器,True,SW.Item.GreatAxe_Unique1,SW.EffectTemplate.Vanguard.I；SW.EffectTemplate.Vanguard.II；SW.EffectTemplate.Vanguard.III
先锋,可随机出现,弩,远程武器,False,SW.Item.Crossbow,SW.EffectTemplate.Vanguard.I；SW.EffectTemplate.Vanguard.II；SW.EffectTemplate.Vanguard.III
先锋,可随机出现,强弓,远程武器,False,SW.Item.Powerbow,SW.EffectTemplate.Vanguard.I；SW.EffectTemplate.Vanguard.II；SW.EffectTemplate.Vanguard.III
先锋,可随机出现,重弩,远程武器,False,SW.Item.HeavyCrossbow,SW.EffectTemplate.Vanguard.I；SW.EffectTemplate.Vanguard.II；SW.EffectTemplate.Vanguard.III
先锋,可随机出现,定身弩,远程武器,True,SW.Item.Crossbow_Unique1,SW.EffectTemplate.Vanguard.I；SW.EffectTemplate.Vanguard.II；SW.EffectTemplate.Vanguard.III
先锋,可随机出现,典范弓,远程武器,True,SW.Item.Powerbow_Unique1,SW.EffectTemplate.Vanguard.I；SW.EffectTemplate.Vanguard.II；SW.EffectTemplate.Vanguard.III
先锋,可随机出现,近战游侠弩,远程武器,True,SW.Item.HeavyCrossbow_Unique1,SW.EffectTemplate.Vanguard.I；SW.EffectTemplate.Vanguard.II；SW.EffectTemplate.Vanguard.III
先锋,可随机出现,巨弓,远程武器,False,SW.Item.Greatbow,SW.EffectTemplate.Vanguard.I；SW.EffectTemplate.Vanguard.II；SW.EffectTemplate.Vanguard.III
先锋,可随机出现,轰鸣虫心弦,远程武器,True,SW.Item.Greatbow_Unique1,SW.EffectTemplate.Vanguard.I；SW.EffectTemplate.Vanguard.II；SW.EffectTemplate.Vanguard.III
箭袋,装备固有,神射手马刺靴,护甲,True,SW.Item.RealmreacherBoots_Unique,SW.EffectTemplate.AmmoCapacity.Unique
箭袋,可随机出现,烟花箭,法器,False,SW.Item.Artifact.FireworkQuiver,SW.EffectTemplate.AmmoCapacity.I；SW.EffectTemplate.AmmoCapacity.II；SW.EffectTemplate.AmmoCapacity.III
箭袋,可随机出现,火焰箭袋,法器,False,SW.Item.Artifact.FlameQuiver,SW.EffectTemplate.AmmoCapacity.I；SW.EffectTemplate.AmmoCapacity.II；SW.EffectTemplate.AmmoCapacity.III
箭袋,可随机出现,剧毒箭袋,法器,False,SW.Item.Artifact.PoisonQuiver,SW.EffectTemplate.AmmoCapacity.I；SW.EffectTemplate.AmmoCapacity.II；SW.EffectTemplate.AmmoCapacity.III
箭袋,可随机出现,冰冻箭袋,法器,False,SW.Item.Artifact.FrostQuiver,SW.EffectTemplate.AmmoCapacity.I；SW.EffectTemplate.AmmoCapacity.II；SW.EffectTemplate.AmmoCapacity.III
箭袋,可随机出现,导电箭袋,法器,False,SW.Item.Artifact.LightningQuiver,SW.EffectTemplate.AmmoCapacity.I；SW.EffectTemplate.AmmoCapacity.II；SW.EffectTemplate.AmmoCapacity.III
箭袋,护符成长,深色橡树枝,护符,False,SW.Item.Talisman.AmmoCapacity,SW.EffectTemplate.AmmoCapacity.I；SW.EffectTemplate.AmmoCapacity.II；SW.EffectTemplate.AmmoCapacity.III
跳跃者,护符成长,豹猫之爪,护符,False,SW.Item.Talisman.Plummeting,SW.EffectTemplate.Plummeting.I；SW.EffectTemplate.Plummeting.II；SW.EffectTemplate.Plummeting.III
灵魂诅咒,装备固有,安眠之刃,近战武器,True,SW.Item.CurvedGreatsword_Unique1,SW.EffectTemplate.SoulCurse
烟火特效,装备固有,碎心锤,近战武器,True,SW.Item.WarHammer_Unique1,SW.EffectTemplate.ExplosiveStrike.Unique
随机法师,装备固有,元素权杖,近战武器,True,SW.Item.Battlestaff_Unique1,SW.EffectTemplate.ElementalHit.Unique
天才,护符成长,经验之眼,护符,False,SW.Item.Talisman.ExperienceIncrease,SW.EffectTemplate.ExperienceIncrease.I；SW.EffectTemplate.ExperienceIncrease.II；SW.EffectTemplate.ExperienceIncrease.III
体格,装备固有,木精灵树皮甲,护甲,True,SW.Item.HewnBarkChest_Unique,SW.EffectTemplate.HealthBoost.Unique
体格,护符成长,蜂蜡之印,护符,False,SW.Item.Talisman.HealthBoost,SW.EffectTemplate.HealthBoost.I；SW.EffectTemplate.HealthBoost.II；SW.EffectTemplate.HealthBoost.III
强化,装备固有,狂怒汐浮特便裤,护甲,True,SW.Item.WellspringLeggings_Unique,SW.EffectTemplate.StatusBuff.Unique
强化,护符成长,幽匿徽章,护符,False,SW.Item.Talisman.StatusBuff,SW.EffectTemplate.StatusBuff.I；SW.EffectTemplate.StatusBuff.II；SW.EffectTemplate.StatusBuff.III
神器,装备固有,巨兽盔甲,护甲,True,SW.Item.RedstoneChest_Unique,SW.EffectTemplate.ArtifactHealing.Unique
神器,装备固有,炼金术士长裤,护甲,True,SW.Item.EvocationLeggings_Unique,SW.EffectTemplate.ArtifactHealing.Unique
强力打击,装备固有,神威巨斧,近战武器,True,SW.Item.GreatAxe_Unique1,SW.EffectTemplate.StrenghteningStrike.Unique
跳跃射击,装备固有,幻翼弓,远程武器,True,SW.Item.Trickbow_Unique1,SW.EffectTemplate.Jumpshot.Unique
SoulGather_TalismanEffect,护符成长,扭曲之牙,护符,False,SW.Item.Talisman.SoulGather,SW.EffectTemplate.SoulGather.I；SW.EffectTemplate.SoulGather.II；SW.EffectTemplate.SoulGather.III
DropChance_TalismanEffect,护符成长,寻宝者护符,护符,False,SW.Item.Talisman.DropChance,SW.EffectTemplate.DropChance.I；SW.EffectTemplate.DropChance.II；SW.EffectTemplate.DropChance.III
活力打击,护符成长,浮须触手,护符,False,SW.Item.Talisman.HealthyStrike,SW.EffectTemplate.HealthyStrike.I；SW.EffectTemplate.HealthyStrike.II；SW.EffectTemplate.HealthyStrike.III
速度提升,护符成长,冲力徽章,护符,False,SW.Item.Talisman.SpeedIncrement,SW.EffectTemplate.SpeedIncrement.I；SW.EffectTemplate.SpeedIncrement.II；SW.EffectTemplate.SpeedIncrement.III
炫富投掷器,护符成长,节俭吊坠,护符,False,SW.Item.Talisman.FiringEmeralds,SW.EffectTemplate.FiringEmerald.I；SW.EffectTemplate.FiringEmerald.II；SW.EffectTemplate.FiringEmerald.III
毒雾,附魔书效果,毒雾,附魔书,False,SW.Item.EnchantmentBook.PoisonFog,SW.Enchantment.PoisonFog.I；SW.Enchantment.PoisonFog.II；SW.Enchantment.PoisonFog.III
火焰附加,装备固有,红石破坏者,近战武器,True,SW.Item.GiantClub_Unique1,SW.Enchantment.FlameBelch.Unique
火焰附加,附魔书效果,火焰附加,附魔书,False,SW.Item.EnchantmentBook.FireAspect,SW.Enchantment.FireAspect.I；SW.Enchantment.FireAspect.II；SW.Enchantment.FireAspect.III
空翻,附魔书效果,空翻,附魔书,False,SW.Item.EnchantmentBook.MultiRoll,SW.Enchantment.MultiRoll.I；SW.Enchantment.MultiRoll.II；SW.Enchantment.MultiRoll.III
震荡波,装备固有,钻石锹,近战武器,True,SW.Item.Shovel_Unique1,SW.Enchantment.Shockwave.Unique
震荡波,附魔书效果,震荡波,附魔书,False,SW.Item.EnchantmentBook.Shockwave,SW.Enchantment.Shockwave.I；SW.Enchantment.Shockwave.II；SW.Enchantment.Shockwave.III
寒霜斩,附魔书效果,寒霜斩,附魔书,False,SW.Item.EnchantmentBook.FrostCrescent,SW.Enchantment.FrostCrescent.I；SW.Enchantment.FrostCrescent.II；SW.Enchantment.FrostCrescent.III
闪电涌动,附魔书效果,闪电涌动,附魔书,False,SW.Item.EnchantmentBook.Channeling,SW.Enchantment.Channeling.I；SW.Enchantment.Channeling.II；SW.Enchantment.Channeling.III
灵魂冲击,附魔书效果,灵魂冲击,附魔书,False,SW.Item.EnchantmentBook.SoulAspect,SW.Enchantment.SoulFireAspect.I；SW.Enchantment.SoulFireAspect.II；SW.Enchantment.SoulFireAspect.III
速度窃取,附魔书效果,速度窃取,附魔书,False,SW.Item.EnchantmentBook.TempoTheft,SW.Enchantment.TempoTheft.I；SW.Enchantment.TempoTheft.II；SW.Enchantment.TempoTheft.III
治疗重击,附魔书效果,治疗重击,附魔书,False,SW.Item.EnchantmentBook.Radiance,SW.Enchantment.Radiance.I；SW.Enchantment.Radiance.II；SW.Enchantment.Radiance.III
坠落冲击,附魔书效果,坠落冲击,附魔书,False,SW.Item.EnchantmentBook.Blowback,SW.Enchantment.Blowback.I；SW.Enchantment.Blowback.II；SW.Enchantment.Blowback.III
暗影潜行,附魔书效果,暗影潜行,附魔书,False,SW.Item.EnchantmentBook.ShadowStrike,SW.Enchantment.ShadowStrike.I；SW.Enchantment.ShadowStrike.II；SW.Enchantment.ShadowStrike.III
暗影之爪,装备固有,幽匿者之爪,近战武器,True,SW.Item.Claws_Unique1,SW.Enchantment.ClawingShadow.Unique
旋风攻击,附魔书效果,旋风攻击,附魔书,False,SW.Item.EnchantmentBook.Swirling,SW.Enchantment.Swirling.I；SW.Enchantment.Swirling.II；SW.Enchantment.Swirling.III
伙伴药剂,附魔书效果,伙伴药剂,附魔书,False,SW.Item.EnchantmentBook.PotionSharing,SW.Enchantment.PotionSharing.I；SW.Enchantment.PotionSharing.II；SW.Enchantment.PotionSharing.III
屏障药剂,附魔书效果,屏障药剂,附魔书,False,SW.Item.EnchantmentBook.PotionBarrier,SW.Enchantment.PotionBarrier.I；SW.Enchantment.PotionBarrier.II；SW.Enchantment.PotionBarrier.III
疯牛冲锋,附魔书效果,疯牛冲锋,附魔书,False,SW.Item.EnchantmentBook.Unstoppable,SW.Enchantment.Unstoppable.I；SW.Enchantment.Unstoppable.II；SW.Enchantment.Unstoppable.III
末影地雷,附魔书效果,末影地雷,附魔书,False,SW.Item.EnchantmentBook.Borealis,SW.Enchantment.Borealis.I；SW.Enchantment.Borealis.II；SW.Enchantment.Borealis.III
法器增幅器,附魔书效果,法器增幅器,附魔书,False,SW.Item.EnchantmentBook.Arcane,SW.Enchantment.Arcane.I；SW.Enchantment.Arcane.II；SW.Enchantment.Arcane.III
引雷,附魔书效果,引雷,附魔书,False,SW.Item.EnchantmentBook.Thundering,SW.Enchantment.Thundering.I；SW.Enchantment.Thundering.II；SW.Enchantment.Thundering.III
力量增幅器,附魔书效果,力量增幅器,附魔书,False,SW.Item.EnchantmentBook.LingeringPower,SW.Enchantment.LingeringPower.I；SW.Enchantment.LingeringPower.II；SW.Enchantment.LingeringPower.III
重力脉冲,装备固有,暗晶剑,近战武器,True,SW.Item.Greatsword_Unique1,SW.Enchantment.GravityPulse.Unique
重力脉冲,附魔书效果,重力脉冲,附魔书,False,SW.Item.EnchantmentBook.GravityPulse,SW.Enchantment.GravityPulse.I；SW.Enchantment.GravityPulse.II；SW.Enchantment.GravityPulse.III
活力,装备固有,背叛者双弩,远程武器,True,SW.Item.DualCrossbow_Unique1,SW.Enchantment.Dynamo.Unique
活力,附魔书效果,活力,附魔书,False,SW.Item.EnchantmentBook.Dynamo,SW.Enchantment.Dynamo.I；SW.Enchantment.Dynamo.II；SW.Enchantment.Dynamo.III
防护重击,附魔书效果,防护重击,附魔书,False,SW.Item.EnchantmentBook.GuardingStrike,SW.Enchantment.GuardingStrike.I；SW.Enchantment.GuardingStrike.II；SW.Enchantment.GuardingStrike.III
生命增效,附魔书效果,生命增效,附魔书,False,SW.Item.EnchantmentBook.HealthSynergy,SW.Enchantment.HealthSynergy.I；SW.Enchantment.HealthSynergy.II；SW.Enchantment.HealthSynergy.III
弹簧蓄力,附魔书效果,弹簧蓄力,附魔书,False,SW.Item.EnchantmentBook.SpringLoaded,SW.Enchantment.Springloaded.I；SW.Enchantment.Springloaded.II；SW.Enchantment.Springloaded.III
末影箭袋,附魔书效果,末影箭袋,附魔书,False,SW.Item.EnchantmentBook.ExpandedQuiver,SW.Enchantment.ExpandedQuiver.I；SW.Enchantment.ExpandedQuiver.II；SW.Enchantment.ExpandedQuiver.III
暴击箭袋,附魔书效果,暴击箭袋,附魔书,False,SW.Item.EnchantmentBook.CriticalQuiver,SW.Enchantment.CriticalQuiver.I；SW.Enchantment.CriticalQuiver.II；SW.Enchantment.CriticalQuiver.III
远古炼金术,附魔书效果,远古炼金术,附魔书,False,SW.Item.EnchantmentBook.SoulInfusedPotion,SW.Enchantment.SoulInfusedPotion.I；SW.Enchantment.SoulInfusedPotion.II；SW.Enchantment.SoulInfusedPotion.III
无尽药剂,附魔书效果,无尽药剂,附魔书,False,SW.Item.EnchantmentBook.MultiPotion,SW.Enchantment.MultiPotion.I；SW.Enchantment.MultiPotion.II；SW.Enchantment.MultiPotion.III
霜电附魔,装备固有,首席附魔师护手,近战武器,True,SW.Item.Gauntlet_Unique1,SW.Enchantment.MaulerDive
灵液冲击,装备固有,幽魂长矛,近战武器,True,SW.Item.ShortSpear_Unique1,SW.Enchantment.PhantomLance
穿透,装备固有,轰鸣虫心弦,远程武器,True,SW.Item.Greatbow_Unique1,SW.Enchantment.Piercing.Unique
穿透,附魔书效果,穿透,附魔书,False,SW.Item.EnchantmentBook.Piercing,SW.Enchantment.Piercing.I；SW.Enchantment.Piercing.II；SW.Enchantment.Piercing.III
弹射,附魔书效果,弹射,附魔书,False,SW.Item.EnchantmentBook.Ricochet,SW.Enchantment.Ricochet.I；SW.Enchantment.Ricochet.II；SW.Enchantment.Ricochet.III
连锁反应,附魔书效果,连锁反应,附魔书,False,SW.Item.EnchantmentBook.ChainReaction,SW.Enchantment.ChainReaction.I；SW.Enchantment.ChainReaction.II；SW.Enchantment.ChainReaction.III
翻滚射击,附魔书效果,翻滚射击,附魔书,False,SW.Item.EnchantmentBook.BurstBowstring,SW.Enchantment.BurstBowstring.I；SW.Enchantment.BurstBowstring.II；SW.Enchantment.BurstBowstring.III
